num_acc;lum;agg;inter;atm;col;dep;date
2012003492;1;1;1;1;7;170;27/01/2012
2012003493;5;2;1;5;1;170;24/02/2012
2012003494;1;1;1;1;1;170;13/03/2012
2012003495;1;1;1;1;6;170;09/04/2012
2012003496;1;1;2;1;3;170;30/04/2012
2012003497;1;2;7;1;3;170;01/06/2012
2012003498;3;2;1;1;1;170;09/06/2012
2012003499;1;1;2;1;3;170;25/06/2012
2012003500;1;2;1;1;6;170;20/07/2012
2012003501;1;2;1;1;1;170;16/08/2012
2012003502;3;1;1;1;7;170;25/08/2012
2012003503;1;1;1;1;1;170;30/08/2012
2012003504;2;2;1;1;6;170;09/09/2012
2012003505;3;1;1;1;7;170;09/12/2012
2012003506;3;1;1;2;7;170;30/12/2012
2012003507;1;2;1;1;6;170;11/01/2012
2012003508;2;1;1;1;1;170;16/06/2012
2012003509;1;1;1;1;6;170;27/08/2012
2012003510;3;2;1;1;6;170;08/09/2012
2012003511;3;1;1;1;7;170;03/11/2012
2012003512;1;1;1;8;3;170;21/12/2012
2012003513;1;1;1;1;7;170;18/11/2012
2012003514;3;1;1;1;3;170;23/11/2012
2012003515;1;1;1;1;3;170;08/06/2012
2012003516;1;2;3;1;3;170;17/06/2012
2012003517;1;1;1;1;7;170;16/06/2012
2012003518;1;2;1;1;6;170;20/06/2012
2012003519;1;1;1;1;6;170;06/07/2012
2012003520;3;1;1;1;6;170;13/07/2012
2012003521;1;1;1;2;6;170;15/08/2012
2012003522;1;2;6;1;3;170;01/10/2012
2012003523;2;1;1;7;1;170;01/10/2012
2012003524;1;1;1;8;1;170;09/10/2012
2012003525;1;1;1;1;1;170;07/01/2012
2012003526;1;2;1;1;1;170;08/04/2012
2012003527;1;1;1;1;1;170;20/04/2012
2012003528;3;2;1;1;6;170;17/05/2012
2012003529;1;1;1;1;7;170;17/05/2012
2012003530;1;1;1;1;1;170;13/06/2012
2012003531;1;1;1;2;6;170;16/06/2012
2012003532;1;2;9;1;3;170;29/06/2012
2012003533;1;2;1;1;3;170;02/07/2012
2012003534;1;2;1;1;1;170;18/07/2012
2012003535;1;1;1;1;6;170;20/07/2012
2012003536;3;1;1;1;6;170;08/08/2012
2012003537;1;1;1;1;7;170;07/08/2012
2012003538;3;1;1;1;3;170;13/08/2012
2012003539;1;2;1;1;2;170;24/08/2012
2012003540;1;1;1;1;7;170;03/10/2012
2012003541;1;1;2;1;1;170;24/11/2012
2012003542;3;1;2;1;1;170;28/01/2012
2012003543;3;1;1;1;6;170;29/01/2012
2012003544;1;1;1;2;2;170;10/04/2012
2012003545;1;1;1;1;4;170;21/04/2012
2012003546;3;1;1;1;7;170;24/04/2012
2012003547;1;1;1;1;3;170;31/05/2012
2012003548;1;1;1;1;3;170;31/05/2012
2012003549;3;1;1;1;6;170;03/06/2012
2012003550;3;1;1;1;7;170;17/06/2012
2012003551;3;1;1;1;2;170;30/06/2012
2012003552;1;1;1;1;3;170;30/06/2012
2012003553;1;1;1;1;2;170;19/07/2012
2012003554;1;2;1;1;2;170;26/07/2012
2012003555;3;2;1;1;6;170;05/08/2012
2012003556;1;2;1;1;6;170;10/08/2012
2012003557;1;1;1;1;1;170;10/08/2012
2012003558;1;1;1;1;3;170;30/09/2012
2012003559;1;1;2;1;3;170;12/10/2012
2012003560;1;1;2;1;3;170;08/11/2012
2012003561;5;2;1;1;6;170;11/12/2012
2012003562;3;1;1;1;6;170;24/12/2012
2012003563;1;1;2;1;3;170;02/06/2012
2012003564;1;1;1;1;2;170;27/09/2012
2012003565;3;1;1;2;6;170;10/11/2012
2012003566;1;1;1;1;7;170;26/11/2012
2012003567;1;1;1;1;6;170;11/03/2012
2012003568;1;1;1;1;6;170;30/04/2012
2012003569;1;1;1;1;1;170;27/07/2012
2012003570;1;1;1;1;1;170;24/10/2012
2012003571;3;1;1;1;5;170;11/12/2012
2012003572;1;1;1;1;1;790;22/05/2012
2012003573;1;1;1;1;1;790;25/08/2012
2012003574;1;1;1;1;1;790;01/09/2012
2012003575;1;1;2;1;3;790;12/10/2012
2012003576;5;2;1;2;7;790;03/12/2012
2012003577;3;1;1;1;6;790;21/12/2012
2012003578;1;2;1;1;6;790;30/08/2012
2012003579;3;1;1;1;5;790;24/02/2012
2012003580;1;1;1;2;7;790;05/05/2012
2012003581;1;2;1;7;1;790;22/05/2012
2012003582;1;1;1;1;1;790;15/06/2012
2012003583;3;1;1;1;7;790;18/07/2012
2012003584;1;1;6;1;3;790;24/07/2012
2012003585;1;2;1;1;3;790;21/08/2012
2012003586;1;1;1;1;6;790;12/09/2012
2012003587;1;1;1;1;7;790;16/09/2012
2012003588;2;2;1;2;6;790;17/10/2012
2012003589;3;2;1;1;6;790;28/10/2012
2012003590;3;1;1;1;1;790;25/11/2012
2012003591;1;2;1;2;7;790;13/12/2012
2012003592;1;1;1;1;1;790;20/01/2012
2012003593;1;1;2;1;3;790;14/02/2012
2012003594;1;1;1;1;1;790;09/04/2012
2012003595;1;1;2;1;3;790;22/06/2012
2012003596;2;2;1;1;6;790;01/07/2012
2012003597;1;1;1;1;1;790;22/09/2012
2012003598;1;1;2;7;3;790;01/10/2012
2012003599;2;1;1;9;6;790;28/10/2012
2012003600;1;1;1;7;5;790;18/04/2012
2012003601;1;1;2;1;5;790;30/06/2012
2012003602;3;1;1;1;7;790;11/11/2012
2012003603;3;1;1;8;1;790;24/01/2012
2012003604;1;1;2;1;3;790;09/05/2012
2012003605;1;1;2;1;3;790;14/06/2012
2012003606;1;1;2;1;3;790;25/02/2012
2012003607;1;2;1;1;6;790;13/03/2012
2012003608;1;2;2;8;3;790;21/03/2012
2012003609;1;1;2;1;3;790;29/03/2012
2012003610;3;1;1;5;7;790;01/05/2012
2012003611;1;2;1;1;3;790;15/06/2012
2012003612;1;1;2;1;3;790;30/06/2012
2012003613;1;1;1;7;5;790;02/07/2012
2012003614;1;2;3;1;3;790;22/07/2012
2012003615;1;2;3;1;3;790;31/08/2012
2012003616;1;2;1;2;1;790;04/03/2012
2012003617;1;1;1;8;1;790;14/07/2012
2012003618;1;1;1;2;1;790;20/10/2012
2012003619;3;1;1;1;6;790;30/11/2012
2012003620;5;2;1;2;3;790;05/12/2012
2012003621;1;2;6;1;7;790;17/02/2012
2012003622;1;2;6;1;7;790;21/03/2012
2012003623;1;2;1;1;6;790;23/03/2012
2012003624;3;1;1;1;7;790;20/04/2012
2012003625;1;1;1;1;1;790;09/05/2012
2012003626;1;2;6;1;6;790;10/05/2012
2012003627;1;2;3;1;3;790;14/05/2012
2012003628;1;2;2;1;1;790;16/06/2012
2012003629;1;1;1;3;3;790;05/08/2012
2012003630;1;1;1;1;7;790;18/08/2012
2012003631;1;1;1;1;1;790;25/08/2012
2012003632;1;1;1;1;3;790;26/08/2012
2012003633;1;1;3;8;3;790;24/04/2012
2012003634;1;1;2;1;3;790;01/05/2012
2012003635;1;1;1;1;3;790;06/05/2012
2012003636;1;1;1;1;3;790;03/09/2012
2012003637;2;1;1;2;6;790;04/10/2012
2012003638;3;2;3;2;1;790;03/10/2012
2012003639;1;1;2;1;3;790;11/10/2012
2012003640;3;2;2;5;3;790;26/10/2012
2012003641;1;1;2;8;3;790;28/11/2012
2012003642;3;1;1;2;7;790;30/12/2012
2012003643;1;1;4;1;3;790;15/05/2012
2012003644;1;1;1;1;6;790;25/07/2012
2012003645;1;2;1;1;6;790;31/07/2012
2012003646;1;2;1;1;6;790;23/09/2012
2012003647;1;2;3;7;1;790;20/11/2012
2012003648;3;1;2;2;3;870;10/12/2012
2012003649;2;1;1;2;5;870;22/12/2012
2012003650;3;1;1;1;1;870;15/01/2012
2012003651;3;1;1;1;7;870;16/01/2012
2012003652;3;1;1;1;7;870;20/01/2012
2012003653;1;1;1;1;7;870;28/07/2012
2012003654;1;1;1;1;3;870;27/08/2012
2012003655;1;1;2;1;3;870;15/09/2012
2012003656;5;2;1;2;6;870;26/11/2012
2012003657;2;1;1;2;6;870;30/12/2012
2012003658;1;1;1;1;6;870;02/08/2012
2012003659;3;1;1;1;1;870;25/10/2012
2012003660;1;1;1;8;6;870;13/01/2012
2012003661;5;2;1;8;6;870;31/01/2012
2012003662;1;1;1;1;3;870;12/05/2012
2012003663;1;1;1;1;5;870;28/07/2012
2012003664;1;2;1;1;6;870;15/10/2012
2012003665;1;1;1;1;3;870;02/01/2012
2012003666;2;1;1;8;6;870;08/01/2012
2012003667;1;1;1;1;3;870;20/04/2012
2012003668;1;2;1;1;6;870;11/07/2012
2012003669;1;2;1;1;1;870;11/08/2012
2012003670;2;1;1;1;1;870;23/01/2012
2012003671;3;1;1;1;6;870;25/03/2012
2012003672;1;1;1;2;3;870;22/12/2012
2012003673;1;1;1;1;2;870;24/12/2012
2012003674;3;1;1;1;7;870;23/09/2012
2012003675;1;1;1;1;6;870;23/09/2012
2012003676;1;1;1;8;1;870;18/03/2012
2012003677;1;1;2;1;3;870;08/06/2012
2012003678;1;1;1;2;6;870;25/06/2012
2012003679;1;1;1;1;2;870;21/07/2012
2012003680;1;1;1;1;6;870;15/08/2012
2012003681;1;1;1;1;1;870;23/10/2012
2012003682;1;1;1;2;6;870;26/09/2012
2012003683;3;1;1;1;1;870;12/10/2012
2012003684;3;1;1;1;6;870;17/10/2012
2012003685;1;1;1;2;1;870;11/06/2012
2012003686;1;2;1;1;1;870;25/07/2012
2012003687;1;1;1;1;6;870;06/09/2012
2012003688;1;1;1;2;6;870;04/11/2012
2012003689;2;1;1;1;6;190;07/03/2012
2012003690;1;1;1;1;5;190;15/04/2012
2012003691;1;1;3;1;3;190;01/08/2012
2012003692;1;2;1;7;6;190;14/08/2012
2012003693;1;1;2;1;1;190;20/08/2012
2012003694;5;2;1;1;3;190;12/10/2012
2012003695;1;1;1;1;5;190;04/11/2012
2012003696;2;1;1;1;1;190;06/05/2012
2012003697;1;2;1;1;3;190;16/05/2012
2012003698;3;1;1;8;6;190;10/06/2012
2012003699;1;1;1;1;1;190;23/06/2012
2012003700;1;1;1;2;1;190;06/07/2012
2012003701;1;1;1;1;3;190;31/08/2012
2012003702;5;2;1;3;6;190;08/10/2012
2012003703;1;1;1;4;1;190;28/01/2012
2012003704;1;2;1;1;3;190;06/09/2012
2012003705;1;1;1;7;1;190;24/10/2012
2012003706;3;2;1;3;1;190;04/11/2012
2012003707;1;2;1;1;1;190;14/08/2012
2012003708;1;1;1;2;1;190;05/11/2012
2012003709;1;1;1;1;6;190;04/04/2012
2012003710;3;1;1;1;1;190;14/04/2012
2012003711;1;1;1;1;6;190;24/05/2012
2012003712;3;1;1;1;1;190;18/08/2012
2012003713;1;2;1;1;6;190;07/09/2012
2012003714;1;1;1;1;6;190;27/11/2012
2012003715;3;1;1;5;1;190;12/01/2012
2012003716;3;1;1;5;7;190;12/01/2012
2012003717;1;1;1;3;3;190;23/04/2012
2012003718;1;1;6;1;7;190;19/08/2012
2012003719;1;1;1;1;1;190;19/10/2012
2012003720;2;1;1;2;1;190;26/10/2012
2012003721;1;1;1;1;5;190;30/10/2012
2012003722;1;2;1;2;6;190;02/12/2012
2012003723;3;1;1;1;6;190;01/08/2012
2012003724;1;1;1;2;7;190;21/12/2012
2012003725;1;1;1;3;6;190;27/12/2012
2012003726;1;1;1;1;6;190;01/04/2012
2012003727;1;1;1;1;6;190;03/04/2012
2012003728;1;1;1;5;6;190;21/05/2012
2012003729;2;1;1;1;6;190;11/07/2012
2012003730;5;1;1;2;6;190;14/07/2012
2012003731;3;1;1;1;5;190;25/08/2012
2012003732;1;2;1;8;3;190;24/09/2012
2012003733;1;1;1;1;6;190;29/09/2012
2012003734;1;1;1;1;1;190;03/10/2012
2012003735;1;1;1;1;6;190;17/07/2012
2012003736;1;2;1;2;3;190;10/04/2012
2012003737;1;1;3;1;1;190;22/05/2012
2012003738;1;2;1;1;3;190;13/06/2012
2012003739;1;1;1;1;7;190;18/08/2012
2012003740;1;1;1;1;1;190;28/08/2012
2012003741;3;1;1;1;1;190;30/10/2012
2012003742;1;2;1;1;3;190;26/05/2012
2012003743;1;1;1;1;6;190;03/06/2012
2012003744;1;1;1;1;7;190;16/08/2012
2012003745;1;1;1;1;6;190;28/08/2012
2012003746;1;1;1;1;7;230;29/02/2012
2012003747;2;1;1;1;6;230;16/06/2012
2012003748;1;1;1;1;1;230;21/06/2012
2012003749;1;1;1;1;3;230;15/08/2012
2012003750;5;2;1;8;6;230;09/11/2012
2012003751;3;1;1;9;6;230;22/11/2012
2012003752;1;1;1;2;7;230;17/04/2012
2012003753;1;1;2;1;3;230;11/05/2012
2012003754;3;1;1;1;5;230;30/08/2012
2012003755;2;2;1;1;7;230;07/04/2012
2012003756;3;1;1;1;6;230;07/05/2012
2012003757;1;1;1;1;3;230;14/06/2012
2012003758;1;1;3;1;1;230;23/06/2012
2012003759;1;1;1;1;6;230;17/08/2012
2012003760;5;2;1;1;1;230;07/11/2012
2012003761;1;1;1;2;6;230;20/01/2012
2012003762;1;2;1;1;6;230;12/08/2012
2012003763;1;2;1;1;6;230;14/11/2012
2012003764;1;1;1;1;6;230;22/04/2012
2012003765;1;1;1;1;6;230;21/09/2012
2012003766;1;2;1;1;1;230;16/11/2012
2012003767;1;1;1;8;6;230;11/06/2012
2012003768;1;1;3;1;3;230;22/06/2012
2012003769;1;1;3;1;3;230;07/03/2012
2012003770;1;1;1;2;1;230;11/04/2012
2012003771;2;1;1;8;1;230;18/04/2012
2012003772;1;1;2;1;3;230;04/05/2012
2012003773;1;2;1;1;6;230;03/05/2012
2012003774;1;1;1;8;6;230;14/07/2012
2012003775;1;1;1;1;6;310;06/01/2012
2012003776;1;1;2;1;1;310;27/03/2012
2012003777;1;1;3;1;6;310;14/04/2012
2012003778;1;1;1;1;6;310;17/07/2012
2012003779;1;1;1;1;1;310;27/07/2012
2012003780;3;1;4;1;6;310;11/08/2012
2012003781;1;2;1;1;1;310;15/08/2012
2012003782;3;1;1;1;1;310;08/09/2012
2012003783;1;2;1;1;1;310;09/09/2012
2012003784;2;1;1;1;6;310;20/09/2012
2012003785;1;1;2;1;1;310;11/10/2012
2012003786;1;2;1;1;6;310;25/01/2012
2012003787;3;1;1;1;3;310;03/03/2012
2012003788;1;1;1;1;1;310;25/03/2012
2012003789;1;2;1;1;1;310;05/06/2012
2012003790;1;2;3;1;3;310;25/06/2012
2012003791;1;2;1;1;1;310;27/06/2012
2012003792;1;2;9;1;1;310;28/06/2012
2012003793;2;2;1;1;6;310;10/07/2012
2012003794;1;2;1;1;3;310;29/10/2012
2012003795;1;1;3;1;3;310;10/11/2012
2012003796;3;2;1;1;2;310;04/01/2012
2012003797;1;1;1;7;1;310;24/03/2012
2012003798;1;1;1;1;6;310;16/05/2012
2012003799;1;1;1;1;1;310;16/05/2012
2012003800;1;1;1;1;3;310;24/05/2012
2012003801;1;2;1;1;1;310;26/05/2012
2012003802;2;1;1;1;2;310;15/06/2012
2012003803;1;1;1;1;4;310;30/06/2012
2012003804;1;1;1;1;3;310;03/07/2012
2012003805;1;1;2;1;3;310;10/10/2012
2012003806;3;1;1;2;6;310;20/10/2012
2012003807;5;2;1;2;7;310;26/10/2012
2012003808;1;1;1;7;3;310;31/10/2012
2012003809;5;2;1;2;6;310;06/11/2012
2012003810;1;1;1;1;6;310;19/11/2012
2012003811;1;1;1;1;3;310;19/11/2012
2012003812;3;1;1;1;6;310;24/11/2012
2012003813;2;1;2;2;3;310;29/12/2012
2012003814;3;1;1;1;6;310;24/02/2012
2012003815;1;1;2;1;3;310;13/05/2012
2012003816;2;1;1;2;1;310;10/06/2012
2012003817;1;1;2;1;3;310;15/06/2012
2012003818;1;1;1;1;3;310;21/06/2012
2012003819;1;2;1;1;6;310;27/06/2012
2012003820;1;1;2;1;3;310;29/06/2012
2012003821;2;1;1;1;6;310;26/08/2012
2012003822;1;1;1;1;3;310;03/09/2012
2012003823;1;2;6;1;3;310;08/10/2012
2012003824;1;1;1;2;6;310;14/10/2012
2012003825;2;1;1;1;6;310;17/10/2012
2012003826;1;1;1;6;6;310;19/10/2012
2012003827;1;1;1;8;7;310;21/10/2012
2012003828;1;1;1;1;6;310;22/10/2012
2012003829;1;1;1;1;6;310;23/10/2012
2012003830;1;1;4;1;3;310;02/11/2012
2012003831;1;2;1;1;2;310;12/12/2012
2012003832;1;1;1;7;2;310;30/12/2012
2012003833;3;1;1;8;1;310;28/01/2012
2012003834;1;1;1;6;7;310;16/04/2012
2012003835;3;1;1;1;2;310;08/05/2012
2012003836;1;1;1;1;1;310;30/06/2012
2012003837;1;2;1;1;6;310;10/03/2012
2012003838;1;1;1;1;2;310;14/06/2012
2012003839;1;1;1;1;2;310;04/10/2012
2012003840;1;2;1;1;6;310;16/11/2012
2012003841;3;1;1;2;3;310;04/12/2012
2012003842;1;1;1;1;3;310;11/03/2012
2012003843;5;2;1;1;3;310;14/03/2012
2012003844;1;1;3;1;3;310;14/06/2012
2012003845;1;2;1;1;3;310;07/08/2012
2012003846;2;2;1;2;4;310;19/10/2012
2012003847;1;1;1;3;3;310;26/10/2012
2012003848;1;2;1;1;6;310;18/12/2012
2012003849;3;1;1;1;3;310;24/12/2012
2012003850;1;1;2;1;3;310;14/04/2012
2012003851;1;1;1;1;2;310;26/04/2012
2012003852;1;2;1;1;3;310;31/05/2012
2012003853;1;2;1;1;3;310;03/08/2012
2012003854;2;2;1;7;6;310;27/08/2012
2012003855;1;1;1;1;3;310;21/09/2012
2012003856;3;2;1;1;3;310;04/11/2012
2012003857;5;1;1;1;7;310;15/01/2012
2012003858;1;2;1;1;3;310;15/01/2012
2012003859;2;1;1;5;1;310;23/03/2012
2012003860;1;1;3;1;5;310;30/03/2012
2012003861;1;1;1;1;5;310;28/04/2012
2012003862;2;1;1;1;4;310;17/10/2012
2012003863;1;1;1;8;6;310;14/01/2012
2012003864;2;1;1;2;6;310;03/06/2012
2012003865;1;1;3;1;3;310;26/06/2012
2012003866;1;1;1;1;6;310;12/07/2012
2012003867;1;1;1;1;6;310;03/08/2012
2012003868;1;2;1;1;1;310;04/08/2012
2012003869;2;1;1;1;6;310;24/08/2012
2012003870;1;1;1;1;6;310;23/08/2012
2012003871;3;1;1;2;7;310;08/11/2012
2012003872;1;1;1;1;5;310;16/11/2012
2012003873;5;2;1;1;3;310;21/11/2012
2012003874;1;1;1;1;6;310;15/12/2012
2012003875;3;1;1;1;6;310;04/01/2012
2012003876;1;2;1;1;2;310;20/03/2012
2012003877;1;1;1;1;6;310;13/05/2012
2012003878;1;1;1;7;3;310;20/06/2012
2012003879;1;2;1;1;3;310;19/06/2012
2012003880;1;2;1;1;3;310;27/09/2012
2012003881;1;2;1;1;6;310;28/02/2012
2012003882;1;2;1;2;3;310;03/04/2012
2012003883;1;2;1;1;3;310;05/06/2012
2012003884;1;1;1;1;1;310;14/06/2012
2012003885;1;2;1;7;6;310;11/08/2012
2012003886;5;1;1;8;6;310;14/12/2012
2012003887;5;2;1;1;3;310;17/01/2012
2012003888;1;2;1;1;7;310;04/02/2012
2012003889;1;1;1;1;6;310;14/02/2012
2012003890;5;1;1;1;7;310;23/02/2012
2012003891;1;2;1;2;6;310;19/04/2012
2012003892;1;1;3;1;3;310;05/06/2012
2012003893;1;1;1;1;1;310;16/06/2012
2012003894;1;1;1;1;3;310;15/06/2012
2012003895;1;2;6;1;6;310;12/07/2012
2012003896;1;1;1;1;1;310;19/07/2012
2012003897;1;2;2;1;3;310;11/08/2012
2012003898;1;2;1;1;6;310;20/08/2012
2012003899;1;2;1;1;5;310;28/08/2012
2012003900;5;2;1;1;7;310;15/09/2012
2012003901;1;1;1;1;1;310;05/11/2012
2012003902;1;1;2;1;3;310;12/11/2012
2012003903;3;1;1;1;5;310;12/11/2012
2012003904;3;2;1;1;6;310;08/01/2012
2012003905;2;2;1;1;6;310;05/01/2012
2012003906;2;1;1;1;1;310;09/01/2012
2012003907;3;1;1;1;1;310;16/01/2012
2012003908;2;1;1;4;1;310;02/02/2012
2012003909;3;1;1;1;3;310;20/02/2012
2012003910;3;1;2;1;3;310;26/02/2012
2012003911;3;2;1;1;6;310;01/03/2012
2012003912;3;1;1;8;6;310;06/04/2012
2012003913;1;1;1;1;7;310;24/04/2012
2012003914;3;1;1;1;6;310;29/04/2012
2012003915;3;1;1;1;6;310;07/05/2012
2012003916;1;2;1;3;7;310;21/05/2012
2012003917;1;2;1;1;7;310;25/06/2012
2012003918;1;1;1;1;7;310;30/06/2012
2012003919;1;1;1;1;7;310;21/07/2012
2012003920;1;1;1;7;7;310;10/08/2012
2012003921;1;2;1;1;1;310;12/08/2012
2012003922;1;1;1;8;6;310;29/08/2012
2012003923;1;1;1;1;1;310;03/10/2012
2012003924;3;1;1;1;5;310;27/10/2012
2012003925;1;1;1;1;6;310;25/12/2012
2012003926;1;2;1;1;3;310;06/01/2012
2012003927;5;2;1;1;6;310;16/04/2012
2012003928;1;1;1;1;1;310;25/06/2012
2012003929;1;1;1;1;5;310;13/07/2012
2012003930;1;2;1;1;3;310;26/08/2012
2012003931;1;1;1;1;6;310;11/09/2012
2012003932;1;2;2;2;3;310;11/10/2012
2012003933;3;1;1;1;6;310;07/01/2012
2012003934;1;1;9;1;1;310;25/02/2012
2012003935;1;1;1;1;7;310;09/03/2012
2012003936;3;1;1;1;6;310;11/04/2012
2012003937;1;1;1;1;7;310;19/04/2012
2012003938;2;1;1;1;6;310;17/06/2012
2012003939;1;1;1;1;7;310;13/10/2012
2012003940;4;2;1;1;2;310;25/12/2012
2012003941;1;2;9;1;6;310;07/02/2012
2012003942;1;2;1;1;2;310;14/03/2012
2012003943;1;2;1;1;1;310;16/07/2012
2012003944;1;1;1;8;6;310;01/02/2012
2012003945;1;1;2;1;3;310;28/05/2012
2012003946;3;1;1;1;6;310;03/06/2012
2012003947;1;1;1;1;6;310;03/07/2012
2012003948;1;1;1;1;6;310;30/07/2012
2012003949;2;1;1;1;5;310;25/10/2012
2012003950;1;2;1;1;6;310;18/02/2012
2012003951;1;1;3;1;3;310;30/03/2012
2012003952;1;1;1;1;1;310;31/05/2012
2012003953;3;1;1;2;4;310;27/07/2012
2012003954;1;2;6;1;1;310;16/08/2012
2012003955;3;1;1;1;6;310;09/09/2012
2012003956;1;2;1;1;3;310;03/10/2012
2012003957;5;2;1;3;6;310;04/12/2012
2012003958;3;1;1;1;6;90;14/01/2012
2012003959;1;2;7;1;3;90;25/01/2012
2012003960;2;1;1;4;2;90;29/01/2012
2012003961;2;1;1;1;1;90;15/09/2012
2012003962;1;1;1;2;1;90;21/10/2012
2012003963;1;1;1;1;1;90;22/10/2012
2012003964;3;1;1;1;1;90;18/11/2012
2012003965;3;1;1;1;2;90;01/01/2012
2012003966;1;1;1;1;1;90;15/03/2012
2012003967;1;2;1;8;3;90;07/04/2012
2012003968;1;2;1;1;6;90;09/04/2012
2012003969;2;1;1;1;7;90;10/05/2012
2012003970;1;1;1;2;1;90;18/05/2012
2012003971;1;1;1;1;6;90;21/05/2012
2012003972;1;2;1;1;6;90;10/09/2012
2012003973;1;1;1;1;3;90;08/11/2012
2012003974;3;1;1;1;6;90;12/11/2012
2012003975;3;1;1;1;7;90;24/11/2012
2012003976;3;1;1;1;6;90;12/01/2012
2012003977;1;2;1;2;6;90;27/05/2012
2012003978;1;1;1;1;1;90;30/05/2012
2012003979;1;1;1;1;7;90;01/07/2012
2012003980;1;1;1;1;6;90;13/07/2012
2012003981;1;1;1;1;4;90;02/11/2012
2012003982;3;1;1;1;6;90;23/09/2012
2012003983;1;1;1;1;6;90;29/06/2012
2012003984;1;2;1;1;1;90;19/05/2012
2012003985;1;1;2;1;3;90;14/07/2012
2012003986;3;1;1;1;6;90;19/08/2012
2012003987;1;2;1;7;6;90;16/12/2012
2012003988;1;1;1;1;7;90;23/02/2012
2012003989;1;1;1;2;1;90;12/06/2012
2012003990;1;1;1;1;6;90;01/07/2012
2012003991;1;2;9;1;1;90;03/07/2012
2012003992;1;2;1;1;3;90;04/07/2012
2012003993;2;1;1;1;7;90;29/09/2012
2012003994;1;1;1;1;2;90;08/11/2012
2012003995;5;2;6;3;6;90;07/12/2012
2012003996;3;1;1;1;1;90;25/12/2012
2012003997;1;1;1;1;7;90;09/06/2012
2012003998;1;1;1;1;7;90;31/08/2012
2012003999;1;1;1;1;2;90;06/12/2012
2012004000;1;1;1;1;7;90;06/05/2012
2012004001;1;1;1;1;3;20;04/07/2012
2012004002;1;2;1;1;6;20;13/05/2012
2012004003;1;2;1;1;6;20;12/12/2012
2012004004;1;2;1;8;6;20;21/12/2012
2012004005;1;1;1;1;1;120;02/08/2012
2012004006;1;1;1;1;3;120;10/09/2012
2012004007;1;1;1;5;7;120;08/10/2012
2012004008;1;1;1;1;6;120;17/10/2012
2012004009;1;1;2;2;1;120;02/01/2012
2012004010;3;1;1;9;7;120;16/01/2012
2012004011;2;1;1;8;7;120;18/03/2012
2012004012;1;1;1;2;1;120;11/04/2012
2012004013;3;1;1;8;6;120;14/04/2012
2012004014;1;1;1;2;5;120;20/05/2012
2012004015;1;1;1;1;6;120;08/06/2012
2012004016;1;1;1;1;3;120;09/06/2012
2012004017;1;1;1;1;6;120;28/06/2012
2012004018;1;1;1;2;3;120;01/07/2012
2012004019;1;1;1;1;6;120;02/07/2012
2012004020;1;1;1;1;5;120;06/07/2012
2012004021;1;1;1;1;7;120;06/09/2012
2012004022;1;1;1;1;5;120;23/10/2012
2012004023;1;1;1;1;6;120;18/12/2012
2012004024;1;1;1;1;6;120;29/12/2012
2012004025;1;1;1;3;3;120;23/04/2012
2012004026;1;1;1;1;3;120;15/05/2012
2012004027;1;1;1;8;1;120;19/05/2012
2012004028;1;1;1;1;1;120;13/07/2012
2012004029;1;1;1;1;1;120;18/07/2012
2012004030;3;1;1;2;3;120;16/12/2012
2012004031;3;1;1;3;1;120;20/12/2012
2012004032;1;1;1;1;2;120;25/03/2012
2012004033;1;1;1;1;1;120;31/05/2012
2012004034;1;1;1;1;6;120;13/07/2012
2012004035;1;1;1;1;1;120;12/09/2012
2012004036;1;1;1;7;6;120;23/12/2012
2012004037;1;1;1;1;7;120;15/03/2012
2012004038;3;1;1;8;6;120;04/07/2012
2012004039;1;1;1;1;6;120;26/07/2012
2012004040;1;1;1;1;7;120;06/09/2012
2012004041;1;1;1;2;1;120;05/11/2012
2012004042;1;1;1;4;1;120;07/12/2012
2012004043;1;1;1;8;7;120;29/04/2012
2012004044;3;2;2;2;3;120;14/12/2012
2012004045;1;1;1;1;6;120;11/03/2012
2012004046;1;1;1;1;6;120;01/04/2012
2012004047;1;1;1;7;1;120;23/05/2012
2012004048;1;1;1;1;5;120;01/06/2012
2012004049;1;2;1;1;3;120;17/08/2012
2012004050;1;1;4;1;3;120;07/09/2012
2012004051;1;1;2;1;3;120;04/10/2012
2012004052;3;1;1;2;1;120;08/12/2012
2012004053;3;1;1;2;7;120;15/12/2012
2012004054;1;1;1;2;3;120;20/05/2012
2012004055;1;1;1;1;1;120;21/07/2012
2012004056;1;2;1;1;6;120;25/07/2012
2012004057;3;1;6;8;6;120;12/10/2012
2012004058;1;2;1;7;6;120;04/02/2012
2012004059;2;2;6;1;3;120;28/02/2012
2012004060;1;2;6;1;3;120;02/03/2012
2012004061;1;2;1;1;3;120;17/03/2012
2012004062;1;1;1;1;1;120;28/03/2012
2012004063;1;1;1;1;5;120;19/06/2012
2012004064;1;1;1;1;2;120;02/07/2012
2012004065;1;1;1;1;1;120;22/08/2012
2012004066;1;2;1;1;6;120;06/08/2012
2012004067;1;1;1;1;3;120;05/08/2012
2012004068;1;1;1;2;1;120;06/08/2012
2012004069;1;1;1;1;2;120;16/01/2012
2012004070;5;2;1;1;6;120;24/05/2012
2012004071;2;1;1;1;6;120;08/07/2012
2012004072;1;2;1;1;7;120;17/11/2012
2012004073;2;1;3;2;3;120;15/08/2012
2012004074;3;1;1;1;7;120;28/12/2012