num_acc;lum;agg;inter;atm;col;dep;date
2012004075;1;2;1;1;2;120;15/02/2012
2012004076;1;1;1;1;3;120;07/06/2012
2012004077;1;2;1;1;6;120;28/06/2012
2012004078;1;1;1;1;1;120;29/06/2012
2012004079;1;1;1;1;6;120;11/08/2012
2012004080;3;1;1;1;7;120;12/08/2012
2012004081;3;1;3;1;2;320;06/01/2012
2012004082;1;1;3;8;3;320;07/01/2012
2012004083;1;1;9;1;5;320;18/01/2012
2012004084;1;1;3;1;3;320;10/02/2012
2012004085;1;1;1;1;6;320;27/04/2012
2012004086;1;1;1;1;6;320;05/05/2012
2012004087;1;1;1;1;5;320;22/05/2012
2012004088;1;1;1;1;7;320;20/06/2012
2012004089;1;1;1;1;1;320;06/07/2012
2012004090;1;1;1;1;1;320;24/07/2012
2012004091;1;1;1;1;1;320;02/08/2012
2012004092;1;1;1;1;1;320;27/09/2012
2012004093;2;1;1;2;1;320;26/10/2012
2012004094;1;1;1;1;7;320;07/11/2012
2012004095;1;1;1;1;6;320;16/11/2012
2012004096;1;1;1;1;6;320;17/03/2012
2012004097;1;1;1;8;4;320;23/04/2012
2012004098;1;1;1;1;1;320;28/08/2012
2012004099;1;1;1;1;1;320;05/09/2012
2012004100;1;1;1;1;3;320;23/03/2012
2012004101;3;1;1;8;6;320;08/04/2012
2012004102;1;2;1;1;6;320;29/05/2012
2012004103;1;1;1;1;7;320;09/06/2012
2012004104;1;1;1;2;1;320;11/06/2012
2012004105;3;1;1;1;7;320;22/06/2012
2012004106;1;1;1;1;6;320;17/07/2012
2012004107;1;1;1;1;7;320;18/07/2012
2012004108;3;1;1;1;6;320;21/07/2012
2012004109;3;1;1;1;7;320;22/09/2012
2012004110;1;1;1;1;1;320;11/12/2012
2012004111;1;1;1;1;1;320;13/12/2012
2012004112;3;1;1;5;1;320;13/01/2012
2012004113;1;1;1;1;6;320;16/05/2012
2012004114;1;1;1;1;1;320;26/05/2012
2012004115;1;2;1;1;6;320;26/06/2012
2012004116;1;1;1;1;6;320;03/08/2012
2012004117;3;1;1;1;3;320;05/09/2012
2012004118;1;1;1;2;6;320;26/10/2012
2012004119;1;2;1;1;6;320;03/11/2012
2012004120;1;1;1;5;5;320;12/01/2012
2012004121;1;1;1;1;1;320;13/01/2012
2012004122;1;1;1;2;6;320;19/01/2012
2012004123;1;1;1;1;1;320;12/02/2012
2012004124;1;1;1;1;3;320;10/06/2012
2012004125;5;2;1;1;6;320;21/07/2012
2012004126;1;1;1;1;7;320;22/07/2012
2012004127;1;1;1;1;7;320;04/08/2012
2012004128;1;1;1;1;1;320;11/08/2012
2012004129;1;1;1;1;6;320;13/09/2012
2012004130;1;1;1;2;3;320;03/04/2012
2012004131;1;2;1;1;6;320;23/05/2012
2012004132;1;2;1;1;3;320;02/06/2012
2012004133;1;1;1;1;1;320;10/07/2012
2012004134;1;1;1;1;1;320;21/07/2012
2012004135;1;2;1;1;7;320;14/08/2012
2012004136;3;1;1;1;6;320;18/09/2012
2012004137;1;2;1;1;3;320;21/09/2012
2012004138;1;1;3;1;3;320;09/10/2012
2012004139;1;1;1;2;6;320;31/10/2012
2012004140;1;1;1;1;6;320;31/10/2012
2012004141;3;1;1;1;7;320;14/11/2012
2012004142;1;2;1;1;6;320;01/12/2012
2012004143;3;1;1;5;6;320;06/12/2012
2012004144;1;1;1;1;3;320;26/12/2012
2012004145;1;1;1;1;7;320;29/12/2012
2012004146;3;1;1;1;7;320;17/02/2012
2012004147;1;2;1;1;6;320;30/03/2012
2012004148;1;1;1;1;2;320;16/04/2012
2012004149;1;1;1;1;1;320;28/04/2012
2012004150;1;1;1;1;3;320;05/05/2012
2012004151;1;1;3;2;3;320;19/05/2012
2012004152;1;1;1;1;7;320;27/05/2012
2012004153;1;1;1;1;3;320;13/07/2012
2012004154;1;1;1;1;3;320;25/07/2012
2012004155;3;1;1;1;6;320;28/07/2012
2012004156;1;1;1;2;1;320;05/08/2012
2012004157;1;1;1;1;7;320;01/09/2012
2012004158;2;1;1;2;1;320;27/09/2012
2012004159;1;1;1;1;6;320;30/10/2012
2012004160;3;1;1;1;4;320;30/10/2012
2012004161;3;1;1;1;3;320;14/11/2012
2012004162;1;1;1;2;7;320;21/11/2012
2012004163;1;1;1;1;6;320;24/11/2012
2012004164;1;1;1;1;7;320;11/12/2012
2012004165;5;2;2;1;3;320;11/12/2012
2012004166;5;2;1;2;6;320;15/12/2012
2012004167;3;1;1;2;6;320;22/12/2012
2012004168;1;1;1;1;6;320;24/01/2012
2012004169;1;1;1;2;6;320;22/03/2012
2012004170;1;2;1;2;6;320;07/04/2012
2012004171;1;1;1;1;6;320;29/04/2012
2012004172;1;1;1;8;6;320;04/05/2012
2012004173;1;2;4;1;3;320;16/05/2012
2012004174;1;1;1;1;7;320;25/05/2012
2012004175;1;1;1;1;1;320;23/06/2012
2012004176;1;1;1;1;1;320;26/06/2012
2012004177;1;1;1;1;3;320;05/07/2012
2012004178;1;1;1;1;6;320;08/07/2012
2012004179;1;1;1;1;6;320;16/07/2012
2012004180;1;1;1;1;6;320;18/07/2012
2012004181;1;1;2;1;3;320;24/07/2012
2012004182;2;1;1;3;1;320;27/07/2012
2012004183;3;1;1;1;2;320;18/08/2012
2012004184;1;1;1;1;3;320;25/08/2012
2012004185;1;1;2;1;7;320;08/10/2012
2012004186;1;1;1;3;7;320;20/10/2012
2012004187;1;2;1;1;6;320;23/10/2012
2012004188;3;1;1;2;7;320;25/10/2012
2012004189;3;2;1;1;6;320;03/11/2012
2012004190;1;1;1;2;7;320;14/12/2012
2012004191;1;1;2;1;3;320;28/03/2012
2012004192;1;1;1;1;1;320;03/04/2012
2012004193;3;1;1;1;6;320;16/04/2012
2012004194;5;2;1;9;7;320;29/04/2012
2012004195;1;1;1;1;3;320;11/05/2012
2012004196;1;2;1;1;6;320;05/06/2012
2012004197;1;1;1;8;1;320;29/06/2012
2012004198;1;2;1;1;6;320;13/07/2012
2012004199;1;1;1;1;6;320;15/07/2012
2012004200;1;1;1;1;7;320;08/08/2012
2012004201;1;1;1;1;6;320;16/03/2012
2012004202;2;1;1;2;6;320;08/04/2012
2012004203;1;1;1;2;3;320;19/06/2012
2012004204;3;2;1;1;7;320;17/07/2012
2012004205;1;1;1;1;6;320;21/07/2012
2012004206;1;1;1;1;6;320;07/08/2012
2012004207;3;1;1;1;6;320;13/08/2012
2012004208;1;1;1;1;1;320;07/09/2012
2012004209;1;1;1;1;1;320;12/01/2012
2012004210;1;1;1;1;7;320;27/01/2012
2012004211;1;1;1;1;7;320;16/02/2012
2012004212;1;1;1;1;1;320;13/03/2012
2012004213;1;1;1;1;7;320;16/04/2012
2012004214;1;1;1;1;6;320;06/07/2012
2012004215;1;1;1;1;7;460;13/02/2012
2012004216;1;1;1;1;6;460;16/02/2012
2012004217;1;1;1;1;7;460;05/03/2012
2012004218;1;1;1;1;6;460;31/03/2012
2012004219;1;1;1;1;6;460;05/05/2012
2012004220;1;1;1;1;1;460;13/06/2012
2012004221;2;1;1;1;6;460;22/06/2012
2012004222;1;1;1;1;1;460;03/07/2012
2012004223;3;1;1;1;7;460;06/09/2012
2012004224;3;1;1;1;6;460;14/09/2012
2012004225;1;1;1;7;2;460;06/10/2012
2012004226;3;1;2;8;5;460;07/12/2012
2012004227;1;1;1;1;7;460;20/01/2012
2012004228;1;1;2;1;3;460;10/03/2012
2012004229;1;1;1;1;1;460;26/03/2012
2012004230;1;1;1;8;1;460;20/04/2012
2012004231;1;1;3;1;3;460;25/05/2012
2012004232;3;1;1;1;6;460;23/06/2012
2012004233;1;1;1;1;3;460;23/06/2012
2012004234;1;1;9;1;6;460;01/07/2012
2012004235;1;1;1;1;6;460;12/07/2012
2012004236;1;1;1;1;3;460;22/07/2012
2012004237;1;1;1;1;6;460;05/09/2012
2012004238;1;1;1;1;6;460;19/09/2012
2012004239;5;2;1;2;2;460;20/12/2012
2012004240;1;2;1;1;6;460;07/02/2012
2012004241;1;1;1;2;3;460;11/04/2012
2012004242;1;2;1;1;1;460;11/05/2012
2012004243;1;1;1;1;5;460;09/06/2012
2012004244;1;1;1;1;1;460;19/07/2012
2012004245;5;2;1;1;1;460;16/11/2012
2012004246;3;1;1;9;6;460;13/01/2012
2012004247;1;1;1;1;7;460;13/05/2012
2012004248;1;1;1;1;7;460;19/07/2012
2012004249;3;1;1;1;3;460;23/08/2012
2012004250;1;1;3;1;6;460;08/09/2012
2012004251;1;1;1;1;3;460;24/10/2012
2012004252;1;1;1;1;3;460;21/11/2012
2012004253;1;1;1;1;6;460;25/01/2012
2012004254;5;2;1;8;6;460;24/01/2012
2012004255;1;2;1;1;6;460;17/02/2012
2012004256;1;1;1;1;1;460;15/03/2012
2012004257;1;1;1;1;7;460;03/05/2012
2012004258;1;1;1;3;6;460;28/05/2012
2012004259;1;1;1;1;3;460;27/06/2012
2012004260;1;2;1;1;6;460;06/07/2012
2012004261;1;1;1;1;7;460;07/07/2012
2012004262;1;2;1;1;3;460;14/07/2012
2012004263;5;2;1;1;1;460;29/10/2012
2012004264;1;1;1;2;6;460;04/11/2012
2012004265;1;2;1;2;6;460;14/12/2012
2012004266;3;1;1;2;6;460;30/12/2012
2012004267;1;1;1;1;6;460;01/01/2012
2012004268;1;1;1;2;5;460;22/01/2012
2012004269;3;1;4;1;1;460;27/03/2012
2012004270;1;1;1;1;6;460;08/07/2012
2012004271;1;1;1;1;1;460;08/09/2012
2012004272;1;1;1;2;6;460;18/09/2012
2012004273;2;1;1;1;1;460;15/11/2012
2012004274;3;1;1;1;7;460;10/02/2012
2012004275;1;1;1;1;7;460;30/08/2012
2012004276;2;2;1;1;6;460;05/10/2012
2012004277;1;1;1;1;7;460;12/10/2012
2012004278;2;1;1;5;6;460;22/12/2012
2012004279;1;1;2;1;7;460;26/02/2012
2012004280;3;2;1;2;1;460;05/11/2012
2012004281;5;2;2;1;3;650;25/12/2012
2012004282;1;1;1;1;1;650;17/01/2012
2012004283;1;1;1;1;7;650;26/02/2012
2012004284;3;1;1;1;6;650;10/03/2012
2012004285;1;1;1;1;5;650;15/03/2012
2012004286;1;1;1;1;1;650;27/03/2012
2012004287;3;1;1;1;6;650;09/04/2012
2012004288;1;2;6;2;6;650;18/11/2012
2012004289;1;2;2;1;1;650;20/11/2012
2012004290;2;2;1;1;3;650;12/12/2012
2012004291;2;1;1;8;7;650;26/05/2012
2012004292;1;1;1;1;1;650;09/06/2012
2012004293;3;1;1;1;6;650;23/10/2012
2012004294;1;2;1;1;3;650;22/02/2012
2012004295;1;2;1;1;3;650;04/06/2012
2012004296;3;1;1;1;7;650;25/03/2012
2012004297;1;1;9;1;1;650;22/04/2012
2012004298;1;1;1;1;1;650;20/05/2012
2012004299;1;1;1;1;6;650;14/06/2012
2012004300;1;1;9;1;3;650;02/11/2012
2012004301;1;1;1;1;1;650;03/11/2012
2012004302;1;1;9;2;2;650;21/11/2012
2012004303;1;1;1;1;5;650;16/03/2012
2012004304;1;1;1;1;6;650;18/07/2012
2012004305;3;1;1;2;6;650;28/07/2012
2012004306;1;1;2;1;3;650;06/08/2012
2012004307;1;2;2;2;1;650;03/12/2012
2012004308;3;1;1;3;6;650;04/12/2012
2012004309;3;1;1;1;7;650;02/06/2012
2012004310;1;1;1;1;1;650;14/06/2012
2012004311;1;1;1;1;5;650;21/08/2012
2012004312;1;1;1;1;6;650;25/09/2012
2012004313;1;1;1;1;3;810;24/10/2012
2012004314;3;1;1;9;1;810;31/01/2012
2012004315;1;2;1;1;6;810;28/09/2012
2012004316;1;1;1;1;1;810;04/02/2012
2012004317;1;1;1;8;6;810;03/04/2012
2012004318;1;1;1;1;6;810;06/06/2012
2012004319;1;1;1;1;1;810;15/09/2012
2012004320;3;1;1;1;6;810;23/12/2012
2012004321;3;1;1;1;6;810;23/03/2012
2012004322;1;1;1;1;3;810;20/06/2012
2012004323;1;1;1;1;7;810;19/09/2012
2012004324;3;1;1;1;1;810;17/10/2012
2012004325;1;2;1;1;1;810;17/03/2012
2012004326;1;1;1;1;1;810;04/05/2012
2012004327;1;2;6;5;1;810;16/08/2012
2012004328;1;1;2;1;3;810;08/10/2012
2012004329;1;1;1;1;1;810;12/10/2012
2012004330;1;1;1;1;6;810;20/11/2012
2012004331;3;2;1;1;3;810;23/08/2012
2012004332;1;2;1;1;1;810;26/09/2012
2012004333;1;2;1;8;3;810;26/11/2012
2012004334;3;1;1;1;4;810;01/01/2012
2012004335;5;2;6;1;6;810;11/03/2012
2012004336;1;2;1;1;3;810;02/04/2012
2012004337;1;1;1;1;7;810;28/06/2012
2012004338;1;1;1;1;6;810;04/08/2012
2012004339;1;1;1;2;6;810;05/08/2012
2012004340;1;2;1;1;3;810;14/08/2012
2012004341;3;1;1;1;6;810;08/09/2012
2012004342;1;2;1;1;6;810;20/09/2012
2012004343;1;1;1;1;6;810;01/11/2012
2012004344;1;2;1;1;6;810;02/11/2012
2012004345;1;1;1;5;3;810;12/11/2012
2012004346;3;1;6;1;7;810;25/11/2012
2012004347;1;1;1;7;6;810;16/12/2012
2012004348;1;1;1;1;6;810;16/12/2012
2012004349;3;2;1;1;7;810;08/02/2012
2012004350;1;1;1;1;3;810;29/02/2012
2012004351;1;1;1;1;7;810;01/06/2012
2012004352;1;1;1;1;1;810;10/07/2012
2012004353;1;1;1;1;1;810;01/09/2012
2012004354;1;1;1;1;7;810;30/11/2012
2012004355;1;1;1;7;1;810;21/02/2012
2012004356;1;1;1;1;1;810;08/03/2012
2012004357;1;1;2;1;3;810;09/03/2012
2012004358;1;2;1;1;7;810;17/06/2012
2012004359;3;1;1;1;6;810;04/01/2012
2012004360;3;1;6;1;6;810;17/02/2012
2012004361;1;1;1;1;7;810;16/05/2012
2012004362;1;1;1;1;6;810;17/05/2012
2012004363;1;1;1;1;1;810;01/08/2012
2012004364;1;1;1;1;6;810;10/08/2012
2012004365;1;1;1;1;1;810;23/10/2012
2012004366;2;1;1;2;3;810;27/12/2012
2012004367;1;2;1;8;6;690;04/09/2012
2012004368;5;2;1;1;6;690;05/02/2012
2012004369;2;2;1;1;6;690;27/02/2012
2012004370;1;2;1;1;6;690;14/03/2012
2012004371;5;2;1;1;3;690;08/04/2012
2012004372;1;2;1;1;6;690;09/05/2012
2012004373;1;2;1;2;6;690;08/06/2012
2012004374;1;2;6;1;3;690;17/09/2012
2012004375;1;2;1;1;6;690;25/09/2012
2012004376;1;2;1;1;6;690;09/10/2012
2012004377;5;2;1;2;1;690;27/10/2012
2012004378;5;2;3;8;6;20;07/01/2012
2012004379;5;2;1;2;6;20;08/01/2012
2012004380;3;1;1;2;6;20;06/10/2012
2012004381;1;2;2;1;3;20;25/08/2012
2012004382;1;2;3;3;3;20;04/10/2012
2012004383;1;2;6;8;6;20;17/10/2012
2012004384;1;2;3;1;3;20;23/10/2012
2012004385;1;1;1;1;1;20;26/10/2012
2012004386;5;1;3;1;6;20;04/11/2012
2012004387;5;2;1;2;1;20;09/11/2012
2012004388;5;2;1;1;6;20;13/11/2012
2012004389;3;1;1;8;4;20;22/11/2012
2012004390;5;2;1;3;6;20;23/11/2012
2012004391;1;1;1;1;3;810;09/01/2012
2012004392;2;1;1;1;7;810;17/03/2012
2012004393;1;1;1;7;6;810;31/03/2012
2012004394;1;1;1;1;6;810;11/08/2012
2012004395;1;1;1;1;6;810;19/09/2012
2012004396;1;1;1;1;3;810;17/03/2012
2012004397;1;1;1;2;1;810;28/11/2012
2012004398;2;1;1;1;3;810;01/03/2012
2012004399;3;1;1;3;6;810;20/05/2012
2012004400;1;1;1;3;1;810;07/06/2012
2012004401;1;1;1;1;1;810;31/07/2012
2012004402;1;1;1;1;7;810;11/08/2012
2012004403;1;1;1;1;3;810;15/09/2012
2012004404;1;1;1;1;3;810;19/10/2012
2012004405;1;1;1;1;1;810;30/10/2012
2012004406;1;1;1;1;1;810;24/11/2012
2012004407;1;1;1;1;7;810;28/11/2012
2012004408;1;1;1;2;1;820;19/01/2012
2012004409;1;1;1;1;2;820;16/03/2012
2012004410;1;1;1;1;7;820;30/03/2012
2012004411;1;1;1;8;6;820;05/04/2012
2012004412;1;1;1;8;1;820;21/04/2012
2012004413;1;1;2;1;3;820;30/06/2012
2012004414;3;1;1;1;6;820;19/07/2012
2012004415;2;1;1;7;1;820;23/07/2012
2012004416;1;2;1;1;1;820;11/08/2012
2012004417;2;1;1;1;6;820;18/08/2012
2012004418;1;2;1;1;1;820;20/08/2012
2012004419;3;1;1;8;6;820;19/09/2012
2012004420;1;2;1;2;3;820;16/10/2012
2012004421;2;2;1;1;7;820;01/12/2012
2012004422;3;2;1;2;6;820;30/12/2012
2012004423;1;1;1;2;6;820;21/01/2012
2012004424;2;1;1;1;6;820;01/02/2012
2012004425;1;2;1;1;6;820;06/04/2012
2012004426;1;1;1;1;7;820;25/05/2012
2012004427;1;1;1;1;1;820;27/05/2012
2012004428;1;1;1;1;3;820;28/05/2012
2012004429;1;1;1;1;6;820;27/06/2012
2012004430;1;1;1;3;3;820;26/11/2012
2012004431;1;1;1;5;6;820;20/01/2012
2012004432;2;2;1;8;6;820;15/04/2012
2012004433;1;1;1;1;6;820;27/05/2012
2012004434;1;1;1;1;6;820;05/06/2012
2012004435;1;1;1;2;6;820;25/08/2012
2012004436;3;1;1;1;6;820;02/09/2012
2012004437;1;1;1;2;7;820;13/09/2012
2012004438;2;2;1;2;6;820;12/10/2012
2012004439;3;2;1;3;6;820;04/12/2012
2012004440;1;1;1;1;3;820;12/03/2012
2012004441;1;1;1;2;6;820;24/04/2012
2012004442;1;2;1;1;2;820;11/05/2012
2012004443;1;1;1;1;7;820;17/05/2012
2012004444;1;1;1;1;6;820;19/06/2012
2012004445;2;1;1;1;7;820;23/06/2012
2012004446;1;1;1;1;1;820;04/08/2012
2012004447;1;2;1;1;6;820;09/09/2012
2012004448;1;1;1;1;1;820;11/09/2012
2012004449;2;1;1;1;1;820;19/09/2012
2012004450;3;1;1;1;6;820;29/07/2012
2012004451;2;1;1;1;1;820;15/03/2012
2012004452;2;1;1;1;6;820;11/06/2012
2012004453;1;1;1;1;6;820;16/06/2012
2012004454;1;1;3;1;3;820;21/07/2012
2012004455;2;1;3;1;3;820;02/08/2012
2012004456;1;1;1;1;3;820;04/09/2012
2012004457;3;1;9;1;7;820;26/10/2012
2012004458;2;1;1;1;7;820;24/12/2012
2012004459;1;1;1;1;7;820;08/09/2012
2012004460;1;1;1;1;1;820;23/10/2012
2012004461;1;1;1;1;6;820;28/10/2012
2012004462;3;1;1;2;6;820;13/01/2012
2012004463;1;1;1;1;6;820;01/02/2012
2012004464;2;1;1;4;7;820;29/04/2012
2012004465;1;1;3;1;3;820;13/05/2012
2012004466;1;1;1;2;4;820;20/05/2012
2012004467;3;1;1;1;6;820;06/06/2012
2012004468;1;1;1;1;3;820;09/06/2012
2012004469;1;1;1;1;6;820;13/08/2012
2012004470;3;1;1;1;6;820;27/08/2012
2012004471;1;2;1;1;6;820;27/09/2012
2012004472;3;2;1;1;6;820;24/11/2012
2012004473;1;1;1;1;7;820;30/11/2012
2012004474;1;1;1;1;1;820;22/12/2012
2012004475;3;1;1;1;7;820;07/01/2012
2012004476;1;1;1;5;3;820;12/01/2012
2012004477;2;1;1;1;6;820;13/01/2012
2012004478;3;1;1;1;7;820;28/01/2012
2012004479;1;1;1;1;3;820;10/03/2012
2012004480;1;1;1;1;7;820;01/04/2012
2012004481;2;2;1;1;6;820;14/04/2012
2012004482;1;2;1;1;3;820;30/04/2012
2012004483;1;1;1;1;3;820;03/05/2012
2012004484;1;1;1;2;1;820;21/05/2012
2012004485;1;1;1;1;7;820;04/06/2012
2012004486;1;1;1;3;6;820;11/06/2012
2012004487;1;2;1;1;5;820;13/06/2012
2012004488;3;1;1;1;1;820;18/06/2012
2012004489;1;2;1;8;7;820;05/07/2012
2012004490;3;2;1;1;6;820;09/07/2012
2012004491;1;1;1;1;2;820;19/07/2012
2012004492;1;1;1;1;6;820;27/07/2012
2012004493;2;1;3;1;3;820;18/08/2012
2012004494;2;2;1;1;6;820;02/10/2012
2012004495;1;1;1;8;1;820;07/10/2012
2012004496;3;1;2;1;3;820;28/10/2012
2012004497;2;1;1;2;1;820;05/11/2012
2012004498;1;1;1;1;3;820;06/03/2012
2012004499;1;2;1;1;2;820;29/04/2012
2012004500;1;1;1;8;7;820;30/04/2012
2012004501;1;1;6;1;3;820;08/06/2012
2012004502;3;1;1;1;6;820;11/08/2012
2012004503;1;2;1;1;1;820;07/09/2012
2012004504;1;1;1;1;6;690;17/05/2012
2012004505;1;2;1;1;6;690;13/09/2012
2012004506;2;1;1;1;1;690;20/09/2012
2012004507;1;2;1;2;6;690;15/02/2012
2012004508;1;1;1;2;2;690;15/02/2012
2012004509;5;2;1;1;1;690;25/03/2012
2012004510;1;2;1;1;1;690;01/04/2012
2012004511;1;2;1;1;1;690;03/05/2012
2012004512;1;2;1;1;3;690;15/06/2012
2012004513;1;2;7;1;3;690;12/07/2012
2012004514;1;1;1;1;6;690;01/08/2012
2012004515;1;1;9;1;3;690;14/08/2012
2012004516;4;2;1;2;2;690;01/09/2012
2012004517;5;1;1;2;2;690;31/08/2012
2012004518;1;2;1;1;6;690;06/09/2012
2012004519;3;2;1;1;3;690;19/09/2012
2012004520;3;1;1;2;1;690;26/10/2012
2012004521;3;2;1;1;1;690;16/03/2012
2012004522;1;2;1;1;6;690;20/03/2012
2012004523;1;2;1;1;1;690;29/03/2012
2012004524;2;1;1;2;3;690;11/04/2012
2012004525;5;1;6;2;7;690;21/04/2012
2012004526;1;2;1;1;3;690;06/05/2012
2012004527;1;2;1;1;6;690;16/05/2012
2012004528;1;2;1;1;7;690;19/05/2012
2012004529;1;1;1;1;3;690;30/05/2012
2012004530;1;2;1;1;1;690;24/06/2012
2012004531;1;1;1;1;3;690;08/07/2012
2012004532;1;1;6;7;3;690;19/08/2012
2012004533;1;2;1;1;6;690;14/09/2012
2012004534;1;2;3;1;1;690;16/09/2012
2012004535;1;1;1;1;6;690;29/09/2012
2012004536;2;1;1;2;1;690;12/10/2012
2012004537;5;2;1;1;6;690;14/11/2012
2012004538;5;2;1;1;1;690;15/12/2012
2012004539;3;1;1;2;6;690;21/01/2012
2012004540;3;2;1;1;6;690;11/02/2012
2012004541;5;2;1;2;3;690;13/04/2012
2012004542;5;2;1;8;1;690;30/04/2012
2012004543;1;2;3;1;3;690;22/06/2012
2012004544;1;2;1;1;3;690;02/10/2012
2012004545;5;2;1;1;6;690;06/10/2012
2012004546;5;2;1;8;6;690;20/12/2012
2012004547;1;1;1;1;3;690;21/03/2012
2012004548;1;2;1;1;1;690;22/03/2012
2012004549;1;1;1;1;1;690;23/03/2012
2012004550;1;1;1;1;1;690;17/04/2012
2012004551;1;2;1;1;3;690;04/05/2012
2012004552;1;2;1;1;6;690;28/05/2012
2012004553;1;2;1;1;6;690;08/06/2012
2012004554;1;2;6;1;3;690;21/06/2012
2012004555;1;2;1;2;3;690;10/07/2012
2012004556;1;1;1;1;3;690;06/07/2012
2012004557;3;1;1;1;1;690;05/09/2012
2012004558;3;1;1;5;1;690;19/11/2012
2012004559;2;1;1;5;2;690;23/11/2012
2012004560;1;2;1;1;3;690;24/11/2012
2012004561;3;1;1;1;6;690;30/11/2012
2012004562;1;1;1;1;3;690;30/12/2012
2012004563;1;2;1;1;1;690;22/03/2012
2012004564;5;2;1;1;1;690;05/11/2012
2012004565;3;1;1;1;6;690;09/02/2012
2012004566;1;1;3;1;3;690;08/03/2012
2012004567;1;2;1;1;3;690;27/03/2012
2012004568;1;2;1;1;6;690;01/04/2012
2012004569;3;1;1;1;1;690;03/04/2012
2012004570;1;1;1;1;3;690;01/06/2012
2012004571;3;1;1;1;6;690;30/06/2012
2012004572;1;2;1;1;6;690;28/07/2012
2012004573;1;1;1;1;2;690;08/08/2012
2012004574;1;1;1;1;1;690;29/09/2012
2012004575;3;2;1;5;6;690;19/11/2012
2012004576;2;1;1;1;6;690;04/12/2012
2012004577;3;1;1;1;7;690;10/12/2012
2012004578;5;2;3;1;3;690;06/01/2012
2012004579;3;1;1;1;1;690;24/02/2012
2012004580;1;1;1;1;1;690;26/07/2012
2012004581;1;1;1;8;1;690;29/09/2012
2012004582;1;1;1;2;1;690;27/10/2012
2012004583;1;1;1;2;5;690;27/01/2012
2012004584;1;1;3;1;4;690;04/05/2012
2012004585;1;1;1;1;1;690;27/05/2012
2012004586;1;1;1;1;3;690;30/06/2012
2012004587;3;1;1;1;6;690;17/07/2012
2012004588;1;1;1;1;6;690;17/07/2012
2012004589;1;1;1;7;3;690;17/08/2012
2012004590;1;2;1;1;1;690;07/09/2012
2012004591;3;1;1;1;1;690;07/11/2012
2012004592;1;2;1;1;6;690;22/11/2012
2012004593;3;1;1;1;7;690;17/11/2012
2012004594;1;1;1;2;3;690;29/11/2012
2012004595;1;2;1;1;3;690;13/03/2012
2012004596;1;1;1;1;5;690;30/05/2012
2012004597;1;1;1;1;6;690;11/08/2012
2012004598;5;2;1;1;7;690;17/08/2012
2012004599;1;2;6;1;3;690;20/08/2012
2012004600;1;1;1;1;1;690;20/09/2012
2012004601;5;1;1;1;6;690;21/11/2012
2012004602;2;1;1;4;6;690;31/01/2012
2012004603;1;2;1;1;3;690;15/03/2012
2012004604;1;2;1;1;7;690;14/07/2012
2012004605;1;2;1;1;6;690;17/09/2012
2012004606;1;2;1;2;6;690;12/06/2012
2012004607;1;1;1;1;3;690;09/10/2012
2012004608;1;1;1;5;3;690;25/10/2012
2012004609;1;1;1;2;1;690;08/01/2012
2012004610;1;1;1;1;3;690;13/01/2012
2012004611;1;1;1;1;3;690;21/02/2012
2012004612;1;1;1;2;1;690;24/02/2012
2012004613;1;1;1;1;1;690;24/02/2012
2012004614;5;2;2;1;3;690;10/03/2012
2012004615;1;1;1;1;6;690;14/04/2012
2012004616;1;1;1;2;3;690;21/05/2012
2012004617;1;2;1;1;6;690;16/06/2012
2012004618;1;2;1;1;3;690;29/06/2012
2012004619;1;2;1;1;3;690;07/07/2012
2012004620;1;1;2;1;1;690;28/07/2012
2012004621;1;1;1;2;3;690;31/08/2012
2012004622;3;1;1;1;7;690;30/09/2012
2012004623;3;1;1;1;6;690;20/10/2012
2012004624;1;1;1;1;2;690;20/10/2012
2012004625;1;1;1;1;3;690;21/10/2012
2012004626;1;2;9;5;3;690;24/10/2012
2012004627;1;2;1;1;1;690;27/10/2012
2012004628;2;2;1;1;6;690;14/11/2012
2012004629;1;1;1;1;5;690;15/11/2012
2012004630;1;1;1;2;1;690;29/11/2012
2012004631;3;1;1;9;1;690;01/12/2012
2012004632;2;1;1;1;3;690;07/01/2012
2012004633;1;2;1;1;6;690;25/03/2012
2012004634;1;2;1;1;3;690;26/05/2012
2012004635;1;1;4;1;3;690;05/06/2012
2012004636;5;2;1;1;6;690;16/11/2012
2012004637;5;2;1;2;6;690;20/01/2012
2012004638;5;2;9;2;6;690;27/01/2012
2012004639;1;1;1;1;7;690;27/02/2012
2012004640;1;2;1;1;3;690;04/03/2012
2012004641;1;1;1;1;1;690;14/06/2012
2012004642;1;2;1;1;7;690;02/08/2012
2012004643;1;1;2;1;1;690;20/08/2012
2012004644;1;2;1;1;2;690;07/09/2012
2012004645;5;2;1;6;6;690;17/10/2012
2012004646;1;2;1;1;6;690;30/11/2012
2012004647;1;2;1;5;2;690;16/01/2012
2012004648;1;1;4;1;1;690;17/04/2012
2012004649;1;1;1;1;6;690;23/06/2012
2012004650;1;1;1;1;7;690;09/07/2012
2012004651;1;2;1;1;1;690;10/08/2012
2012004652;5;1;1;1;3;690;22/02/2012
2012004653;1;1;1;1;3;690;10/03/2012
2012004654;3;1;1;1;6;690;16/03/2012
2012004655;1;1;1;2;3;690;04/04/2012