num_acc;lum;agg;inter;atm;col;dep;date
2012004656;1;1;1;1;1;690;23/04/2012
2012004657;1;2;1;1;3;690;19/05/2012
2012004658;1;2;1;1;6;690;12/06/2012
2012004659;1;2;1;7;1;690;11/07/2012
2012004660;3;1;1;1;6;690;22/07/2012
2012004661;1;1;1;1;3;690;27/07/2012
2012004662;3;1;1;1;7;690;04/08/2012
2012004663;1;2;1;7;3;690;06/08/2012
2012004664;1;2;1;1;6;690;05/10/2012
2012004665;5;2;1;1;5;690;20/10/2012
2012004666;3;1;2;2;3;690;01/11/2012
2012004667;3;1;1;1;1;690;06/11/2012
2012004668;1;1;1;1;2;690;12/01/2012
2012004669;1;1;1;8;5;690;27/01/2012
2012004670;1;1;4;7;3;690;25/03/2012
2012004671;2;1;1;3;1;690;23/04/2012
2012004672;1;1;1;1;7;690;03/05/2012
2012004673;1;1;1;1;3;690;10/07/2012
2012004674;1;1;1;1;6;690;10/08/2012
2012004675;1;2;1;1;6;690;21/09/2012
2012004676;2;1;1;8;1;690;25/09/2012
2012004677;2;1;1;8;1;690;06/11/2012
2012004678;3;1;1;1;1;690;14/01/2012
2012004679;1;1;1;1;5;690;09/02/2012
2012004680;1;1;1;1;1;690;24/03/2012
2012004681;1;1;1;2;3;690;10/04/2012
2012004682;1;1;2;1;3;690;25/05/2012
2012004683;1;1;1;1;1;690;13/06/2012
2012004684;1;1;1;1;3;690;24/06/2012
2012004685;1;1;1;1;3;690;24/06/2012
2012004686;1;1;1;7;1;690;10/08/2012
2012004687;3;1;1;1;7;690;08/09/2012
2012004688;5;2;1;3;6;690;26/10/2012
2012004689;1;1;1;1;6;690;02/11/2012
2012004690;1;1;1;1;6;690;15/11/2012
2012004691;5;2;1;1;3;690;23/11/2012
2012004692;1;1;1;8;1;690;07/12/2012
2012004693;3;1;1;1;1;690;11/12/2012
2012004694;1;2;1;1;6;690;01/03/2012
2012004695;3;1;1;1;6;690;21/03/2012
2012004696;3;1;1;1;6;690;28/04/2012
2012004697;1;2;1;1;1;690;08/07/2012
2012004698;1;2;1;1;7;690;17/07/2012
2012004699;1;2;1;3;1;690;28/07/2012
2012004700;1;2;1;1;1;690;12/01/2012
2012004701;5;2;1;1;6;690;31/01/2012
2012004702;1;2;1;1;1;690;17/03/2012
2012004703;1;2;1;1;3;690;31/03/2012
2012004704;1;2;1;1;1;690;05/05/2012
2012004705;3;1;1;1;7;690;19/05/2012
2012004706;1;2;1;1;1;690;22/06/2012
2012004707;1;2;1;1;1;690;11/10/2012
2012004708;1;1;1;1;7;10;02/07/2012
2012004709;1;2;3;8;1;10;09/10/2012
2012004710;1;1;1;2;6;10;18/03/2012
2012004711;1;1;1;1;5;10;26/03/2012
2012004712;1;1;1;1;6;10;17/04/2012
2012004713;2;2;1;1;3;10;26/04/2012
2012004714;1;1;2;1;5;10;20/06/2012
2012004715;1;1;1;1;1;10;23/07/2012
2012004716;1;1;1;1;3;10;29/08/2012
2012004717;1;1;1;1;1;10;21/10/2012
2012004718;2;1;1;5;6;10;22/11/2012
2012004719;3;1;1;2;1;10;15/12/2012
2012004720;3;1;2;1;3;10;23/02/2012
2012004721;1;1;1;2;2;10;12/04/2012
2012004722;1;1;1;8;6;10;18/04/2012
2012004723;1;1;2;1;3;10;13/05/2012
2012004724;1;2;1;1;6;10;20/05/2012
2012004725;1;2;1;1;6;10;09/07/2012
2012004726;1;2;6;1;3;10;10/08/2012
2012004727;1;2;1;1;6;10;25/10/2012
2012004728;1;2;1;1;1;10;07/11/2012
2012004729;3;1;1;5;7;10;08/11/2012
2012004730;3;1;1;1;1;10;14/11/2012
2012004731;5;1;1;9;7;10;04/02/2012
2012004732;3;1;1;1;6;10;28/02/2012
2012004733;3;1;1;2;6;10;08/03/2012
2012004734;1;1;2;1;3;10;13/04/2012
2012004735;1;1;4;1;2;10;28/05/2012
2012004736;1;1;3;1;3;10;27/07/2012
2012004737;1;1;1;1;1;10;09/09/2012
2012004738;1;2;1;1;5;10;10/09/2012
2012004739;5;2;1;3;6;10;14/12/2012
2012004740;1;1;2;1;3;10;30/03/2012
2012004741;1;2;1;2;1;10;14/04/2012
2012004742;1;2;1;1;3;10;17/07/2012
2012004743;1;1;1;1;1;10;21/07/2012
2012004744;1;1;1;1;2;10;10/08/2012
2012004745;1;1;1;3;1;10;24/08/2012
2012004746;3;1;1;1;6;10;19/10/2012
2012004747;1;2;1;1;1;10;09/02/2012
2012004748;1;1;1;1;1;10;15/03/2012
2012004749;3;1;1;2;1;10;12/04/2012
2012004750;1;1;3;1;3;10;04/05/2012
2012004751;1;2;1;1;7;10;13/05/2012
2012004752;1;1;1;1;7;10;19/05/2012
2012004753;1;1;1;1;1;10;07/08/2012
2012004754;2;2;1;1;7;10;15/08/2012
2012004755;1;1;1;2;7;10;29/08/2012
2012004756;3;2;1;2;7;10;03/11/2012
2012004757;3;1;1;1;7;10;04/03/2012
2012004758;1;1;1;1;6;10;15/07/2012
2012004759;1;1;1;1;7;10;15/07/2012
2012004760;3;2;1;2;1;10;24/08/2012
2012004761;3;1;1;1;6;10;19/10/2012
2012004762;1;1;1;1;1;10;06/07/2012
2012004763;1;1;1;4;6;10;29/10/2012
2012004764;1;1;1;5;6;10;16/11/2012
2012004765;5;2;1;2;4;10;20/01/2012
2012004766;3;1;1;2;4;10;26/01/2012
2012004767;1;1;1;1;6;10;02/03/2012
2012004768;1;2;1;1;1;10;09/03/2012
2012004769;5;2;1;1;1;10;05/04/2012
2012004770;1;1;6;1;2;10;20/04/2012
2012004771;3;1;1;1;6;10;15/06/2012
2012004772;1;1;1;2;1;10;21/06/2012
2012004773;1;1;1;1;1;10;30/06/2012
2012004774;1;2;1;1;6;10;06/07/2012
2012004775;1;1;3;1;3;10;06/07/2012
2012004776;1;1;1;1;1;10;14/07/2012
2012004777;1;1;1;1;7;10;10/08/2012
2012004778;5;2;1;8;1;10;23/08/2012
2012004779;1;2;1;1;7;10;29/08/2012
2012004780;3;1;1;5;3;10;07/09/2012
2012004781;2;1;1;1;5;10;28/09/2012
2012004782;1;2;1;1;6;10;25/10/2012
2012004783;1;1;1;1;1;10;08/11/2012
2012004784;5;1;3;1;3;10;29/11/2012
2012004785;1;1;1;2;7;10;22/01/2012
2012004786;1;1;1;1;1;10;25/03/2012
2012004787;1;1;1;1;1;10;27/03/2012
2012004788;1;2;9;1;7;10;24/05/2012
2012004789;1;1;1;1;6;10;28/05/2012
2012004790;5;1;1;1;1;10;01/06/2012
2012004791;1;1;1;1;1;10;21/07/2012
2012004792;5;2;6;1;6;10;13/08/2012
2012004793;5;1;1;1;6;10;12/01/2012
2012004794;5;1;1;1;1;10;29/01/2012
2012004795;5;2;1;1;6;10;01/03/2012
2012004796;5;2;3;1;1;10;16/04/2012
2012004797;1;2;1;1;1;10;30/04/2012
2012004798;1;1;1;1;1;10;17/05/2012
2012004799;1;1;1;1;6;10;20/06/2012
2012004800;5;2;1;1;6;10;20/09/2012
2012004801;1;2;1;1;1;10;23/12/2012
2012004802;2;1;1;1;3;10;17/10/2012
2012004803;3;1;1;2;1;10;01/01/2012
2012004804;1;2;1;1;7;10;21/05/2012
2012004805;1;2;4;1;6;10;24/03/2012
2012004806;1;1;6;7;3;10;25/03/2012
2012004807;3;1;1;3;6;10;15/04/2012
2012004808;1;1;1;1;1;10;11/06/2012
2012004809;3;1;1;1;7;10;07/07/2012
2012004810;1;2;2;1;3;10;20/10/2012
2012004811;3;1;1;1;6;10;28/01/2012
2012004812;1;1;1;1;1;10;06/03/2012
2012004813;1;2;1;1;1;10;12/10/2012
2012004814;1;1;2;1;3;10;20/10/2012
2012004815;5;2;6;1;3;10;11/12/2012
2012004816;2;1;1;2;1;10;18/12/2012
2012004817;1;1;6;1;3;10;01/03/2012
2012004818;3;1;1;1;6;10;27/04/2012
2012004819;1;1;1;2;7;10;08/05/2012
2012004820;1;1;1;1;6;10;22/06/2012
2012004821;3;1;1;1;6;10;06/10/2012
2012004822;1;2;1;1;3;10;24/03/2012
2012004823;1;1;1;1;3;10;15/03/2012
2012004824;1;1;1;1;4;10;11/07/2012
2012004825;1;1;1;1;3;10;20/07/2012
2012004826;1;1;1;1;3;10;28/08/2012
2012004827;1;1;1;1;4;10;14/09/2012
2012004828;1;1;1;1;7;10;25/09/2012
2012004829;1;1;1;1;2;10;16/10/2012
2012004830;3;1;1;2;6;10;30/12/2012
2012004831;1;2;3;7;3;10;06/02/2012
2012004832;1;2;9;1;1;10;09/02/2012
2012004833;1;2;1;1;6;10;10/04/2012
2012004834;3;1;1;1;6;10;28/04/2012
2012004835;1;2;1;1;7;10;31/07/2012
2012004836;5;2;3;3;5;10;07/03/2012
2012004837;1;2;1;1;2;10;09/03/2012
2012004838;5;2;9;1;6;10;09/09/2012
2012004839;1;1;1;1;7;10;12/10/2012
2012004840;3;1;1;1;6;10;19/02/2012
2012004841;1;2;3;1;3;10;28/02/2012
2012004842;1;1;3;1;3;10;30/06/2012
2012004843;3;1;1;3;6;10;15/07/2012
2012004844;1;2;2;1;6;10;23/08/2012
2012004845;3;1;1;1;6;10;14/09/2012
2012004846;2;2;1;1;1;10;23/09/2012
2012004847;2;1;1;2;1;10;24/09/2012
2012004848;3;1;1;1;6;10;02/11/2012
2012004849;5;1;1;1;1;10;08/11/2012
2012004850;3;1;2;2;5;10;16/12/2012
2012004851;2;1;1;1;6;10;22/12/2012
2012004852;1;1;1;2;6;10;02/01/2012
2012004853;1;2;2;1;3;10;11/05/2012
2012004854;1;2;1;1;6;10;06/06/2012
2012004855;1;1;2;6;3;10;07/06/2012
2012004856;2;1;1;1;7;10;17/06/2012
2012004857;1;1;1;1;2;10;20/06/2012
2012004858;1;2;1;1;1;10;17/09/2012
2012004859;1;1;1;1;1;10;21/09/2012
2012004860;1;1;1;1;7;10;10/10/2012
2012004861;3;1;1;1;3;10;17/11/2012
2012004862;3;1;1;5;7;10;20/11/2012
2012004863;1;2;1;1;6;10;30/11/2012
2012004864;1;1;1;1;6;10;04/12/2012
2012004865;1;1;1;6;7;70;18/05/2012
2012004866;2;1;1;1;1;70;16/08/2012
2012004867;1;1;1;1;6;70;17/01/2012
2012004868;1;1;1;1;3;70;12/05/2012
2012004869;1;1;1;7;1;70;03/07/2012
2012004870;3;1;1;1;6;70;14/07/2012
2012004871;1;1;1;1;3;70;12/08/2012
2012004872;1;1;1;1;3;70;02/10/2012
2012004873;1;2;1;1;6;70;23/11/2012
2012004874;3;1;1;1;1;70;18/12/2012
2012004875;1;1;1;1;7;70;19/01/2012
2012004876;1;2;7;1;6;70;10/02/2012
2012004877;1;2;6;1;7;70;04/03/2012
2012004878;1;2;1;1;6;70;14/03/2012
2012004879;1;1;1;7;6;70;29/10/2012
2012004880;5;2;1;1;3;70;12/12/2012
2012004881;3;1;1;1;5;70;02/01/2012
2012004882;1;1;1;7;1;70;03/01/2012
2012004883;1;1;2;1;3;70;17/03/2012
2012004884;3;1;1;1;3;70;22/06/2012
2012004885;1;1;1;1;1;70;15/08/2012
2012004886;1;1;1;7;1;70;29/11/2012
2012004887;3;1;1;8;3;70;20/12/2012
2012004888;1;1;1;1;5;70;21/12/2012
2012004889;1;1;1;2;6;70;02/01/2012
2012004890;2;1;1;9;1;70;16/01/2012
2012004891;1;2;1;1;6;70;26/03/2012
2012004892;1;2;1;1;4;70;07/06/2012
2012004893;5;2;1;1;6;70;08/12/2012
2012004894;3;1;1;8;2;70;18/12/2012
2012004895;5;2;1;1;1;70;30/12/2012
2012004896;1;1;1;1;7;70;23/07/2012
2012004897;1;2;1;1;1;70;27/07/2012
2012004898;3;1;1;1;7;70;10/09/2012
2012004899;5;2;1;4;6;70;29/01/2012
2012004900;1;1;1;8;6;70;28/12/2012
2012004901;1;2;1;1;1;70;29/04/2012
2012004902;1;1;1;1;7;70;11/07/2012
2012004903;1;1;1;1;3;70;21/07/2012
2012004904;5;2;1;1;6;70;05/02/2012
2012004905;1;1;1;1;1;70;24/03/2012
2012004906;1;1;1;1;3;70;19/05/2012
2012004907;2;1;1;1;1;70;11/07/2012
2012004908;3;1;1;1;6;70;15/08/2012
2012004909;1;1;1;1;7;70;07/10/2012
2012004910;1;2;1;7;1;70;12/11/2012
2012004911;3;1;1;1;1;70;01/12/2012
2012004912;3;1;1;1;6;70;22/07/2012
2012004913;2;2;1;2;6;70;02/01/2012
2012004914;1;2;3;1;3;70;03/02/2012
2012004915;1;2;1;1;3;70;21/05/2012
2012004916;1;2;1;1;6;70;14/07/2012
2012004917;1;1;1;1;1;70;04/08/2012
2012004918;1;2;1;1;3;70;17/10/2012
2012004919;1;2;1;1;3;70;18/10/2012
2012004920;3;2;1;1;1;70;03/12/2012
2012004921;2;1;2;1;3;70;16/02/2012
2012004922;1;2;1;2;6;70;19/02/2012
2012004923;1;1;9;2;6;70;04/05/2012
2012004924;1;1;1;1;6;70;16/05/2012
2012004925;2;1;1;1;7;70;16/09/2012
2012004926;1;2;1;1;6;70;12/10/2012
2012004927;1;2;6;1;3;70;19/10/2012
2012004928;1;2;1;1;1;70;20/10/2012
2012004929;3;1;1;2;7;70;23/12/2012
2012004930;1;1;1;1;3;70;19/04/2012
2012004931;1;1;1;1;6;70;06/07/2012
2012004932;1;1;1;1;3;70;13/07/2012
2012004933;1;1;1;1;3;70;25/07/2012
2012004934;3;1;1;1;6;70;12/09/2012
2012004935;1;2;1;1;1;70;20/09/2012
2012004936;1;2;1;1;6;70;28/03/2012
2012004937;1;2;8;1;6;70;14/04/2012
2012004938;1;1;1;1;1;70;24/05/2012
2012004939;1;1;1;1;1;70;03/07/2012
2012004940;1;1;1;1;6;70;05/01/2012
2012004941;3;1;1;8;6;70;22/01/2012
2012004942;1;2;1;1;6;70;20/02/2012
2012004943;3;1;1;5;6;70;25/02/2012
2012004944;1;1;1;1;1;70;18/08/2012
2012004945;1;1;1;1;6;70;09/09/2012
2012004946;1;1;1;1;7;260;01/01/2012
2012004947;1;1;1;1;5;260;14/02/2012
2012004948;2;1;1;1;1;260;03/03/2012
2012004949;3;1;1;1;6;260;26/05/2012
2012004950;3;1;1;1;6;260;26/05/2012
2012004951;1;1;6;1;3;260;31/07/2012
2012004952;1;1;2;1;1;260;23/07/2012
2012004953;3;1;1;1;6;260;22/11/2012
2012004954;1;1;1;1;1;260;07/01/2012
2012004955;1;1;1;2;6;260;10/06/2012
2012004956;1;1;1;1;3;260;21/07/2012
2012004957;1;2;1;1;6;260;24/07/2012
2012004958;1;1;1;8;1;260;12/09/2012
2012004959;3;1;1;1;1;260;16/09/2012
2012004960;1;1;1;1;2;260;08/11/2012
2012004961;3;1;1;3;1;260;26/11/2012
2012004962;3;1;1;1;6;260;16/12/2012
2012004963;1;2;1;1;3;260;18/01/2012
2012004964;1;2;1;1;6;260;23/01/2012
2012004965;3;1;1;1;7;260;10/02/2012
2012004966;1;1;1;1;7;260;01/03/2012
2012004967;1;1;1;1;1;260;31/05/2012
2012004968;1;1;1;1;1;260;26/05/2012
2012004969;2;1;1;1;6;260;03/06/2012
2012004970;2;1;1;3;7;260;10/06/2012
2012004971;1;1;1;1;3;260;29/06/2012
2012004972;1;1;3;1;3;260;11/10/2012
2012004973;1;1;2;1;3;260;13/11/2012
2012004974;1;2;1;1;6;260;19/11/2012
2012004975;5;2;1;2;7;260;19/12/2012
2012004976;4;2;1;2;1;260;20/12/2012
2012004977;1;2;1;8;2;260;18/01/2012
2012004978;1;1;1;1;7;260;27/04/2012
2012004979;1;1;1;2;6;260;22/05/2012
2012004980;1;1;1;1;7;260;17/05/2012
2012004981;1;1;1;1;6;260;04/06/2012
2012004982;3;1;1;1;3;260;24/06/2012
2012004983;1;1;1;1;1;260;15/08/2012
2012004984;3;1;1;1;6;260;12/10/2012
2012004985;3;1;1;2;6;260;20/12/2012
2012004986;3;1;1;1;6;260;19/02/2012
2012004987;1;1;1;1;7;260;21/07/2012
2012004988;3;1;1;2;6;260;01/09/2012
2012004989;1;1;1;1;3;260;17/06/2012
2012004990;1;1;1;7;6;260;08/01/2012
2012004991;3;2;1;1;6;260;16/01/2012
2012004992;1;1;1;1;3;260;28/07/2012
2012004993;1;1;9;1;3;260;05/01/2012
2012004994;3;1;9;1;6;260;07/01/2012
2012004995;3;1;1;1;6;260;25/02/2012
2012004996;3;1;1;1;6;260;13/05/2012
2012004997;1;2;1;1;3;260;16/09/2012
2012004998;3;1;6;5;6;260;01/11/2012
2012004999;1;1;1;1;6;260;30/10/2012
2012005000;3;1;6;2;7;260;03/11/2012
2012005001;1;2;1;1;3;260;15/03/2012
2012005002;1;2;1;7;6;260;23/03/2012
2012005003;1;2;1;7;1;260;17/06/2012
2012005004;1;1;1;1;2;260;10/08/2012
2012005005;3;1;1;1;1;260;24/08/2012
2012005006;3;1;1;1;2;260;18/10/2012
2012005007;1;1;1;1;3;260;20/10/2012
2012005008;1;1;1;1;6;260;23/12/2012
2012005009;1;1;1;6;6;260;06/01/2012
2012005010;1;2;1;1;6;260;25/04/2012
2012005011;1;2;2;1;3;260;26/07/2012
2012005012;3;1;1;1;6;260;15/09/2012
2012005013;5;2;1;1;1;260;12/10/2012
2012005014;1;1;3;1;3;260;05/05/2012
2012005015;1;1;6;1;6;260;19/05/2012
2012005016;1;1;3;2;3;260;10/06/2012
2012005017;1;2;1;1;6;260;23/10/2012
2012005018;5;2;1;6;6;20;05/01/2012
2012005019;5;2;3;1;3;20;14/01/2012
2012005020;1;2;1;1;3;20;30/01/2012
2012005021;1;2;1;1;1;20;03/06/2012
2012005022;1;2;2;1;3;20;14/05/2012
2012005023;1;2;1;1;6;20;03/06/2012
2012005024;2;2;1;1;6;20;08/09/2012
2012005025;1;2;1;1;6;20;19/06/2012
2012005026;1;2;1;1;6;20;01/08/2012
2012005027;1;2;1;1;2;20;03/08/2012
2012005028;1;2;1;1;2;20;13/08/2012
2012005029;1;2;1;1;2;20;21/08/2012
2012005030;1;2;3;1;3;20;05/09/2012
2012005031;1;2;3;1;3;20;22/09/2012
2012005032;1;2;1;1;6;20;16/11/2012
2012005033;1;2;1;2;6;20;23/11/2012
2012005034;1;2;2;2;6;20;06/12/2012
2012005035;5;2;6;1;6;20;16/12/2012
2012005036;1;2;1;2;6;20;20/12/2012
2012005037;2;2;1;1;6;260;25/02/2012
2012005038;3;1;1;1;7;260;16/06/2012
2012005039;1;1;1;2;1;260;06/08/2012
2012005040;3;1;1;1;6;260;13/08/2012
2012005041;1;1;1;1;5;260;19/08/2012
2012005042;1;1;1;1;7;260;22/04/2012
2012005043;1;1;1;1;3;260;31/05/2012
2012005044;1;1;1;1;7;260;01/06/2012
2012005045;1;1;1;1;1;260;15/02/2012
2012005046;3;1;1;1;1;260;16/02/2012
2012005047;1;1;3;1;3;260;15/03/2012
2012005048;1;1;1;1;2;260;26/03/2012
2012005049;1;1;9;1;3;260;07/05/2012
2012005050;1;1;1;1;3;260;20/06/2012
2012005051;1;1;1;1;3;260;29/06/2012
2012005052;2;2;1;1;6;260;07/07/2012
2012005053;1;1;1;1;2;260;18/07/2012
2012005054;1;1;1;1;6;260;30/09/2012
2012005055;1;1;1;1;1;260;20/10/2012
2012005056;1;1;1;1;6;260;21/12/2012
2012005057;3;2;1;2;4;260;21/12/2012
2012005058;1;2;2;1;3;260;15/02/2012
2012005059;1;1;1;1;1;260;28/04/2012
2012005060;3;1;1;1;6;260;08/05/2012
2012005061;1;1;1;1;1;260;08/06/2012
2012005062;1;1;1;1;6;260;22/06/2012
2012005063;2;1;1;1;2;260;25/06/2012
2012005064;1;1;1;2;1;260;28/07/2012
2012005065;1;1;1;3;3;260;03/06/2012
2012005066;1;1;1;1;1;260;07/06/2012
2012005067;1;1;1;1;1;260;09/07/2012
2012005068;3;1;1;1;3;260;19/01/2012
2012005069;1;1;1;1;1;260;29/02/2012
2012005070;1;2;6;1;2;260;17/03/2012
2012005071;1;1;1;2;5;260;28/07/2012
2012005072;2;2;1;1;6;260;16/09/2012
2012005073;3;1;1;1;4;260;01/11/2012
2012005074;3;1;1;1;7;260;18/11/2012
2012005075;1;2;1;1;6;260;04/06/2012
2012005076;1;1;1;1;7;260;18/06/2012
2012005077;1;2;1;1;3;260;14/06/2012
2012005078;5;1;6;1;7;260;07/09/2012
2012005079;1;1;1;1;1;260;10/09/2012
2012005080;1;1;1;1;5;260;02/10/2012
2012005081;1;2;1;2;6;260;06/11/2012
2012005082;3;1;1;1;1;260;11/12/2012
2012005083;1;2;1;1;6;20;04/01/2012
2012005084;5;2;1;1;1;20;04/01/2012
2012005085;1;2;1;1;6;20;05/01/2012
2012005086;1;2;1;1;6;20;17/01/2012
2012005087;2;2;1;1;6;20;30/01/2012
2012005088;5;2;1;1;6;20;31/01/2012
2012005089;1;2;1;1;2;20;02/02/2012
2012005090;1;2;1;1;6;20;02/02/2012
2012005091;1;2;1;1;6;20;08/02/2012
2012005092;1;2;2;2;7;20;13/02/2012
2012005093;5;2;3;1;2;20;22/02/2012
2012005094;1;2;6;1;2;20;10/03/2012
2012005095;1;2;1;1;6;20;13/03/2012
2012005096;1;2;1;1;6;20;15/03/2012
2012005097;1;1;1;8;5;20;15/03/2012
2012005098;1;2;1;1;6;20;16/03/2012
2012005099;1;2;1;1;3;20;20/03/2012
2012005100;1;2;4;1;3;20;21/03/2012
2012005101;5;2;1;1;6;20;24/03/2012
2012005102;1;2;4;1;3;20;24/03/2012
2012005103;1;2;2;1;3;20;04/04/2012
2012005104;5;2;1;1;6;20;10/04/2012
2012005105;1;1;1;2;7;20;28/04/2012
2012005106;1;2;2;1;3;20;30/04/2012
2012005107;1;2;2;1;3;20;11/05/2012
2012005108;1;2;2;1;6;20;18/05/2012
2012005109;1;2;1;1;3;20;20/05/2012
2012005110;1;2;2;1;3;20;25/05/2012
2012005111;5;2;1;1;6;20;27/05/2012
2012005112;1;2;6;1;3;20;28/05/2012
2012005113;1;2;1;1;6;20;01/06/2012
2012005114;1;2;6;1;3;20;12/06/2012
2012005115;1;1;1;8;1;20;21/06/2012
2012005116;1;1;9;1;7;20;22/06/2012
2012005117;1;2;1;1;2;20;23/06/2012
2012005118;1;2;1;1;6;20;02/07/2012
2012005119;1;1;1;1;3;20;02/07/2012
2012005120;1;2;2;3;3;20;05/07/2012
2012005121;1;2;1;1;2;20;15/07/2012
2012005122;1;2;1;1;6;20;18/07/2012
2012005123;5;2;9;1;6;20;22/07/2012
2012005124;1;2;2;1;3;20;24/07/2012
2012005125;5;2;1;2;7;20;28/07/2012
2012005126;1;1;1;1;7;20;31/07/2012
2012005127;1;2;6;1;6;20;10/08/2012
2012005128;1;2;2;1;6;20;13/08/2012
2012005129;1;2;2;1;6;20;17/08/2012
2012005130;1;2;3;1;3;20;28/08/2012
2012005131;1;2;1;1;6;20;29/08/2012
2012005132;1;2;2;1;6;20;30/08/2012
2012005133;2;2;2;1;6;20;06/09/2012
2012005134;1;1;1;1;7;20;08/09/2012
2012005135;5;2;1;1;6;20;09/09/2012
2012005136;1;1;1;8;6;20;11/09/2012
2012005137;1;2;3;1;1;20;24/09/2012
2012005138;1;2;2;1;6;20;25/09/2012
2012005139;1;2;2;1;2;20;02/10/2012
2012005140;1;2;9;1;1;20;04/10/2012
2012005141;5;2;1;2;6;20;14/10/2012
2012005142;1;2;1;1;2;20;17/10/2012
2012005143;5;2;1;3;6;20;18/10/2012
2012005144;1;2;2;1;3;20;19/10/2012
2012005145;1;2;1;1;6;20;31/10/2012
2012005146;4;2;1;2;6;20;05/11/2012
2012005147;5;2;3;1;6;20;19/11/2012
2012005148;1;2;1;2;1;20;21/11/2012
2012005149;2;2;6;1;6;20;23/11/2012
2012005150;2;2;3;8;6;20;23/11/2012
2012005151;1;2;3;4;6;20;07/12/2012
2012005152;1;2;3;1;6;20;11/12/2012
2012005153;1;2;6;1;6;20;12/12/2012
2012005154;5;2;6;1;6;20;15/12/2012
2012005155;1;2;3;1;3;20;17/12/2012
2012005156;2;2;6;1;6;20;28/11/2012
2012005157;1;2;1;2;6;20;29/11/2012
2012005158;5;2;1;2;7;380;05/01/2012
2012005159;5;2;1;1;3;380;23/01/2012
2012005160;3;1;4;1;1;380;21/03/2012
2012005161;2;1;1;8;6;380;06/06/2012
2012005162;1;1;1;1;1;380;26/07/2012
2012005163;1;2;1;1;7;380;07/08/2012
2012005164;2;2;1;1;5;380;05/02/2012
2012005165;1;2;1;1;6;380;28/02/2012
2012005166;1;2;9;1;6;380;09/02/2012
2012005167;1;2;1;1;6;380;19/11/2012
2012005168;1;1;1;1;6;380;16/01/2012
2012005169;1;1;1;1;6;380;18/01/2012
2012005170;3;1;1;1;7;380;19/01/2012
2012005171;1;1;1;1;2;380;14/09/2012
2012005172;1;1;1;2;1;380;07/10/2012
2012005173;1;1;1;1;6;380;03/11/2012
2012005174;1;1;1;2;1;380;05/11/2012
2012005175;2;1;3;1;5;380;09/11/2012
2012005176;3;1;1;1;7;380;24/11/2012
2012005177;1;2;1;8;7;380;04/12/2012
2012005178;1;2;1;1;1;380;23/12/2012
2012005179;1;2;4;1;3;380;15/09/2012
2012005180;2;2;2;2;1;380;19/09/2012
2012005181;3;1;1;1;6;380;16/07/2012
2012005182;1;1;1;1;6;380;10/09/2012
2012005183;3;1;1;1;6;380;05/10/2012
2012005184;3;1;1;1;6;380;19/11/2012
2012005185;1;1;1;2;1;380;22/01/2012
2012005186;1;1;2;1;4;380;07/03/2012
2012005187;1;1;4;1;5;380;25/03/2012
2012005188;1;2;1;1;6;380;18/04/2012
2012005189;1;2;1;1;3;380;11/08/2012
2012005190;1;1;9;1;1;380;18/02/2012
2012005191;2;2;1;1;6;380;01/04/2012
2012005192;1;2;1;2;6;380;08/06/2012
2012005193;1;1;1;1;1;380;21/06/2012
2012005194;1;2;1;1;6;380;29/06/2012
2012005195;1;2;1;1;3;380;04/07/2012
2012005196;1;2;1;1;5;380;08/07/2012
2012005197;1;1;1;1;3;380;23/07/2012
2012005198;1;1;1;1;2;380;11/08/2012
2012005199;1;2;3;1;3;380;01/09/2012
2012005200;1;2;1;5;4;380;06/09/2012
2012005201;1;1;1;1;1;380;18/10/2012
2012005202;1;1;1;1;6;380;22/10/2012
2012005203;3;2;1;1;6;380;01/03/2012
2012005204;1;2;1;2;6;380;24/04/2012
2012005205;1;1;1;3;1;380;12/06/2012
2012005206;5;1;1;3;7;380;01/09/2012
2012005207;1;2;2;1;1;20;08/03/2012
2012005208;1;2;4;1;3;20;27/02/2012
2012005209;1;2;1;1;7;380;10/03/2012
2012005210;2;1;1;7;7;20;06/07/2012
2012005211;1;2;2;1;3;20;05/08/2012
2012005212;1;1;3;1;3;20;05/10/2012
2012005213;1;1;1;1;6;20;10/10/2012
2012005214;5;2;1;1;1;20;03/12/2012
2012005215;1;2;3;1;3;20;25/12/2012
2012005216;1;1;1;1;1;380;17/05/2012
2012005217;1;2;1;1;3;380;19/06/2012
2012005218;1;1;1;2;6;380;21/06/2012
2012005219;2;1;1;1;7;380;05/08/2012
2012005220;1;1;1;1;1;380;18/09/2012
2012005221;2;1;1;1;1;380;28/03/2012
2012005222;3;1;1;1;6;380;18/06/2012
2012005223;1;1;1;1;3;380;30/06/2012
2012005224;1;1;1;1;6;380;05/08/2012
2012005225;1;2;1;1;6;380;02/09/2012
2012005226;3;1;1;1;6;380;15/11/2012
2012005227;1;1;1;1;1;380;09/02/2012
2012005228;1;1;9;8;1;380;21/06/2012
2012005229;1;2;6;1;6;380;25/08/2012
2012005230;5;2;1;1;6;380;04/01/2012
2012005231;2;1;1;7;2;380;14/01/2012
2012005232;3;1;1;1;2;380;24/02/2012
2012005233;1;2;1;7;3;380;07/03/2012
2012005234;1;1;1;1;1;380;17/03/2012
2012005235;2;1;1;2;1;380;07/04/2012
2012005236;1;1;1;8;1;380;21/04/2012
2012005237;1;2;1;2;6;380;12/05/2012
2012005238;5;2;1;1;1;380;20/07/2012
2012005239;1;1;1;1;1;380;28/09/2012
2012005240;2;1;1;2;6;380;16/10/2012
2012005241;3;1;3;1;7;380;21/10/2012
2012005242;1;1;1;1;1;380;27/06/2012
2012005243;1;1;3;1;1;380;20/07/2012
2012005244;3;1;1;1;6;380;26/08/2012
2012005245;1;1;2;1;3;380;19/09/2012