num_acc;lum;agg;inter;atm;col;dep;date
2012005827;1;1;1;3;1;630;22/04/2012
2012005828;1;2;1;1;1;630;07/07/2012
2012005829;1;1;1;1;6;630;12/09/2012
2012005830;1;1;1;1;7;630;23/03/2012
2012005831;1;1;1;1;6;630;23/01/2012
2012005832;2;1;1;1;6;630;04/03/2012
2012005833;1;1;1;1;6;630;08/04/2012
2012005834;1;2;2;1;3;630;05/05/2012
2012005835;1;2;1;1;7;630;07/08/2012
2012005836;1;1;1;7;6;630;09/10/2012
2012005837;5;2;3;2;3;630;21/01/2012
2012005838;1;2;9;3;1;630;26/11/2012
2012005839;1;1;1;1;7;30;10/03/2012
2012005840;1;1;1;1;5;30;02/05/2012
2012005841;1;1;1;1;2;30;04/05/2012
2012005842;1;1;1;1;3;30;29/07/2012
2012005843;3;1;1;7;6;30;17/08/2012
2012005844;1;1;1;1;7;30;04/10/2012
2012005845;2;1;1;8;6;30;16/10/2012
2012005846;3;1;1;1;1;30;25/10/2012
2012005847;2;2;1;8;6;30;27/10/2012
2012005848;1;1;1;1;5;30;16/10/2012
2012005849;1;1;1;1;1;30;08/03/2012
2012005850;1;1;1;1;5;30;27/01/2012
2012005851;1;2;1;1;6;30;12/02/2012
2012005852;1;1;1;8;1;30;27/04/2012
2012005853;1;1;1;1;5;30;14/05/2012
2012005854;1;2;1;1;3;30;31/08/2012
2012005855;1;1;1;1;6;30;29/10/2012
2012005856;3;1;1;1;7;30;04/01/2012
2012005857;1;1;1;2;7;30;18/04/2012
2012005858;1;1;9;1;3;30;06/06/2012
2012005859;1;1;1;1;1;30;20/06/2012
2012005860;1;1;2;1;3;30;12/07/2012
2012005861;1;1;1;1;5;30;22/08/2012
2012005862;1;1;2;1;3;30;17/09/2012
2012005863;1;1;1;7;3;30;20/09/2012
2012005864;1;1;1;1;5;30;05/03/2012
2012005865;3;1;1;1;7;30;12/06/2012
2012005866;1;1;1;1;7;30;04/10/2012
2012005867;3;1;1;1;7;30;17/10/2012
2012005868;1;1;1;7;1;30;12/12/2012
2012005869;5;2;1;8;6;30;16/12/2012
2012005870;1;1;9;1;1;30;17/01/2012
2012005871;1;1;1;2;7;30;20/05/2012
2012005872;1;1;1;1;1;30;09/07/2012
2012005873;1;1;1;1;1;30;14/07/2012
2012005874;2;1;1;1;7;30;03/08/2012
2012005875;1;1;1;8;2;30;04/10/2012
2012005876;2;1;1;1;7;30;04/01/2012
2012005877;3;1;1;1;7;30;06/04/2012
2012005878;1;1;1;2;1;30;21/09/2012
2012005879;3;1;1;2;2;30;29/11/2012
2012005880;1;1;1;2;7;30;26/06/2012
2012005881;3;1;1;1;6;30;03/03/2012
2012005882;1;2;1;1;6;30;09/08/2012
2012005883;1;1;1;1;1;30;30/12/2012
2012005884;3;1;1;9;6;30;11/11/2012
2012005885;5;2;1;1;6;30;20/01/2012
2012005886;1;1;1;5;2;30;15/02/2012
2012005887;3;1;1;1;6;30;19/02/2012
2012005888;1;1;1;1;1;30;30/04/2012
2012005889;1;1;3;1;3;30;23/07/2012
2012005890;1;1;1;1;3;30;09/09/2012
2012005891;1;1;1;1;1;30;18/09/2012
2012005892;3;1;1;2;1;30;02/11/2012
2012005893;1;1;1;8;1;30;08/01/2012
2012005894;3;1;1;1;6;30;15/03/2012
2012005895;1;2;1;1;1;30;16/03/2012
2012005896;1;2;1;1;6;30;07/04/2012
2012005897;1;1;1;3;6;30;11/04/2012
2012005898;3;1;1;1;3;30;17/04/2012
2012005899;1;2;1;1;1;30;07/05/2012
2012005900;1;2;1;1;3;30;27/06/2012
2012005901;1;2;1;1;1;30;07/09/2012
2012005902;1;1;1;1;3;30;05/10/2012
2012005903;3;1;1;8;6;30;07/02/2012
2012005904;1;2;1;1;5;30;28/03/2012
2012005905;3;1;1;1;7;30;18/10/2012
2012005906;1;1;1;1;6;30;10/04/2012
2012005907;1;1;1;1;1;30;02/05/2012
2012005908;2;1;1;8;6;30;23/05/2012
2012005909;1;1;1;1;3;30;16/06/2012
2012005910;1;1;1;1;7;30;13/08/2012
2012005911;1;2;1;8;7;30;15/08/2012
2012005912;1;1;1;2;6;30;24/08/2012
2012005913;1;1;1;1;1;30;24/09/2012
2012005914;1;1;1;2;7;30;22/09/2012
2012005915;3;1;1;1;1;30;09/11/2012
2012005916;2;1;1;1;7;30;07/07/2012
2012005917;1;1;1;8;1;30;13/07/2012
2012005918;3;1;1;1;6;30;07/04/2012
2012005919;5;2;1;2;2;30;26/09/2012
2012005920;1;1;2;1;3;30;18/10/2012
2012005921;1;1;1;1;3;150;20/04/2012
2012005922;1;1;1;1;6;150;27/05/2012
2012005923;1;1;1;2;6;150;11/06/2012
2012005924;1;1;1;1;2;150;03/07/2012
2012005925;5;2;1;1;6;150;24/01/2012
2012005926;2;1;1;9;1;150;10/02/2012
2012005927;1;1;1;1;1;150;04/06/2012
2012005928;1;1;1;1;6;150;06/06/2012
2012005929;4;1;1;1;6;150;02/09/2012
2012005930;1;2;1;1;6;150;10/09/2012
2012005931;5;2;1;1;6;150;28/09/2012
2012005932;1;1;1;3;1;150;26/10/2012
2012005933;1;1;2;1;3;150;19/05/2012
2012005934;1;1;1;1;6;150;21/07/2012
2012005935;1;1;1;1;1;150;06/08/2012
2012005936;1;2;1;1;3;150;11/08/2012
2012005937;1;1;1;1;6;150;16/08/2012
2012005938;3;1;1;1;7;150;14/01/2012
2012005939;1;2;8;1;3;150;04/02/2012
2012005940;1;2;1;1;6;150;17/02/2012
2012005941;1;1;1;1;1;150;16/04/2012
2012005942;3;1;1;1;6;150;17/06/2012
2012005943;1;1;1;1;1;150;30/06/2012
2012005944;1;2;1;1;6;150;04/10/2012
2012005945;1;2;1;7;6;150;04/02/2012
2012005946;5;1;1;1;6;150;27/02/2012
2012005947;1;1;1;7;2;150;31/07/2012
2012005948;3;1;1;1;7;150;12/08/2012
2012005949;1;1;1;1;7;150;10/09/2012
2012005950;5;2;1;4;6;150;27/10/2012
2012005951;1;1;1;7;7;150;23/06/2012
2012005952;1;1;1;1;5;150;07/07/2012
2012005953;1;1;1;2;3;150;10/11/2012
2012005954;3;1;1;1;5;150;22/11/2012
2012005955;1;1;1;1;3;150;23/03/2012
2012005956;3;1;1;1;2;150;05/05/2012
2012005957;1;2;7;8;3;150;27/05/2012
2012005958;1;1;1;8;6;150;29/09/2012
2012005959;3;1;1;1;6;150;13/10/2012
2012005960;1;1;1;1;3;150;27/07/2012
2012005961;1;2;1;1;1;150;01/09/2012
2012005962;1;1;1;2;7;150;27/09/2012
2012005963;1;1;1;6;6;150;04/12/2012
2012005964;3;1;1;1;6;150;31/03/2012
2012005965;1;1;1;1;7;150;11/08/2012
2012005966;1;1;1;1;1;430;28/02/2012
2012005967;1;2;1;1;5;430;27/03/2012
2012005968;1;1;1;1;1;430;28/04/2012
2012005969;3;1;1;1;7;430;05/05/2012
2012005970;3;1;1;1;6;430;08/07/2012
2012005971;1;1;1;1;3;430;23/08/2012
2012005972;1;1;1;7;2;430;16/09/2012
2012005973;1;1;1;1;7;430;27/10/2012
2012005974;3;1;1;1;7;430;23/11/2012
2012005975;1;1;1;1;1;430;22/12/2012
2012005976;2;2;1;1;6;430;10/02/2012
2012005977;1;1;1;1;4;430;28/05/2012
2012005978;1;1;1;1;7;430;16/06/2012
2012005979;1;1;1;1;6;430;08/11/2012
2012005980;2;1;1;1;1;430;10/03/2012
2012005981;1;1;1;1;3;430;08/06/2012
2012005982;1;1;1;1;1;430;02/07/2012
2012005983;3;1;1;1;6;430;29/07/2012
2012005984;1;2;1;1;3;430;02/08/2012
2012005985;2;1;1;1;6;430;18/12/2012
2012005986;1;1;1;1;1;430;12/01/2012
2012005987;1;1;1;2;1;430;20/01/2012
2012005988;3;1;1;1;6;430;17/02/2012
2012005989;1;1;1;1;5;430;31/05/2012
2012005990;1;2;1;1;3;430;09/06/2012
2012005991;1;1;1;7;6;430;12/08/2012
2012005992;1;1;1;1;7;430;24/10/2012
2012005993;1;1;1;2;7;430;26/10/2012
2012005994;3;1;1;2;6;430;21/12/2012
2012005995;3;1;1;4;7;430;29/01/2012
2012005996;3;1;1;9;6;430;04/02/2012
2012005997;1;1;1;1;4;430;16/07/2012
2012005998;1;1;1;1;6;430;25/02/2012
2012005999;1;1;1;1;6;430;17/04/2012
2012006000;1;1;1;1;1;430;04/05/2012
2012006001;1;2;1;8;6;430;12/05/2012
2012006002;1;1;1;1;3;430;15/07/2012
2012006003;1;1;2;1;3;430;23/07/2012
2012006004;1;1;1;1;3;430;03/08/2012
2012006005;2;1;1;1;6;430;08/08/2012
2012006006;1;1;1;1;7;430;20/08/2012
2012006007;1;1;1;1;7;430;19/09/2012
2012006008;3;1;1;1;6;430;22/11/2012
2012006009;1;1;1;1;3;430;23/11/2012
2012006010;3;1;1;2;6;430;27/11/2012
2012006011;1;1;1;1;7;430;28/12/2012
2012006012;3;1;1;1;7;430;01/04/2012
2012006013;1;1;6;1;1;430;17/04/2012
2012006014;1;2;1;1;2;430;08/06/2012
2012006015;3;1;1;1;7;430;31/08/2012
2012006016;2;1;1;1;5;430;24/10/2012
2012006017;5;2;1;1;1;430;09/11/2012
2012006018;5;2;1;1;6;430;09/12/2012
2012006019;1;2;1;1;6;430;12/01/2012
2012006020;1;1;1;1;1;430;21/03/2012
2012006021;3;1;1;1;3;430;08/06/2012
2012006022;5;2;1;1;6;430;13/08/2012
2012006023;1;2;1;1;6;430;25/08/2012
2012006024;1;2;1;1;6;430;14/11/2012
2012006025;5;2;2;1;3;430;24/02/2012
2012006026;5;2;1;1;7;430;25/03/2012
2012006027;1;1;1;1;3;430;27/05/2012
2012006028;1;1;1;1;1;430;05/06/2012
2012006029;1;1;1;1;6;430;28/06/2012
2012006030;1;1;1;1;5;430;05/07/2012
2012006031;1;1;1;1;1;430;04/07/2012
2012006032;1;2;1;1;6;430;15/06/2012
2012006033;1;1;1;1;3;430;14/07/2012
2012006034;1;1;1;1;6;430;30/08/2012
2012006035;5;2;1;1;6;430;21/10/2012
2012006036;1;1;6;1;7;430;21/04/2012
2012006037;1;1;1;1;7;430;23/04/2012
2012006038;1;1;1;1;5;430;14/06/2012
2012006039;1;1;1;1;3;430;26/08/2012
2012006040;2;1;1;1;2;430;20/10/2012
2012006041;3;1;1;1;6;430;14/11/2012
2012006042;1;2;1;1;3;430;24/11/2012
2012006043;1;2;1;1;6;430;03/12/2012
2012006044;1;2;1;1;6;430;10/12/2012
2012006045;1;2;1;1;1;430;01/05/2012
2012006046;2;1;1;7;1;430;18/06/2012
2012006047;1;1;1;1;3;430;12/09/2012
2012006048;1;1;1;1;1;430;06/10/2012
2012006049;1;1;1;1;3;430;10/02/2012
2012006050;1;1;1;1;6;430;29/02/2012
2012006051;3;2;1;1;7;430;11/05/2012
2012006052;1;1;1;1;3;430;25/05/2012
2012006053;1;1;1;1;3;430;18/06/2012
2012006054;2;1;1;1;6;430;19/07/2012
2012006055;3;1;1;1;6;430;25/09/2012
2012006056;5;2;1;2;1;430;07/10/2012
2012006057;3;1;1;1;5;30;06/01/2012
2012006058;5;2;3;1;6;30;16/01/2012
2012006059;4;1;3;1;3;30;22/01/2012
2012006060;5;2;1;1;7;30;18/02/2012
2012006061;5;2;1;5;6;30;02/03/2012
2012006062;1;1;1;1;6;30;03/03/2012
2012006063;1;2;3;1;6;30;25/03/2012
2012006064;5;2;1;1;7;30;26/03/2012
2012006065;1;1;3;1;3;30;28/04/2012
2012006066;1;2;1;1;6;30;09/05/2012
2012006067;1;2;3;1;3;30;17/05/2012
2012006068;5;2;1;1;6;30;18/05/2012
2012006069;1;2;2;1;3;30;30/05/2012
2012006070;5;2;1;1;1;30;21/06/2012
2012006071;1;2;1;1;3;30;22/06/2012
2012006072;1;2;1;1;2;30;11/07/2012
2012006073;1;2;2;1;3;30;08/08/2012
2012006074;1;2;1;1;3;30;09/08/2012
2012006075;1;2;1;1;6;30;25/08/2012
2012006076;5;2;1;1;3;30;27/08/2012
2012006077;1;2;1;1;6;30;12/09/2012
2012006078;1;2;6;1;3;30;28/09/2012
2012006079;1;2;1;1;3;30;28/09/2012
2012006080;1;2;1;1;2;30;05/10/2012
2012006081;1;2;2;1;3;30;10/10/2012
2012006082;1;2;6;1;3;30;13/10/2012
2012006083;2;2;1;1;6;30;17/10/2012
2012006084;1;2;2;1;6;30;20/10/2012
2012006085;5;2;1;1;6;30;16/11/2012
2012006086;3;1;1;5;7;30;16/11/2012
2012006087;1;2;2;1;3;30;18/11/2012
2012006088;1;1;1;1;3;30;26/11/2012
2012006089;1;2;1;8;6;30;08/01/2012
2012006090;1;2;7;1;6;30;24/07/2012
2012006091;2;2;1;1;6;30;20/08/2012
2012006092;1;2;2;1;6;30;03/09/2012
2012006093;1;1;9;2;2;30;08/10/2012
2012006094;5;1;1;3;1;570;02/01/2012
2012006095;2;2;1;8;7;570;23/01/2012
2012006096;5;2;1;1;2;570;06/02/2012
2012006097;1;1;1;1;7;570;07/03/2012
2012006098;1;1;2;1;3;570;24/05/2012
2012006099;2;2;1;2;6;570;13/06/2012
2012006100;1;1;2;2;3;570;20/06/2012
2012006101;1;1;1;1;6;570;18/06/2012
2012006102;3;1;1;1;6;570;11/07/2012
2012006103;1;1;2;1;3;570;14/08/2012
2012006104;1;1;1;8;1;570;01/10/2012
2012006105;3;1;1;3;7;570;03/11/2012
2012006106;5;2;1;1;6;570;29/12/2012
2012006107;2;2;1;2;6;570;19/01/2012
2012006108;1;2;1;1;6;570;24/01/2012
2012006109;3;1;1;9;7;570;08/02/2012
2012006110;2;1;1;8;6;570;29/02/2012
2012006111;1;1;1;1;7;570;13/03/2012
2012006112;3;1;1;1;2;570;27/03/2012
2012006113;1;2;1;1;6;570;14/05/2012
2012006114;1;2;1;1;1;570;16/05/2012
2012006115;1;1;1;1;2;570;11/07/2012
2012006116;2;1;1;1;7;570;16/09/2012
2012006117;2;2;1;1;6;570;04/01/2012
2012006118;1;2;1;1;3;570;06/03/2012
2012006119;1;2;1;1;1;570;08/03/2012
2012006120;1;1;1;7;6;570;13/05/2012
2012006121;1;2;1;1;6;570;26/05/2012
2012006122;1;2;1;1;6;570;21/05/2012
2012006123;1;1;9;1;6;570;27/06/2012
2012006124;1;2;1;1;1;570;21/09/2012
2012006125;1;2;1;1;2;570;27/09/2012
2012006126;3;1;6;1;3;570;30/11/2012
2012006127;5;2;1;2;6;570;14/12/2012
2012006128;3;1;1;5;6;570;11/01/2012
2012006129;2;1;2;9;3;570;13/01/2012
2012006130;3;1;1;1;3;570;12/06/2012
2012006131;1;2;1;1;1;570;30/06/2012
2012006132;1;1;1;1;1;570;06/07/2012
2012006133;3;1;2;3;1;570;14/07/2012
2012006134;5;2;2;1;3;570;12/08/2012
2012006135;1;1;1;1;7;570;28/08/2012
2012006136;2;2;1;5;7;570;22/11/2012
2012006137;3;1;1;4;6;570;02/12/2012
2012006138;1;1;2;1;5;570;21/03/2012
2012006139;1;1;1;1;7;570;28/04/2012
2012006140;1;1;1;1;2;570;30/05/2012
2012006141;1;1;1;1;5;570;08/06/2012
2012006142;1;1;1;1;1;570;23/07/2012
2012006143;1;1;1;1;3;570;08/08/2012
2012006144;1;1;3;1;3;570;22/08/2012
2012006145;1;1;1;1;6;570;23/08/2012
2012006146;1;1;1;1;1;570;30/08/2012
2012006147;1;2;3;1;3;570;17/09/2012
2012006148;3;1;1;1;6;570;19/10/2012
2012006149;3;1;1;8;7;570;06/12/2012
2012006150;3;1;6;1;3;570;10/12/2012
2012006151;1;1;1;4;1;570;08/02/2012
2012006152;1;2;1;1;6;570;21/03/2012
2012006153;2;1;1;1;1;570;26/05/2012
2012006154;1;1;1;1;1;570;02/06/2012
2012006155;1;1;1;3;1;570;21/07/2012
2012006156;1;1;1;1;6;570;25/08/2012
2012006157;1;1;1;1;1;570;03/09/2012
2012006158;1;2;1;1;6;570;21/10/2012
2012006159;3;1;1;1;1;570;01/12/2012
2012006160;1;1;2;2;3;570;28/12/2012
2012006161;3;1;2;2;3;570;01/01/2012
2012006162;1;1;1;1;7;570;26/05/2012
2012006163;5;1;1;1;7;570;14/01/2012
2012006164;3;1;1;1;4;570;23/01/2012
2012006165;1;1;1;1;6;570;06/04/2012
2012006166;1;1;1;1;6;570;01/05/2012
2012006167;1;2;3;1;3;570;16/05/2012
2012006168;1;1;1;1;3;570;25/08/2012
2012006169;1;1;1;8;1;570;27/10/2012
2012006170;1;1;1;1;7;570;17/03/2012
2012006171;1;1;1;1;7;570;01/04/2012
2012006172;3;1;1;1;2;570;28/05/2012
2012006173;1;1;1;1;1;570;21/06/2012
2012006174;1;2;1;1;1;570;03/07/2012
2012006175;2;1;1;2;6;570;31/07/2012
2012006176;1;1;1;1;1;570;10/06/2012
2012006177;3;1;3;1;3;570;09/09/2012
2012006178;1;1;1;4;1;570;03/12/2012
2012006179;5;1;4;2;3;570;18/03/2012
2012006180;1;1;1;1;5;570;17/05/2012
2012006181;1;2;1;1;2;570;19/06/2012
2012006182;1;2;1;1;6;570;10/07/2012
2012006183;1;1;1;1;3;570;27/07/2012
2012006184;1;2;1;1;1;570;16/08/2012
2012006185;3;1;1;1;1;570;01/11/2012
2012006186;1;1;1;2;1;570;19/06/2012
2012006187;1;1;1;1;3;570;03/07/2012
2012006188;5;2;1;1;6;570;19/07/2012
2012006189;1;2;1;1;7;570;15/11/2012
2012006190;1;1;1;1;7;570;10/03/2012
2012006191;1;1;1;1;7;570;30/03/2012
2012006192;1;2;1;1;6;570;25/05/2012
2012006193;1;2;1;1;1;570;27/06/2012
2012006194;1;1;1;1;6;570;28/08/2012
2012006195;1;1;1;1;7;570;10/01/2012
2012006196;3;1;1;3;5;570;19/01/2012
2012006197;1;2;1;2;6;570;15/04/2012
2012006198;4;1;1;1;7;570;11/05/2012
2012006199;1;1;1;1;7;570;31/05/2012
2012006200;2;1;1;3;7;570;09/10/2012
2012006201;1;1;1;1;5;570;24/10/2012
2012006202;1;1;1;1;1;570;31/12/2012
2012006203;1;1;1;8;6;570;18/02/2012
2012006204;1;1;1;1;1;570;18/04/2012
2012006205;1;2;1;1;1;570;23/06/2012
2012006206;3;1;1;2;1;570;15/12/2012
2012006207;1;1;3;1;1;570;12/03/2012
2012006208;3;1;1;1;7;570;25/05/2012
2012006209;1;2;1;1;1;570;31/05/2012
2012006210;1;2;3;1;3;570;03/06/2012
2012006211;1;1;1;1;1;570;07/06/2012
2012006212;1;1;1;1;6;570;10/07/2012
2012006213;3;1;1;3;1;570;21/09/2012
2012006214;3;1;1;2;1;570;29/10/2012
2012006215;3;1;1;2;3;570;09/11/2012
2012006216;3;1;1;1;6;570;01/01/2012
2012006217;1;1;1;1;1;570;11/08/2012
2012006218;5;2;6;1;6;570;06/03/2012
2012006219;1;2;1;1;6;570;23/03/2012
2012006220;3;1;1;1;7;570;07/07/2012
2012006221;5;2;3;1;1;570;15/07/2012
2012006222;1;2;1;1;6;570;30/07/2012
2012006223;1;1;1;1;1;570;05/08/2012
2012006224;5;2;1;3;1;570;23/08/2012
2012006225;1;2;1;1;3;570;23/09/2012
2012006226;1;2;1;8;6;570;04/10/2012
2012006227;5;2;1;1;3;570;05/10/2012
2012006228;1;2;1;1;3;570;13/01/2012
2012006229;1;1;1;1;6;570;20/05/2012
2012006230;1;1;1;1;2;570;10/06/2012
2012006231;1;1;1;1;6;570;21/06/2012
2012006232;1;1;1;1;4;570;23/06/2012
2012006233;1;1;4;1;5;570;23/06/2012
2012006234;2;2;1;1;7;570;26/06/2012
2012006235;1;1;2;1;3;570;27/07/2012
2012006236;1;2;3;1;3;570;08/09/2012
2012006237;1;1;1;1;5;570;25/10/2012
2012006238;1;2;1;1;3;570;04/04/2012
2012006239;1;2;1;2;6;570;24/04/2012
2012006240;1;2;1;8;1;570;20/06/2012
2012006241;1;1;1;1;1;570;14/07/2012
2012006242;1;2;1;1;6;570;17/09/2012
2012006243;1;2;1;1;1;570;30/09/2012
2012006244;5;2;1;2;6;570;01/01/2012
2012006245;3;1;1;2;2;570;06/01/2012
2012006246;1;2;1;1;7;570;08/04/2012
2012006247;1;1;1;1;3;570;13/04/2012
2012006248;2;2;1;1;7;570;20/05/2012
2012006249;1;2;1;1;6;570;05/06/2012
2012006250;1;2;1;2;3;570;07/11/2012
2012006251;1;1;1;2;6;570;29/11/2012
2012006252;1;1;1;1;3;540;09/06/2012
2012006253;2;1;1;1;6;540;12/08/2012
2012006254;1;1;1;1;1;540;10/09/2012
2012006255;1;1;1;1;1;540;06/10/2012
2012006256;3;1;1;5;1;540;16/11/2012
2012006257;1;1;1;1;1;540;09/02/2012
2012006258;1;1;1;1;6;540;02/03/2012
2012006259;2;1;1;1;1;540;04/03/2012
2012006260;1;1;1;1;1;540;12/03/2012
2012006261;3;2;1;1;6;540;15/04/2012
2012006262;2;1;1;5;3;540;24/05/2012
2012006263;1;1;1;1;3;540;26/05/2012
2012006264;1;1;1;1;6;540;15/06/2012
2012006265;2;1;6;1;6;540;21/06/2012
2012006266;1;1;1;1;4;540;07/07/2012
2012006267;3;1;1;1;6;540;30/08/2012
2012006268;2;1;1;1;3;540;06/09/2012
2012006269;2;1;1;1;7;540;08/11/2012
2012006270;3;2;1;2;1;540;26/11/2012
2012006271;1;1;1;4;7;540;02/12/2012
2012006272;3;1;1;4;3;540;09/12/2012
2012006273;1;1;1;1;1;540;21/12/2012
2012006274;2;2;1;1;3;540;03/02/2012
2012006275;5;2;1;3;6;540;07/03/2012
2012006276;1;2;1;1;3;540;21/03/2012
2012006277;1;1;1;1;3;540;16/04/2012
2012006278;1;1;2;8;3;540;22/05/2012
2012006279;1;2;1;1;6;540;21/06/2012
2012006280;1;2;1;1;6;540;21/06/2012
2012006281;1;1;1;1;5;540;04/07/2012
2012006282;3;1;1;1;7;540;30/11/2012
2012006283;1;2;1;2;6;540;10/01/2012
2012006284;1;2;1;7;3;540;26/03/2012
2012006285;1;2;1;1;2;540;30/03/2012
2012006286;1;1;3;1;5;540;31/03/2012
2012006287;1;1;1;1;2;540;30/04/2012
2012006288;1;1;1;1;6;540;03/05/2012
2012006289;1;1;9;7;1;540;11/05/2012
2012006290;1;1;1;1;6;540;02/06/2012
2012006291;3;1;1;1;7;540;06/06/2012
2012006292;3;1;1;1;3;540;09/06/2012
2012006293;1;1;1;1;6;540;10/06/2012
2012006294;1;1;1;1;6;540;10/06/2012
2012006295;2;1;1;1;6;540;04/08/2012
2012006296;1;1;1;1;6;540;11/08/2012
2012006297;2;1;1;1;1;540;15/08/2012
2012006298;1;2;1;7;6;540;17/08/2012
2012006299;1;2;1;1;3;540;19/09/2012
2012006300;1;1;1;2;3;540;25/09/2012
2012006301;1;1;1;1;3;540;01/10/2012
2012006302;3;1;2;1;3;540;06/10/2012
2012006303;1;2;1;1;3;540;17/10/2012
2012006304;1;1;1;1;5;540;19/10/2012
2012006305;3;1;1;2;1;540;09/11/2012
2012006306;3;1;1;1;5;540;30/11/2012
2012006307;1;2;1;1;7;540;13/10/2012
2012006308;1;1;1;1;3;540;26/10/2012
2012006309;1;2;6;8;6;30;06/01/2012
2012006310;1;2;3;1;6;30;12/01/2012
2012006311;1;2;1;2;6;30;20/01/2012
2012006312;5;2;3;4;6;30;14/02/2012
2012006313;1;2;2;1;3;30;22/02/2012
2012006314;5;2;3;1;3;30;25/02/2012
2012006315;1;2;1;1;1;30;28/02/2012
2012006316;1;2;3;2;3;30;06/03/2012
2012006317;5;2;6;1;3;30;07/03/2012
2012006318;1;2;1;1;3;30;11/03/2012
2012006319;5;2;3;1;3;30;15/03/2012
2012006320;1;2;6;1;3;30;16/03/2012
2012006321;1;2;2;8;2;30;18/03/2012
2012006322;1;2;2;1;3;30;22/03/2012
2012006323;1;2;4;2;3;30;03/04/2012
2012006324;1;2;1;1;7;30;06/04/2012
2012006325;5;1;1;2;6;30;15/04/2012
2012006326;5;2;2;8;2;30;23/04/2012
2012006327;1;2;3;1;3;30;19/04/2012
2012006328;1;2;3;1;6;30;24/04/2012
2012006329;1;2;1;1;3;30;10/05/2012
2012006330;1;2;1;1;2;30;11/05/2012
2012006331;1;2;1;1;6;30;13/05/2012
2012006332;1;2;1;1;2;30;17/05/2012
2012006333;5;2;4;2;3;30;19/05/2012
2012006334;1;2;1;1;7;30;23/05/2012
2012006335;1;2;1;1;6;30;27/05/2012
2012006336;1;2;1;1;3;30;28/05/2012
2012006337;1;2;3;1;3;30;30/05/2012
2012006338;1;2;3;1;3;30;05/06/2012
2012006339;1;2;1;1;3;30;06/06/2012
2012006340;1;1;1;1;3;30;07/06/2012
2012006341;1;1;6;1;3;30;07/06/2012
2012006342;1;2;2;2;3;30;10/06/2012
2012006343;5;2;6;1;3;30;09/06/2012
2012006344;1;2;1;1;6;30;15/06/2012
2012006345;1;2;2;1;6;30;18/06/2012
2012006346;1;1;1;1;6;30;20/06/2012
2012006347;1;1;1;2;4;30;25/06/2012
2012006348;5;2;2;1;6;30;20/06/2012
2012006349;1;2;1;1;6;30;26/06/2012
2012006350;1;2;3;1;3;30;30/06/2012
2012006351;1;2;1;1;6;30;02/07/2012
2012006352;1;2;3;1;3;30;03/07/2012
2012006353;5;2;6;1;3;30;09/07/2012
2012006354;1;2;3;8;5;30;12/07/2012
2012006355;1;2;1;1;6;30;15/07/2012
2012006356;1;2;3;1;2;30;16/07/2012
2012006357;1;2;9;1;6;30;19/07/2012
2012006358;1;2;3;1;3;30;31/07/2012
2012006359;1;1;1;1;3;30;31/07/2012
2012006360;1;2;2;1;3;30;03/08/2012
2012006361;1;2;1;1;2;30;07/08/2012
2012006362;1;1;1;8;7;30;30/08/2012
2012006363;1;2;1;1;3;30;12/09/2012
2012006364;1;2;3;1;6;30;14/09/2012
2012006365;1;2;1;1;2;30;15/09/2012
2012006366;2;1;1;1;7;30;16/09/2012
2012006367;1;2;1;1;6;30;21/09/2012
2012006368;1;2;1;1;3;30;08/10/2012
2012006369;1;2;1;1;6;30;05/10/2012
2012006370;1;2;2;1;6;30;06/10/2012
2012006371;1;2;6;1;3;30;16/10/2012
2012006372;1;1;3;1;2;30;24/10/2012
2012006373;1;2;1;1;3;30;31/10/2012
2012006374;1;2;1;1;6;30;02/11/2012
2012006375;1;2;1;2;6;30;06/11/2012
2012006376;5;2;3;1;6;30;30/11/2012
2012006377;5;2;3;1;3;30;04/12/2012
2012006378;5;2;3;1;3;30;12/12/2012
2012006379;5;2;6;1;3;30;19/12/2012
2012006380;1;2;2;1;7;30;23/12/2012
2012006381;1;2;1;1;3;30;23/12/2012
2012006382;1;1;1;1;6;540;07/03/2012
2012006383;1;1;2;1;1;540;16/03/2012
2012006384;1;1;1;1;3;540;19/04/2012
2012006385;1;1;1;1;6;540;23/04/2012
2012006386;2;2;1;2;1;540;09/01/2012
2012006387;1;1;1;1;1;540;23/02/2012
2012006388;1;1;1;8;1;540;31/05/2012
2012006389;1;2;1;1;6;540;01/06/2012
2012006390;1;1;1;8;7;540;13/06/2012
2012006391;3;1;2;1;1;540;19/07/2012
2012006392;1;1;1;1;3;540;27/07/2012
2012006393;1;1;1;5;6;540;20/11/2012
2012006394;3;1;1;5;1;540;20/11/2012
2012006395;2;1;1;1;6;540;06/08/2012
2012006396;1;1;1;1;3;540;09/08/2012
2012006397;3;1;1;1;6;540;08/09/2012
2012006398;1;2;1;1;6;540;06/01/2012
2012006399;3;1;2;2;3;540;07/01/2012
2012006400;5;2;1;1;7;540;23/03/2012
2012006401;1;2;1;1;3;540;25/05/2012
2012006402;1;1;1;1;6;540;27/09/2012
2012006403;3;2;1;1;1;540;28/11/2012
2012006404;1;1;1;1;1;540;01/04/2012
2012006405;2;1;1;1;6;540;23/07/2012
2012006406;1;1;1;1;6;540;02/12/2012
2012006407;3;1;1;2;1;540;01/01/2012
2012006408;3;1;1;9;1;540;25/01/2012
2012006409;1;1;1;1;2;540;19/03/2012
2012006410;1;1;1;2;1;540;21/04/2012
2012006411;1;1;1;8;6;540;12/06/2012
2012006412;1;2;3;1;3;540;04/09/2012