num_acc;lum;agg;inter;atm;col;dep;date
2012006995;3;1;1;1;7;80;23/03/2012
2012006996;1;1;1;1;6;80;28/09/2012
2012006997;1;2;1;1;2;80;01/08/2012
2012006998;5;2;3;1;6;80;12/11/2012
2012006999;1;1;1;7;2;80;06/12/2012
2012007000;3;1;1;1;1;80;25/02/2012
2012007001;1;2;1;1;7;80;07/05/2012
2012007002;1;1;1;1;3;80;25/06/2012
2012007003;1;1;1;1;1;80;20/07/2012
2012007004;3;1;1;2;6;80;04/11/2012
2012007005;1;1;1;1;3;80;23/03/2012
2012007006;3;1;1;5;6;80;04/08/2012
2012007007;5;2;1;1;6;80;10/11/2012
2012007008;1;1;1;1;6;80;10/01/2012
2012007009;3;1;1;1;6;80;12/05/2012
2012007010;2;2;1;1;6;80;10/06/2012
2012007011;1;1;1;1;7;80;10/06/2012
2012007012;1;2;1;8;1;80;13/07/2012
2012007013;1;1;2;1;3;80;22/07/2012
2012007014;5;2;1;1;6;80;05/08/2012
2012007015;1;1;1;1;6;80;17/08/2012
2012007016;1;2;2;1;1;80;28/11/2012
2012007017;2;1;1;1;6;80;06/04/2012
2012007018;1;1;1;1;7;80;22/05/2012
2012007019;1;1;1;1;6;80;09/06/2012
2012007020;1;1;1;1;6;80;23/07/2012
2012007021;3;1;1;4;7;80;01/12/2012
2012007022;1;1;1;2;1;80;16/06/2012
2012007023;3;1;1;1;7;80;19/08/2012
2012007024;1;1;1;1;2;80;03/10/2012
2012007025;1;1;1;1;3;80;06/04/2012
2012007026;1;1;1;1;7;80;24/05/2012
2012007027;1;1;1;1;7;80;26/06/2012
2012007028;1;1;1;1;7;80;30/09/2012
2012007029;2;1;1;1;3;80;22/02/2012
2012007030;1;1;1;2;7;100;14/02/2012
2012007031;2;1;1;2;6;100;20/05/2012
2012007032;1;1;1;1;3;100;03/07/2012
2012007033;3;1;1;1;7;100;08/07/2012
2012007034;1;1;1;1;7;100;15/08/2012
2012007035;2;1;1;1;6;100;06/12/2012
2012007036;1;1;1;5;7;100;27/02/2012
2012007037;1;1;2;8;5;100;14/04/2012
2012007038;1;2;1;1;1;100;03/05/2012
2012007039;1;2;1;1;1;100;09/06/2012
2012007040;1;1;1;1;6;100;22/07/2012
2012007041;1;1;1;1;6;100;07/09/2012
2012007042;5;2;1;1;6;100;11/09/2012
2012007043;1;1;1;1;1;100;17/04/2012
2012007044;5;2;1;3;6;100;14/07/2012
2012007045;1;1;1;1;6;100;10/08/2012
2012007046;1;1;1;8;1;100;02/11/2012
2012007047;3;1;1;1;6;100;16/12/2012
2012007048;3;1;1;1;7;100;03/02/2012
2012007049;5;2;2;1;3;100;17/04/2012
2012007050;1;1;1;1;1;100;29/07/2012
2012007051;5;2;1;2;6;100;07/12/2012
2012007052;2;1;1;2;6;100;23/01/2012
2012007053;1;1;1;1;5;100;15/02/2012
2012007054;1;1;2;1;3;100;18/06/2012
2012007055;1;2;1;1;6;100;19/08/2012
2012007056;1;2;1;4;5;100;03/12/2012
2012007057;5;2;2;1;3;100;14/01/2012
2012007058;1;2;2;2;3;100;21/01/2012
2012007059;1;1;1;1;1;100;19/04/2012
2012007060;1;1;2;1;3;100;17/08/2012
2012007061;1;1;9;1;3;100;04/01/2012
2012007062;1;2;1;1;6;100;23/02/2012
2012007063;1;1;1;1;6;100;08/04/2012
2012007064;1;1;1;8;7;100;23/04/2012
2012007065;1;2;1;1;6;100;29/09/2012
2012007066;1;1;1;7;3;100;19/11/2012
2012007067;1;2;1;1;1;100;23/11/2012
2012007068;2;1;1;8;6;100;12/12/2012
2012007069;2;2;1;1;6;100;12/02/2012
2012007070;2;2;1;9;1;100;15/02/2012
2012007071;1;1;1;1;3;100;07/03/2012
2012007072;1;1;1;1;2;100;13/04/2012
2012007073;1;2;1;1;7;100;25/07/2012
2012007074;1;2;1;1;6;100;02/09/2012
2012007075;2;2;1;1;1;100;17/09/2012
2012007076;1;1;2;1;3;100;15/10/2012
2012007077;1;1;1;1;7;100;20/03/2012
2012007078;5;2;1;1;7;100;25/03/2012
2012007079;1;2;1;1;6;100;15/04/2012
2012007080;2;1;1;1;1;100;17/04/2012
2012007081;1;1;2;1;3;100;12/07/2012
2012007082;2;2;1;1;6;100;23/06/2012
2012007083;1;1;1;1;1;100;08/08/2012
2012007084;1;1;1;1;1;100;10/08/2012
2012007085;1;2;2;1;3;100;25/08/2012
2012007086;1;2;1;8;6;100;18/11/2012
2012007087;2;1;1;1;1;100;27/11/2012
2012007088;2;1;1;1;6;100;01/02/2012
2012007089;3;1;1;1;6;100;08/02/2012
2012007090;5;2;1;1;6;100;22/02/2012
2012007091;1;1;1;1;2;100;29/03/2012
2012007092;1;2;1;1;2;100;02/04/2012
2012007093;1;2;3;1;3;100;01/06/2012
2012007094;1;1;1;1;1;100;07/06/2012
2012007095;1;1;1;8;1;100;04/11/2012
2012007096;2;1;1;1;7;100;27/11/2012
2012007097;1;1;9;1;2;520;20/03/2012
2012007098;1;1;1;1;4;520;31/03/2012
2012007099;1;1;1;1;7;520;07/04/2012
2012007100;1;1;1;1;3;520;13/04/2012
2012007101;3;1;1;1;6;520;24/05/2012
2012007102;1;1;1;1;3;520;31/05/2012
2012007103;2;1;1;8;1;520;20/06/2012
2012007104;1;1;1;1;1;520;20/08/2012
2012007105;1;1;1;1;7;520;15/09/2012
2012007106;1;1;1;2;5;520;21/09/2012
2012007107;1;1;1;7;1;520;28/09/2012
2012007108;1;1;1;1;3;520;09/09/2012
2012007109;1;2;1;1;6;520;27/06/2012
2012007110;1;1;1;1;1;520;04/05/2012
2012007111;1;2;1;1;1;520;06/06/2012
2012007112;2;1;1;5;7;520;21/06/2012
2012007113;1;1;1;1;7;520;30/06/2012
2012007114;3;1;1;1;6;520;08/07/2012
2012007115;1;1;1;1;1;520;23/07/2012
2012007116;1;1;2;1;3;520;08/08/2012
2012007117;1;1;1;1;2;520;17/08/2012
2012007118;1;1;1;1;6;520;13/09/2012
2012007119;3;1;1;1;1;520;28/09/2012
2012007120;1;2;1;2;6;520;04/11/2012
2012007121;5;1;9;9;6;520;09/12/2012
2012007122;1;1;1;1;1;520;01/04/2012
2012007123;3;1;1;9;1;520;20/05/2012
2012007124;3;1;1;1;6;520;02/07/2012
2012007125;1;1;1;1;1;520;04/08/2012
2012007126;1;2;1;1;6;520;23/09/2012
2012007127;3;1;1;1;6;520;11/11/2012
2012007128;1;1;1;5;1;520;11/01/2012
2012007129;1;1;1;1;7;520;01/07/2012
2012007130;1;1;2;1;3;520;05/11/2012
2012007131;1;1;1;1;6;520;12/05/2012
2012007132;1;1;1;1;1;520;27/07/2012
2012007133;1;1;1;1;3;520;17/08/2012
2012007134;1;1;1;1;5;520;22/08/2012
2012007135;4;1;1;1;6;520;23/09/2012
2012007136;1;1;1;2;6;520;08/01/2012
2012007137;1;1;1;1;6;520;09/07/2012
2012007138;3;1;1;1;7;520;31/10/2012
2012007139;1;2;1;1;1;520;21/11/2012
2012007140;3;1;1;4;5;520;16/12/2012
2012007141;1;1;1;1;7;520;05/02/2012
2012007142;1;2;1;1;7;520;10/04/2012
2012007143;1;1;1;8;5;520;24/04/2012
2012007144;1;2;1;2;1;520;15/06/2012
2012007145;1;1;1;1;6;520;25/07/2012
2012007146;1;2;2;1;3;520;06/08/2012
2012007147;1;1;1;1;2;450;29/01/2012
2012007148;1;1;1;8;2;890;15/02/2012
2012007149;1;1;1;1;6;450;25/07/2012
2012007150;1;1;1;1;4;210;18/05/2012
2012007151;1;1;1;1;7;210;23/05/2012
2012007152;1;1;1;1;1;210;22/08/2012
2012007153;3;1;1;1;1;210;10/02/2012
2012007154;1;1;1;1;7;210;04/03/2012
2012007155;3;1;1;3;6;210;02/05/2012
2012007156;1;1;1;1;7;210;25/05/2012
2012007157;1;1;3;1;3;210;31/08/2012
2012007158;1;1;1;1;6;210;04/09/2012
2012007159;3;1;1;2;6;210;07/10/2012
2012007160;3;1;1;2;1;210;04/11/2012
2012007161;4;1;1;1;6;210;16/02/2012
2012007162;4;1;1;5;6;210;02/03/2012
2012007163;1;1;1;1;1;210;10/03/2012
2012007164;1;1;1;3;5;210;10/04/2012
2012007165;1;1;1;1;3;210;27/06/2012
2012007166;1;1;1;1;3;210;07/07/2012
2012007167;1;1;8;1;3;210;05/09/2012
2012007168;1;2;1;7;6;210;14/01/2012
2012007169;1;2;1;1;2;210;01/03/2012
2012007170;1;1;1;1;1;210;08/03/2012
2012007171;1;1;1;1;5;210;06/04/2012
2012007172;3;1;1;1;6;210;12/08/2012
2012007173;1;1;1;3;1;210;02/11/2012
2012007174;3;1;1;1;1;210;22/08/2012
2012007175;1;1;2;1;3;210;18/08/2012
2012007176;3;1;1;1;6;210;28/08/2012
2012007177;1;1;1;8;1;210;07/11/2012
2012007178;1;1;1;1;3;210;03/03/2012
2012007179;3;1;1;1;6;210;18/03/2012
2012007180;3;1;1;1;2;210;24/03/2012
2012007181;1;2;1;1;6;210;22/04/2012
2012007182;1;1;1;1;2;210;17/05/2012
2012007183;1;1;1;1;3;210;19/06/2012
2012007184;1;1;1;1;7;210;04/07/2012
2012007185;3;1;1;1;7;210;14/07/2012
2012007186;1;1;1;1;7;210;07/10/2012
2012007187;1;1;1;1;2;210;17/10/2012
2012007188;1;2;1;1;1;210;10/03/2012
2012007189;1;1;1;1;1;210;07/05/2012
2012007190;1;1;1;1;7;210;02/06/2012
2012007191;1;1;1;1;7;210;05/07/2012
2012007192;1;1;1;1;7;210;10/07/2012
2012007193;1;1;1;1;1;210;15/07/2012
2012007194;1;1;1;1;5;210;23/07/2012
2012007195;3;1;1;1;6;210;25/11/2012
2012007196;3;1;1;8;6;210;06/12/2012
2012007197;1;1;1;2;7;210;25/12/2012
2012007198;1;1;9;1;3;210;29/12/2012
2012007199;1;1;4;7;3;210;15/05/2012
2012007200;1;1;1;2;6;210;27/10/2012
2012007201;1;1;1;1;6;210;06/02/2012
2012007202;3;1;1;1;3;210;17/02/2012
2012007203;1;2;1;1;3;210;01/05/2012
2012007204;1;2;1;1;1;210;18/05/2012
2012007205;5;1;1;1;3;210;23/06/2012
2012007206;1;1;1;1;6;210;16/07/2012
2012007207;1;1;1;7;1;210;14/01/2012
2012007208;1;2;1;1;6;210;03/02/2012
2012007209;1;2;1;1;3;210;02/03/2012
2012007210;3;1;1;1;6;210;23/03/2012
2012007211;1;2;1;1;1;210;17/04/2012
2012007212;1;1;1;1;1;210;19/07/2012
2012007213;1;2;1;1;2;210;06/01/2012
2012007214;1;1;1;2;6;210;15/02/2012
2012007215;3;2;1;1;6;210;06/03/2012
2012007216;1;2;1;1;6;210;13/04/2012
2012007217;1;1;1;2;6;210;22/04/2012
2012007218;1;1;1;2;1;210;27/04/2012
2012007219;2;1;1;1;7;210;01/05/2012
2012007220;1;2;1;1;1;210;12/05/2012
2012007221;1;2;1;1;6;210;01/07/2012
2012007222;5;2;1;1;6;210;05/08/2012
2012007223;1;2;4;1;3;210;21/08/2012
2012007224;2;2;2;1;3;210;02/09/2012
2012007225;1;1;1;1;3;210;16/09/2012
2012007226;1;2;1;2;3;210;27/09/2012
2012007227;2;1;1;5;1;210;23/10/2012
2012007228;1;1;3;1;1;210;14/11/2012
2012007229;1;2;1;1;6;210;23/11/2012
2012007230;1;1;2;2;3;210;20/01/2012
2012007231;1;1;1;1;5;210;26/05/2012
2012007232;1;2;1;1;6;210;17/01/2012
2012007233;3;1;1;1;7;210;04/02/2012
2012007234;1;1;1;1;7;210;06/08/2012
2012007235;1;1;1;1;6;210;11/05/2012
2012007236;5;2;1;1;6;210;20/08/2012
2012007237;1;2;1;1;6;210;09/09/2012
2012007238;1;1;1;1;1;210;06/04/2012
2012007239;1;1;1;1;1;210;03/07/2012
2012007240;3;1;1;2;6;210;14/07/2012
2012007241;3;1;1;1;2;210;11/08/2012
2012007242;1;2;1;1;6;210;15/09/2012
2012007243;1;1;1;1;3;210;21/10/2012
2012007244;3;1;1;1;2;210;26/11/2012
2012007245;5;2;1;1;6;580;16/01/2012
2012007246;5;2;1;1;6;580;24/01/2012
2012007247;3;1;1;4;6;580;14/02/2012
2012007248;2;1;1;1;1;580;15/03/2012
2012007249;1;2;1;1;1;580;27/04/2012
2012007250;1;1;1;1;3;580;27/05/2012
2012007251;1;1;1;2;1;580;04/10/2012
2012007252;2;1;9;8;1;580;23/11/2012
2012007253;5;2;1;1;1;580;06/12/2012
2012007254;1;1;1;1;3;580;23/01/2012
2012007255;1;2;1;1;1;580;05/08/2012
2012007256;1;1;1;1;6;580;11/09/2012
2012007257;1;1;1;8;6;580;07/10/2012
2012007258;1;2;1;1;6;580;17/10/2012
2012007259;1;1;1;2;1;580;04/11/2012
2012007260;5;2;1;5;1;580;27/12/2012
2012007261;1;1;1;2;5;580;21/12/2012
2012007262;5;2;1;2;3;580;24/12/2012
2012007263;3;1;6;1;7;580;20/02/2012
2012007264;1;1;2;1;3;580;23/06/2012
2012007265;5;2;1;1;1;580;11/07/2012
2012007266;1;1;1;1;7;580;21/07/2012
2012007267;1;1;1;3;1;580;14/12/2012
2012007268;1;1;1;1;1;580;24/06/2012
2012007269;1;2;1;1;3;580;10/07/2012
2012007270;1;2;1;1;3;580;03/08/2012
2012007271;1;1;1;1;1;580;31/08/2012
2012007272;3;1;1;5;2;580;16/11/2012
2012007273;5;2;1;1;1;580;22/12/2012
2012007274;1;1;1;1;1;580;01/04/2012
2012007275;1;1;1;8;6;580;22/04/2012
2012007276;1;1;1;1;1;580;01/06/2012
2012007277;1;1;1;1;7;580;08/07/2012
2012007278;1;2;1;1;1;580;12/09/2012
2012007279;1;2;1;7;3;580;28/09/2012
2012007280;1;1;1;1;1;580;16/01/2012
2012007281;3;1;1;2;7;580;17/05/2012
2012007282;1;2;1;1;7;580;15/07/2012
2012007283;1;1;1;1;6;580;15/09/2012
2012007284;1;1;1;1;6;580;24/09/2012
2012007285;1;1;1;1;7;580;19/12/2012
2012007286;3;2;1;2;7;580;17/06/2012
2012007287;1;1;1;1;3;580;23/07/2012
2012007288;3;1;1;1;1;580;02/08/2012
2012007289;1;1;1;1;3;580;26/10/2012
2012007290;5;2;1;1;6;580;24/03/2012
2012007291;1;2;1;8;6;580;04/03/2012
2012007292;1;1;1;1;7;580;02/06/2012
2012007293;1;1;2;1;3;580;01/07/2012
2012007294;1;1;1;1;1;580;06/08/2012
2012007295;1;1;1;1;1;580;07/08/2012
2012007296;3;1;1;1;7;580;18/08/2012
2012007297;1;2;1;1;3;580;24/10/2012
2012007298;5;2;1;1;6;580;31/10/2012
2012007299;3;1;1;5;7;580;30/11/2012
2012007300;3;2;1;1;6;580;03/01/2012
2012007301;3;1;1;5;1;580;02/03/2012
2012007302;1;2;1;1;1;580;25/03/2012
2012007303;1;1;1;1;3;580;06/04/2012
2012007304;1;2;1;1;6;580;03/05/2012
2012007305;1;1;1;1;6;580;08/05/2012
2012007306;3;1;1;1;6;580;30/06/2012
2012007307;1;1;1;2;6;580;19/07/2012
2012007308;1;1;1;1;3;580;31/08/2012
2012007309;1;2;1;1;6;580;28/09/2012
2012007310;1;2;1;1;7;580;04/10/2012
2012007311;3;1;1;5;6;580;13/11/2012
2012007312;3;1;1;3;6;580;15/12/2012
2012007313;3;1;1;8;6;710;17/01/2012
2012007314;3;1;1;2;3;710;06/03/2012
2012007315;2;1;1;1;7;710;03/05/2012
2012007316;1;2;1;1;3;710;06/05/2012
2012007317;4;1;1;1;6;710;16/05/2012
2012007318;1;2;1;1;3;710;07/07/2012
2012007319;1;1;1;1;3;710;12/08/2012
2012007320;1;1;1;1;5;710;14/08/2012
2012007321;3;2;1;1;7;710;18/09/2012
2012007322;1;1;1;1;1;710;22/10/2012
2012007323;5;1;1;2;3;710;25/11/2012
2012007324;1;1;1;1;7;710;22/04/2012
2012007325;1;1;2;1;3;710;01/05/2012
2012007326;1;1;1;9;7;710;01/08/2012
2012007327;5;2;1;1;2;710;17/11/2012
2012007328;5;2;1;1;6;710;13/01/2012
2012007329;1;1;1;7;3;710;25/05/2012
2012007330;1;1;1;6;6;710;21/08/2012
2012007331;1;2;1;1;1;710;27/09/2012
2012007332;1;1;1;1;6;710;09/10/2012
2012007333;2;2;1;3;6;710;01/07/2012
2012007334;3;1;2;1;3;710;14/07/2012
2012007335;1;1;1;1;1;710;17/08/2012
2012007336;3;1;1;6;6;710;27/10/2012
2012007337;1;2;1;1;3;710;26/02/2012
2012007338;1;1;1;2;6;710;08/05/2012
2012007339;1;2;1;1;6;710;04/07/2012
2012007340;1;2;1;1;6;710;08/08/2012
2012007341;1;1;1;1;6;710;12/08/2012
2012007342;1;2;1;1;6;710;20/09/2012
2012007343;1;2;1;2;6;710;16/10/2012
2012007344;3;1;1;1;6;710;24/03/2012
2012007345;1;2;1;1;6;710;29/09/2012
2012007346;1;1;1;1;7;710;01/08/2012
2012007347;3;1;2;1;1;710;06/01/2012
2012007348;2;1;3;5;3;710;15/03/2012
2012007349;1;1;1;3;7;710;18/03/2012
2012007350;1;1;1;1;7;710;18/06/2012
2012007351;1;2;1;1;6;710;06/07/2012
2012007352;3;1;1;1;6;710;13/10/2012
2012007353;1;1;1;1;6;710;11/11/2012
2012007354;1;2;1;1;3;710;11/11/2012
2012007355;1;2;1;7;1;710;04/01/2012
2012007356;1;2;2;1;3;710;20/04/2012
2012007357;1;1;1;3;3;710;21/05/2012
2012007358;1;1;2;1;3;710;25/06/2012
2012007359;1;2;1;1;6;710;03/09/2012
2012007360;5;1;1;1;6;710;14/09/2012
2012007361;1;1;2;1;3;710;30/11/2012
2012007362;1;1;1;1;6;710;09/02/2012
2012007363;1;1;1;1;3;710;22/02/2012
2012007364;3;2;1;1;7;710;24/02/2012
2012007365;1;1;1;1;2;710;10/05/2012
2012007366;1;1;1;1;6;710;18/07/2012
2012007367;1;1;1;1;1;710;01/09/2012
2012007368;1;1;1;7;7;710;27/09/2012
2012007369;3;2;4;1;1;710;31/12/2012
2012007370;2;1;1;1;6;710;12/03/2012
2012007371;1;2;1;1;1;710;17/07/2012
2012007372;3;1;1;1;6;710;23/07/2012
2012007373;1;1;1;1;1;710;31/08/2012
2012007374;3;1;1;1;1;710;31/10/2012
2012007375;1;1;1;1;6;710;02/01/2012
2012007376;1;2;1;1;6;710;02/03/2012
2012007377;1;1;1;1;1;710;05/04/2012
2012007378;3;1;1;1;6;710;10/07/2012
2012007379;5;2;1;1;1;710;23/10/2012
2012007380;1;1;1;1;3;710;25/12/2012
2012007381;1;1;1;4;1;710;07/12/2012
2012007382;1;1;1;8;7;710;15/07/2012
2012007383;1;1;1;1;7;710;31/07/2012
2012007384;3;1;1;1;1;710;23/11/2012
2012007385;1;1;1;1;2;710;06/01/2012
2012007386;3;1;1;1;6;710;22/03/2012
2012007387;1;2;1;1;3;710;19/07/2012
2012007388;1;1;1;2;2;710;26/10/2012
2012007389;1;1;1;3;6;710;05/01/2012
2012007390;1;1;1;1;7;710;01/04/2012
2012007391;1;2;1;1;3;710;07/07/2012
2012007392;1;1;1;1;4;710;21/07/2012
2012007393;1;1;1;1;7;710;22/07/2012
2012007394;1;2;1;7;3;710;29/12/2012
2012007395;1;1;4;1;1;710;19/05/2012
2012007396;1;1;1;1;7;710;24/06/2012
2012007397;1;1;1;2;3;710;21/09/2012
2012007398;1;2;1;1;1;710;26/09/2012
2012007399;3;1;1;1;6;710;08/12/2012
2012007400;3;1;1;1;1;710;03/02/2012
2012007401;1;2;1;1;1;710;02/03/2012
2012007402;1;1;2;1;3;710;14/03/2012
2012007403;2;1;1;1;1;710;06/05/2012
2012007404;1;1;1;1;6;710;19/08/2012
2012007405;1;1;1;1;3;710;30/09/2012
2012007406;1;1;1;1;6;710;30/09/2012
2012007407;5;2;1;2;6;710;10/12/2012
2012007408;1;2;1;1;6;710;07/01/2012
2012007409;1;1;1;1;7;710;14/01/2012
2012007410;5;2;1;1;6;710;07/02/2012
2012007411;1;2;3;7;3;710;21/03/2012
2012007412;1;1;1;1;4;710;23/07/2012
2012007413;5;2;1;1;6;710;10/12/2012
2012007414;1;1;2;1;3;710;09/01/2012
2012007415;1;1;1;2;1;710;15/04/2012
2012007416;2;1;1;1;6;710;26/06/2012
2012007417;1;1;1;1;1;710;06/07/2012
2012007418;2;2;1;1;6;710;22/07/2012
2012007419;1;2;1;1;2;710;17/09/2012
2012007420;1;2;1;1;6;710;23/09/2012
2012007421;3;1;1;2;2;710;31/10/2012
2012007422;5;2;1;1;6;710;19/02/2012
2012007423;1;1;2;2;3;710;11/04/2012
2012007424;1;1;2;1;3;710;17/07/2012
2012007425;1;1;2;1;4;710;23/07/2012
2012007426;5;2;1;1;1;710;22/09/2012
2012007427;5;2;1;2;6;710;18/12/2012
2012007428;1;1;1;1;1;710;05/08/2012
2012007429;3;1;1;1;7;710;02/09/2012
2012007430;1;1;1;1;2;890;06/02/2012
2012007431;1;1;1;1;7;890;01/04/2012
2012007432;1;1;1;1;7;890;30/04/2012
2012007433;1;1;1;1;2;890;30/05/2012
2012007434;3;1;1;1;5;890;18/07/2012
2012007435;3;1;1;1;2;890;31/08/2012
2012007436;3;1;1;1;5;890;15/10/2012
2012007437;3;1;1;8;3;890;28/11/2012
2012007438;1;1;1;4;6;890;07/12/2012
2012007439;1;1;1;2;1;890;14/12/2012
2012007440;3;1;1;3;2;890;15/12/2012
2012007441;1;1;1;1;5;890;20/02/2012
2012007442;1;1;1;2;7;890;15/05/2012
2012007443;1;1;1;1;6;890;19/05/2012
2012007444;3;1;1;1;2;450;09/08/2012
2012007445;3;1;1;1;5;890;11/09/2012
2012007446;1;1;1;1;2;890;24/09/2012
2012007447;1;1;1;3;7;890;14/10/2012
2012007448;1;1;1;8;6;890;01/11/2012
2012007449;1;1;1;3;2;890;02/11/2012
2012007450;3;1;1;8;6;890;06/12/2012
2012007451;3;1;1;3;7;890;22/12/2012
2012007452;1;2;2;1;3;890;25/02/2012
2012007453;3;1;1;1;1;890;16/03/2012
2012007454;1;1;1;3;1;890;02/05/2012
2012007455;1;1;1;1;1;890;30/05/2012
2012007456;1;2;1;7;6;890;04/07/2012
2012007457;1;1;1;1;1;890;22/07/2012
2012007458;1;1;1;1;6;890;09/10/2012
2012007459;3;1;1;1;1;890;22/10/2012
2012007460;2;1;1;1;1;890;07/11/2012
2012007461;3;2;1;1;3;890;27/11/2012
2012007462;3;2;1;2;3;890;29/11/2012
2012007463;2;1;1;1;6;890;29/09/2012
2012007464;5;2;1;9;6;890;09/01/2012
2012007465;3;1;1;1;7;890;05/02/2012
2012007466;1;1;1;8;6;890;20/04/2012
2012007467;1;1;1;1;1;890;22/06/2012
2012007468;1;1;1;1;1;890;29/09/2012
2012007469;5;2;1;1;3;890;13/11/2012
2012007470;1;1;1;1;1;890;09/04/2012
2012007471;1;2;1;1;1;890;19/04/2012
2012007472;1;1;1;2;1;890;26/04/2012
2012007473;1;1;1;1;3;890;25/05/2012
2012007474;1;1;1;1;1;890;08/08/2012
2012007475;1;1;1;1;6;890;04/09/2012
2012007476;1;1;2;1;3;890;25/09/2012
2012007477;1;1;1;8;7;890;26/09/2012
2012007478;1;1;1;5;6;890;02/03/2012
2012007479;3;1;1;5;6;890;17/11/2012
2012007480;4;1;1;1;6;890;18/11/2012
2012007481;1;1;1;1;1;890;15/06/2012
2012007482;1;1;1;1;6;890;06/08/2012
2012007483;1;1;1;1;6;890;06/10/2012
2012007484;1;2;1;1;3;890;17/10/2012
2012007485;3;1;1;3;6;890;26/04/2012
2012007486;1;2;1;1;6;890;20/06/2012
2012007487;1;2;1;1;6;890;23/09/2012
2012007488;1;1;1;8;7;890;02/12/2012
2012007489;1;1;1;1;1;890;01/02/2012
2012007490;1;2;1;1;3;890;21/02/2012
2012007491;3;1;1;1;6;890;26/02/2012
2012007492;1;2;1;1;6;890;25/03/2012
2012007493;3;1;1;2;6;890;21/04/2012
2012007494;1;1;1;2;6;890;25/04/2012
2012007495;3;1;1;2;2;890;13/07/2012
2012007496;1;2;1;8;3;890;14/07/2012
2012007497;1;2;1;1;1;890;28/08/2012
2012007498;1;2;1;1;3;890;05/10/2012
2012007499;1;1;1;1;3;890;17/10/2012
2012007500;1;2;1;1;6;890;26/10/2012
2012007501;3;1;1;1;6;890;29/01/2012
2012007502;3;1;1;1;7;890;01/04/2012
2012007503;1;2;1;1;2;890;17/05/2012
2012007504;3;1;1;1;6;890;17/05/2012
2012007505;1;1;1;2;6;890;18/05/2012
2012007506;3;1;1;1;6;890;15/08/2012
2012007507;1;2;1;1;6;890;28/08/2012
2012007508;1;1;1;1;7;890;31/08/2012
2012007509;3;2;1;1;6;890;23/12/2012
2012007510;1;1;1;1;2;890;13/04/2012
2012007511;1;1;1;1;6;890;15/06/2012
2012007512;1;1;1;1;5;890;01/09/2012
2012007513;1;2;3;1;3;890;18/10/2012
2012007514;1;2;1;1;6;890;03/11/2012
2012007515;1;2;1;1;5;890;15/12/2012
2012007516;3;1;1;1;6;890;29/02/2012
2012007517;3;1;1;1;3;890;06/09/2012
2012007518;1;1;1;1;7;890;09/09/2012
2012007519;2;1;1;3;1;890;25/09/2012
2012007520;1;2;1;1;7;890;30/09/2012
2012007521;1;1;1;2;7;890;09/10/2012
2012007522;2;1;1;2;5;890;05/11/2012
2012007523;3;1;1;1;7;890;08/12/2012
2012007524;3;1;1;2;7;890;25/12/2012
2012007525;3;1;1;1;3;890;02/01/2012
2012007526;1;1;1;1;5;890;07/01/2012
2012007527;1;1;1;2;6;890;21/04/2012
2012007528;1;2;7;1;6;890;07/06/2012
2012007529;1;1;1;1;7;890;21/09/2012
2012007530;3;1;1;1;3;890;02/12/2012
2012007531;1;1;3;1;3;890;31/12/2012
2012007532;3;1;1;1;6;890;15/01/2012
2012007533;1;1;1;1;7;890;17/05/2012
2012007534;3;1;1;2;1;890;25/01/2012
2012007535;2;1;2;1;4;890;31/07/2012
2012007536;1;2;1;1;6;890;26/08/2012
2012007537;3;1;1;1;7;890;31/10/2012
2012007538;1;1;1;1;6;890;30/06/2012
2012007539;1;1;1;1;3;890;25/07/2012
2012007540;1;2;1;1;4;250;08/01/2012
2012007541;1;2;1;1;3;250;24/10/2012
2012007542;5;2;1;5;3;250;28/10/2012
2012007543;1;1;1;1;1;250;23/11/2012
2012007544;1;1;1;2;3;250;27/11/2012
2012007545;5;1;1;1;7;250;01/10/2012
2012007546;1;1;1;1;1;250;11/10/2012
2012007547;1;2;1;1;3;250;28/03/2012
2012007548;1;1;1;1;6;250;28/03/2012
2012007549;1;1;1;8;1;250;27/04/2012
2012007550;1;1;1;1;1;250;30/05/2012
2012007551;1;2;1;2;6;250;13/07/2012
2012007552;1;2;3;7;3;250;16/07/2012
2012007553;1;2;1;1;7;250;24/07/2012
2012007554;3;1;1;1;6;250;12/08/2012
2012007555;1;1;1;1;1;250;26/08/2012
2012007556;1;2;1;1;1;250;06/09/2012
2012007557;2;1;1;1;6;250;25/11/2012
2012007558;3;1;1;3;6;250;14/12/2012
2012007559;1;2;1;8;6;250;26/01/2012
2012007560;1;2;1;1;6;250;14/07/2012
2012007561;3;1;1;1;1;250;28/09/2012
2012007562;2;2;1;2;6;250;04/01/2012
2012007563;5;2;1;1;6;250;06/02/2012
2012007564;3;1;1;1;1;250;11/02/2012
2012007565;5;2;1;1;5;250;17/02/2012
2012007566;1;2;1;1;5;250;01/05/2012
2012007567;1;2;1;1;3;250;04/05/2012
2012007568;1;2;1;1;3;250;02/06/2012
2012007569;3;1;1;2;3;250;03/11/2012
2012007570;1;2;1;1;6;250;25/04/2012
2012007571;5;2;1;1;6;250;26/04/2012
2012007572;1;1;1;1;6;250;12/05/2012
2012007573;1;2;1;1;1;250;30/05/2012
2012007574;1;2;1;2;1;250;10/06/2012
2012007575;2;1;1;1;7;250;06/07/2012
2012007576;1;1;1;1;6;250;12/08/2012