num_acc;lum;agg;inter;atm;col;dep;date
2012008162;1;1;1;1;1;60;04/03/2012
2012008163;3;1;1;1;6;60;07/09/2012
2012008164;2;2;1;1;7;60;08/04/2012
2012008165;1;1;1;1;2;60;11/03/2012
2012008166;5;2;1;2;6;60;20/03/2012
2012008167;1;2;1;1;6;60;20/03/2012
2012008168;1;2;1;1;6;60;15/08/2012
2012008169;3;1;1;1;1;60;08/11/2012
2012008170;1;2;1;1;6;60;24/12/2012
2012008171;1;2;1;1;6;60;10/05/2012
2012008172;3;1;1;1;3;60;11/01/2012
2012008173;5;2;1;1;6;60;10/06/2012
2012008174;1;1;1;1;3;60;07/04/2012
2012008175;1;1;1;1;6;60;07/01/2012
2012008176;1;1;1;1;6;60;15/01/2012
2012008177;1;2;1;3;6;60;31/01/2012
2012008178;1;2;1;1;1;60;15/02/2012
2012008179;1;2;1;1;6;60;11/03/2012
2012008180;3;1;1;1;7;60;17/03/2012
2012008181;1;2;1;1;1;60;25/03/2012
2012008182;1;2;1;1;1;60;30/03/2012
2012008183;1;2;1;1;5;60;12/04/2012
2012008184;1;1;1;1;3;60;24/05/2012
2012008185;1;2;1;1;1;60;01/06/2012
2012008186;1;2;1;1;6;60;04/06/2012
2012008187;3;1;1;1;1;60;09/06/2012
2012008188;1;2;1;1;1;60;19/06/2012
2012008189;1;2;9;1;6;60;03/06/2012
2012008190;5;2;1;1;6;60;19/06/2012
2012008191;5;2;1;1;3;60;26/06/2012
2012008192;1;1;1;1;3;60;12/07/2012
2012008193;1;2;1;1;3;60;20/07/2012
2012008194;1;1;1;1;6;60;05/08/2012
2012008195;1;2;1;1;1;60;15/08/2012
2012008196;1;2;1;1;3;60;25/08/2012
2012008197;1;2;1;1;6;60;02/10/2012
2012008198;1;2;1;1;5;60;07/10/2012
2012008199;1;2;1;1;3;60;10/10/2012
2012008200;5;2;1;3;6;60;03/11/2012
2012008201;1;1;1;4;6;60;29/01/2012
2012008202;1;1;1;1;6;60;12/06/2012
2012008203;1;1;1;1;6;60;21/07/2012
2012008204;1;1;1;1;7;60;09/08/2012
2012008205;1;1;1;1;3;60;05/08/2012
2012008206;1;1;1;1;6;60;13/07/2012
2012008207;5;1;1;1;6;60;23/08/2012
2012008208;1;2;1;1;6;60;01/09/2012
2012008209;1;2;1;1;6;60;02/09/2012
2012008210;1;1;1;1;2;60;18/09/2012
2012008211;1;1;1;1;3;60;30/09/2012
2012008212;1;1;1;1;5;60;21/10/2012
2012008213;1;1;1;9;7;60;15/11/2012
2012008214;1;1;1;8;1;60;04/12/2012
2012008215;2;1;1;2;1;60;14/12/2012
2012008216;2;1;1;1;1;60;23/01/2012
2012008217;1;2;1;7;1;60;02/02/2012
2012008218;1;1;1;8;5;60;09/02/2012
2012008219;1;1;1;1;3;60;27/04/2012
2012008220;1;1;1;1;1;60;05/06/2012
2012008221;1;1;1;1;1;60;08/08/2012
2012008222;2;1;1;2;1;60;25/08/2012
2012008223;1;2;1;1;6;60;13/09/2012
2012008224;1;2;1;1;1;60;14/09/2012
2012008225;1;1;1;1;1;60;20/10/2012
2012008226;3;1;1;1;1;60;14/11/2012
2012008227;1;1;1;1;6;60;16/11/2012
2012008228;3;1;1;1;4;60;17/02/2012
2012008229;1;2;1;1;6;60;21/04/2012
2012008230;1;1;1;1;3;60;04/05/2012
2012008231;1;2;1;1;6;60;27/07/2012
2012008232;2;1;6;1;6;60;09/12/2012
2012008233;2;1;1;1;2;60;29/06/2012
2012008234;1;1;1;1;6;60;28/09/2012
2012008235;1;1;1;1;1;60;10/03/2012
2012008236;2;1;1;1;7;60;08/07/2012
2012008237;1;1;1;1;5;60;15/07/2012
2012008238;3;2;1;1;7;60;23/09/2012
2012008239;5;1;1;1;2;60;16/01/2012
2012008240;1;1;1;1;6;60;21/03/2012
2012008241;1;1;1;1;6;60;23/03/2012
2012008242;5;1;1;1;6;60;02/04/2012
2012008243;5;2;1;1;6;60;20/04/2012
2012008244;1;2;1;1;1;60;13/06/2012
2012008245;3;2;1;1;6;60;01/09/2012
2012008246;1;1;1;1;3;60;04/10/2012
2012008247;1;1;1;1;6;60;08/10/2012
2012008248;5;1;1;3;6;60;03/11/2012
2012008249;1;1;1;1;1;60;16/04/2012
2012008250;1;1;1;1;7;60;09/06/2012
2012008251;1;1;1;3;6;60;21/08/2012
2012008252;1;1;1;1;7;60;05/09/2012
2012008253;1;1;1;1;1;60;26/03/2012
2012008254;1;1;1;1;1;60;16/06/2012
2012008255;1;2;1;1;1;60;15/08/2012
2012008256;3;2;1;1;6;60;08/09/2012
2012008257;2;2;1;1;1;60;20/09/2012
2012008258;1;1;1;1;1;830;25/01/2012
2012008259;1;1;1;7;1;830;25/02/2012
2012008260;1;1;1;1;6;830;10/03/2012
2012008261;1;1;1;1;6;830;30/06/2012
2012008262;1;1;1;1;2;830;17/07/2012
2012008263;1;1;1;1;3;830;05/10/2012
2012008264;5;2;1;1;1;830;10/10/2012
2012008265;3;1;1;1;5;830;19/12/2012
2012008266;1;1;1;1;6;830;25/05/2012
2012008267;1;1;1;1;7;830;26/05/2012
2012008268;1;1;3;1;3;830;24/06/2012
2012008269;3;1;1;1;7;830;29/06/2012
2012008270;1;1;1;2;6;830;25/08/2012
2012008271;1;1;1;1;7;830;06/09/2012
2012008272;1;1;1;1;7;830;23/09/2012
2012008273;3;1;1;8;6;830;15/12/2012
2012008274;3;1;1;1;1;830;23/02/2012
2012008275;2;1;1;1;1;830;11/03/2012
2012008276;1;1;1;1;1;830;18/03/2012
2012008277;1;1;1;1;2;830;09/04/2012
2012008278;1;1;1;1;3;830;12/04/2012
2012008279;3;1;1;1;1;830;05/05/2012
2012008280;1;1;1;1;1;830;12/05/2012
2012008281;1;1;1;1;6;830;03/06/2012
2012008282;1;1;1;1;6;830;05/06/2012
2012008283;1;1;1;1;2;830;02/07/2012
2012008284;1;1;1;1;1;830;11/07/2012
2012008285;1;2;1;1;3;830;12/10/2012
2012008286;1;1;1;1;6;830;19/01/2012
2012008287;5;2;1;1;6;830;10/02/2012
2012008288;2;1;1;1;6;830;12/03/2012
2012008289;3;1;1;1;6;830;17/03/2012
2012008290;1;1;3;1;3;830;04/05/2012
2012008291;1;2;1;1;6;830;09/07/2012
2012008292;1;2;1;1;6;830;22/07/2012
2012008293;1;2;1;1;3;830;31/08/2012
2012008294;1;2;1;1;1;830;18/09/2012
2012008295;3;1;1;1;1;830;05/12/2012
2012008296;3;1;1;1;6;830;28/12/2012
2012008297;3;1;1;1;6;830;03/02/2012
2012008298;3;2;1;1;1;830;21/07/2012
2012008299;2;1;1;1;6;830;06/09/2012
2012008300;1;2;1;1;6;830;13/10/2012
2012008301;5;2;1;1;3;830;17/11/2012
2012008302;1;2;3;1;3;830;07/04/2012
2012008303;3;1;1;1;6;830;12/08/2012
2012008304;3;1;1;1;6;830;17/08/2012
2012008305;1;1;1;1;1;830;08/10/2012
2012008306;2;1;1;1;3;830;08/12/2012
2012008307;3;1;1;1;7;830;01/01/2012
2012008308;3;1;1;1;7;830;01/01/2012
2012008309;1;2;1;1;1;830;13/01/2012
2012008310;5;1;1;1;5;830;20/01/2012
2012008311;3;1;1;1;6;830;12/02/2012
2012008312;1;1;3;1;5;830;25/02/2012
2012008313;1;1;1;1;7;830;03/03/2012
2012008314;1;2;1;1;3;830;08/04/2012
2012008315;5;2;1;1;1;830;19/04/2012
2012008316;1;2;9;7;6;830;09/05/2012
2012008317;1;1;1;1;5;830;12/05/2012
2012008318;1;1;1;8;7;830;29/05/2012
2012008319;1;1;1;1;3;830;09/06/2012
2012008320;1;1;1;1;7;830;14/06/2012
2012008321;1;1;1;1;3;830;18/06/2012
2012008322;1;1;1;1;7;830;26/06/2012
2012008323;1;1;1;1;1;830;12/07/2012
2012008324;1;1;1;1;5;830;13/07/2012
2012008325;1;1;1;1;2;830;27/07/2012
2012008326;1;1;2;1;5;830;01/08/2012
2012008327;1;2;1;1;3;830;09/09/2012
2012008328;5;2;1;1;6;830;13/09/2012
2012008329;1;2;1;1;3;830;25/09/2012
2012008330;1;1;6;1;6;830;09/10/2012
2012008331;1;1;1;2;3;830;17/10/2012
2012008332;1;1;1;1;1;830;19/10/2012
2012008333;1;1;1;1;1;830;24/10/2012
2012008334;1;1;1;3;1;830;31/10/2012
2012008335;1;1;1;1;6;830;02/11/2012
2012008336;5;2;1;1;6;830;19/11/2012
2012008337;3;1;1;1;3;830;14/01/2012
2012008338;3;1;1;1;6;830;20/01/2012
2012008339;5;2;1;1;1;830;21/02/2012
2012008340;1;1;1;1;7;830;25/02/2012
2012008341;5;2;1;2;1;830;21/03/2012
2012008342;1;1;1;1;1;830;01/07/2012
2012008343;1;1;1;1;1;830;05/07/2012
2012008344;1;1;1;1;7;830;21/07/2012
2012008345;1;1;1;1;1;830;10/09/2012
2012008346;2;1;1;8;3;830;13/12/2012
2012008347;1;2;1;1;3;830;27/12/2012
2012008348;1;1;1;1;6;830;25/01/2012
2012008349;1;1;1;1;1;830;11/03/2012
2012008350;2;1;1;1;6;830;13/03/2012
2012008351;1;1;1;1;7;830;21/04/2012
2012008352;1;1;1;1;7;830;22/04/2012
2012008353;1;1;1;1;7;830;17/05/2012
2012008354;1;1;1;1;1;830;14/06/2012
2012008355;1;1;1;1;7;830;17/06/2012
2012008356;1;1;1;1;1;830;16/07/2012
2012008357;1;1;1;1;7;830;22/07/2012
2012008358;1;1;1;1;1;830;29/07/2012
2012008359;1;1;1;1;7;830;11/09/2012
2012008360;1;1;1;1;1;830;06/10/2012
2012008361;1;1;1;1;6;830;12/10/2012
2012008362;1;1;1;1;7;830;12/10/2012
2012008363;1;1;1;1;6;830;25/10/2012
2012008364;1;1;1;1;6;830;01/11/2012
2012008365;1;2;1;1;3;830;30/01/2012
2012008366;1;1;1;1;7;830;09/05/2012
2012008367;1;1;1;1;7;830;01/08/2012
2012008368;1;2;1;1;6;830;06/09/2012
2012008369;1;1;1;1;1;830;21/09/2012
2012008370;1;2;1;1;6;830;30/12/2012
2012008371;2;1;2;1;5;830;03/01/2012
2012008372;2;1;1;1;7;830;26/02/2012
2012008373;5;2;1;1;6;830;14/03/2012
2012008374;1;1;1;1;6;830;25/07/2012
2012008375;5;2;1;1;6;830;06/08/2012
2012008376;1;1;1;1;3;830;08/08/2012
2012008377;3;1;1;1;5;830;14/08/2012
2012008378;1;1;1;1;2;830;20/08/2012
2012008379;1;1;1;1;5;830;23/09/2012
2012008380;2;1;1;1;3;830;12/10/2012
2012008381;3;1;1;2;6;830;26/11/2012
2012008382;1;2;1;1;1;830;24/12/2012
2012008383;3;1;1;1;7;830;01/01/2012
2012008384;1;2;3;1;3;830;03/01/2012
2012008385;1;1;1;1;7;830;21/01/2012
2012008386;4;2;1;1;6;830;21/01/2012
2012008387;1;1;1;1;7;830;23/01/2012
2012008388;1;1;1;1;1;830;07/02/2012
2012008389;3;1;1;1;6;830;11/02/2012
2012008390;1;2;1;1;6;830;02/03/2012
2012008391;1;2;6;1;1;830;10/03/2012
2012008392;1;1;1;1;6;830;21/03/2012
2012008393;1;2;1;1;3;830;30/03/2012
2012008394;1;1;1;1;2;830;02/04/2012
2012008395;1;1;1;1;6;830;11/04/2012
2012008396;1;1;1;1;2;830;25/04/2012
2012008397;1;1;1;1;1;830;01/05/2012
2012008398;1;1;1;1;3;830;02/05/2012
2012008399;1;1;1;1;1;830;09/05/2012
2012008400;1;1;1;1;3;830;12/05/2012
2012008401;1;1;1;1;3;830;15/05/2012
2012008402;1;2;1;1;1;830;16/05/2012
2012008403;1;2;1;1;1;830;18/05/2012
2012008404;1;2;4;1;1;830;11/06/2012
2012008405;3;1;1;1;7;830;17/06/2012
2012008406;1;1;1;1;3;830;19/06/2012
2012008407;1;1;1;1;2;830;11/07/2012
2012008408;3;1;1;1;1;830;21/07/2012
2012008409;1;1;1;1;4;830;10/08/2012
2012008410;1;1;1;1;1;830;10/08/2012
2012008411;1;1;9;1;2;830;17/08/2012
2012008412;5;2;6;1;6;830;27/08/2012
2012008413;1;1;1;1;3;830;04/09/2012
2012008414;1;1;1;1;2;830;12/09/2012
2012008415;3;1;1;1;7;830;15/09/2012
2012008416;1;2;1;1;6;830;19/09/2012
2012008417;5;1;1;1;6;830;21/09/2012
2012008418;3;1;1;1;2;830;23/09/2012
2012008419;5;2;1;1;6;830;15/10/2012
2012008420;2;1;1;1;1;830;19/10/2012
2012008421;1;2;6;1;3;830;20/10/2012
2012008422;2;1;1;1;7;830;24/10/2012
2012008423;1;1;1;1;4;830;29/10/2012
2012008424;3;1;1;2;3;830;31/10/2012
2012008425;5;1;6;1;6;830;18/11/2012
2012008426;3;2;1;1;7;830;09/12/2012
2012008427;1;1;1;1;1;830;12/12/2012
2012008428;5;1;1;1;3;830;12/12/2012
2012008429;5;2;1;1;6;830;27/12/2012
2012008430;5;2;6;1;6;830;26/02/2012
2012008431;2;1;9;1;3;830;24/07/2012
2012008432;1;2;1;1;6;830;08/08/2012
2012008433;1;2;9;1;7;830;04/01/2012
2012008434;1;1;1;1;6;830;10/01/2012
2012008435;5;2;1;1;6;830;02/03/2012
2012008436;1;2;1;1;3;830;06/06/2012
2012008437;1;2;1;7;7;830;12/07/2012
2012008438;1;2;1;1;6;830;12/07/2012
2012008439;5;2;1;1;1;830;31/08/2012
2012008440;1;2;1;1;6;830;19/09/2012
2012008441;1;1;1;1;6;830;23/09/2012
2012008442;1;2;1;1;6;830;21/10/2012
2012008443;1;1;1;1;1;830;11/03/2012
2012008444;1;1;1;1;3;830;14/04/2012
2012008445;1;1;1;1;7;830;15/04/2012
2012008446;1;1;1;1;3;830;05/05/2012
2012008447;3;1;1;1;3;830;07/05/2012
2012008448;5;1;1;1;6;830;09/05/2012
2012008449;2;1;1;1;4;830;19/05/2012
2012008450;3;1;1;3;1;830;21/05/2012
2012008451;1;2;1;1;6;830;23/06/2012
2012008452;1;1;1;1;3;830;11/07/2012
2012008453;1;1;1;1;2;830;21/07/2012
2012008454;1;1;1;1;1;830;27/08/2012
2012008455;2;1;1;1;6;830;07/09/2012
2012008456;1;2;1;1;6;830;10/09/2012
2012008457;5;1;1;1;7;830;11/09/2012
2012008458;2;1;1;2;3;830;11/10/2012
2012008459;1;1;1;1;1;830;01/03/2012
2012008460;1;1;1;1;3;830;09/03/2012
2012008461;1;1;1;1;5;830;09/04/2012
2012008462;1;1;1;1;1;830;21/04/2012
2012008463;1;1;1;1;6;830;21/04/2012
2012008464;1;1;1;1;3;830;15/06/2012
2012008465;1;1;1;1;7;830;03/12/2012
2012008466;3;1;1;4;3;830;04/02/2012
2012008467;1;2;1;1;1;830;18/05/2012
2012008468;2;1;1;1;3;830;08/06/2012
2012008469;1;2;1;1;6;830;09/06/2012
2012008470;1;1;1;1;1;830;16/07/2012
2012008471;1;1;1;1;2;830;04/08/2012
2012008472;1;2;1;1;1;830;10/08/2012
2012008473;5;2;3;1;3;830;29/08/2012
2012008474;1;1;1;1;1;830;31/08/2012
2012008475;1;1;3;1;3;830;10/09/2012
2012008476;1;1;1;1;3;830;18/10/2012
2012008477;1;1;1;1;3;830;23/11/2012
2012008478;1;1;1;1;1;830;03/01/2012
2012008479;1;1;1;1;1;830;05/04/2012
2012008480;3;1;1;1;6;830;08/07/2012
2012008481;1;2;1;1;6;830;21/11/2012
2012008482;1;2;1;1;3;830;01/06/2012
2012008483;1;1;1;1;1;830;12/06/2012
2012008484;1;1;1;1;6;830;13/06/2012
2012008485;1;1;6;1;3;830;20/07/2012
2012008486;5;2;1;8;7;830;02/09/2012
2012008487;1;1;1;1;1;830;17/09/2012
2012008488;5;2;6;1;7;830;06/10/2012
2012008489;3;1;1;1;1;840;09/01/2012
2012008490;3;1;1;1;6;840;05/02/2012
2012008491;1;2;1;1;1;840;09/05/2012
2012008492;2;1;1;1;6;840;10/06/2012
2012008493;1;2;1;1;3;840;20/07/2012
2012008494;1;2;1;1;6;840;25/07/2012
2012008495;1;2;1;1;3;840;29/09/2012
2012008496;3;1;1;1;6;840;23/11/2012
2012008497;3;1;1;1;6;840;04/12/2012
2012008498;1;2;2;1;4;840;08/12/2012
2012008499;1;1;1;1;5;840;15/01/2012
2012008500;1;1;1;1;6;840;20/01/2012
2012008501;1;1;1;1;3;840;10/03/2012
2012008502;1;1;1;1;6;840;10/03/2012
2012008503;3;1;1;1;1;840;04/06/2012
2012008504;1;1;1;1;6;840;04/06/2012
2012008505;1;1;1;2;6;840;20/06/2012
2012008506;1;1;1;1;1;840;27/06/2012
2012008507;3;1;1;1;6;840;28/06/2012
2012008508;1;1;1;1;6;840;05/07/2012
2012008509;1;1;1;1;3;840;11/08/2012
2012008510;1;1;1;7;3;840;20/10/2012
2012008511;3;1;1;3;1;840;21/10/2012
2012008512;1;2;1;1;1;840;03/11/2012
2012008513;1;2;1;1;3;840;16/11/2012
2012008514;5;2;1;1;6;840;25/01/2012
2012008515;5;1;1;6;3;840;03/02/2012
2012008516;1;1;1;1;6;840;25/02/2012
2012008517;1;1;1;1;1;840;25/03/2012
2012008518;1;2;1;1;1;840;29/03/2012
2012008519;5;2;1;6;7;840;13/05/2012
2012008520;1;2;6;1;3;840;01/06/2012
2012008521;2;2;1;1;1;840;29/08/2012
2012008522;5;1;1;1;7;840;02/09/2012
2012008523;1;1;1;1;2;840;07/09/2012
2012008524;2;2;1;1;1;840;27/10/2012
2012008525;1;2;6;1;6;840;01/11/2012
2012008526;1;1;1;1;6;840;22/12/2012
2012008527;1;2;1;1;3;840;24/02/2012
2012008528;4;2;2;1;3;840;15/06/2012
2012008529;1;2;1;6;1;840;14/09/2012
2012008530;1;2;1;1;1;840;22/02/2012
2012008531;1;1;1;1;1;840;14/03/2012
2012008532;1;1;3;1;2;840;21/04/2012
2012008533;2;2;1;1;1;840;10/04/2012
2012008534;1;2;1;1;1;840;27/04/2012
2012008535;1;1;1;7;5;840;03/05/2012
2012008536;1;2;1;1;6;840;09/07/2012
2012008537;1;1;1;1;5;840;19/07/2012
2012008538;1;1;1;1;7;840;29/07/2012
2012008539;1;1;1;1;7;840;13/08/2012
2012008540;1;2;1;1;6;840;14/09/2012
2012008541;5;2;1;1;3;840;05/10/2012
2012008542;1;2;1;1;6;840;01/11/2012
2012008543;1;1;1;1;7;840;18/03/2012
2012008544;1;1;1;1;1;840;06/04/2012
2012008545;2;1;1;1;3;840;13/04/2012
2012008546;1;1;1;1;1;840;02/10/2012
2012008547;1;1;3;1;5;840;17/06/2012
2012008548;1;1;1;1;1;840;13/08/2012
2012008549;1;1;1;1;1;840;12/10/2012
2012008550;5;2;1;1;6;840;11/03/2012
2012008551;1;1;1;1;7;840;01/05/2012
2012008552;1;2;1;1;2;840;05/06/2012
2012008553;5;2;1;1;1;840;05/08/2012
2012008554;1;1;1;1;2;840;22/08/2012
2012008555;1;1;1;1;6;840;24/08/2012
2012008556;1;1;1;1;3;840;03/09/2012
2012008557;1;1;1;1;6;840;19/09/2012
2012008558;1;1;1;3;6;840;14/10/2012
2012008559;1;1;1;1;3;840;27/10/2012
2012008560;1;1;1;3;6;840;10/11/2012
2012008561;3;2;1;1;3;840;25/11/2012
2012008562;1;2;1;1;6;840;10/12/2012
2012008563;1;1;1;1;2;840;20/04/2012
2012008564;1;2;6;1;6;840;03/12/2012
2012008565;1;2;1;1;1;840;20/02/2012
2012008566;2;1;1;2;6;840;04/05/2012
2012008567;1;1;1;1;6;840;01/08/2012
2012008568;1;1;1;9;6;840;12/12/2012
2012008569;1;1;1;1;7;840;08/05/2012
2012008570;1;1;1;1;4;840;12/05/2012
2012008571;3;1;1;1;6;840;25/05/2012
2012008572;3;1;1;1;6;840;03/06/2012
2012008573;3;1;1;1;2;840;18/07/2012
2012008574;1;1;1;1;1;840;13/08/2012
2012008575;1;1;1;1;7;840;08/09/2012
2012008576;1;1;2;1;3;840;22/09/2012
2012008577;3;1;1;1;7;840;13/01/2012
2012008578;1;1;1;1;6;840;06/02/2012
2012008579;5;2;1;1;6;840;17/02/2012
2012008580;1;1;1;1;7;840;17/03/2012
2012008581;3;1;1;1;6;840;14/04/2012
2012008582;1;1;1;1;1;840;15/04/2012
2012008583;1;1;1;1;5;840;21/07/2012
2012008584;1;1;1;1;3;840;31/07/2012
2012008585;1;1;1;2;5;840;25/08/2012
2012008586;1;1;1;1;3;840;19/10/2012
2012008587;1;1;1;1;6;840;16/11/2012
2012008588;3;2;1;1;6;840;24/12/2012
2012008589;1;1;1;1;1;840;26/03/2012
2012008590;1;1;1;1;3;840;09/05/2012
2012008591;1;1;1;1;6;840;22/06/2012
2012008592;1;1;1;1;6;840;27/06/2012
2012008593;1;2;1;1;3;840;06/10/2012
2012008594;3;1;1;1;3;840;18/02/2012
2012008595;1;1;6;1;6;840;20/03/2012
2012008596;1;1;1;1;7;840;04/06/2012
2012008597;3;1;1;1;7;840;11/07/2012
2012008598;1;1;1;1;1;840;16/08/2012
2012008599;1;1;1;1;3;840;16/08/2012
2012008600;1;1;1;1;3;840;01/09/2012
2012008601;2;1;1;1;3;840;17/09/2012
2012008602;1;1;1;1;2;840;16/02/2012
2012008603;1;1;1;1;1;840;08/03/2012
2012008604;3;1;1;1;6;840;26/03/2012
2012008605;3;1;1;1;3;840;30/08/2012
2012008606;1;1;1;1;5;840;06/09/2012
2012008607;1;1;1;1;6;840;10/09/2012
2012008608;3;1;1;2;3;840;26/10/2012
2012008609;5;1;1;1;1;840;14/11/2012
2012008610;3;1;1;1;1;840;21/12/2012
2012008611;3;1;1;1;6;840;12/01/2012
2012008612;1;2;1;1;3;840;11/03/2012
2012008613;1;1;1;1;7;840;09/04/2012
2012008614;3;2;1;3;6;840;29/04/2012
2012008615;1;1;1;1;6;840;27/05/2012
2012008616;1;1;1;1;1;840;10/06/2012
2012008617;1;2;1;1;3;840;17/07/2012
2012008618;1;1;1;1;1;840;24/07/2012
2012008619;2;1;1;1;3;840;11/09/2012
2012008620;5;2;1;2;6;840;22/09/2012
2012008621;1;1;2;1;1;840;28/09/2012
2012008622;3;1;1;1;1;840;15/10/2012
2012008623;1;1;2;1;3;840;09/12/2012
2012008624;3;1;1;1;7;840;07/01/2012
2012008625;1;1;1;1;3;840;12/04/2012
2012008626;3;1;1;3;6;840;29/04/2012
2012008627;1;2;1;1;1;840;04/07/2012
2012008628;3;1;1;1;7;840;20/08/2012
2012008629;2;2;1;1;6;840;23/09/2012
2012008630;1;2;1;1;6;340;06/03/2012
2012008631;1;1;1;1;6;340;10/03/2012
2012008632;1;2;1;1;3;340;01/05/2012
2012008633;1;1;6;1;1;340;12/05/2012
2012008634;1;2;1;1;3;340;10/06/2012
2012008635;1;1;1;1;6;340;03/07/2012
2012008636;1;2;1;1;1;340;21/09/2012
2012008637;1;1;1;1;1;340;08/10/2012
2012008638;1;1;6;2;7;340;21/12/2012
2012008639;1;1;1;1;6;340;12/01/2012
2012008640;3;1;1;1;3;340;13/01/2012
2012008641;3;1;1;1;3;340;19/01/2012
2012008642;5;2;8;1;3;340;20/01/2012
2012008643;3;2;1;9;6;340;12/02/2012
2012008644;1;1;1;1;6;340;25/03/2012
2012008645;1;2;1;1;5;340;27/03/2012
2012008646;1;1;1;1;6;340;01/04/2012
2012008647;1;1;3;1;3;340;02/04/2012
2012008648;1;2;1;1;3;340;02/05/2012
2012008649;1;1;3;1;3;340;26/06/2012
2012008650;1;2;1;1;7;340;25/07/2012
2012008651;1;2;1;1;3;340;16/08/2012
2012008652;1;2;1;1;3;340;25/08/2012
2012008653;1;2;1;1;1;340;17/09/2012
2012008654;3;1;1;2;1;340;30/09/2012
2012008655;3;1;3;1;3;340;08/10/2012
2012008656;3;1;1;2;5;340;16/10/2012
2012008657;1;1;1;1;6;340;23/10/2012
2012008658;1;1;1;1;1;340;02/11/2012
2012008659;3;2;1;9;6;340;17/11/2012
2012008660;1;1;1;1;3;340;25/11/2012
2012008661;1;2;1;3;3;340;20/12/2012
2012008662;5;2;1;1;6;340;23/12/2012
2012008663;3;1;1;8;1;340;26/12/2012
2012008664;1;1;1;1;7;340;04/08/2012
2012008665;5;2;1;1;3;340;06/01/2012
2012008666;1;2;1;1;3;340;25/02/2012
2012008667;1;2;7;1;6;340;02/05/2012
2012008668;1;2;1;1;3;340;10/05/2012
2012008669;1;2;1;1;4;340;09/08/2012
2012008670;1;2;1;1;2;340;07/09/2012
2012008671;1;2;1;1;1;340;07/09/2012
2012008672;1;2;1;1;6;340;23/10/2012
2012008673;1;1;1;6;7;340;27/10/2012
2012008674;1;1;1;2;7;340;17/11/2012
2012008675;3;1;1;5;6;340;25/11/2012
2012008676;1;2;1;7;3;340;09/01/2012
2012008677;1;1;9;1;1;340;24/01/2012
2012008678;1;2;1;1;6;340;15/03/2012
2012008679;1;1;1;1;6;340;26/03/2012
2012008680;1;2;1;1;1;340;18/04/2012
2012008681;1;2;1;1;3;340;10/05/2012
2012008682;1;2;9;1;2;340;11/05/2012
2012008683;1;2;2;1;3;340;25/05/2012
2012008684;3;1;1;1;6;340;08/06/2012
2012008685;1;1;1;1;6;340;15/06/2012
2012008686;1;1;1;1;7;340;09/07/2012
2012008687;3;1;1;1;6;340;24/07/2012
2012008688;1;1;1;2;6;340;06/08/2012
2012008689;1;2;1;1;1;340;10/08/2012
2012008690;2;1;1;1;6;340;14/08/2012
2012008691;1;2;1;1;1;340;26/10/2012
2012008692;2;1;1;1;1;340;24/10/2012
2012008693;3;1;1;1;7;340;26/10/2012
2012008694;3;1;1;6;6;340;28/10/2012
2012008695;5;2;8;2;6;340;17/11/2012
2012008696;5;2;1;1;7;340;23/12/2012
2012008697;2;1;1;1;1;340;22/02/2012
2012008698;1;1;1;1;3;340;10/03/2012
2012008699;1;1;1;1;3;340;28/03/2012
2012008700;1;1;1;1;3;340;30/03/2012
2012008701;1;2;1;1;3;340;20/04/2012
2012008702;1;1;9;1;2;340;12/05/2012
2012008703;1;1;1;1;1;340;23/05/2012
2012008704;1;1;1;1;2;340;19/06/2012
2012008705;1;2;1;1;2;340;12/09/2012
2012008706;1;1;1;1;6;340;21/11/2012
2012008707;2;1;1;1;3;340;23/11/2012
2012008708;1;1;1;2;3;340;25/11/2012
2012008709;1;1;6;1;3;340;29/11/2012
2012008710;1;1;9;1;3;340;15/01/2012
2012008711;1;1;1;1;3;340;12/05/2012
2012008712;1;1;1;1;1;340;06/09/2012
2012008713;1;1;1;1;6;340;17/03/2012
2012008714;1;2;1;1;6;340;05/03/2012
2012008715;3;1;1;2;6;340;20/04/2012
2012008716;5;2;1;1;7;340;11/06/2012
2012008717;1;1;1;1;3;340;24/07/2012
2012008718;5;2;1;1;7;340;13/11/2012
2012008719;1;1;1;1;6;340;02/06/2012
2012008720;1;1;1;1;3;340;27/02/2012
2012008721;2;1;1;1;6;340;06/03/2012
2012008722;3;2;1;1;6;340;24/03/2012
2012008723;3;1;1;1;1;340;17/04/2012
2012008724;1;2;6;1;3;340;06/05/2012
2012008725;1;1;1;1;7;340;09/06/2012
2012008726;1;1;1;2;1;340;15/08/2012
2012008727;3;1;1;1;6;340;25/08/2012
2012008728;1;2;1;1;3;340;19/09/2012
2012008729;1;1;1;1;3;340;03/10/2012
2012008730;3;1;1;1;6;340;07/11/2012
2012008731;3;1;1;1;6;340;14/12/2012
2012008732;1;2;1;1;3;340;15/03/2012
2012008733;1;1;1;1;6;340;27/03/2012
2012008734;1;1;1;1;6;340;02/06/2012
2012008735;1;1;1;1;3;340;30/06/2012
2012008736;1;1;1;1;1;340;04/07/2012
2012008737;1;1;1;1;7;340;11/07/2012
2012008738;1;1;1;1;2;340;25/08/2012
2012008739;1;1;1;1;6;340;01/09/2012
2012008740;1;1;1;1;1;340;19/12/2012
2012008741;1;2;1;1;6;340;16/03/2012
2012008742;1;2;1;1;3;340;15/04/2012
2012008743;1;1;1;1;3;340;25/07/2012
2012008744;1;1;1;1;1;340;31/08/2012