num_acc;lum;agg;inter;atm;col;dep;date
2012009326;3;1;1;1;6;202;09/03/2012
2012009327;1;1;1;1;3;202;11/03/2012
2012009328;2;1;1;1;6;202;31/03/2012
2012009329;1;1;1;1;1;202;26/04/2012
2012009330;1;1;1;1;7;202;27/05/2012
2012009331;2;1;1;1;6;202;02/06/2012
2012009332;1;1;1;1;1;202;07/06/2012
2012009333;3;1;1;1;7;202;30/07/2012
2012009334;1;1;1;2;1;202;02/09/2012
2012009335;1;2;1;1;6;202;26/03/2012
2012009336;1;1;1;1;1;202;02/06/2012
2012009337;1;1;1;1;3;202;20/06/2012
2012009338;1;1;1;1;3;202;29/06/2012
2012009339;3;1;1;1;7;202;15/07/2012
2012009340;3;1;1;1;6;202;30/07/2012
2012009341;1;1;1;1;3;202;04/08/2012
2012009342;2;2;1;1;3;202;11/08/2012
2012009343;3;1;1;1;6;202;28/08/2012
2012009344;1;2;1;1;1;202;31/08/2012
2012009345;2;1;1;1;6;202;01/11/2012
2012009346;1;2;1;1;1;202;20/07/2012
2012009347;1;1;1;1;3;202;16/08/2012
2012009348;3;1;1;1;1;202;29/09/2012
2012009349;5;1;1;2;1;202;10/11/2012
2012009350;3;1;1;1;7;202;06/12/2012
2012009351;1;1;1;1;6;202;22/03/2012
2012009352;1;1;1;1;6;202;22/08/2012
2012009353;1;1;1;1;1;202;12/03/2012
2012009354;5;2;1;1;7;202;21/04/2012
2012009355;5;2;1;1;5;202;08/05/2012
2012009356;1;2;1;1;4;202;12/06/2012
2012009357;1;1;9;1;1;202;01/07/2012
2012009358;1;2;9;1;3;202;08/07/2012
2012009359;2;2;1;1;6;202;16/08/2012
2012009360;1;2;1;7;7;202;18/08/2012
2012009361;4;1;1;6;3;202;13/09/2012
2012009362;1;1;1;1;1;202;26/09/2012
2012009363;1;1;9;1;6;202;21/10/2012
2012009364;3;1;1;8;7;202;09/11/2012
2012009365;5;1;1;2;5;202;12/11/2012
2012009366;1;2;1;1;6;50;18/01/2012
2012009367;1;2;1;1;1;50;22/01/2012
2012009368;1;2;1;1;4;50;24/02/2012
2012009369;1;2;1;1;6;50;03/03/2012
2012009370;1;1;1;2;3;50;18/03/2012
2012009371;1;2;3;1;2;50;23/03/2012
2012009372;5;2;1;1;6;50;23/03/2012
2012009373;1;2;3;7;3;50;24/05/2012
2012009374;1;2;1;1;6;50;05/06/2012
2012009375;1;2;1;8;6;50;08/06/2012
2012009376;5;2;1;1;6;50;09/06/2012
2012009377;1;2;1;2;1;50;10/06/2012
2012009378;1;1;1;1;6;50;13/06/2012
2012009379;1;2;1;1;3;50;22/06/2012
2012009380;1;2;1;1;6;50;25/07/2012
2012009381;1;2;1;1;6;50;29/07/2012
2012009382;5;2;1;1;6;50;13/08/2012
2012009383;1;2;1;1;5;50;16/08/2012
2012009384;1;2;3;1;3;50;24/08/2012
2012009385;1;2;1;1;7;50;06/09/2012
2012009386;1;2;1;1;6;50;05/10/2012
2012009387;1;2;1;1;3;50;12/10/2012
2012009388;1;1;1;1;6;50;23/10/2012
2012009389;5;2;4;1;3;50;28/10/2012
2012009390;1;2;2;1;1;50;29/10/2012
2012009391;5;2;2;4;3;50;20/12/2012
2012009392;1;2;1;1;6;50;13/01/2012
2012009393;5;2;1;1;3;50;25/01/2012
2012009394;5;2;2;1;3;50;13/02/2012
2012009395;1;2;1;2;1;50;18/03/2012
2012009396;1;2;1;1;6;50;16/04/2012
2012009397;3;1;1;1;6;50;07/05/2012
2012009398;1;1;1;1;4;50;20/06/2012
2012009399;1;2;1;1;3;50;05/07/2012
2012009400;5;2;1;1;6;50;09/08/2012
2012009401;5;2;3;1;3;50;25/08/2012
2012009402;1;2;1;1;6;50;25/08/2012
2012009403;1;2;3;1;3;50;11/09/2012
2012009404;5;2;1;1;6;50;22/09/2012
2012009405;2;2;2;1;3;50;14/10/2012
2012009406;1;1;1;1;6;780;09/05/2012
2012009407;1;1;1;1;7;780;17/05/2012
2012009408;3;2;1;1;3;780;29/09/2012
2012009409;1;1;1;2;7;780;22/12/2012
2012009410;1;1;1;1;5;780;07/04/2012
2012009411;1;1;1;1;3;780;27/04/2012
2012009412;1;1;1;1;6;780;14/06/2012
2012009413;1;1;3;1;3;780;17/08/2012
2012009414;1;1;1;7;1;780;22/11/2012
2012009415;3;1;1;1;1;780;21/10/2012
2012009416;5;1;1;2;1;780;16/02/2012
2012009417;1;1;3;2;3;780;28/04/2012
2012009418;1;2;6;1;2;780;20/09/2012
2012009419;1;1;6;1;6;780;15/12/2012
2012009420;1;1;1;8;6;780;16/01/2012
2012009421;1;2;3;1;6;780;08/02/2012
2012009422;1;1;1;1;6;780;08/03/2012
2012009423;3;1;1;1;6;780;13/05/2012
2012009424;1;1;1;1;2;780;21/06/2012
2012009425;1;2;1;1;6;780;23/06/2012
2012009426;2;1;1;1;7;780;04/11/2012
2012009427;5;2;6;1;7;780;28/03/2012
2012009428;1;2;1;2;6;780;18/10/2012
2012009429;1;2;2;8;6;780;21/10/2012
2012009430;1;2;1;1;1;780;04/06/2012
2012009431;1;2;1;1;6;780;01/01/2012
2012009432;1;1;1;1;1;780;07/01/2012
2012009433;1;1;1;1;7;780;17/01/2012
2012009434;1;1;1;1;7;780;16/06/2012
2012009435;1;1;3;1;2;780;18/08/2012
2012009436;3;1;1;1;6;780;21/12/2012
2012009437;2;1;2;2;1;780;13/02/2012
2012009438;1;1;2;1;3;780;24/03/2012
2012009439;1;2;7;2;3;780;22/04/2012
2012009440;3;1;6;1;6;780;01/06/2012
2012009441;2;1;1;2;1;780;04/08/2012
2012009442;2;1;6;8;2;780;28/12/2012
2012009443;1;2;1;1;1;780;24/01/2012
2012009444;1;2;1;1;6;780;10/04/2012
2012009445;1;2;1;1;1;780;02/06/2012
2012009446;1;2;4;1;1;780;17/06/2012
2012009447;1;1;1;1;7;780;15/08/2012
2012009448;5;2;1;1;2;780;23/01/2012
2012009449;1;1;1;1;7;780;19/04/2012
2012009450;1;1;1;1;1;780;11/05/2012
2012009451;2;2;1;1;6;780;23/06/2012
2012009452;1;2;1;1;7;780;09/09/2012
2012009453;1;1;1;1;6;780;30/09/2012
2012009454;1;1;1;1;1;780;15/10/2012
2012009455;5;2;3;1;6;780;23/02/2012
2012009456;1;1;1;1;2;780;14/05/2012
2012009457;3;2;1;8;6;780;06/08/2012
2012009458;1;2;9;1;3;780;25/09/2012
2012009459;1;2;6;1;1;780;29/09/2012
2012009460;5;2;1;2;3;780;17/10/2012
2012009461;1;2;1;9;4;780;24/11/2012
2012009462;5;1;1;9;6;780;29/11/2012
2012009463;2;1;1;1;1;780;13/01/2012
2012009464;2;1;1;5;5;780;16/03/2012
2012009465;1;2;1;2;1;780;18/04/2012
2012009466;1;2;3;1;3;780;02/10/2012
2012009467;3;1;1;1;6;780;08/04/2012
2012009468;1;1;2;1;3;780;08/05/2012
2012009469;1;1;1;8;6;780;09/06/2012
2012009470;1;2;1;1;7;780;24/07/2012
2012009471;1;1;1;1;1;780;30/07/2012
2012009472;1;1;1;1;7;780;18/08/2012
2012009473;1;1;1;1;6;780;18/08/2012
2012009474;1;1;1;8;2;780;10/10/2012
2012009475;3;1;1;9;6;780;22/10/2012
2012009476;1;2;1;8;7;910;26/04/2012
2012009477;1;2;1;1;3;910;29/04/2012
2012009478;1;2;3;1;3;910;19/05/2012
2012009479;1;1;1;1;4;910;05/07/2012
2012009480;1;2;1;1;1;910;02/08/2012
2012009481;1;1;1;1;3;910;08/09/2012
2012009482;1;1;1;1;3;910;03/07/2012
2012009483;1;2;1;1;1;910;12/08/2012
2012009484;1;1;1;1;1;910;13/09/2012
2012009485;1;1;1;1;6;910;20/09/2012
2012009486;1;1;2;1;3;910;29/09/2012
2012009487;3;1;1;1;3;910;24/11/2012
2012009488;1;1;1;2;1;910;28/01/2012
2012009489;2;2;1;1;1;910;31/01/2012
2012009490;1;1;1;1;1;910;08/03/2012
2012009491;1;2;9;1;3;910;26/05/2012
2012009492;3;1;1;1;7;910;01/09/2012
2012009493;5;1;1;1;6;910;31/10/2012
2012009494;2;1;1;1;3;910;02/12/2012
2012009495;1;2;1;8;2;910;07/04/2012
2012009496;1;1;1;1;1;910;31/05/2012
2012009497;3;1;1;1;6;910;16/09/2012
2012009498;3;2;1;2;2;910;06/10/2012
2012009499;5;2;1;1;6;910;15/10/2012
2012009500;3;2;1;1;1;910;21/11/2012
2012009501;5;2;1;8;6;910;20/12/2012
2012009502;1;2;1;1;6;910;22/03/2012
2012009503;1;1;1;1;7;910;09/07/2012
2012009504;1;1;1;1;3;910;01/09/2012
2012009505;1;1;1;1;7;910;07/09/2012
2012009506;3;1;1;1;4;910;13/10/2012
2012009507;5;2;1;1;7;910;28/10/2012
2012009508;3;1;1;5;7;910;10/11/2012
2012009509;1;1;1;1;3;910;05/12/2012
2012009510;3;1;1;1;6;910;06/05/2012
2012009511;1;1;1;1;1;910;31/05/2012
2012009512;3;1;1;1;5;910;17/06/2012
2012009513;1;2;6;1;7;910;12/08/2012
2012009514;1;2;4;1;3;910;23/08/2012
2012009515;1;1;1;1;7;910;31/08/2012
2012009516;1;2;3;1;6;910;01/09/2012
2012009517;1;2;1;2;6;910;07/12/2012
2012009518;2;2;1;1;6;910;23/01/2012
2012009519;1;1;1;8;2;910;12/02/2012
2012009520;1;2;1;1;1;910;28/03/2012
2012009521;1;1;1;1;2;910;13/05/2012
2012009522;1;1;1;1;3;910;25/06/2012
2012009523;1;1;1;1;2;910;26/07/2012
2012009524;1;1;6;1;2;910;30/08/2012
2012009525;1;1;1;1;5;910;26/09/2012
2012009526;5;2;1;3;6;910;04/10/2012
2012009527;1;2;1;1;1;910;26/10/2012
2012009528;2;1;1;1;1;910;27/10/2012
2012009529;1;1;1;8;1;910;03/11/2012
2012009530;1;1;6;2;2;910;05/01/2012
2012009531;1;2;1;1;1;910;02/04/2012
2012009532;3;2;1;1;6;910;16/04/2012
2012009533;1;1;1;2;6;910;28/05/2012
2012009534;1;1;1;1;6;910;22/07/2012
2012009535;1;1;6;8;3;910;14/09/2012
2012009536;1;2;1;2;4;910;21/09/2012
2012009537;3;1;1;1;6;910;14/11/2012
2012009538;2;2;2;1;6;910;04/01/2012
2012009539;2;1;1;9;1;910;24/01/2012
2012009540;1;1;1;1;7;910;13/02/2012
2012009541;1;1;1;1;6;910;12/03/2012
2012009542;3;1;1;1;1;910;06/04/2012
2012009543;1;2;1;1;6;910;26/04/2012
2012009544;5;2;1;1;3;910;16/06/2012
2012009545;1;1;6;1;3;910;22/06/2012
2012009546;5;1;1;1;3;910;01/07/2012
2012009547;1;1;1;1;3;910;03/07/2012
2012009548;1;2;1;8;5;910;07/07/2012
2012009549;1;1;1;1;1;910;21/07/2012
2012009550;1;1;1;1;2;910;06/08/2012
2012009551;1;1;1;1;1;910;21/08/2012
2012009552;1;1;1;3;6;910;14/10/2012
2012009553;1;1;1;1;6;910;12/11/2012
2012009554;3;1;1;5;7;910;30/11/2012
2012009555;3;1;1;1;6;910;05/12/2012
2012009556;2;1;1;2;2;910;06/12/2012
2012009557;1;2;1;1;6;910;23/01/2012
2012009558;3;1;1;3;5;910;20/10/2012
2012009559;1;1;1;1;3;910;03/03/2012
2012009560;1;1;1;1;5;910;27/08/2012
2012009561;3;1;1;1;6;910;13/10/2012
2012009562;1;1;6;1;1;910;22/03/2012
2012009563;3;1;1;1;3;910;26/03/2012
2012009564;5;2;1;1;1;910;29/03/2012
2012009565;1;2;1;1;1;910;21/04/2012
2012009566;1;2;1;1;3;910;31/05/2012
2012009567;5;2;1;1;6;910;16/06/2012
2012009568;1;1;6;3;6;910;26/06/2012
2012009569;1;2;1;2;6;910;13/07/2012
2012009570;1;1;1;1;3;910;29/08/2012
2012009571;1;1;1;1;3;910;20/09/2012
2012009572;1;2;1;1;3;910;29/09/2012
2012009573;1;2;1;1;3;910;25/09/2012
2012009574;1;1;1;1;2;910;10/10/2012
2012009575;1;2;1;1;6;910;15/10/2012
2012009576;1;2;6;2;2;910;19/10/2012
2012009577;1;2;1;2;6;910;03/12/2012
2012009578;1;1;1;8;5;950;18/01/2012
2012009579;5;2;1;1;6;950;02/02/2012
2012009580;1;1;1;1;1;950;02/03/2012
2012009581;1;1;1;1;1;950;08/06/2012
2012009582;1;1;1;1;3;950;06/07/2012
2012009583;1;1;1;1;3;950;21/07/2012
2012009584;5;2;1;1;7;950;06/08/2012
2012009585;2;1;1;3;6;950;24/09/2012
2012009586;1;1;1;1;1;950;15/10/2012
2012009587;1;2;1;1;3;950;18/05/2012
2012009588;3;1;1;1;7;950;06/12/2012
2012009589;5;2;1;2;6;950;05/03/2012
2012009590;5;2;1;1;7;950;12/05/2012
2012009591;1;2;1;1;3;950;03/07/2012
2012009592;1;2;1;1;7;950;22/07/2012
2012009593;1;1;1;1;6;950;13/08/2012
2012009594;1;1;1;8;3;950;27/11/2012
2012009595;3;1;1;1;7;950;23/12/2012
2012009596;1;1;1;1;1;950;26/03/2012
2012009597;3;1;1;1;7;950;28/03/2012
2012009598;1;1;1;1;7;950;14/05/2012
2012009599;1;2;1;8;1;950;08/06/2012
2012009600;1;1;1;3;3;950;10/06/2012
2012009601;1;1;1;1;4;950;16/06/2012
2012009602;1;2;1;1;3;950;07/08/2012
2012009603;1;2;1;1;6;950;11/08/2012
2012009604;2;1;1;2;2;950;19/12/2012
2012009605;1;1;1;1;1;950;08/03/2012
2012009606;1;1;1;1;5;950;10/07/2012
2012009607;1;1;1;1;3;950;16/08/2012
2012009608;3;1;1;1;1;950;29/08/2012
2012009609;1;2;1;1;1;950;07/09/2012
2012009610;1;2;3;3;3;950;02/11/2012
2012009611;3;1;1;2;6;950;16/12/2012
2012009612;5;2;1;1;6;950;10/01/2012
2012009613;1;2;6;1;6;950;29/03/2012
2012009614;1;2;1;1;3;950;01/08/2012
2012009615;1;2;1;1;6;950;02/10/2012
2012009616;1;1;1;1;1;950;31/10/2012
2012009617;1;2;1;1;3;950;29/03/2012
2012009618;3;1;1;1;6;950;05/10/2012
2012009619;1;1;6;1;2;950;26/11/2012
2012009620;1;1;1;1;1;770;29/03/2012
2012009621;1;1;9;1;3;770;05/07/2012
2012009622;1;1;6;1;3;770;22/07/2012
2012009623;2;2;1;5;6;770;22/09/2012
2012009624;1;1;3;1;3;770;22/09/2012
2012009625;5;2;1;1;1;770;05/10/2012
2012009626;3;1;1;1;6;770;21/10/2012
2012009627;1;1;1;1;3;770;06/11/2012
2012009628;1;1;1;1;3;770;23/11/2012
2012009629;5;2;1;9;6;770;24/12/2012
2012009630;1;1;1;1;1;770;01/04/2012
2012009631;1;2;1;8;6;770;21/05/2012
2012009632;1;1;1;1;1;770;23/07/2012
2012009633;1;1;1;1;7;770;20/08/2012
2012009634;1;2;1;2;6;770;08/10/2012
2012009635;2;1;3;1;5;770;06/01/2012
2012009636;2;1;1;5;1;770;02/03/2012
2012009637;3;2;1;1;6;770;31/03/2012
2012009638;1;1;1;1;6;770;06/04/2012
2012009639;1;1;1;2;1;770;21/05/2012
2012009640;1;1;1;1;2;770;27/06/2012
2012009641;1;2;1;3;3;770;05/07/2012
2012009642;3;1;3;5;6;770;31/07/2012
2012009643;1;2;1;1;1;770;30/10/2012
2012009644;3;1;1;5;1;770;17/11/2012
2012009645;1;2;1;1;1;770;25/01/2012
2012009646;1;1;1;1;1;770;14/03/2012
2012009647;2;1;2;1;3;770;31/05/2012
2012009648;1;1;1;1;7;770;30/06/2012
2012009649;1;1;1;8;7;770;25/08/2012
2012009650;1;2;1;2;2;770;21/09/2012
2012009651;2;1;2;2;3;770;23/10/2012
2012009652;1;1;1;2;1;770;20/12/2012
2012009653;3;1;1;3;1;770;03/01/2012
2012009654;2;1;1;1;2;770;07/02/2012
2012009655;3;1;1;1;2;770;17/07/2012
2012009656;3;1;1;4;7;770;07/02/2012
2012009657;1;1;1;1;7;770;20/02/2012
2012009658;1;1;1;1;5;770;29/03/2012
2012009659;2;1;1;2;7;770;19/05/2012
2012009660;1;1;1;1;6;770;27/06/2012
2012009661;1;1;1;1;7;770;29/07/2012
2012009662;1;1;6;1;1;770;15/09/2012
2012009663;2;1;2;2;6;770;24/09/2012
2012009664;1;1;3;1;3;770;12/10/2012
2012009665;1;1;1;2;5;770;13/10/2012
2012009666;1;1;1;1;6;770;12/11/2012
2012009667;5;2;1;1;6;770;24/11/2012
2012009668;1;1;2;1;1;770;28/03/2012
2012009669;1;1;1;1;1;770;13/07/2012
2012009670;1;1;1;1;1;770;23/07/2012
2012009671;2;1;1;1;7;770;26/08/2012
2012009672;2;1;1;1;7;770;07/09/2012
2012009673;1;1;1;1;6;770;15/11/2012
2012009674;1;1;1;1;7;770;02/12/2012
2012009675;5;2;2;1;3;770;03/09/2012
2012009676;2;1;3;1;5;770;22/09/2012
2012009677;1;1;1;1;2;770;09/05/2012
2012009678;3;1;1;1;2;770;14/05/2012
2012009679;3;1;1;1;6;770;23/06/2012
2012009680;1;1;1;1;5;770;02/07/2012
2012009681;1;2;2;1;1;770;05/07/2012
2012009682;1;1;1;3;5;770;13/07/2012
2012009683;1;1;1;1;1;770;28/07/2012
2012009684;1;1;2;1;3;770;19/09/2012
2012009685;3;1;1;2;7;770;21/10/2012
2012009686;5;2;1;5;6;770;23/10/2012
2012009687;2;1;1;1;1;770;29/10/2012
2012009688;3;1;1;2;5;770;05/12/2012
2012009689;1;1;1;1;3;770;28/04/2012
2012009690;1;1;1;1;7;770;06/06/2012
2012009691;5;2;1;1;7;770;20/07/2012
2012009692;1;1;1;7;5;770;20/09/2012
2012009693;3;1;1;2;1;770;20/10/2012
2012009694;1;2;2;1;3;770;09/03/2012
2012009695;1;1;1;1;1;770;14/04/2012
2012009696;1;1;1;1;7;770;03/05/2012
2012009697;1;1;2;1;3;770;26/05/2012
2012009698;1;2;2;1;3;770;25/06/2012
2012009699;1;1;1;1;1;770;30/06/2012
2012009700;1;1;1;5;1;770;09/11/2012
2012009701;3;1;1;1;5;770;10/11/2012
2012009702;1;1;1;2;7;770;18/11/2012
2012009703;5;1;1;1;7;770;10/11/2012
2012009704;2;1;1;2;7;770;05/12/2012
2012009705;3;1;1;1;7;770;10/01/2012
2012009706;1;1;1;3;7;770;19/01/2012
2012009707;3;1;2;2;3;770;06/03/2012
2012009708;2;1;2;8;4;770;28/04/2012
2012009709;1;2;2;1;6;770;12/06/2012
2012009710;3;1;1;1;6;770;21/07/2012
2012009711;3;1;1;1;5;770;02/09/2012
2012009712;1;1;1;1;3;770;02/09/2012
2012009713;2;1;1;1;3;770;11/09/2012
2012009714;3;1;1;5;3;770;19/11/2012
2012009715;1;2;6;1;3;770;15/01/2012
2012009716;3;1;1;1;5;770;29/08/2012
2012009717;1;1;1;2;1;770;08/10/2012
2012009718;1;2;1;2;1;770;20/10/2012
2012009719;3;1;1;1;1;770;28/11/2012
2012009720;1;1;9;1;2;770;16/01/2012
2012009721;5;2;3;1;3;770;10/06/2012
2012009722;1;2;1;1;3;770;07/09/2012
2012009723;3;1;1;8;1;770;11/09/2012
2012009724;1;1;1;1;7;770;26/11/2012
2012009725;3;1;1;2;1;770;04/12/2012
2012009726;5;2;1;4;6;770;13/12/2012
2012009727;3;1;1;2;3;770;22/12/2012
2012009728;2;2;1;1;6;770;27/12/2012
2012009729;1;1;2;1;3;770;12/02/2012
2012009730;3;1;1;1;1;770;12/08/2012
2012009731;1;2;1;1;6;770;07/09/2012
2012009732;1;1;1;5;5;770;25/01/2012
2012009733;1;1;1;2;5;770;09/04/2012
2012009734;1;1;1;1;5;770;01/08/2012
2012009735;1;1;1;8;6;770;05/08/2012
2012009736;3;1;1;1;7;770;15/08/2012
2012009737;3;1;2;1;5;770;30/11/2012
2012009738;1;1;1;1;5;770;02/12/2012
2012009739;1;2;1;1;3;770;08/12/2012
2012009740;3;2;1;1;7;770;24/12/2012
2012009741;1;1;1;3;5;770;05/01/2012
2012009742;3;1;1;1;1;770;03/02/2012
2012009743;1;1;1;1;1;770;19/06/2012
2012009744;1;1;1;1;6;770;22/06/2012
2012009745;1;1;1;1;1;770;05/07/2012
2012009746;1;1;1;1;2;770;31/07/2012
2012009747;3;1;1;1;1;770;28/09/2012
2012009748;3;1;1;8;6;770;18/12/2012
2012009749;1;1;2;2;3;770;25/04/2012
2012009750;1;1;1;9;7;770;02/12/2012
2012009751;3;1;9;1;6;770;28/01/2012
2012009752;3;1;1;1;6;770;26/02/2012
2012009753;1;1;1;1;5;770;20/06/2012
2012009754;2;1;1;6;1;770;24/09/2012
2012009755;1;1;1;8;6;450;17/01/2012
2012009756;1;2;2;1;3;450;16/05/2012
2012009757;1;1;1;7;5;450;28/05/2012
2012009758;3;1;1;1;6;450;30/09/2012
2012009759;1;2;3;1;3;450;12/02/2012
2012009760;3;1;1;1;6;450;15/02/2012
2012009761;1;1;1;1;3;450;27/03/2012
2012009762;2;1;1;1;6;450;27/06/2012
2012009763;1;1;1;7;1;450;28/08/2012
2012009764;1;1;1;1;1;450;11/09/2012
2012009765;1;1;1;1;5;450;17/09/2012
2012009766;3;1;1;1;1;450;12/11/2012
2012009767;5;2;3;1;7;450;06/12/2012
2012009768;3;1;1;1;6;450;30/12/2012
2012009769;5;2;1;8;6;450;13/04/2012
2012009770;1;1;1;1;6;450;02/06/2012
2012009771;1;1;1;1;1;450;09/06/2012
2012009772;3;1;1;1;6;450;01/11/2012
2012009773;3;1;1;1;6;450;04/02/2012
2012009774;1;2;3;1;3;450;20/02/2012
2012009775;1;1;1;1;6;450;03/05/2012
2012009776;1;1;1;1;1;450;14/06/2012
2012009777;1;1;1;1;6;450;25/06/2012
2012009778;2;2;3;1;6;450;04/08/2012
2012009779;1;1;1;1;3;450;21/08/2012
2012009780;3;1;1;8;6;450;21/10/2012
2012009781;1;1;3;7;1;450;07/11/2012
2012009782;3;1;1;1;6;450;06/01/2012
2012009783;3;1;1;1;1;450;23/01/2012
2012009784;1;2;1;7;3;450;18/07/2012
2012009785;3;1;1;1;7;450;20/07/2012
2012009786;2;1;1;1;3;450;08/10/2012
2012009787;3;1;2;1;3;450;27/03/2012
2012009788;3;1;1;1;7;450;08/04/2012
2012009789;1;2;1;1;6;450;09/05/2012
2012009790;1;2;1;7;6;450;26/05/2012
2012009791;3;1;1;1;6;450;03/08/2012
2012009792;5;2;3;2;6;450;20/12/2012
2012009793;1;2;1;1;6;450;28/09/2012
2012009794;3;2;1;1;7;450;27/10/2012
2012009795;5;2;1;2;6;450;13/12/2012
2012009796;1;1;1;7;6;450;15/03/2012
2012009797;1;2;2;1;3;450;06/04/2012
2012009798;2;2;1;7;6;450;31/07/2012
2012009799;3;1;1;1;6;450;25/08/2012
2012009800;1;1;1;7;1;450;27/08/2012
2012009801;1;2;1;2;3;450;11/09/2012
2012009802;5;2;2;2;6;450;04/10/2012
2012009803;1;1;2;1;3;450;23/09/2012
2012009804;1;1;1;1;1;450;30/09/2012
2012009805;1;2;1;8;1;450;28/11/2012
2012009806;1;1;1;1;6;450;17/12/2012
2012009807;1;1;2;1;3;450;14/03/2012
2012009808;1;1;3;1;3;450;27/03/2012
2012009809;1;1;1;1;6;450;07/05/2012
2012009810;2;1;1;2;6;450;05/06/2012
2012009811;3;2;1;1;7;450;01/08/2012
2012009812;1;1;1;1;6;450;14/08/2012
2012009813;1;1;2;1;3;450;19/08/2012
2012009814;1;2;3;1;3;450;11/10/2012
2012009815;1;2;2;1;3;450;14/11/2012
2012009816;1;1;2;1;3;450;05/12/2012
2012009817;1;1;3;1;1;450;08/07/2012
2012009818;1;1;1;1;2;450;02/08/2012
2012009819;1;1;1;2;6;450;22/01/2012
2012009820;1;1;1;1;7;450;13/04/2012
2012009821;4;2;1;1;6;450;02/05/2012
2012009822;1;2;1;1;6;450;16/06/2012
2012009823;4;2;1;1;6;450;23/06/2012
2012009824;1;2;1;1;6;450;21/07/2012
2012009825;2;2;2;1;3;450;10/08/2012
2012009826;2;1;1;2;3;450;21/09/2012
2012009827;1;1;1;2;5;450;03/10/2012
2012009828;3;1;1;2;6;450;09/10/2012
2012009829;3;1;1;1;3;450;09/02/2012
2012009830;5;2;1;1;6;450;05/03/2012
2012009831;2;2;1;1;6;450;07/09/2012
2012009832;5;2;1;1;6;450;27/09/2012
2012009833;2;1;1;1;1;450;30/10/2012
2012009834;3;1;1;1;7;450;20/11/2012
2012009835;2;2;1;5;6;450;20/11/2012
2012009836;1;2;1;1;6;450;25/03/2012
2012009837;1;2;1;1;3;450;06/06/2012
2012009838;2;1;1;1;7;450;10/11/2012
2012009839;1;1;1;1;7;450;26/05/2012
2012009840;1;1;1;1;3;450;18/07/2012
2012009841;5;2;2;1;3;450;05/09/2012
2012009842;5;2;1;1;1;450;29/09/2012
2012009843;5;2;1;1;3;450;19/11/2012
2012009844;3;1;1;1;6;180;12/03/2012
2012009845;1;1;2;1;3;180;31/03/2012
2012009846;1;2;2;1;3;180;09/05/2012
2012009847;3;1;1;1;7;180;20/09/2012
2012009848;1;2;1;1;3;180;09/11/2012
2012009849;3;1;1;1;7;180;31/03/2012
2012009850;1;2;1;1;6;180;01/04/2012
2012009851;4;2;1;1;6;180;09/04/2012
2012009852;1;2;1;1;3;180;10/09/2012
2012009853;3;1;1;1;6;180;02/10/2012
2012009854;1;1;1;1;5;180;13/01/2012
2012009855;5;2;1;2;6;180;30/01/2012
2012009856;2;1;1;8;7;180;18/05/2012
2012009857;1;1;1;1;6;180;02/07/2012
2012009858;3;1;2;1;1;180;17/09/2012
2012009859;3;1;1;1;6;180;30/09/2012
2012009860;2;1;1;1;1;180;11/02/2012
2012009861;1;1;1;1;1;180;08/03/2012
2012009862;1;1;2;1;3;180;13/04/2012
2012009863;1;1;1;1;1;180;31/07/2012
2012009864;3;1;1;1;1;180;19/10/2012
2012009865;5;2;1;1;6;180;29/02/2012
2012009866;3;1;1;2;6;180;06/05/2012
2012009867;3;1;1;1;6;180;25/05/2012
2012009868;3;1;1;1;7;180;03/08/2012
2012009869;1;1;1;1;6;180;08/08/2012
2012009870;3;1;1;1;6;180;17/09/2012
2012009871;1;1;1;1;2;180;25/02/2012
2012009872;1;2;2;2;3;180;10/04/2012
2012009873;1;2;1;1;2;180;02/08/2012
2012009874;1;1;1;3;1;180;01/11/2012
2012009875;1;1;1;8;6;180;27/11/2012
2012009876;3;2;1;1;7;180;19/05/2012
2012009877;5;2;1;1;6;180;16/09/2012
2012009878;1;1;1;3;7;180;21/05/2012
2012009879;1;1;2;1;3;180;21/05/2012
2012009880;1;1;1;1;6;180;25/06/2012
2012009881;1;2;1;3;6;180;23/08/2012
2012009882;1;1;1;8;2;180;27/09/2012
2012009883;1;1;2;1;3;180;28/09/2012
2012009884;1;1;1;2;2;280;01/01/2012
2012009885;1;1;2;8;3;280;10/01/2012
2012009886;1;1;1;1;2;280;02/02/2012
2012009887;1;1;2;1;3;280;21/02/2012
2012009888;1;1;1;5;1;280;14/03/2012
2012009889;1;1;2;1;1;280;07/05/2012
2012009890;1;1;1;1;5;280;11/07/2012
2012009891;1;1;1;1;6;280;29/07/2012
2012009892;1;1;1;8;5;280;24/10/2012
2012009893;2;2;8;1;4;280;27/10/2012
2012009894;3;1;9;9;1;280;10/11/2012
2012009895;3;1;2;4;3;280;10/02/2012
2012009896;1;1;1;1;3;280;17/02/2012
2012009897;3;1;1;1;7;280;15/04/2012
2012009898;1;2;1;8;7;280;20/04/2012
2012009899;1;1;2;1;3;280;09/05/2012
2012009900;1;1;2;1;3;280;30/05/2012
2012009901;3;1;1;1;6;280;16/07/2012
2012009902;1;1;2;1;3;280;27/07/2012
2012009903;3;1;1;1;1;280;12/09/2012
2012009904;1;2;3;1;3;280;14/09/2012
2012009905;3;1;1;1;3;280;19/12/2012
2012009906;2;1;2;1;3;280;24/05/2012
2012009907;1;1;1;1;7;280;26/05/2012