num_acc;lum;agg;inter;atm;col;dep;date
2012009908;1;1;1;1;3;280;14/06/2012
2012009909;1;1;1;1;7;280;20/06/2012
2012009910;1;1;1;1;7;280;16/09/2012
2012009911;1;1;1;1;7;280;27/01/2012
2012009912;1;2;1;1;4;280;19/02/2012
2012009913;1;1;2;8;3;280;31/03/2012
2012009914;1;1;1;2;6;280;18/04/2012
2012009915;1;1;1;1;6;280;19/04/2012
2012009916;5;2;1;8;6;280;04/05/2012
2012009917;1;2;1;3;6;280;21/05/2012
2012009918;1;1;1;8;7;280;13/06/2012
2012009919;1;1;1;3;1;280;29/06/2012
2012009920;1;2;1;1;6;280;17/09/2012
2012009921;3;1;1;2;6;280;12/10/2012
2012009922;1;2;9;1;6;280;28/10/2012
2012009923;2;1;2;1;3;280;01/12/2012
2012009924;3;1;1;1;7;280;08/04/2012
2012009925;1;1;1;1;6;280;08/04/2012
2012009926;1;2;1;1;6;280;24/04/2012
2012009927;2;1;1;2;1;280;25/06/2012
2012009928;1;1;2;1;3;280;02/07/2012
2012009929;1;1;1;1;7;280;11/08/2012
2012009930;1;1;1;1;6;280;28/08/2012
2012009931;1;1;6;1;7;280;19/09/2012
2012009932;1;1;1;1;1;280;02/10/2012
2012009933;3;1;1;3;7;280;24/09/2012
2012009934;1;1;1;1;1;280;22/10/2012
2012009935;1;1;1;1;1;280;01/11/2012
2012009936;3;1;2;2;3;280;09/11/2012
2012009937;3;1;1;5;6;280;19/11/2012
2012009938;1;1;1;1;7;280;29/11/2012
2012009939;3;1;1;2;6;280;04/12/2012
2012009940;3;1;1;9;1;280;11/12/2012
2012009941;1;1;1;7;1;280;08/03/2012
2012009942;1;2;1;1;3;280;27/03/2012
2012009943;1;1;2;3;1;280;10/04/2012
2012009944;1;2;2;8;1;280;11/07/2012
2012009945;1;1;1;1;1;280;13/08/2012
2012009946;2;2;1;2;3;280;24/09/2012
2012009947;2;1;1;2;1;280;24/09/2012
2012009948;1;1;1;1;6;280;04/10/2012
2012009949;2;2;1;1;6;280;15/11/2012
2012009950;3;1;1;2;1;280;22/12/2012
2012009951;1;2;1;7;6;280;14/01/2012
2012009952;5;1;1;1;6;280;30/01/2012
2012009953;1;1;1;1;3;280;03/05/2012
2012009954;1;2;1;1;6;280;20/06/2012
2012009955;1;1;1;1;7;280;30/06/2012
2012009956;1;1;1;3;7;280;12/07/2012
2012009957;1;1;2;1;3;280;05/08/2012
2012009958;1;1;1;1;7;280;18/08/2012
2012009959;1;2;1;1;1;280;10/09/2012
2012009960;2;2;1;1;6;280;27/09/2012
2012009961;3;1;1;1;5;280;11/10/2012
2012009962;1;2;1;1;2;280;03/07/2012
2012009963;3;1;1;1;1;280;02/03/2012
2012009964;1;1;1;1;7;280;08/06/2012
2012009965;1;1;1;1;1;280;11/07/2012
2012009966;1;1;3;1;3;280;21/07/2012
2012009967;1;2;1;1;6;280;27/08/2012
2012009968;1;1;1;7;3;280;27/08/2012
2012009969;1;1;2;3;3;280;21/09/2012
2012009970;5;2;1;3;6;280;11/10/2012
2012009971;5;2;1;2;2;280;30/11/2012
2012009972;1;1;1;4;1;280;07/12/2012
2012009973;5;2;1;1;6;280;09/12/2012
2012009974;3;1;1;1;2;280;10/01/2012
2012009975;1;2;1;1;3;280;04/02/2012
2012009976;1;2;1;1;3;280;18/05/2012
2012009977;1;2;1;1;3;280;24/05/2012
2012009978;1;2;1;1;6;280;26/05/2012
2012009979;1;2;2;1;2;280;15/06/2012
2012009980;1;1;2;1;3;280;27/06/2012
2012009981;1;2;1;1;1;280;16/07/2012
2012009982;1;1;2;1;3;280;24/07/2012
2012009983;1;2;1;2;7;280;21/09/2012
2012009984;3;1;1;9;6;280;15/01/2012
2012009985;1;1;1;1;6;280;24/05/2012
2012009986;2;1;1;1;6;280;01/07/2012
2012009987;1;1;1;1;5;280;01/09/2012
2012009988;1;2;1;1;6;280;12/10/2012
2012009989;3;1;2;2;3;280;20/12/2012
2012009990;1;1;1;1;3;280;08/04/2012
2012009991;1;1;2;1;1;280;15/06/2012
2012009992;1;2;1;1;7;280;12/10/2012
2012009993;1;2;1;1;2;280;26/01/2012
2012009994;1;1;1;1;1;280;17/05/2012
2012009995;1;1;1;1;5;280;22/05/2012
2012009996;1;1;1;1;6;280;16/07/2012
2012009997;1;2;1;1;6;280;25/07/2012
2012009998;5;1;1;1;6;280;28/07/2012
2012009999;1;2;1;1;3;280;25/09/2012
2012010000;1;1;1;2;1;280;27/11/2012
2012010001;1;1;2;8;3;280;05/03/2012
2012010002;1;1;1;1;1;280;27/03/2012
2012010003;1;2;1;1;3;280;25/08/2012
2012010004;1;2;1;7;1;280;22/10/2012
2012010005;1;1;2;1;3;280;31/10/2012
2012010006;3;1;1;5;7;280;16/11/2012
2012010007;1;1;1;4;1;360;01/02/2012
2012010008;1;2;1;1;3;360;22/04/2012
2012010009;1;1;3;1;3;360;11/05/2012
2012010010;1;1;1;1;7;360;01/07/2012
2012010011;1;1;2;1;6;360;01/07/2012
2012010012;1;1;1;1;1;360;03/07/2012
2012010013;1;2;1;1;1;360;26/07/2012
2012010014;1;1;1;1;6;360;16/08/2012
2012010015;1;2;1;1;6;360;03/09/2012
2012010016;1;1;1;1;1;360;24/11/2012
2012010017;1;1;1;1;6;360;10/12/2012
2012010018;1;2;1;1;6;360;06/01/2012
2012010019;3;1;1;1;6;360;12/01/2012
2012010020;1;1;1;1;7;360;19/05/2012
2012010021;1;1;1;1;6;360;28/05/2012
2012010022;1;1;1;1;6;360;08/07/2012
2012010023;3;1;1;1;7;360;30/07/2012
2012010024;1;1;1;8;1;360;26/12/2012
2012010025;1;1;1;1;6;360;21/01/2012
2012010026;1;1;2;1;3;360;26/01/2012
2012010027;4;2;1;1;6;360;14/02/2012
2012010028;3;1;1;5;6;360;07/03/2012
2012010029;5;2;5;1;3;360;05/05/2012
2012010030;1;1;1;1;2;360;07/05/2012
2012010031;1;1;1;1;6;360;26/05/2012
2012010032;1;1;2;3;3;360;10/06/2012
2012010033;1;1;1;1;6;360;15/07/2012
2012010034;1;2;2;1;1;360;15/07/2012
2012010035;1;2;1;1;2;360;11/08/2012
2012010036;1;1;2;1;3;360;31/08/2012
2012010037;3;1;1;1;6;360;09/11/2012
2012010038;1;1;1;8;1;360;10/11/2012
2012010039;3;1;1;1;6;360;12/12/2012
2012010040;3;1;1;1;3;360;08/03/2012
2012010041;1;1;1;1;2;360;13/03/2012
2012010042;1;1;1;1;6;360;15/03/2012
2012010043;1;1;1;1;4;360;22/03/2012
2012010044;1;1;1;1;6;360;24/03/2012
2012010045;1;2;1;1;6;360;24/03/2012
2012010046;1;1;1;1;7;360;06/05/2012
2012010047;1;2;1;1;6;360;25/05/2012
2012010048;1;1;1;2;7;360;08/07/2012
2012010049;1;1;3;1;3;360;12/07/2012
2012010050;1;1;1;1;1;360;26/08/2012
2012010051;1;1;1;1;7;360;27/08/2012
2012010052;3;1;1;1;6;360;05/09/2012
2012010053;1;1;1;1;6;360;12/09/2012
2012010054;1;2;1;1;3;360;17/09/2012
2012010055;3;1;1;8;6;360;09/10/2012
2012010056;1;1;1;5;6;360;11/11/2012
2012010057;3;2;1;5;6;360;11/11/2012
2012010058;1;1;1;1;4;360;01/07/2012
2012010059;1;1;1;1;1;360;27/07/2012
2012010060;2;1;1;1;6;360;08/09/2012
2012010061;1;1;1;1;7;360;15/01/2012
2012010062;3;1;1;1;6;360;21/02/2012
2012010063;1;1;1;1;6;360;24/02/2012
2012010064;1;1;1;1;6;360;11/03/2012
2012010065;3;1;1;1;6;360;08/04/2012
2012010066;3;1;1;1;6;360;12/04/2012
2012010067;2;1;1;2;7;360;21/04/2012
2012010068;1;2;1;1;3;360;03/05/2012
2012010069;1;1;3;1;2;360;05/05/2012
2012010070;1;1;1;1;1;360;26/05/2012
2012010071;1;2;1;1;6;360;28/05/2012
2012010072;3;1;1;1;3;360;14/07/2012
2012010073;1;1;1;1;1;360;24/07/2012
2012010074;1;1;4;1;3;360;29/07/2012
2012010075;5;1;1;1;6;360;15/08/2012
2012010076;1;1;1;7;7;360;21/08/2012
2012010077;3;1;1;1;6;360;23/08/2012
2012010078;3;1;1;2;6;360;10/10/2012
2012010079;3;1;1;1;1;360;30/10/2012
2012010080;3;1;1;5;6;360;15/11/2012
2012010081;1;2;1;7;6;360;20/02/2012
2012010082;1;1;1;1;7;360;29/03/2012
2012010083;3;1;1;1;6;360;06/04/2012
2012010084;1;2;1;1;6;360;27/05/2012
2012010085;1;2;1;2;6;360;10/06/2012
2012010086;1;2;3;2;3;360;06/08/2012
2012010087;1;2;3;1;3;370;31/01/2012
2012010088;3;1;1;1;6;370;25/02/2012
2012010089;1;1;1;1;1;370;11/03/2012
2012010090;1;2;9;1;4;370;13/03/2012
2012010091;1;2;3;1;3;370;19/04/2012
2012010092;3;1;1;2;6;370;22/04/2012
2012010093;1;1;1;1;3;370;04/07/2012
2012010094;1;2;7;1;6;370;31/08/2012
2012010095;1;2;1;1;3;370;30/09/2012
2012010096;3;1;1;2;3;370;09/10/2012
2012010097;1;1;1;2;7;370;18/10/2012
2012010098;1;2;1;1;6;370;25/10/2012
2012010099;2;1;2;5;3;370;15/03/2012
2012010100;1;1;1;1;7;370;12/05/2012
2012010101;3;2;1;1;6;370;07/07/2012
2012010102;1;1;1;1;7;370;17/08/2012
2012010103;1;1;1;1;3;370;10/01/2012
2012010104;3;1;1;1;6;370;29/02/2012
2012010105;1;2;6;1;1;370;09/03/2012
2012010106;1;1;3;1;3;370;25/05/2012
2012010107;1;1;2;7;3;370;08/08/2012
2012010108;1;1;1;1;1;370;11/08/2012
2012010109;1;1;1;1;5;370;16/09/2012
2012010110;1;1;2;1;1;370;03/10/2012
2012010111;1;1;1;1;2;370;06/10/2012
2012010112;1;1;1;8;3;370;02/11/2012
2012010113;1;2;3;7;3;370;05/11/2012
2012010114;3;1;1;1;3;370;10/11/2012
2012010115;1;1;1;1;3;370;07/12/2012
2012010116;1;1;6;1;7;370;08/11/2012
2012010117;1;2;2;1;3;370;03/06/2012
2012010118;2;2;1;1;6;370;08/06/2012
2012010119;1;1;1;2;1;370;05/07/2012
2012010120;1;1;1;3;1;370;30/07/2012
2012010121;1;2;1;1;6;370;10/08/2012
2012010122;1;1;1;1;6;370;14/08/2012
2012010123;1;1;1;1;3;370;09/09/2012
2012010124;1;2;1;1;6;370;28/09/2012
2012010125;1;2;1;1;6;370;26/10/2012
2012010126;3;1;1;2;1;370;19/12/2012
2012010127;1;2;2;1;3;370;11/01/2012
2012010128;1;1;1;1;6;370;27/01/2012
2012010129;5;1;1;1;6;370;23/02/2012
2012010130;1;1;1;8;5;370;15/04/2012
2012010131;1;1;1;1;6;370;29/04/2012
2012010132;1;1;2;8;3;370;04/05/2012
2012010133;1;1;1;1;1;370;11/05/2012
2012010134;1;1;1;1;7;370;08/06/2012
2012010135;1;2;7;1;6;370;30/06/2012
2012010136;3;2;1;1;6;370;03/07/2012
2012010137;1;1;8;1;1;370;24/07/2012
2012010138;1;1;3;1;3;370;10/08/2012
2012010139;1;1;1;1;3;370;22/08/2012
2012010140;1;1;2;2;3;370;06/10/2012
2012010141;1;1;1;2;3;370;13/10/2012
2012010142;1;2;1;1;6;370;29/11/2012
2012010143;1;1;3;7;3;370;29/03/2012
2012010144;1;1;1;3;6;370;11/06/2012
2012010145;1;1;1;1;1;370;28/06/2012
2012010146;1;2;1;1;1;370;10/10/2012
2012010147;1;1;1;8;6;370;07/12/2012
2012010148;3;1;1;8;3;370;11/12/2012
2012010149;1;2;1;1;2;370;24/03/2012
2012010150;3;1;1;1;6;370;01/05/2012
2012010151;1;2;2;1;3;370;26/07/2012
2012010152;1;2;1;1;3;370;11/08/2012
2012010153;1;1;1;1;7;370;02/09/2012
2012010154;3;2;1;1;1;370;08/09/2012
2012010155;1;2;3;1;3;370;09/09/2012
2012010156;1;1;2;1;3;370;10/10/2012
2012010157;3;2;1;2;3;370;28/12/2012
2012010158;3;1;1;1;6;370;05/02/2012
2012010159;3;1;1;1;6;370;11/03/2012
2012010160;1;2;9;1;5;370;31/07/2012
2012010161;3;1;1;8;6;370;01/12/2012
2012010162;1;1;1;2;7;370;16/12/2012
2012010163;1;2;1;1;6;370;02/06/2012
2012010164;2;2;3;1;3;370;13/11/2012
2012010165;2;1;1;2;1;370;19/01/2012
2012010166;2;1;1;1;1;370;24/02/2012
2012010167;1;2;1;1;6;370;20/03/2012
2012010168;3;1;1;1;6;370;10/06/2012
2012010169;1;1;3;1;3;370;12/06/2012
2012010170;1;1;1;1;3;370;25/07/2012
2012010171;1;2;6;1;6;370;06/08/2012
2012010172;1;1;2;1;3;370;29/08/2012
2012010173;3;1;1;1;7;370;06/10/2012
2012010174;1;2;6;1;3;370;27/10/2012
2012010175;3;1;1;2;6;370;04/11/2012
2012010176;1;2;1;1;3;410;04/07/2012
2012010177;1;2;1;1;6;410;29/08/2012
2012010178;2;2;1;1;6;410;19/11/2012
2012010179;2;2;1;8;1;410;21/12/2012
2012010180;1;1;1;1;2;410;14/06/2012
2012010181;2;1;1;1;7;410;12/08/2012
2012010182;1;1;1;2;1;410;24/08/2012
2012010183;1;1;1;1;7;410;12/11/2012
2012010184;1;1;1;6;7;410;15/12/2012
2012010185;3;1;1;1;7;410;22/11/2012
2012010186;5;2;1;1;6;410;27/01/2012
2012010187;1;1;1;1;3;410;03/02/2012
2012010188;1;1;1;1;7;410;29/02/2012
2012010189;1;1;1;1;5;410;23/05/2012
2012010190;1;1;1;1;7;410;22/06/2012
2012010191;1;1;1;1;3;410;06/07/2012
2012010192;1;2;1;1;5;410;25/07/2012
2012010193;4;2;1;1;6;410;03/08/2012
2012010194;2;1;3;1;5;410;17/09/2012
2012010195;1;2;1;8;6;410;26/09/2012
2012010196;1;2;1;7;6;410;27/09/2012
2012010197;1;2;1;2;6;410;19/10/2012
2012010198;1;2;3;1;3;410;16/12/2012
2012010199;1;2;2;1;3;410;03/02/2012
2012010200;2;1;1;5;2;410;02/03/2012
2012010201;2;1;1;2;6;410;30/05/2012
2012010202;1;1;1;1;1;410;30/06/2012
2012010203;1;2;1;1;6;410;22/07/2012
2012010204;3;1;1;1;1;410;28/07/2012
2012010205;3;1;1;1;6;410;25/08/2012
2012010206;1;1;1;1;6;410;26/09/2012
2012010207;1;2;1;1;6;410;19/10/2012
2012010208;3;1;1;8;6;410;10/06/2012
2012010209;1;2;6;1;1;410;15/09/2012
2012010210;1;1;1;1;6;410;23/01/2012
2012010211;3;1;1;1;6;410;04/03/2012
2012010212;1;1;1;1;5;410;05/03/2012
2012010213;2;1;1;3;7;410;18/03/2012
2012010214;1;1;1;8;7;410;10/04/2012
2012010215;1;2;1;1;1;410;10/06/2012
2012010216;3;1;1;1;6;410;06/08/2012
2012010217;2;1;2;3;3;410;13/10/2012
2012010218;3;1;1;3;6;410;19/12/2012
2012010219;3;1;3;1;3;410;21/02/2012
2012010220;1;1;2;1;3;410;12/04/2012
2012010221;1;1;1;1;6;410;12/05/2012
2012010222;1;1;1;1;3;410;19/05/2012
2012010223;2;1;1;1;6;410;25/05/2012
2012010224;1;2;1;1;6;410;10/07/2012
2012010225;1;1;1;2;6;410;13/07/2012
2012010226;1;1;1;1;6;410;27/07/2012
2012010227;3;2;1;1;6;410;02/09/2012
2012010228;1;1;1;1;6;410;05/10/2012
2012010229;3;1;1;1;1;330;03/01/2012
2012010230;4;2;1;1;6;330;25/08/2012
2012010231;1;2;1;1;2;330;17/09/2012
2012010232;1;1;1;1;6;290;27/01/2012
2012010233;3;1;1;1;1;290;23/03/2012
2012010234;1;2;1;1;3;290;02/05/2012
2012010235;1;2;1;1;6;290;25/05/2012
2012010236;1;1;1;1;3;290;14/09/2012
2012010237;3;1;1;2;6;290;07/10/2012
2012010238;3;1;1;1;6;290;25/10/2012
2012010239;1;1;1;1;7;290;30/11/2012
2012010240;1;1;1;8;7;290;26/12/2012
2012010241;3;1;1;3;1;290;03/01/2012
2012010242;5;1;1;1;6;290;21/01/2012
2012010243;1;1;1;1;1;290;17/06/2012
2012010244;1;1;1;3;6;290;03/01/2012
2012010245;1;1;1;1;7;290;10/06/2012
2012010246;1;2;1;1;6;290;16/08/2012
2012010247;1;2;1;2;1;290;10/11/2012
2012010248;1;1;1;1;2;130;08/04/2012
2012010249;1;2;1;1;1;130;19/07/2012
2012010250;1;1;1;1;6;130;08/09/2012
2012010251;1;1;1;8;6;950;25/01/2012
2012010252;1;1;1;1;1;950;10/04/2012
2012010253;1;1;1;8;3;950;12/06/2012
2012010254;3;1;1;1;6;440;27/02/2012
2012010255;1;2;1;8;1;440;19/05/2012
2012010256;1;2;1;1;2;440;23/05/2012
2012010257;3;1;1;3;2;440;04/11/2012
2012010258;3;2;1;1;3;330;17/03/2012
2012010259;1;1;1;1;3;330;16/07/2012
2012010260;2;2;1;1;6;330;23/07/2012
2012010261;5;2;1;1;6;330;23/08/2012
2012010262;2;2;6;1;2;330;24/10/2012
2012010263;2;1;1;1;4;870;04/04/2012
2012010264;3;1;1;2;6;870;29/04/2012
2012010265;1;1;1;1;1;870;27/08/2012
2012010266;3;1;1;1;6;870;15/09/2012
2012010267;2;1;1;1;5;870;23/10/2012
2012010268;1;1;1;1;1;870;12/11/2012
2012010269;5;2;1;1;5;60;02/01/2012
2012010270;5;2;1;1;6;60;08/01/2012
2012010271;1;2;1;1;6;60;15/01/2012
2012010272;1;2;1;1;3;60;21/01/2012
2012010273;1;2;7;1;5;60;27/01/2012
2012010274;1;2;1;1;3;60;03/02/2012
2012010275;1;2;3;1;3;60;07/02/2012
2012010276;1;2;1;1;2;60;10/02/2012
2012010277;5;2;3;1;3;60;11/02/2012
2012010278;1;2;1;1;3;60;20/02/2012
2012010279;1;2;1;1;3;60;23/02/2012
2012010280;5;2;3;1;3;60;03/03/2012
2012010281;5;2;1;1;6;60;08/03/2012
2012010282;5;1;1;1;6;60;08/03/2012
2012010283;1;2;6;1;3;60;23/03/2012
2012010284;1;2;2;1;3;60;19/03/2012
2012010285;1;1;1;1;3;60;26/03/2012
2012010286;1;2;6;1;6;60;28/03/2012
2012010287;5;2;1;1;6;60;26/03/2012
2012010288;1;2;3;1;3;60;30/03/2012
2012010289;1;2;1;1;6;60;07/04/2012
2012010290;1;2;1;1;1;60;06/04/2012
2012010291;1;2;3;1;3;60;10/04/2012
2012010292;1;1;1;1;3;60;20/04/2012
2012010293;3;1;1;1;6;60;06/05/2012
2012010294;1;2;1;2;6;60;13/05/2012
2012010295;1;2;1;2;5;60;21/05/2012
2012010296;1;2;1;1;5;60;22/05/2012
2012010297;1;2;3;1;3;60;23/05/2012
2012010298;2;1;6;1;3;60;26/05/2012
2012010299;1;2;1;1;1;60;31/05/2012
2012010300;5;2;1;1;6;60;01/06/2012
2012010301;1;2;1;1;5;60;01/06/2012
2012010302;1;2;1;1;6;60;12/06/2012
2012010303;5;2;1;1;6;60;16/06/2012
2012010304;2;2;3;1;3;60;17/06/2012
2012010305;1;2;3;1;2;60;18/06/2012
2012010306;1;2;1;1;2;60;13/06/2012
2012010307;1;2;1;1;7;60;22/06/2012
2012010308;1;2;1;1;3;60;26/06/2012
2012010309;5;2;1;1;6;60;30/06/2012
2012010310;3;2;1;1;2;60;30/06/2012
2012010311;5;2;1;1;6;60;30/06/2012
2012010312;1;2;2;1;6;60;02/07/2012
2012010313;1;2;1;1;3;60;10/07/2012
2012010314;5;2;1;1;1;60;12/07/2012
2012010315;1;2;1;1;2;60;12/07/2012
2012010316;5;2;1;1;3;60;14/07/2012
2012010317;1;2;1;7;6;60;19/07/2012
2012010318;1;2;3;1;6;60;19/07/2012
2012010319;1;2;6;1;3;60;20/07/2012
2012010320;5;2;1;1;3;60;21/07/2012
2012010321;1;2;6;1;2;60;23/07/2012
2012010322;1;2;1;1;3;60;24/07/2012
2012010323;1;2;1;1;3;60;28/07/2012
2012010324;5;2;1;1;6;60;02/08/2012
2012010325;5;2;1;1;2;60;02/08/2012
2012010326;1;1;1;1;3;60;03/08/2012
2012010327;5;2;3;1;6;60;12/08/2012
2012010328;1;2;1;1;2;60;21/08/2012
2012010329;1;2;2;1;3;60;25/08/2012
2012010330;1;2;3;1;3;60;28/08/2012
2012010331;1;2;1;1;3;60;28/08/2012
2012010332;1;2;6;9;6;60;29/08/2012
2012010333;1;2;3;1;3;60;04/09/2012
2012010334;1;2;1;1;2;60;05/09/2012
2012010335;1;2;3;1;6;60;06/09/2012
2012010336;1;2;1;1;2;60;08/09/2012
2012010337;5;2;1;1;6;60;12/09/2012
2012010338;5;2;1;1;7;60;13/09/2012
2012010339;1;2;3;1;6;60;13/09/2012
2012010340;1;2;1;1;2;60;13/09/2012
2012010341;1;2;1;1;3;60;19/09/2012
2012010342;1;1;1;1;6;60;24/09/2012
2012010343;5;2;2;8;3;60;25/09/2012
2012010344;1;2;1;1;1;60;26/09/2012
2012010345;1;2;1;1;6;60;29/09/2012
2012010346;5;2;1;1;1;60;03/10/2012
2012010347;1;2;1;1;2;60;03/10/2012
2012010348;5;1;3;1;3;60;04/10/2012
2012010349;1;2;1;1;3;60;06/10/2012
2012010350;5;2;2;1;1;60;07/10/2012
2012010351;1;2;3;2;6;60;15/10/2012
2012010352;1;2;6;7;6;60;15/10/2012
2012010353;1;2;6;7;6;60;15/10/2012
2012010354;1;2;1;1;6;60;16/10/2012
2012010355;1;2;2;1;6;60;16/10/2012
2012010356;1;2;1;1;6;60;19/10/2012
2012010357;2;2;1;1;3;60;19/10/2012
2012010358;3;2;2;1;6;60;24/10/2012
2012010359;1;2;1;1;3;60;29/10/2012
2012010360;5;2;3;1;3;60;01/11/2012
2012010361;2;2;1;1;3;60;02/11/2012
2012010362;1;2;1;1;6;60;07/11/2012
2012010363;5;1;1;1;6;60;08/11/2012
2012010364;1;2;1;1;6;60;09/11/2012
2012010365;1;2;1;1;6;60;15/11/2012
2012010366;5;2;1;1;6;60;18/11/2012
2012010367;1;2;1;1;6;60;25/11/2012
2012010368;1;2;3;1;6;60;29/11/2012
2012010369;1;2;2;1;6;60;01/12/2012
2012010370;5;2;1;1;6;60;03/12/2012
2012010371;1;2;1;1;6;60;10/12/2012
2012010372;5;2;3;1;3;60;16/12/2012
2012010373;5;2;2;1;3;60;21/12/2012
2012010374;5;2;1;1;6;60;25/12/2012
2012010375;5;2;2;1;3;60;29/12/2012
2012010376;5;2;2;1;3;60;07/01/2012
2012010377;1;2;6;1;3;60;07/01/2012
2012010378;1;2;1;1;2;60;10/01/2012
2012010379;1;2;1;1;6;60;11/01/2012
2012010380;1;2;3;1;6;60;12/01/2012
2012010381;3;2;1;1;7;60;07/01/2012
2012010382;5;2;3;1;1;60;13/01/2012
2012010383;1;2;1;1;2;60;17/01/2012
2012010384;2;2;1;1;6;60;20/01/2012
2012010385;1;2;1;1;6;60;22/01/2012
2012010386;5;2;3;1;3;60;28/01/2012
2012010387;2;2;1;1;3;60;30/01/2012
2012010388;2;2;2;1;2;60;06/02/2012
2012010389;4;2;1;1;2;60;07/02/2012
2012010390;1;2;1;1;6;60;15/02/2012
2012010391;1;2;1;1;2;60;22/02/2012
2012010392;1;2;1;1;6;60;23/02/2012
2012010393;1;2;1;1;6;60;24/02/2012
2012010394;1;2;1;1;4;60;27/02/2012
2012010395;5;2;1;1;7;60;27/02/2012
2012010396;1;2;1;1;6;60;01/03/2012
2012010397;1;2;1;1;2;60;09/03/2012
2012010398;1;2;1;1;2;60;09/03/2012
2012010399;1;2;1;1;6;60;13/03/2012
2012010400;1;2;1;1;3;60;14/03/2012
2012010401;5;2;3;1;3;60;16/03/2012
2012010402;1;2;1;1;3;60;19/03/2012
2012010403;1;2;3;1;6;60;21/03/2012
2012010404;1;2;1;1;2;60;22/03/2012
2012010405;1;2;6;1;3;60;25/03/2012
2012010406;1;2;1;1;6;60;28/03/2012
2012010407;5;2;3;1;3;60;31/03/2012
2012010408;5;2;1;1;2;60;30/03/2012
2012010409;1;2;1;1;2;60;01/04/2012
2012010410;1;2;1;1;6;60;01/04/2012
2012010411;1;2;1;1;6;60;06/04/2012
2012010412;5;2;1;1;3;60;07/04/2012
2012010413;2;2;1;1;2;60;07/04/2012
2012010414;1;2;1;1;4;60;08/04/2012
2012010415;1;2;1;1;3;60;10/04/2012
2012010416;1;2;3;1;3;60;11/04/2012
2012010417;1;2;4;1;3;60;12/04/2012
2012010418;1;2;1;1;3;60;15/04/2012
2012010419;1;2;3;1;3;60;16/04/2012
2012010420;1;2;1;1;3;60;16/04/2012
2012010421;1;2;3;1;3;60;16/04/2012
2012010422;1;2;1;1;6;60;19/04/2012
2012010423;1;2;1;1;5;60;28/04/2012
2012010424;5;2;1;2;2;60;30/04/2012
2012010425;1;2;3;1;3;60;05/05/2012
2012010426;1;2;1;1;5;60;28/04/2012
2012010427;1;2;1;1;2;60;09/05/2012
2012010428;1;2;4;1;4;60;09/05/2012
2012010429;1;2;1;1;1;60;10/05/2012
2012010430;1;2;1;1;3;60;11/05/2012
2012010431;1;2;3;1;3;60;12/05/2012
2012010432;1;2;3;1;2;60;14/05/2012
2012010433;1;2;3;1;2;60;17/05/2012
2012010434;5;2;3;1;3;60;17/05/2012
2012010435;1;2;1;1;3;60;18/05/2012
2012010436;1;2;1;1;3;60;19/05/2012
2012010437;1;2;1;1;4;60;19/05/2012
2012010438;1;2;3;1;3;60;29/05/2012
2012010439;1;2;1;1;6;60;29/05/2012
2012010440;1;2;1;1;6;60;30/05/2012
2012010441;1;2;1;1;2;60;31/05/2012
2012010442;1;2;3;1;6;60;01/06/2012
2012010443;1;2;1;1;3;60;04/06/2012
2012010444;1;2;1;1;2;60;05/06/2012
2012010445;1;2;1;1;4;60;08/06/2012
2012010446;1;2;6;1;3;60;08/06/2012
2012010447;1;2;1;1;3;60;09/06/2012
2012010448;1;2;1;1;6;60;12/06/2012
2012010449;1;2;1;1;6;60;12/06/2012
2012010450;1;2;1;1;6;60;13/06/2012
2012010451;5;2;1;1;4;60;16/06/2012
2012010452;1;2;6;1;2;60;19/06/2012
2012010453;1;2;1;1;2;60;22/06/2012
2012010454;1;2;1;1;3;60;26/06/2012
2012010455;1;2;3;1;3;60;27/06/2012
2012010456;1;2;1;1;5;60;28/06/2012
2012010457;1;2;1;1;3;60;29/06/2012
2012010458;1;2;3;1;3;60;29/06/2012
2012010459;1;2;1;1;3;60;30/06/2012
2012010460;1;2;3;1;2;60;02/07/2012
2012010461;1;2;1;1;3;60;04/07/2012
2012010462;5;2;3;1;2;60;04/07/2012
2012010463;1;2;1;1;3;60;05/07/2012
2012010464;1;2;1;1;6;60;06/07/2012
2012010465;1;2;1;1;2;60;09/07/2012
2012010466;1;2;3;1;3;60;09/07/2012
2012010467;1;2;1;1;6;60;10/07/2012
2012010468;1;2;2;1;3;60;12/07/2012
2012010469;5;2;1;1;7;60;13/07/2012
2012010470;5;2;6;1;7;60;14/07/2012
2012010471;5;2;1;1;2;60;15/07/2012
2012010472;4;2;1;1;6;60;15/07/2012
2012010473;1;2;1;1;2;60;16/07/2012
2012010474;1;2;1;1;3;60;16/07/2012
2012010475;5;2;1;1;7;60;18/07/2012
2012010476;1;2;3;1;3;60;18/07/2012
2012010477;1;2;1;1;1;60;17/07/2012
2012010478;1;2;1;1;3;60;21/07/2012
2012010479;1;2;3;1;3;60;24/07/2012
2012010480;5;2;1;1;2;60;24/07/2012
2012010481;1;2;6;1;2;60;25/07/2012
2012010482;1;2;1;1;6;60;25/07/2012
2012010483;1;2;1;1;7;60;26/07/2012
2012010484;5;2;3;1;3;60;27/07/2012
2012010485;5;2;2;1;3;60;30/07/2012
2012010486;1;2;1;1;3;60;31/07/2012
2012010487;1;2;1;1;3;60;31/07/2012
2012010488;1;2;3;1;2;60;31/07/2012
2012010489;1;2;1;1;6;60;07/08/2012
2012010490;1;2;1;1;3;60;09/08/2012
2012010491;1;2;1;1;6;60;10/08/2012
2012010492;1;2;1;1;3;60;10/08/2012
2012010493;5;2;2;1;3;60;11/08/2012
2012010494;1;2;3;1;2;60;14/08/2012