num_acc;lum;agg;inter;atm;col;dep;date
2012011093;5;2;1;1;3;60;14/01/2012
2012011094;5;2;2;1;3;60;15/01/2012
2012011095;1;2;2;1;3;60;15/01/2012
2012011096;1;1;1;1;3;60;16/01/2012
2012011097;5;2;1;1;3;60;16/01/2012
2012011098;5;2;1;1;6;60;16/01/2012
2012011099;1;2;2;1;3;60;17/01/2012
2012011100;1;2;1;1;3;60;17/01/2012
2012011101;1;2;2;1;3;60;17/01/2012
2012011102;1;2;1;1;6;60;17/01/2012
2012011103;5;2;1;1;2;60;17/01/2012
2012011104;1;2;1;1;6;60;18/01/2012
2012011105;5;2;1;1;4;60;18/01/2012
2012011106;5;2;3;1;6;60;18/01/2012
2012011107;5;2;1;1;2;60;18/01/2012
2012011108;5;2;2;1;6;60;18/01/2012
2012011109;1;2;1;1;3;60;19/01/2012
2012011110;1;2;3;1;6;60;19/01/2012
2012011111;1;2;1;1;3;60;20/01/2012
2012011112;1;2;1;1;3;60;20/01/2012
2012011113;1;2;1;1;6;60;20/01/2012
2012011114;1;2;1;1;4;60;20/01/2012
2012011115;1;2;1;1;6;60;20/01/2012
2012011116;5;2;1;1;6;60;20/01/2012
2012011117;5;2;1;1;2;60;21/01/2012
2012011118;1;2;1;1;3;60;21/01/2012
2012011119;1;2;1;1;3;60;21/01/2012
2012011120;1;2;1;1;6;60;21/01/2012
2012011121;1;2;1;1;6;60;22/01/2012
2012011122;1;2;1;1;6;60;22/01/2012
2012011123;1;2;3;1;3;60;23/01/2012
2012011124;1;2;1;1;6;60;23/01/2012
2012011125;2;2;1;1;6;60;24/01/2012
2012011126;1;2;3;1;3;60;24/01/2012
2012011127;1;2;1;1;6;60;24/01/2012
2012011128;5;2;1;1;6;60;24/01/2012
2012011129;1;2;1;1;6;60;25/01/2012
2012011130;5;2;2;1;3;60;25/01/2012
2012011131;1;2;1;8;3;60;26/01/2012
2012011132;2;2;1;1;3;60;27/01/2012
2012011133;5;2;2;1;3;60;27/01/2012
2012011134;1;2;1;1;7;60;28/01/2012
2012011135;1;2;1;1;3;60;28/01/2012
2012011136;2;2;2;2;3;60;30/01/2012
2012011137;1;2;1;1;2;60;31/01/2012
2012011138;1;2;1;1;1;60;31/01/2012
2012011139;5;2;2;4;3;60;31/01/2012
2012011140;1;2;1;1;3;60;01/02/2012
2012011141;5;2;2;1;3;60;02/02/2012
2012011142;5;2;1;1;2;60;02/02/2012
2012011143;1;2;1;1;3;60;02/02/2012
2012011144;1;2;1;1;6;60;02/02/2012
2012011145;1;2;1;1;3;60;02/02/2012
2012011146;1;2;1;1;2;60;03/02/2012
2012011147;1;2;1;1;4;60;03/02/2012
2012011148;1;2;3;1;3;60;04/02/2012
2012011149;1;2;1;1;6;60;04/02/2012
2012011150;1;2;1;1;5;60;06/02/2012
2012011151;1;2;1;1;6;60;07/02/2012
2012011152;1;2;1;1;4;60;08/02/2012
2012011153;5;2;1;1;6;60;08/02/2012
2012011154;1;2;1;1;1;60;09/02/2012
2012011155;5;2;1;1;1;60;09/02/2012
2012011156;1;2;2;1;3;60;11/02/2012
2012011157;1;2;1;1;6;60;11/02/2012
2012011158;5;2;1;2;1;60;11/02/2012
2012011159;5;2;1;1;1;60;11/02/2012
2012011160;1;2;1;1;7;60;12/02/2012
2012011161;1;2;2;1;3;60;13/02/2012
2012011162;1;2;1;1;6;60;13/02/2012
2012011163;1;2;1;1;3;60;13/02/2012
2012011164;1;2;1;1;6;60;14/02/2012
2012011165;1;2;1;1;2;60;14/02/2012
2012011166;1;2;1;1;6;60;14/02/2012
2012011167;5;2;1;1;6;60;14/02/2012
2012011168;1;2;1;1;2;60;15/02/2012
2012011169;1;2;1;1;2;60;15/02/2012
2012011170;1;2;1;1;6;60;16/02/2012
2012011171;5;2;1;1;3;60;16/02/2012
2012011172;5;2;3;1;3;60;16/02/2012
2012011173;1;2;2;1;3;60;17/02/2012
2012011174;1;2;1;1;2;60;18/02/2012
2012011175;1;2;1;1;2;60;18/02/2012
2012011176;5;2;1;1;6;60;18/02/2012
2012011177;1;2;1;2;3;60;20/02/2012
2012011178;1;2;1;1;6;60;21/02/2012
2012011179;1;2;1;1;6;60;21/02/2012
2012011180;1;2;1;1;1;60;21/02/2012
2012011181;5;2;2;1;3;60;21/02/2012
2012011182;1;2;1;1;2;60;22/02/2012
2012011183;1;2;1;1;3;60;22/02/2012
2012011184;5;2;1;1;1;60;22/02/2012
2012011185;5;2;2;1;3;60;22/02/2012
2012011186;1;2;1;1;6;60;23/02/2012
2012011187;1;2;1;1;6;60;23/02/2012
2012011188;2;2;1;1;3;60;23/02/2012
2012011189;5;2;2;1;3;60;23/02/2012
2012011190;1;2;1;1;6;60;24/02/2012
2012011191;1;2;1;1;2;60;24/02/2012
2012011192;1;2;1;1;6;60;25/02/2012
2012011193;1;2;1;1;7;60;25/02/2012
2012011194;2;2;1;1;6;60;25/02/2012
2012011195;1;2;2;1;3;60;26/02/2012
2012011196;5;2;1;1;2;60;26/02/2012
2012011197;1;2;1;1;3;60;27/02/2012
2012011198;1;2;1;1;6;60;27/02/2012
2012011199;1;2;3;1;3;60;28/02/2012
2012011200;1;2;1;1;6;60;28/02/2012
2012011201;1;2;1;1;3;60;28/02/2012
2012011202;1;2;1;1;3;60;28/02/2012
2012011203;5;2;2;1;3;60;02/03/2012
2012011204;1;2;1;1;6;60;02/03/2012
2012011205;1;2;1;1;6;60;02/03/2012
2012011206;1;2;1;1;2;60;02/03/2012
2012011207;5;2;1;1;1;60;02/03/2012
2012011208;1;2;1;1;2;60;05/03/2012
2012011209;1;2;1;1;2;60;05/03/2012
2012011210;1;2;1;1;6;60;05/03/2012
2012011211;1;2;1;1;2;60;05/03/2012
2012011212;5;2;1;1;3;60;05/03/2012
2012011213;1;2;2;1;3;60;06/03/2012
2012011214;1;2;1;1;6;60;06/03/2012
2012011215;1;2;1;1;5;60;07/03/2012
2012011216;5;2;1;1;3;60;07/03/2012
2012011217;5;2;1;1;2;60;07/03/2012
2012011218;5;2;2;1;3;60;07/03/2012
2012011219;1;2;1;1;4;60;08/03/2012
2012011220;1;2;2;1;3;60;08/03/2012
2012011221;1;2;1;1;6;60;09/03/2012
2012011222;5;2;1;1;3;60;09/03/2012
2012011223;5;2;2;1;3;60;10/03/2012
2012011224;1;2;1;1;3;60;10/03/2012
2012011225;1;2;1;1;6;60;12/03/2012
2012011226;1;2;1;1;2;60;12/03/2012
2012011227;5;2;1;1;6;60;13/03/2012
2012011228;5;2;1;1;3;60;13/03/2012
2012011229;1;2;1;1;6;60;14/03/2012
2012011230;5;2;1;1;6;60;14/03/2012
2012011231;1;2;1;1;6;60;15/03/2012
2012011232;1;2;1;1;2;60;16/03/2012
2012011233;1;2;1;1;6;60;17/03/2012
2012011234;1;2;1;1;6;60;17/03/2012
2012011235;2;2;1;1;4;60;17/03/2012
2012011236;5;2;1;1;5;60;17/03/2012
2012011237;1;2;1;1;6;60;18/03/2012
2012011238;1;2;1;1;2;60;19/03/2012
2012011239;1;2;1;1;3;60;19/03/2012
2012011240;1;2;1;1;4;60;19/03/2012
2012011241;5;2;1;1;3;60;20/03/2012
2012011242;1;2;1;1;6;60;20/03/2012
2012011243;1;2;1;1;2;60;20/03/2012
2012011244;1;2;1;1;3;60;21/03/2012
2012011245;1;2;1;1;2;60;22/03/2012
2012011246;1;2;1;1;6;60;22/03/2012
2012011247;1;2;1;1;2;60;22/03/2012
2012011248;1;2;1;1;1;60;23/03/2012
2012011249;1;2;1;1;2;60;23/03/2012
2012011250;1;2;1;1;6;60;24/03/2012
2012011251;5;2;1;1;2;60;24/03/2012
2012011252;2;2;1;1;3;60;26/03/2012
2012011253;1;2;1;1;2;60;26/03/2012
2012011254;2;2;1;1;3;60;26/03/2012
2012011255;1;2;1;1;6;60;27/03/2012
2012011256;1;2;2;1;3;60;27/03/2012
2012011257;1;2;1;1;4;60;27/03/2012
2012011258;5;2;1;1;6;60;28/03/2012
2012011259;5;2;1;1;2;60;28/03/2012
2012011260;1;2;1;1;6;60;28/03/2012
2012011261;1;2;1;1;6;60;28/03/2012
2012011262;1;2;1;1;3;60;28/03/2012
2012011263;1;2;1;1;6;60;28/03/2012
2012011264;1;2;1;1;3;60;29/03/2012
2012011265;1;2;1;1;3;60;29/03/2012
2012011266;1;2;1;1;1;60;29/03/2012
2012011267;1;2;1;1;7;60;29/03/2012
2012011268;1;2;1;1;3;60;29/03/2012
2012011269;1;1;1;1;3;60;30/03/2012
2012011270;5;2;1;1;6;60;31/03/2012
2012011271;1;2;1;1;2;60;31/03/2012
2012011272;1;2;3;1;3;60;02/04/2012
2012011273;1;2;2;1;6;60;03/04/2012
2012011274;5;2;1;2;6;60;04/04/2012
2012011275;1;2;1;1;3;60;04/04/2012
2012011276;1;2;1;2;2;60;04/04/2012
2012011277;1;2;1;1;6;60;05/04/2012
2012011278;5;2;1;1;6;60;05/04/2012
2012011279;5;2;2;1;3;60;06/04/2012
2012011280;1;2;1;1;2;60;06/04/2012
2012011281;1;2;1;1;3;60;06/04/2012
2012011282;1;2;1;1;3;60;06/04/2012
2012011283;1;2;1;1;2;60;07/04/2012
2012011284;1;2;1;1;2;60;08/04/2012
2012011285;1;2;2;1;3;60;09/04/2012
2012011286;1;2;1;1;2;60;10/04/2012
2012011287;5;2;1;1;2;60;10/04/2012
2012011288;1;2;1;1;6;60;10/04/2012
2012011289;5;2;2;3;6;60;10/04/2012
2012011290;5;2;1;3;6;60;10/04/2012
2012011291;1;2;1;1;6;60;11/04/2012
2012011292;1;2;1;1;6;60;12/04/2012
2012011293;1;2;1;1;3;60;12/04/2012
2012011294;1;2;1;2;2;60;13/04/2012
2012011295;1;2;1;1;3;60;13/04/2012
2012011296;1;2;1;1;5;60;13/04/2012
2012011297;1;2;1;1;6;60;13/04/2012
2012011298;5;2;1;1;6;60;13/04/2012
2012011299;5;2;1;1;7;60;14/04/2012
2012011300;1;2;1;1;3;60;14/04/2012
2012011301;5;2;2;1;3;60;14/04/2012
2012011302;1;2;1;1;3;60;16/04/2012
2012011303;1;2;1;1;3;60;16/04/2012
2012011304;5;2;2;1;3;60;17/04/2012
2012011305;1;2;1;1;2;60;17/04/2012
2012011306;1;2;1;1;3;60;17/04/2012
2012011307;5;2;1;1;3;60;17/04/2012
2012011308;5;2;2;1;3;60;17/04/2012
2012011309;1;2;1;1;3;60;19/04/2012
2012011310;1;2;1;1;6;60;19/04/2012
2012011311;1;2;1;1;3;60;19/04/2012
2012011312;1;2;1;1;6;60;20/04/2012
2012011313;1;2;2;1;3;60;20/04/2012
2012011314;1;2;1;1;3;60;20/04/2012
2012011315;5;2;2;1;3;60;21/04/2012
2012011316;1;2;1;1;2;60;21/04/2012
2012011317;1;2;1;1;2;60;21/04/2012
2012011318;1;2;1;1;5;60;21/04/2012
2012011319;1;2;1;1;6;60;21/04/2012
2012011320;1;2;1;1;6;60;22/04/2012
2012011321;1;2;1;1;3;60;23/04/2012
2012011322;1;2;1;1;6;60;23/04/2012
2012011323;1;2;2;1;3;60;23/04/2012
2012011324;1;2;2;1;3;60;24/04/2012
2012011325;2;2;1;1;3;60;24/04/2012
2012011326;1;2;2;1;3;60;25/04/2012
2012011327;1;2;2;1;3;60;25/04/2012
2012011328;1;2;1;1;6;60;25/04/2012
2012011329;1;2;1;1;6;60;25/04/2012
2012011330;5;2;1;1;3;60;25/04/2012
2012011331;1;2;1;1;3;60;26/04/2012
2012011332;1;2;1;1;6;60;26/04/2012
2012011333;1;2;1;1;2;60;26/04/2012
2012011334;1;2;1;1;6;60;27/04/2012
2012011335;1;2;3;1;3;60;27/04/2012
2012011336;1;2;2;1;3;60;28/04/2012
2012011337;5;2;1;2;6;60;28/04/2012
2012011338;1;2;1;1;6;60;01/05/2012
2012011339;1;2;1;1;6;60;02/05/2012
2012011340;1;2;1;1;6;60;02/05/2012
2012011341;1;2;1;1;5;60;02/05/2012
2012011342;1;2;1;1;2;60;02/05/2012
2012011343;1;2;1;1;3;60;02/05/2012
2012011344;1;2;1;1;2;60;02/05/2012
2012011345;1;2;1;1;6;60;03/05/2012
2012011346;1;2;2;1;3;60;03/05/2012
2012011347;1;2;1;1;4;60;03/05/2012
2012011348;5;2;1;1;6;60;04/05/2012
2012011349;1;2;1;1;6;60;04/05/2012
2012011350;1;2;1;1;2;60;04/05/2012
2012011351;1;2;1;1;3;60;04/05/2012
2012011352;1;2;2;1;3;60;05/05/2012
2012011353;1;2;1;1;3;60;05/05/2012
2012011354;1;2;1;1;4;60;05/05/2012
2012011355;1;2;1;1;6;60;05/05/2012
2012011356;5;2;1;1;1;60;06/05/2012
2012011357;1;2;1;1;6;60;06/05/2012
2012011358;5;2;1;1;3;60;06/05/2012
2012011359;1;2;1;1;2;60;07/05/2012
2012011360;1;2;1;1;6;60;07/05/2012
2012011361;1;2;1;1;2;60;09/05/2012
2012011362;1;2;1;1;6;60;09/05/2012
2012011363;1;2;1;1;6;60;09/05/2012
2012011364;1;2;1;1;6;60;09/05/2012
2012011365;5;2;1;1;6;60;09/05/2012
2012011366;1;2;1;1;4;60;10/05/2012
2012011367;1;2;1;1;6;60;10/05/2012
2012011368;1;2;1;1;6;60;10/05/2012
2012011369;1;2;1;1;2;60;11/05/2012
2012011370;1;2;1;1;6;60;11/05/2012
2012011371;1;2;1;1;7;60;11/05/2012
2012011372;1;2;1;1;3;60;12/05/2012
2012011373;5;2;1;1;3;60;12/05/2012
2012011374;5;2;1;1;6;60;13/05/2012
2012011375;5;2;1;1;6;60;13/05/2012
2012011376;1;1;1;1;5;60;13/05/2012
2012011377;1;2;1;1;6;60;13/05/2012
2012011378;1;2;2;1;3;60;14/05/2012
2012011379;1;2;2;1;6;60;14/05/2012
2012011380;4;2;1;1;2;60;15/05/2012
2012011381;1;2;1;1;6;60;15/05/2012
2012011382;1;2;1;1;6;60;16/05/2012
2012011383;1;2;1;1;2;60;16/05/2012
2012011384;1;2;2;1;3;60;16/05/2012
2012011385;1;2;1;1;6;60;16/05/2012
2012011386;1;2;1;1;1;60;16/05/2012
2012011387;1;2;1;1;6;60;17/05/2012
2012011388;5;2;1;1;2;60;17/05/2012
2012011389;5;2;2;1;3;60;18/05/2012
2012011390;1;2;2;2;3;60;18/05/2012
2012011391;1;2;1;1;3;60;18/05/2012
2012011392;1;2;1;1;4;60;18/05/2012
2012011393;5;2;1;1;3;60;19/05/2012
2012011394;1;2;3;3;3;60;19/05/2012
2012011395;1;2;2;1;3;60;19/05/2012
2012011396;1;2;1;1;3;60;19/05/2012
2012011397;1;2;1;2;6;60;21/05/2012
2012011398;1;2;2;2;3;60;21/05/2012
2012011399;1;2;3;2;3;60;21/05/2012
2012011400;1;2;1;2;3;60;21/05/2012
2012011401;1;2;1;1;2;60;22/05/2012
2012011402;1;2;1;1;3;60;22/05/2012
2012011403;1;2;1;1;6;60;23/05/2012
2012011404;1;2;1;1;2;60;23/05/2012
2012011405;1;2;1;1;6;60;24/05/2012
2012011406;1;2;1;1;2;60;24/05/2012
2012011407;1;2;1;1;3;60;24/05/2012
2012011408;1;2;3;1;3;60;24/05/2012
2012011409;5;2;2;1;3;60;24/05/2012
2012011410;1;2;1;1;3;60;25/05/2012
2012011411;5;2;2;1;3;60;25/05/2012
2012011412;5;2;1;1;3;60;26/05/2012
2012011413;5;2;1;2;6;60;26/05/2012
2012011414;1;2;1;1;3;60;27/05/2012
2012011415;1;2;1;1;1;60;28/05/2012
2012011416;1;2;1;1;6;60;29/05/2012
2012011417;1;2;1;1;1;60;29/05/2012
2012011418;1;2;1;1;3;60;29/05/2012
2012011419;1;2;1;1;6;60;29/05/2012
2012011420;1;2;1;1;6;60;29/05/2012
2012011421;1;2;1;1;3;60;30/05/2012
2012011422;1;2;1;1;6;60;30/05/2012
2012011423;1;2;1;1;3;60;30/05/2012
2012011424;1;2;1;1;3;60;30/05/2012
2012011425;1;2;2;1;3;60;30/05/2012
2012011426;5;2;1;1;3;60;30/05/2012
2012011427;5;2;1;1;3;60;30/05/2012
2012011428;5;2;1;1;6;60;31/05/2012
2012011429;1;2;1;1;3;60;31/05/2012
2012011430;1;2;1;1;6;60;31/05/2012
2012011431;1;2;1;1;2;60;31/05/2012
2012011432;5;2;1;1;6;60;01/06/2012
2012011433;1;2;2;1;3;60;01/06/2012
2012011434;1;2;1;1;6;60;01/06/2012
2012011435;1;2;1;1;6;60;01/06/2012
2012011436;1;2;1;1;3;60;02/06/2012
2012011437;5;2;2;1;3;60;02/06/2012
2012011438;1;2;1;3;2;60;04/06/2012
2012011439;1;2;1;1;2;60;05/06/2012
2012011440;1;2;1;1;2;60;05/06/2012
2012011441;1;2;1;1;6;60;05/06/2012
2012011442;1;2;3;1;3;60;05/06/2012
2012011443;5;2;1;1;5;60;05/06/2012
2012011444;1;2;1;1;3;60;06/06/2012
2012011445;1;2;1;1;3;60;06/06/2012
2012011446;1;1;1;1;6;60;08/06/2012
2012011447;5;2;1;1;5;60;09/06/2012
2012011448;1;2;3;1;3;60;09/06/2012
2012011449;1;2;1;1;2;60;09/06/2012
2012011450;1;2;1;1;3;60;11/06/2012
2012011451;1;2;2;1;5;60;11/06/2012
2012011452;1;2;1;1;6;60;11/06/2012
2012011453;5;2;1;1;5;60;11/06/2012
2012011454;1;2;1;1;3;60;12/06/2012
2012011455;1;2;1;1;2;60;12/06/2012
2012011456;1;2;1;1;6;60;12/06/2012
2012011457;1;2;3;1;7;60;12/06/2012
2012011458;1;2;1;1;3;60;12/06/2012
2012011459;1;2;1;1;3;60;14/06/2012
2012011460;1;2;1;1;2;60;14/06/2012
2012011461;1;2;1;1;3;60;14/06/2012
2012011462;1;2;1;1;6;60;15/06/2012
2012011463;1;2;1;1;6;60;15/06/2012
2012011464;1;2;1;1;3;60;15/06/2012
2012011465;1;2;3;1;3;60;15/06/2012
2012011466;5;2;1;1;2;60;16/06/2012
2012011467;5;2;3;1;6;60;16/06/2012
2012011468;1;2;1;1;6;60;17/06/2012
2012011469;1;2;1;1;6;60;17/06/2012
2012011470;1;2;3;1;6;60;19/06/2012
2012011471;1;2;1;1;3;60;19/06/2012
2012011472;1;2;1;1;6;60;19/06/2012
2012011473;5;2;2;1;3;60;20/06/2012
2012011474;1;2;2;1;3;60;21/06/2012
2012011475;5;2;1;1;5;60;21/06/2012
2012011476;5;2;1;1;6;60;21/06/2012
2012011477;1;2;1;1;6;60;22/06/2012
2012011478;1;2;1;1;3;60;22/06/2012
2012011479;1;2;1;1;2;60;23/06/2012
2012011480;1;2;1;1;1;60;23/06/2012
2012011481;1;2;1;1;3;60;23/06/2012
2012011482;1;2;1;1;3;60;24/06/2012
2012011483;1;2;1;1;6;60;25/06/2012
2012011484;1;2;1;1;2;60;25/06/2012
2012011485;5;2;1;1;3;60;25/06/2012
2012011486;1;2;1;1;3;60;26/06/2012
2012011487;1;2;1;1;6;60;26/06/2012
2012011488;1;2;1;1;2;60;26/06/2012
2012011489;1;2;1;1;6;60;28/06/2012
2012011490;1;2;1;1;6;60;28/06/2012
2012011491;1;2;1;1;6;60;29/06/2012
2012011492;1;1;2;1;3;60;29/06/2012
2012011493;1;2;1;1;6;60;29/06/2012
2012011494;1;2;1;1;2;60;30/06/2012
2012011495;1;2;1;1;6;60;01/07/2012
2012011496;5;2;2;1;3;60;02/07/2012
2012011497;1;2;1;1;6;60;02/07/2012
2012011498;1;2;1;1;3;60;02/07/2012
2012011499;1;2;1;1;2;60;02/07/2012
2012011500;1;2;1;1;6;60;02/07/2012
2012011501;1;2;1;1;6;60;02/07/2012
2012011502;1;2;1;1;3;60;03/07/2012
2012011503;1;2;3;1;5;60;03/07/2012
2012011504;1;2;1;1;6;60;04/07/2012
2012011505;1;2;1;1;2;60;04/07/2012
2012011506;1;2;1;1;3;60;05/07/2012
2012011507;5;2;2;1;3;60;05/07/2012
2012011508;1;2;2;1;3;60;06/07/2012
2012011509;2;2;1;9;6;60;06/07/2012
2012011510;5;2;1;1;3;60;06/07/2012
2012011511;1;2;1;1;3;60;07/07/2012
2012011512;1;2;3;1;6;60;07/07/2012
2012011513;1;2;1;1;3;60;07/07/2012
2012011514;1;2;1;1;1;60;07/07/2012
2012011515;5;2;1;1;3;60;07/07/2012
2012011516;1;2;1;1;3;60;09/07/2012
2012011517;1;2;1;1;3;60;09/07/2012
2012011518;1;2;1;1;6;60;09/07/2012
2012011519;1;2;2;1;3;60;09/07/2012
2012011520;1;2;1;1;1;60;09/07/2012
2012011521;5;2;1;1;6;60;10/07/2012
2012011522;5;2;1;1;6;60;10/07/2012
2012011523;5;2;1;1;6;60;10/07/2012
2012011524;1;2;1;1;6;60;11/07/2012
2012011525;5;2;3;1;3;60;11/07/2012
2012011526;1;2;1;1;3;60;12/07/2012
2012011527;1;2;2;1;3;60;13/07/2012
2012011528;1;2;1;1;2;60;13/07/2012
2012011529;1;2;1;1;6;60;13/07/2012
2012011530;1;2;1;1;6;60;14/07/2012
2012011531;1;2;3;1;3;60;14/07/2012
2012011532;1;2;1;1;3;60;15/07/2012
2012011533;1;2;1;1;1;60;16/07/2012
2012011534;1;2;2;1;3;60;16/07/2012
2012011535;1;2;1;1;6;60;16/07/2012
2012011536;1;2;1;1;2;60;17/07/2012
2012011537;1;2;3;1;6;60;17/07/2012
2012011538;1;2;2;1;3;60;17/07/2012
2012011539;1;2;1;1;3;60;18/07/2012
2012011540;1;2;1;1;6;60;18/07/2012
2012011541;1;2;1;1;3;60;18/07/2012
2012011542;1;2;2;1;3;60;18/07/2012
2012011543;1;2;1;1;2;60;19/07/2012
2012011544;1;2;1;1;6;60;19/07/2012
2012011545;1;2;1;1;6;60;20/07/2012
2012011546;5;2;1;1;6;60;20/07/2012
2012011547;1;2;1;1;6;60;21/07/2012
2012011548;1;2;3;1;3;60;21/07/2012
2012011549;5;2;1;1;6;60;22/07/2012
2012011550;1;2;1;1;6;60;22/07/2012
2012011551;1;2;2;1;3;60;23/07/2012
2012011552;5;2;1;1;2;60;23/07/2012
2012011553;1;2;1;1;6;60;24/07/2012
2012011554;1;2;1;1;6;60;24/07/2012
2012011555;5;2;1;1;3;60;24/07/2012
2012011556;1;2;2;1;6;60;25/07/2012
2012011557;1;2;1;1;2;60;26/07/2012
2012011558;1;2;1;1;3;60;26/07/2012
2012011559;5;2;1;1;3;60;27/07/2012
2012011560;5;2;1;1;3;60;27/07/2012
2012011561;1;2;1;1;6;60;28/07/2012
2012011562;1;2;1;1;3;60;28/07/2012
2012011563;5;2;1;1;6;60;29/07/2012
2012011564;1;2;2;1;3;60;30/07/2012
2012011565;1;2;1;1;6;60;30/07/2012
2012011566;1;2;1;1;4;60;30/07/2012
2012011567;1;2;1;1;3;60;30/07/2012
2012011568;1;2;1;1;6;60;30/07/2012
2012011569;5;2;1;1;3;60;30/07/2012
2012011570;1;2;2;1;3;60;31/07/2012
2012011571;5;2;2;1;2;60;31/07/2012
2012011572;1;2;1;1;3;60;01/08/2012
2012011573;5;2;1;1;3;60;01/08/2012
2012011574;1;2;3;1;6;60;02/08/2012
2012011575;1;2;1;1;2;60;02/08/2012
2012011576;1;2;2;1;6;60;02/08/2012
2012011577;1;2;1;1;6;60;02/08/2012
2012011578;1;2;1;1;3;60;03/08/2012
2012011579;1;2;1;1;6;60;03/08/2012
2012011580;5;2;1;1;3;60;03/08/2012
2012011581;1;2;1;1;3;60;04/08/2012
2012011582;1;2;2;1;3;60;04/08/2012
2012011583;1;2;1;1;6;60;04/08/2012
2012011584;4;2;2;1;3;60;05/08/2012
2012011585;1;2;1;1;3;60;06/08/2012
2012011586;1;2;1;2;1;60;06/08/2012
2012011587;1;2;1;1;6;60;06/08/2012
2012011588;1;2;1;1;2;60;06/08/2012
2012011589;5;2;1;1;3;60;06/08/2012
2012011590;1;2;1;1;6;60;07/08/2012
2012011591;1;2;1;1;3;60;07/08/2012
2012011592;1;2;2;1;3;60;08/08/2012
2012011593;5;2;1;1;2;60;08/08/2012
2012011594;1;2;1;1;6;60;08/08/2012
2012011595;1;2;1;1;6;60;08/08/2012
2012011596;1;2;1;1;5;60;08/08/2012
2012011597;1;2;1;1;2;60;08/08/2012
2012011598;1;2;1;1;2;60;09/08/2012
2012011599;1;2;1;1;5;60;09/08/2012
2012011600;1;2;1;1;3;60;09/08/2012
2012011601;5;2;2;1;3;60;09/08/2012
2012011602;5;2;1;1;6;60;10/08/2012
2012011603;1;2;1;1;6;60;10/08/2012
2012011604;1;2;1;1;3;60;10/08/2012
2012011605;1;2;1;1;6;60;10/08/2012
2012011606;5;2;1;1;6;60;10/08/2012
2012011607;1;2;1;1;3;60;11/08/2012
2012011608;1;2;1;1;1;60;12/08/2012
2012011609;1;2;1;1;6;60;12/08/2012
2012011610;1;2;1;1;6;60;14/08/2012
2012011611;1;2;1;1;6;60;15/08/2012
2012011612;1;2;1;1;6;60;18/08/2012
2012011613;1;2;1;1;6;60;18/08/2012
2012011614;1;2;1;1;3;60;18/08/2012
2012011615;1;2;1;1;6;60;18/08/2012
2012011616;1;2;2;1;3;60;19/08/2012
2012011617;2;2;1;1;3;60;20/08/2012
2012011618;5;2;1;1;3;60;20/08/2012
2012011619;1;2;1;1;2;60;20/08/2012
2012011620;5;2;1;1;2;60;21/08/2012
2012011621;5;2;1;1;3;60;21/08/2012
2012011622;1;2;1;1;2;60;22/08/2012
2012011623;5;2;1;1;1;60;22/08/2012
2012011624;1;2;1;1;1;60;23/08/2012
2012011625;1;2;1;1;6;60;23/08/2012
2012011626;5;2;1;1;2;60;24/08/2012
2012011627;1;2;1;1;3;60;24/08/2012
2012011628;1;2;1;1;2;60;24/08/2012
2012011629;1;2;1;1;3;60;24/08/2012
2012011630;4;2;1;1;7;60;24/08/2012
2012011631;5;2;1;1;6;60;25/08/2012
2012011632;1;2;1;1;3;60;25/08/2012
2012011633;5;2;1;1;3;60;26/08/2012
2012011634;5;2;1;1;6;60;27/08/2012
2012011635;1;2;3;1;3;60;27/08/2012
2012011636;1;2;1;1;1;60;27/08/2012
2012011637;1;2;3;1;3;60;27/08/2012
2012011638;1;2;2;1;3;60;27/08/2012
2012011639;1;2;1;1;3;60;27/08/2012
2012011640;1;2;6;1;3;60;29/08/2012
2012011641;1;2;1;1;3;60;29/08/2012
2012011642;1;2;1;1;3;60;29/08/2012
2012011643;1;2;1;1;2;60;30/08/2012
2012011644;1;2;2;1;3;60;31/08/2012
2012011645;1;2;1;3;1;60;31/08/2012
2012011646;1;1;1;2;6;60;01/09/2012
2012011647;2;2;1;1;3;60;01/09/2012
2012011648;1;2;1;1;3;60;04/09/2012
2012011649;1;2;1;1;6;60;04/09/2012
2012011650;1;2;1;1;6;60;06/09/2012
2012011651;1;2;1;1;2;60;06/09/2012
2012011652;1;2;1;1;4;60;06/09/2012
2012011653;1;2;1;1;3;60;06/09/2012
2012011654;1;2;1;1;6;60;06/09/2012
2012011655;1;2;1;1;3;60;06/09/2012
2012011656;1;2;1;1;3;60;07/09/2012
2012011657;1;2;1;1;6;60;07/09/2012
2012011658;1;2;1;1;2;60;07/09/2012
2012011659;1;2;1;1;3;60;07/09/2012
2012011660;1;2;1;1;3;60;07/09/2012
2012011661;5;2;1;1;2;60;07/09/2012
2012011662;1;2;1;1;1;60;09/09/2012
2012011663;2;2;1;1;2;60;09/09/2012
2012011664;1;2;2;1;3;60;09/09/2012
2012011665;5;2;1;1;6;60;10/09/2012
2012011666;1;2;1;1;2;60;10/09/2012
2012011667;1;2;1;1;3;60;10/09/2012
2012011668;1;2;1;1;2;60;10/09/2012
2012011669;5;2;1;1;6;60;11/09/2012
2012011670;1;2;3;1;3;60;11/09/2012
2012011671;1;2;1;1;2;60;12/09/2012
2012011672;1;2;1;1;3;60;12/09/2012
2012011673;1;2;2;1;6;60;12/09/2012
2012011674;5;2;1;1;6;60;13/09/2012
2012011675;1;2;1;1;2;60;14/09/2012
2012011676;1;2;1;1;3;60;14/09/2012
2012011677;1;2;1;1;3;60;14/09/2012
2012011678;1;2;1;1;5;60;14/09/2012
2012011679;1;2;1;1;2;60;14/09/2012
2012011680;1;2;3;1;6;60;15/09/2012
2012011681;1;2;1;1;3;60;15/09/2012
2012011682;5;2;1;1;6;60;16/09/2012
2012011683;1;2;3;1;6;60;16/09/2012
2012011684;1;2;1;1;3;60;17/09/2012
2012011685;1;2;2;1;3;60;17/09/2012
2012011686;1;2;1;1;6;60;17/09/2012
2012011687;1;2;1;1;6;60;18/09/2012
2012011688;1;2;1;1;2;60;18/09/2012
2012011689;1;2;1;1;1;60;18/09/2012