num_acc;lum;agg;inter;atm;col;dep;date
2012012863;2;2;1;1;3;90;12/11/2012
2012012864;1;2;1;1;6;90;22/11/2012
2012012865;1;1;1;1;7;90;27/11/2012
2012012866;1;2;1;1;6;90;30/11/2012
2012012867;2;2;1;1;6;90;14/12/2012
2012012868;1;1;1;1;2;310;12/01/2012
2012012869;2;1;1;1;2;310;24/02/2012
2012012870;2;1;1;1;6;310;11/03/2012
2012012871;1;1;1;1;6;310;18/08/2012
2012012872;1;1;1;1;3;110;07/09/2012
2012012873;1;1;1;1;1;330;13/01/2012
2012012874;5;1;1;1;7;330;06/02/2012
2012012875;3;1;1;1;3;330;08/02/2012
2012012876;1;1;1;1;2;330;11/05/2012
2012012877;1;1;1;1;7;330;30/05/2012
2012012878;1;1;1;1;4;330;26/06/2012
2012012879;1;1;6;1;2;330;01/07/2012
2012012880;1;1;1;1;7;330;29/09/2012
2012012881;1;1;1;3;7;330;20/10/2012
2012012882;1;1;1;1;3;740;05/06/2012
2012012883;1;1;1;1;3;740;29/06/2012
2012012884;1;1;1;1;2;740;29/08/2012
2012012885;1;1;1;1;6;460;23/03/2012
2012012886;3;1;1;1;7;460;31/08/2012
2012012887;1;1;1;1;6;720;06/04/2012
2012012888;1;1;1;1;7;720;10/06/2012
2012012889;3;1;1;1;2;720;05/12/2012
2012012890;1;1;1;1;2;680;05/04/2012
2012012891;1;1;1;1;6;680;11/09/2012
2012012892;2;1;1;8;6;680;19/11/2012
2012012893;1;1;1;1;6;680;23/11/2012
2012012894;1;1;1;1;6;530;10/02/2012
2012012895;1;1;1;1;7;530;13/04/2012
2012012896;1;1;1;3;6;530;30/06/2012
2012012897;1;1;1;1;7;530;21/07/2012
2012012898;1;1;1;1;6;440;09/03/2012
2012012899;3;1;1;1;2;490;22/03/2012
2012012900;1;1;1;1;2;440;03/06/2012
2012012901;1;1;1;1;7;440;13/08/2012
2012012902;3;1;1;1;2;440;06/09/2012
2012012903;1;1;1;3;4;440;09/10/2012
2012012904;3;1;1;2;7;440;18/11/2012
2012012905;1;1;1;1;6;440;29/12/2012
2012012906;1;1;1;1;7;470;04/07/2012
2012012907;1;1;1;1;2;470;12/08/2012
2012012908;1;1;1;1;5;470;29/08/2012
2012012909;1;1;1;4;7;820;06/02/2012
2012012910;3;1;1;1;2;820;20/02/2012
2012012911;3;1;1;1;6;820;11/03/2012
2012012912;1;1;1;1;5;820;22/05/2012
2012012913;1;1;1;1;6;820;10/08/2012
2012012914;2;1;1;1;2;820;12/09/2012
2012012915;3;1;1;1;5;820;11/12/2012
2012012916;1;1;1;1;1;201;08/06/2012
2012012917;1;1;1;1;6;201;16/06/2012
2012012918;1;2;1;1;1;201;17/08/2012
2012012919;1;2;1;1;6;201;30/08/2012
2012012920;1;1;1;1;1;201;01/10/2012
2012012921;1;1;1;1;6;390;04/08/2012
2012012922;1;1;1;1;6;390;28/08/2012
2012012923;1;1;1;2;6;390;10/10/2012
2012012924;2;2;1;1;6;380;16/01/2012
2012012925;1;1;1;7;1;380;20/02/2012
2012012926;1;1;1;1;1;380;09/04/2012
2012012927;3;1;4;1;1;380;12/05/2012
2012012928;1;1;1;1;3;380;12/07/2012
2012012929;1;2;1;1;7;380;22/09/2012
2012012930;1;1;1;1;3;380;04/10/2012
2012012931;1;2;1;1;2;380;25/10/2012
2012012932;1;2;6;3;6;380;27/11/2012
2012012933;5;2;1;9;3;380;24/12/2012
2012012934;1;2;1;1;3;380;31/12/2012
2012012935;1;2;9;1;6;60;16/01/2012
2012012936;1;2;1;1;1;60;09/02/2012
2012012937;1;2;1;8;5;60;18/05/2012
2012012938;1;2;1;1;7;60;20/06/2012
2012012939;1;1;1;1;3;60;17/07/2012
2012012940;1;1;1;1;6;60;21/07/2012
2012012941;1;2;6;1;3;60;01/08/2012
2012012942;1;2;2;1;3;60;02/08/2012
2012012943;3;1;1;1;5;60;29/12/2012
2012012944;1;1;2;1;3;780;16/02/2012
2012012945;2;1;1;1;2;780;02/03/2012
2012012946;1;1;1;1;3;780;31/03/2012
2012012947;1;2;1;1;3;780;16/08/2012
2012012948;1;1;2;1;3;780;22/08/2012
2012012949;1;1;1;1;6;780;01/09/2012
2012012950;1;1;6;1;3;780;26/10/2012
2012012951;1;1;1;1;1;780;13/11/2012
2012012952;5;1;1;1;3;330;02/03/2012
2012012953;1;1;1;1;6;330;08/08/2012
2012012954;1;1;1;1;1;330;31/08/2012
2012012955;3;1;1;1;6;330;04/10/2012
2012012956;1;2;6;1;1;330;12/10/2012
2012012957;3;1;3;1;5;330;30/11/2012
2012012958;1;1;1;5;1;330;11/12/2012
2012012959;5;2;2;1;3;330;11/12/2012
2012012960;1;2;7;1;6;330;14/12/2012
2012012961;3;1;1;1;1;660;08/09/2012
2012012962;1;1;1;1;2;670;19/04/2012
2012012963;3;1;9;1;3;670;05/05/2012
2012012964;1;1;1;1;7;670;30/09/2012
2012012965;3;1;1;1;2;670;21/10/2012
2012012966;1;1;1;1;5;670;02/11/2012
2012012967;3;1;1;1;2;670;16/11/2012
2012012968;1;1;1;1;6;790;18/04/2012
2012012969;1;1;1;1;2;790;20/07/2012
2012012970;1;1;1;3;2;790;06/08/2012
2012012971;1;1;1;1;6;330;24/05/2012
2012012972;3;1;1;1;7;170;16/09/2012
2012012973;5;1;1;1;2;330;29/09/2012
2012012974;1;1;1;1;6;740;28/07/2012
2012012975;2;1;1;1;2;740;09/09/2012
2012012976;1;1;1;3;7;740;12/09/2012
2012012977;2;1;1;1;5;740;03/10/2012
2012012978;3;1;1;3;6;740;07/10/2012
2012012979;2;1;1;8;6;740;08/10/2012
2012012980;5;1;1;8;7;740;19/12/2012
2012012981;1;1;1;1;1;220;16/07/2012
2012012982;2;1;1;1;3;220;04/10/2012
2012012983;1;1;2;1;3;220;31/10/2012
2012012984;1;1;1;2;5;201;11/04/2012
2012012985;1;1;1;1;3;201;21/04/2012
2012012986;1;1;1;1;4;201;29/04/2012
2012012987;3;1;1;1;1;740;12/01/2012
2012012988;1;2;1;1;6;740;24/03/2012
2012012989;1;1;2;1;3;740;31/03/2012
2012012990;1;1;1;1;5;740;27/04/2012
2012012991;1;1;1;1;2;740;23/05/2012
2012012992;1;1;4;1;3;740;11/09/2012
2012012993;2;2;1;1;6;740;16/09/2012
2012012994;1;1;1;1;1;740;15/10/2012
2012012995;1;1;1;1;1;740;21/10/2012
2012012996;5;2;1;1;6;740;08/11/2012
2012012997;1;1;1;1;7;690;02/01/2012
2012012998;1;1;1;1;6;10;15/06/2012
2012012999;1;1;1;1;2;10;20/06/2012
2012013000;3;1;1;1;2;10;10/09/2012
2012013001;1;1;1;1;2;10;23/12/2012
2012013002;1;2;1;1;3;420;28/01/2012
2012013003;2;1;1;2;6;420;06/03/2012
2012013004;5;2;2;1;3;420;10/03/2012
2012013005;1;2;1;1;1;420;02/04/2012
2012013006;1;1;1;1;7;420;12/03/2012
2012013007;2;1;1;8;7;420;12/05/2012
2012013008;1;2;1;1;3;420;15/05/2012
2012013009;1;2;1;1;1;420;29/05/2012
2012013010;1;2;6;1;1;420;12/08/2012
2012013011;1;1;1;1;2;420;06/10/2012
2012013012;1;2;1;1;3;420;07/10/2012
2012013013;1;2;1;1;1;420;13/10/2012
2012013014;3;1;1;1;6;560;11/12/2012
2012013015;1;1;1;1;3;910;28/01/2012
2012013016;3;1;1;1;6;910;07/04/2012
2012013017;1;1;1;1;2;910;18/07/2012
2012013018;4;2;1;1;6;910;09/08/2012
2012013019;1;2;1;8;6;910;05/12/2012
2012013020;3;1;1;9;7;510;09/02/2012
2012013021;1;2;1;1;7;510;21/03/2012
2012013022;1;1;1;1;6;510;15/04/2012
2012013023;1;1;1;1;4;510;21/04/2012
2012013024;3;1;1;1;6;510;11/07/2012
2012013025;1;1;1;1;6;510;01/08/2012
2012013026;1;1;9;3;1;510;14/12/2012
2012013027;5;1;1;1;7;510;29/12/2012
2012013028;1;2;6;7;3;310;06/03/2012
2012013029;1;2;1;1;1;310;03/07/2012
2012013030;1;2;6;1;3;310;20/08/2012
2012013031;1;1;1;1;1;60;15/01/2012
2012013032;1;1;1;1;2;60;22/02/2012
2012013033;1;1;1;1;6;60;26/01/2012
2012013034;1;1;3;1;3;60;06/03/2012
2012013035;1;1;1;1;3;60;04/04/2012
2012013036;1;2;1;1;4;60;25/04/2012
2012013037;1;1;1;1;1;60;07/05/2012
2012013038;3;1;1;1;6;60;09/05/2012
2012013039;1;1;1;2;6;60;20/05/2012
2012013040;1;1;1;1;1;60;11/06/2012
2012013041;3;1;1;9;6;60;22/07/2012
2012013042;4;1;1;1;3;60;26/07/2012
2012013043;1;1;1;1;1;60;10/08/2012
2012013044;4;1;1;1;6;60;18/08/2012
2012013045;1;1;1;1;3;60;21/08/2012
2012013046;1;1;3;1;1;60;21/09/2012
2012013047;1;1;1;1;6;60;16/11/2012
2012013048;1;1;1;1;7;60;10/10/2012
2012013049;1;2;1;1;7;60;16/12/2012
2012013050;1;2;1;1;1;690;12/11/2012
2012013051;1;2;1;1;1;690;03/01/2012
2012013052;1;2;4;1;2;690;02/02/2012
2012013053;1;2;1;8;3;690;10/04/2012
2012013054;1;1;1;1;6;690;27/07/2012
2012013055;2;2;1;1;3;690;29/07/2012
2012013056;1;2;1;1;7;690;05/09/2012
2012013057;1;2;1;1;3;690;10/09/2012
2012013058;1;2;1;2;6;690;27/09/2012
2012013059;1;2;1;8;3;380;04/01/2012
2012013060;1;2;1;1;6;380;09/05/2012
2012013061;1;1;1;1;1;380;13/07/2012
2012013062;1;2;6;1;3;380;14/09/2012
2012013063;1;2;1;1;7;380;16/09/2012
2012013064;1;1;1;1;3;380;19/09/2012
2012013065;1;2;1;2;1;380;29/09/2012
2012013066;1;2;1;1;1;740;16/06/2012
2012013067;1;2;9;1;6;740;27/06/2012
2012013068;1;1;1;1;1;740;16/07/2012
2012013069;1;2;1;1;3;740;15/09/2012
2012013070;2;2;1;5;1;740;17/11/2012
2012013071;5;2;1;1;2;740;22/12/2012
2012013072;1;1;1;1;1;340;30/04/2012
2012013073;1;1;1;1;6;340;02/06/2012
2012013074;1;2;1;1;3;340;07/08/2012
2012013075;3;1;1;1;6;340;22/08/2012
2012013076;3;1;1;1;7;10;17/01/2012
2012013077;1;1;1;1;2;10;04/03/2012
2012013078;1;1;1;1;5;10;09/03/2012
2012013079;3;1;1;1;7;10;22/06/2012
2012013080;1;1;1;1;7;10;05/08/2012
2012013081;1;1;1;1;7;10;10/08/2012
2012013082;3;1;1;1;7;10;24/09/2012
2012013083;1;1;1;1;1;10;11/10/2012
2012013084;3;1;1;5;6;10;19/12/2012
2012013085;3;1;1;1;2;20;03/02/2012
2012013086;3;1;1;1;2;20;02/04/2012
2012013087;1;1;1;1;3;20;19/08/2012
2012013088;3;1;1;2;2;20;26/08/2012
2012013089;3;1;1;1;7;20;21/10/2012
2012013090;3;1;1;1;2;20;11/12/2012
2012013091;2;2;1;3;6;780;05/01/2012
2012013092;1;2;5;1;3;780;04/02/2012
2012013093;5;2;2;2;6;780;15/02/2012
2012013094;3;1;1;9;6;780;11/06/2012
2012013095;1;2;1;1;6;780;15/06/2012
2012013096;1;1;1;1;2;780;22/06/2012
2012013097;1;2;2;8;1;780;12/10/2012
2012013098;1;2;1;1;6;780;10/11/2012
2012013099;4;1;1;5;1;780;22/11/2012
2012013100;1;1;1;1;3;130;18/02/2012
2012013101;3;2;4;1;3;130;14/03/2012
2012013102;5;2;1;1;6;130;16/03/2012
2012013103;1;2;1;1;3;130;29/03/2012
2012013104;1;1;1;1;2;130;13/07/2012
2012013105;3;1;1;1;4;130;20/11/2012
2012013106;3;1;1;1;6;950;17/05/2012
2012013107;1;1;1;2;4;950;28/04/2012
2012013108;1;1;1;1;4;950;31/10/2012
2012013109;2;1;1;2;5;950;13/12/2012
2012013110;1;1;1;1;1;90;07/03/2012
2012013111;1;1;1;1;1;90;29/04/2012
2012013112;1;1;1;8;5;90;14/07/2012
2012013113;1;1;1;2;6;90;02/09/2012
2012013114;1;1;1;1;6;90;09/09/2012
2012013115;5;2;1;1;6;90;22/11/2012
2012013116;1;1;1;1;7;90;24/11/2012
2012013117;1;1;1;1;5;90;13/12/2012
2012013118;1;1;1;1;7;350;26/04/2012
2012013119;5;2;3;1;2;350;31/05/2012
2012013120;1;2;3;1;4;350;12/07/2012
2012013121;3;1;1;1;6;350;22/12/2012
2012013122;1;1;1;1;3;560;14/02/2012
2012013123;5;2;1;2;6;560;29/04/2012
2012013124;1;1;1;1;1;560;19/06/2012
2012013125;1;1;6;1;3;560;19/07/2012
2012013126;1;2;1;1;1;560;29/08/2012
2012013127;1;2;1;1;3;560;07/11/2012
2012013128;3;1;1;3;7;420;02/07/2012
2012013129;1;1;9;1;6;420;23/11/2012
2012013130;1;1;9;1;6;420;28/12/2012
2012013131;3;1;1;8;6;420;29/11/2012
2012013132;2;1;1;1;1;880;01/02/2012
2012013133;1;1;1;1;5;880;15/08/2012
2012013134;1;2;1;1;6;380;27/09/2012
2012013135;2;1;1;1;3;130;23/01/2012
2012013136;3;1;1;1;6;130;03/03/2012
2012013137;3;1;1;5;2;130;05/10/2012
2012013138;1;1;1;1;2;130;17/12/2012
2012013139;3;1;1;1;3;130;18/12/2012
2012013140;3;1;1;1;7;180;06/10/2012
2012013141;1;1;9;1;3;340;01/05/2012
2012013142;1;1;1;1;3;340;10/06/2012
2012013143;1;1;1;1;2;340;12/06/2012
2012013144;1;1;1;1;7;340;20/06/2012
2012013145;1;1;3;1;3;340;21/06/2012
2012013146;1;1;1;1;5;340;09/07/2012
2012013147;3;1;2;1;3;340;04/10/2012
2012013148;3;1;1;1;6;340;06/10/2012
2012013149;1;1;1;7;6;340;01/12/2012
2012013150;3;1;1;1;6;340;18/12/2012
2012013151;1;1;1;2;5;10;02/05/2012
2012013152;1;1;1;9;6;10;05/07/2012
2012013153;1;1;1;2;3;10;04/08/2012
2012013154;1;1;1;1;2;10;06/08/2012
2012013155;1;1;1;3;6;10;30/09/2012
2012013156;1;1;1;1;1;140;14/07/2012
2012013157;3;1;1;1;6;130;16/01/2012
2012013158;3;1;1;1;1;130;18/01/2012
2012013159;3;1;1;1;3;130;02/02/2012
2012013160;2;1;1;1;7;130;01/04/2012
2012013161;1;1;1;1;3;130;02/04/2012
2012013162;1;2;3;1;3;130;12/04/2012
2012013163;3;1;1;1;6;130;22/04/2012
2012013164;1;1;1;1;6;130;29/04/2012
2012013165;1;1;1;1;3;130;25/05/2012
2012013166;1;1;1;1;5;130;15/06/2012
2012013167;1;1;1;1;1;130;03/07/2012
2012013168;1;2;1;1;6;130;10/09/2012
2012013169;1;1;9;1;3;130;14/09/2012
2012013170;1;1;1;1;3;130;20/11/2012
2012013171;1;1;1;1;7;50;10/08/2012
2012013172;1;1;1;1;1;50;29/08/2012
2012013173;1;1;3;1;3;50;30/10/2012
2012013174;2;1;1;1;3;30;25/05/2012
2012013175;1;1;1;1;2;30;29/06/2012
2012013176;1;1;1;1;2;30;05/08/2012
2012013177;3;1;1;1;6;30;09/09/2012
2012013178;3;1;1;1;2;30;06/11/2012
2012013179;3;1;1;1;5;630;02/03/2012
2012013180;1;1;1;1;4;630;13/05/2012
2012013181;1;1;1;3;3;630;21/05/2012
2012013182;1;1;1;1;2;630;10/08/2012
2012013183;1;1;1;1;6;630;13/08/2012
2012013184;1;1;1;1;6;630;14/08/2012
2012013185;1;1;1;1;6;630;30/08/2012
2012013186;3;1;1;1;6;60;05/07/2012
2012013187;1;1;1;1;6;490;17/01/2012
2012013188;1;1;1;1;2;720;29/05/2012
2012013189;1;1;1;1;2;720;06/06/2012
2012013190;2;1;1;5;2;400;12/01/2012
2012013191;1;1;1;1;3;400;28/03/2012
2012013192;1;1;1;1;7;400;31/03/2012
2012013193;5;1;1;1;7;400;31/05/2012
2012013194;1;1;1;2;2;400;05/07/2012
2012013195;3;1;1;1;2;400;26/07/2012
2012013196;3;1;1;1;6;400;30/09/2012
2012013197;1;1;1;1;6;400;23/05/2012
2012013198;3;1;1;1;6;400;29/05/2012
2012013199;3;1;1;1;2;400;29/05/2012
2012013200;3;1;1;1;2;400;31/08/2012
2012013201;3;1;1;1;6;400;18/09/2012
2012013202;1;2;1;8;6;630;21/04/2012
2012013203;1;1;1;1;6;630;23/08/2012
2012013204;3;1;1;2;6;630;26/11/2012
2012013205;1;2;9;1;6;100;06/01/2012
2012013206;1;2;1;8;6;100;29/12/2012
2012013207;5;2;2;1;3;100;08/01/2012
2012013208;1;2;1;1;6;100;13/01/2012
2012013209;1;2;1;1;6;100;11/01/2012
2012013210;5;2;1;1;6;100;12/01/2012
2012013211;5;2;9;1;6;100;19/01/2012
2012013212;5;2;1;1;2;100;21/01/2012
2012013213;1;2;6;1;3;100;24/01/2012
2012013214;2;2;4;1;3;100;20/01/2012
2012013215;1;2;2;1;1;100;04/01/2012
2012013216;1;2;7;1;6;100;10/01/2012
2012013217;2;2;3;1;3;100;26/01/2012
2012013218;1;2;6;8;3;100;13/02/2012
2012013219;1;2;2;1;7;100;07/02/2012
2012013220;1;2;1;1;6;100;28/02/2012
2012013221;1;2;1;1;3;100;01/03/2012
2012013222;5;2;6;1;6;100;23/02/2012
2012013223;1;2;1;1;5;100;29/02/2012
2012013224;5;2;2;1;3;100;10/03/2012
2012013225;1;2;9;1;2;100;12/03/2012
2012013226;1;1;1;1;7;100;09/03/2012
2012013227;1;2;1;1;6;100;14/03/2012
2012013228;1;2;1;1;2;100;23/02/2012
2012013229;1;1;1;1;2;100;21/03/2012
2012013230;1;2;3;1;3;100;09/03/2012
2012013231;1;2;3;3;3;100;18/03/2012
2012013232;1;2;1;1;5;100;27/03/2012
2012013233;1;2;2;1;3;100;01/04/2012
2012013234;1;2;1;1;6;100;07/04/2012
2012013235;1;2;6;1;3;100;11/04/2012
2012013236;2;2;2;1;3;100;12/04/2012
2012013237;1;2;1;2;7;100;25/04/2012
2012013238;1;2;1;1;6;100;10/05/2012
2012013239;1;2;2;1;3;100;30/04/2012
2012013240;1;2;1;2;2;100;22/05/2012
2012013241;1;2;2;1;3;100;27/05/2012
2012013242;1;2;1;1;7;100;11/05/2012
2012013243;5;2;6;1;3;100;24/06/2012
2012013244;1;1;9;1;6;100;16/07/2012
2012013245;1;2;3;1;3;100;19/07/2012
2012013246;1;2;6;1;3;100;18/07/2012
2012013247;1;2;1;1;6;100;08/08/2012
2012013248;1;2;1;1;6;100;17/08/2012
2012013249;1;2;1;1;2;100;13/08/2012
2012013250;1;2;1;1;3;100;15/08/2012
2012013251;5;2;6;1;3;100;13/08/2012
2012013252;1;2;1;1;2;100;25/08/2012
2012013253;5;2;3;1;3;100;04/09/2012
2012013254;1;2;1;1;3;100;03/09/2012
2012013255;1;2;6;7;3;100;14/09/2012
2012013256;1;2;6;8;3;100;14/09/2012
2012013257;1;2;6;1;3;100;16/09/2012
2012013258;1;2;3;1;3;100;14/09/2012
2012013259;5;2;1;1;2;100;23/09/2012
2012013260;1;2;1;2;6;100;21/09/2012
2012013261;1;2;1;1;1;100;22/09/2012
2012013262;1;2;1;1;3;100;22/09/2012
2012013263;1;2;1;8;6;100;25/09/2012
2012013264;1;2;1;1;6;100;24/09/2012
2012013265;1;2;1;1;6;100;08/09/2012
2012013266;5;2;2;1;3;100;10/10/2012
2012013267;5;2;2;2;3;100;13/10/2012
2012013268;1;2;2;1;3;100;01/10/2012
2012013269;1;2;2;1;3;100;11/10/2012
2012013270;1;2;3;1;6;100;22/09/2012
2012013271;1;2;3;1;3;100;18/10/2012
2012013272;2;2;6;1;3;100;01/10/2012
2012013273;1;2;2;2;3;100;04/11/2012
2012013274;1;2;3;3;3;100;02/11/2012
2012013275;1;2;1;1;6;100;31/10/2012
2012013276;5;2;3;5;3;100;20/11/2012
2012013277;3;1;1;8;6;100;11/11/2012
2012013278;1;2;1;1;6;100;13/11/2012
2012013279;2;2;1;1;3;100;18/10/2012
2012013280;5;2;2;1;3;100;20/10/2012
2012013281;1;2;1;1;6;100;27/10/2012
2012013282;1;2;3;1;1;100;22/11/2012
2012013283;1;2;1;9;2;100;19/11/2012
2012013284;2;2;1;1;6;100;21/11/2012
2012013285;1;2;2;1;3;100;16/12/2012
2012013286;2;2;1;2;3;100;03/12/2012
2012013287;1;1;1;3;2;100;18/12/2012
2012013288;5;2;1;2;1;100;22/12/2012
2012013289;5;2;1;2;6;100;22/12/2012
2012013290;5;2;1;1;6;100;31/12/2012
2012013291;1;2;1;1;3;100;31/12/2012
2012013292;1;2;1;1;3;670;25/03/2012
2012013293;1;2;1;1;6;670;24/06/2012
2012013294;1;1;1;1;6;670;18/08/2012
2012013295;3;1;1;1;6;670;30/10/2012
2012013296;5;1;1;1;1;670;08/11/2012
2012013297;1;1;1;1;1;670;20/02/2012
2012013298;1;2;1;7;3;670;26/03/2012
2012013299;1;2;1;7;2;670;10/05/2012
2012013300;1;1;1;1;7;670;20/08/2012
2012013301;1;1;9;1;1;670;06/09/2012
2012013302;5;2;1;1;3;670;29/09/2012
2012013303;2;2;9;2;6;670;16/12/2012
2012013304;1;2;1;1;3;60;18/04/2012
2012013305;1;2;1;1;1;60;23/04/2012
2012013306;1;2;1;1;3;60;14/05/2012
2012013307;1;1;1;1;7;60;27/07/2012
2012013308;1;1;1;4;4;650;06/04/2012
2012013309;1;1;1;1;6;650;25/06/2012
2012013310;1;1;1;2;6;650;12/10/2012
2012013311;1;1;1;1;6;650;09/11/2012
2012013312;1;1;1;1;6;650;13/11/2012
2012013313;1;1;1;1;6;20;31/07/2012
2012013314;5;1;1;1;6;380;03/03/2012
2012013315;1;1;1;1;3;380;23/03/2012
2012013316;1;2;6;1;7;380;19/07/2012
2012013317;5;1;1;1;3;380;18/11/2012
2012013318;1;1;1;1;2;30;11/04/2012
2012013319;1;1;1;1;3;30;29/05/2012
2012013320;1;1;1;1;7;30;11/07/2012
2012013321;1;1;1;1;7;30;19/09/2012
2012013322;1;1;1;1;2;210;12/05/2012
2012013323;1;1;1;1;3;210;29/07/2012
2012013324;1;1;1;1;6;40;13/06/2012
2012013325;1;1;1;1;7;40;01/07/2012
2012013326;5;2;1;1;6;290;07/02/2012
2012013327;1;1;9;8;6;290;06/07/2012
2012013328;5;2;1;2;6;290;22/10/2012
2012013329;2;1;1;1;6;130;18/03/2012
2012013330;1;1;2;1;3;130;02/05/2012
2012013331;1;1;1;1;6;130;23/07/2012
2012013332;3;1;1;1;6;130;16/08/2012
2012013333;3;1;1;1;3;130;06/09/2012
2012013334;3;1;1;3;1;130;31/10/2012
2012013335;1;1;1;1;6;730;02/05/2012
2012013336;3;1;1;1;5;730;21/11/2012
2012013337;1;1;1;1;7;730;27/12/2012
2012013338;3;1;1;1;6;380;09/03/2012
2012013339;1;1;1;1;6;380;16/09/2012
2012013340;1;1;1;1;6;260;25/11/2012
2012013341;3;1;1;1;6;350;13/06/2012
2012013342;1;2;6;1;3;350;14/06/2012
2012013343;1;2;6;1;1;350;19/06/2012
2012013344;1;1;2;1;3;350;17/08/2012
2012013345;1;1;1;1;3;350;08/09/2012
2012013346;5;2;1;1;6;350;31/10/2012
2012013347;2;1;1;2;3;350;04/12/2012
2012013348;3;1;1;1;6;670;17/01/2012
2012013349;3;1;9;1;7;670;31/01/2012
2012013350;3;1;1;1;7;670;10/02/2012
2012013351;1;1;1;1;4;670;21/02/2012
2012013352;1;1;1;2;7;670;18/03/2012
2012013353;1;1;1;1;6;670;21/08/2012
2012013354;1;1;1;1;1;670;24/08/2012
2012013355;1;1;1;1;7;670;29/08/2012
2012013356;1;1;1;1;6;670;16/09/2012
2012013357;1;1;1;1;7;670;20/05/2012
2012013358;5;2;1;1;6;110;08/01/2012
2012013359;3;1;3;1;1;110;11/01/2012
2012013360;3;1;1;1;6;110;15/01/2012
2012013361;3;2;1;1;6;110;19/01/2012
2012013362;1;1;1;1;6;110;04/02/2012
2012013363;5;2;1;1;6;110;04/01/2012
2012013364;1;2;3;1;3;110;19/03/2012
2012013365;5;2;1;1;2;110;22/03/2012
2012013366;1;2;3;1;3;110;26/03/2012
2012013367;1;2;5;1;3;110;01/04/2012
2012013368;5;2;1;1;6;110;25/04/2012
2012013369;1;2;1;1;2;110;22/04/2012
2012013370;1;1;1;1;2;110;16/04/2012
2012013371;1;1;1;1;3;110;29/04/2012
2012013372;2;2;1;1;2;110;09/05/2012
2012013373;3;1;1;1;6;110;17/05/2012
2012013374;5;2;2;1;3;110;16/05/2012
2012013375;3;2;1;1;6;110;06/01/2012
2012013376;1;2;3;1;3;110;01/06/2012
2012013377;2;2;3;1;3;110;06/06/2012
2012013378;1;2;3;1;3;110;06/06/2012
2012013379;5;2;1;1;6;110;09/06/2012
2012013380;1;1;3;1;3;110;30/05/2012
2012013381;5;2;1;1;2;110;02/07/2012
2012013382;1;1;1;1;3;110;09/01/2012
2012013383;1;2;3;1;3;110;17/06/2012
2012013384;1;1;1;1;2;110;22/07/2012
2012013385;1;1;3;1;3;110;10/01/2012
2012013386;1;2;1;1;6;110;05/09/2012
2012013387;2;2;3;1;3;110;10/09/2012
2012013388;1;1;1;1;1;110;11/09/2012
2012013389;1;1;1;1;3;110;20/09/2012
2012013390;1;2;1;2;6;110;24/09/2012
2012013391;1;1;1;1;7;110;23/09/2012
2012013392;1;2;1;1;1;110;12/01/2012
2012013393;1;1;1;1;1;110;28/09/2012
2012013394;1;2;1;1;6;110;06/10/2012
2012013395;2;2;1;1;2;110;21/10/2012
2012013396;3;2;1;1;1;110;24/11/2012
2012013397;3;1;1;1;6;110;27/11/2012
2012013398;3;2;1;1;6;110;31/12/2012
2012013399;1;1;3;1;5;110;19/01/2012
2012013400;2;2;1;1;6;110;20/01/2012
2012013401;2;2;3;1;3;110;25/01/2012
2012013402;2;2;1;1;7;110;25/01/2012
2012013403;1;2;1;1;7;110;30/01/2012
2012013404;1;1;1;1;2;110;30/01/2012
2012013405;2;2;1;1;6;110;01/02/2012
2012013406;1;1;6;1;3;110;02/02/2012
2012013407;1;2;1;1;4;110;09/02/2012
2012013408;2;2;3;1;3;110;12/02/2012
2012013409;1;2;1;1;2;110;16/02/2012
2012013410;3;1;1;1;7;110;17/02/2012
2012013411;2;2;1;1;7;110;11/03/2012
2012013412;1;1;1;1;7;110;21/03/2012
2012013413;1;2;1;1;2;110;28/03/2012
2012013414;1;1;1;1;3;110;10/04/2012
2012013415;1;1;1;1;7;110;10/04/2012
2012013416;1;1;1;1;6;110;14/04/2012
2012013417;1;2;1;1;6;110;24/04/2012
2012013418;1;2;1;1;2;110;25/04/2012
2012013419;2;2;1;1;2;110;26/04/2012
2012013420;3;1;3;1;3;110;26/04/2012
2012013421;1;2;1;1;7;110;28/04/2012
2012013422;1;1;1;6;7;110;28/04/2012
2012013423;1;2;3;1;3;110;30/04/2012
2012013424;5;2;1;1;7;110;30/04/2012
2012013425;5;2;1;1;2;110;01/05/2012
2012013426;1;1;6;1;7;110;01/05/2012
2012013427;1;2;3;1;5;110;03/05/2012
2012013428;1;2;1;1;2;110;10/05/2012
2012013429;1;2;1;2;7;110;10/05/2012
2012013430;1;1;1;1;2;110;12/05/2012
2012013431;1;2;1;1;7;110;15/05/2012
2012013432;1;2;3;1;3;110;15/05/2012
2012013433;1;2;3;1;6;110;16/05/2012
2012013434;5;2;2;1;3;110;18/05/2012
2012013435;1;2;3;1;7;110;22/05/2012
2012013436;1;1;6;1;3;110;25/05/2012
2012013437;3;2;1;1;7;110;27/05/2012
2012013438;1;2;3;1;3;110;31/05/2012
2012013439;1;2;1;1;5;110;02/06/2012
2012013440;3;1;1;1;7;110;02/06/2012
2012013441;1;2;1;1;3;110;05/06/2012
2012013442;1;2;2;1;3;110;08/06/2012
2012013443;1;1;1;1;6;110;11/06/2012
2012013444;1;1;3;1;3;110;15/06/2012
2012013445;1;2;3;1;3;110;17/06/2012