num_acc;lum;agg;inter;atm;col;dep;date
2012014027;1;2;1;1;3;130;13/06/2012
2012014028;1;1;1;1;3;130;13/06/2012
2012014029;1;2;1;1;6;130;16/06/2012
2012014030;1;2;1;1;2;130;18/06/2012
2012014031;1;2;1;1;6;130;15/06/2012
2012014032;1;2;3;1;5;130;28/06/2012
2012014033;1;1;1;1;7;130;01/07/2012
2012014034;1;2;1;2;7;130;01/07/2012
2012014035;1;1;1;1;2;130;02/07/2012
2012014036;1;2;2;1;5;130;04/07/2012
2012014037;1;1;6;1;5;130;29/06/2012
2012014038;1;2;1;1;2;130;09/07/2012
2012014039;1;1;1;1;7;130;19/07/2012
2012014040;1;2;1;1;2;130;26/07/2012
2012014041;1;2;1;1;7;130;26/07/2012
2012014042;1;2;1;1;3;130;28/07/2012
2012014043;1;2;3;1;3;130;30/07/2012
2012014044;1;2;1;1;2;130;07/08/2012
2012014045;1;2;1;1;7;130;31/07/2012
2012014046;1;2;1;1;2;130;29/07/2012
2012014047;1;2;3;7;3;130;06/08/2012
2012014048;1;1;3;1;3;130;08/08/2012
2012014049;1;2;2;1;3;130;08/08/2012
2012014050;1;2;1;1;3;130;10/08/2012
2012014051;1;2;1;1;7;130;12/08/2012
2012014052;1;1;3;1;3;130;14/08/2012
2012014053;1;1;9;1;7;130;17/08/2012
2012014054;1;2;2;1;3;130;21/08/2012
2012014055;1;1;2;1;2;130;22/08/2012
2012014056;1;1;1;3;1;130;28/08/2012
2012014057;2;2;1;7;3;130;07/09/2012
2012014058;5;2;1;1;6;130;11/09/2012
2012014059;1;2;1;1;6;130;12/09/2012
2012014060;1;2;1;1;3;130;14/09/2012
2012014061;1;1;3;1;3;130;28/09/2012
2012014062;1;2;1;1;3;130;11/10/2012
2012014063;1;2;1;2;2;130;11/10/2012
2012014064;5;2;1;9;6;130;11/10/2012
2012014065;1;2;1;1;2;130;08/10/2012
2012014066;1;2;1;1;1;130;12/10/2012
2012014067;1;2;6;1;2;130;13/10/2012
2012014068;1;1;1;1;3;130;16/10/2012
2012014069;5;2;1;1;3;130;16/10/2012
2012014070;1;2;1;1;7;130;17/10/2012
2012014071;5;2;1;1;5;130;18/10/2012
2012014072;1;2;1;1;7;130;19/10/2012
2012014073;5;1;6;2;7;130;23/10/2012
2012014074;1;2;1;1;3;130;21/10/2012
2012014075;1;1;1;1;2;130;25/10/2012
2012014076;3;2;1;2;3;130;10/11/2012
2012014077;5;2;1;1;2;130;30/10/2012
2012014078;1;2;1;1;1;130;06/11/2012
2012014079;1;1;3;1;3;130;07/11/2012
2012014080;1;2;1;1;2;130;07/11/2012
2012014081;1;2;9;1;3;130;02/11/2012
2012014082;2;1;1;1;6;130;07/11/2012
2012014083;1;2;3;1;3;130;18/11/2012
2012014084;1;2;1;1;6;130;20/11/2012
2012014085;1;1;9;1;6;130;22/11/2012
2012014086;5;2;9;1;3;130;22/11/2012
2012014087;1;2;1;1;3;130;23/11/2012
2012014088;1;2;2;1;6;130;26/11/2012
2012014089;1;1;3;1;3;130;15/11/2012
2012014090;2;2;1;2;6;130;27/11/2012
2012014091;5;2;1;2;6;130;26/11/2012
2012014092;3;1;1;2;6;130;26/11/2012
2012014093;1;2;1;1;3;130;30/11/2012
2012014094;1;2;1;1;4;130;06/12/2012
2012014095;1;2;1;1;2;130;10/12/2012
2012014096;1;2;9;1;2;130;11/12/2012
2012014097;1;1;3;1;3;130;16/12/2012
2012014098;5;2;6;1;3;130;21/12/2012
2012014099;1;2;1;1;4;130;21/12/2012
2012014100;5;2;3;1;5;130;21/12/2012
2012014101;1;1;1;1;6;130;24/12/2012
2012014102;1;2;1;1;6;130;26/12/2012
2012014103;3;2;1;1;6;130;20/05/2012
2012014104;1;2;1;1;6;130;05/07/2012
2012014105;2;2;1;2;6;130;01/07/2012
2012014106;1;2;1;1;1;130;14/10/2012
2012014107;3;2;1;1;6;130;01/05/2012
2012014108;1;2;1;1;3;130;16/01/2012
2012014109;1;2;2;1;2;130;20/01/2012
2012014110;2;1;1;1;6;130;24/01/2012
2012014111;1;1;1;8;3;130;31/01/2012
2012014112;1;1;1;8;7;130;20/02/2012
2012014113;1;2;3;1;5;130;22/02/2012
2012014114;1;2;1;1;6;130;21/02/2012
2012014115;5;2;1;1;6;130;02/03/2012
2012014116;1;2;3;1;3;130;03/03/2012
2012014117;1;2;3;1;3;130;12/03/2012
2012014118;1;2;2;1;3;130;19/03/2012
2012014119;1;2;1;2;7;130;13/04/2012
2012014120;1;2;2;1;3;130;28/04/2012
2012014121;1;2;2;8;3;130;04/05/2012
2012014122;1;2;1;1;6;130;10/05/2012
2012014123;1;2;2;1;3;130;01/06/2012
2012014124;1;2;1;1;3;130;03/06/2012
2012014125;1;2;1;1;6;130;12/06/2012
2012014126;5;2;1;1;6;130;26/06/2012
2012014127;1;2;1;1;6;130;27/06/2012
2012014128;1;2;2;1;7;130;30/06/2012
2012014129;1;2;3;1;3;130;28/06/2012
2012014130;2;2;1;1;6;130;12/07/2012
2012014131;1;2;1;1;3;130;18/07/2012
2012014132;1;1;1;1;6;130;19/07/2012
2012014133;1;2;6;7;3;130;25/07/2012
2012014134;5;2;1;1;6;130;28/07/2012
2012014135;1;2;1;1;6;130;31/07/2012
2012014136;1;2;1;1;6;130;02/08/2012
2012014137;1;2;6;1;6;130;04/08/2012
2012014138;1;1;1;1;1;130;09/08/2012
2012014139;1;2;1;1;1;130;17/08/2012
2012014140;1;2;6;1;2;130;29/08/2012
2012014141;5;2;1;1;3;130;14/09/2012
2012014142;3;1;1;1;5;130;23/09/2012
2012014143;2;2;6;1;3;130;20/09/2012
2012014144;5;2;1;8;3;130;15/10/2012
2012014145;1;1;1;1;3;130;12/10/2012
2012014146;1;2;1;1;6;130;07/11/2012
2012014147;2;2;1;1;5;130;08/11/2012
2012014148;5;2;1;1;3;130;16/11/2012
2012014149;1;2;1;1;6;130;28/12/2012
2012014150;3;1;1;1;1;130;05/02/2012
2012014151;1;1;1;1;1;130;04/03/2012
2012014152;1;1;1;1;5;130;29/03/2012
2012014153;1;1;1;1;1;130;11/05/2012
2012014154;1;1;1;1;1;130;27/06/2012
2012014155;3;1;1;2;6;130;01/07/2012
2012014156;3;1;1;1;6;130;10/07/2012
2012014157;5;1;6;1;6;130;19/07/2012
2012014158;5;2;1;1;1;130;17/07/2012
2012014159;5;2;2;1;3;130;18/08/2012
2012014160;1;2;3;1;3;130;25/08/2012
2012014161;1;2;1;1;6;130;28/08/2012
2012014162;1;2;3;1;3;130;28/09/2012
2012014163;1;1;1;1;5;130;15/10/2012
2012014164;3;1;1;1;2;130;26/10/2012
2012014165;2;1;9;1;3;130;10/12/2012
2012014166;5;2;6;1;3;130;12/01/2012
2012014167;5;2;2;1;3;130;17/01/2012
2012014168;1;1;8;1;2;130;21/01/2012
2012014169;1;2;2;1;1;130;23/01/2012
2012014170;5;2;1;1;6;130;02/02/2012
2012014171;5;2;1;1;1;130;07/02/2012
2012014172;1;2;3;1;6;130;16/02/2012
2012014173;1;2;3;1;3;130;09/03/2012
2012014174;1;2;3;1;3;130;10/03/2012
2012014175;1;1;1;1;3;130;12/03/2012
2012014176;1;2;1;2;1;130;18/03/2012
2012014177;1;2;2;1;3;130;22/03/2012
2012014178;1;2;1;1;6;130;02/04/2012
2012014179;1;2;1;1;5;130;02/04/2012
2012014180;1;2;2;1;3;130;10/04/2012
2012014181;1;1;3;1;6;130;15/04/2012
2012014182;1;1;1;1;2;130;16/04/2012
2012014183;1;2;3;1;3;130;17/04/2012
2012014184;1;2;1;1;2;130;17/04/2012
2012014185;1;2;1;1;3;130;19/04/2012
2012014186;1;2;1;1;6;130;01/05/2012
2012014187;1;2;3;1;3;130;06/05/2012
2012014188;3;1;2;1;3;130;11/05/2012
2012014189;1;2;1;1;3;130;15/05/2012
2012014190;1;2;1;1;3;130;16/05/2012
2012014191;1;2;8;3;3;130;20/05/2012
2012014192;1;2;1;1;2;130;06/06/2012
2012014193;1;2;1;1;3;130;12/06/2012
2012014194;2;2;6;1;6;130;12/06/2012
2012014195;1;2;2;1;3;130;14/06/2012
2012014196;1;2;1;1;6;130;15/06/2012
2012014197;1;2;1;1;6;130;20/06/2012
2012014198;1;2;1;1;3;130;21/06/2012
2012014199;1;2;1;1;6;130;26/06/2012
2012014200;2;2;1;1;2;130;27/06/2012
2012014201;1;1;1;1;4;130;27/06/2012
2012014202;2;2;1;1;7;130;04/07/2012
2012014203;1;1;1;1;2;130;16/07/2012
2012014204;1;2;1;1;3;130;25/07/2012
2012014205;1;1;1;1;3;130;25/07/2012
2012014206;5;2;1;1;6;130;29/07/2012
2012014207;1;2;1;1;3;130;11/08/2012
2012014208;1;2;3;1;3;130;21/08/2012
2012014209;1;2;1;1;1;130;23/08/2012
2012014210;3;1;1;1;1;130;26/08/2012
2012014211;1;2;1;1;6;130;28/08/2012
2012014212;1;2;1;1;3;130;08/09/2012
2012014213;2;2;2;1;3;130;09/09/2012
2012014214;1;1;1;1;3;130;10/09/2012
2012014215;1;2;1;1;2;130;15/09/2012
2012014216;5;2;1;1;3;130;18/09/2012
2012014217;1;2;1;1;2;130;28/09/2012
2012014218;1;2;1;1;3;130;03/10/2012
2012014219;5;1;1;1;6;130;04/10/2012
2012014220;1;1;1;1;2;130;08/10/2012
2012014221;1;1;2;2;3;130;14/10/2012
2012014222;1;1;1;1;3;130;22/10/2012
2012014223;1;2;1;1;2;130;25/10/2012
2012014224;1;2;2;1;3;130;27/10/2012
2012014225;5;2;1;6;3;130;27/10/2012
2012014226;3;2;1;6;3;130;27/10/2012
2012014227;5;2;1;2;6;130;04/11/2012
2012014228;1;1;1;1;1;130;23/11/2012
2012014229;5;2;1;2;2;130;27/11/2012
2012014230;3;1;1;1;3;130;04/12/2012
2012014231;1;2;1;1;3;130;16/12/2012
2012014232;5;1;1;1;3;130;17/12/2012
2012014233;2;2;3;1;6;130;28/12/2012
2012014234;1;2;1;1;3;130;29/12/2012
2012014235;2;2;1;1;6;130;09/12/2012
2012014236;5;2;1;1;6;130;01/01/2012
2012014237;1;2;1;1;2;130;16/12/2012
2012014238;1;1;1;8;7;130;02/01/2012
2012014239;1;2;1;1;7;130;21/12/2012
2012014240;2;2;1;1;6;130;12/12/2012
2012014241;3;1;1;1;6;130;02/01/2012
2012014242;5;2;1;1;3;130;20/12/2012
2012014243;1;2;1;1;6;130;13/12/2012
2012014244;1;2;1;1;3;130;19/12/2012
2012014245;1;2;1;2;6;130;20/12/2012
2012014246;1;2;1;1;5;130;02/01/2012
2012014247;5;2;3;1;3;130;09/12/2012
2012014248;1;2;3;1;3;130;15/12/2012
2012014249;1;2;2;1;1;130;03/12/2012
2012014250;1;2;1;2;7;130;14/12/2012
2012014251;5;2;1;1;2;130;25/12/2012
2012014252;1;2;1;1;3;130;20/12/2012
2012014253;1;2;1;1;3;130;26/10/2012
2012014254;1;2;1;1;2;130;11/12/2012
2012014255;1;2;1;1;6;130;12/12/2012
2012014256;1;2;1;1;2;130;10/12/2012
2012014257;5;2;1;1;7;130;03/12/2012
2012014258;1;2;1;8;2;130;22/12/2012
2012014259;1;2;3;1;3;130;21/12/2012
2012014260;1;2;8;1;6;130;27/09/2012
2012014261;1;1;1;3;1;130;28/11/2012
2012014262;1;2;2;1;6;130;08/12/2012
2012014263;1;2;1;1;2;130;21/12/2012
2012014264;5;2;1;1;7;130;22/12/2012
2012014265;1;2;1;1;6;130;25/10/2012
2012014266;1;2;1;1;6;130;17/12/2012
2012014267;5;2;1;1;1;130;12/12/2012
2012014268;1;2;1;1;6;130;04/12/2012
2012014269;1;2;1;1;7;130;29/12/2012
2012014270;5;2;1;1;6;130;03/01/2012
2012014271;5;2;1;1;6;130;08/12/2012
2012014272;1;2;1;2;6;130;28/12/2012
2012014273;5;2;4;1;1;130;07/01/2012
2012014274;5;2;2;8;3;130;07/12/2012
2012014275;1;2;1;1;6;130;08/01/2012
2012014276;5;2;1;1;3;130;08/01/2012
2012014277;1;2;1;1;2;130;02/10/2012
2012014278;5;2;1;1;6;130;25/12/2012
2012014279;1;2;1;1;2;130;19/12/2012
2012014280;5;2;1;1;2;130;29/10/2012
2012014281;1;2;1;1;3;130;29/11/2012
2012014282;1;2;9;1;3;130;11/09/2012
2012014283;5;2;1;1;1;130;04/10/2012
2012014284;1;2;1;1;6;130;23/12/2012
2012014285;1;2;1;1;7;130;03/01/2012
2012014286;5;2;1;1;2;130;19/12/2012
2012014287;5;2;2;1;2;130;10/01/2012
2012014288;1;2;2;1;3;130;05/01/2012
2012014289;5;2;1;1;3;130;06/01/2012
2012014290;5;2;1;1;2;130;02/01/2012
2012014291;5;2;3;1;7;130;05/12/2012
2012014292;1;2;1;1;2;130;08/01/2012
2012014293;2;2;1;1;2;130;20/10/2012
2012014294;1;2;1;1;6;130;21/12/2012
2012014295;1;2;1;1;2;130;03/01/2012
2012014296;2;2;1;1;3;130;03/01/2012
2012014297;1;2;1;1;3;130;23/12/2012
2012014298;2;2;1;1;3;130;10/12/2012
2012014299;1;2;1;1;6;130;26/12/2012
2012014300;1;2;1;1;6;130;09/12/2012
2012014301;1;2;1;1;2;130;10/12/2012
2012014302;1;2;1;1;6;130;11/01/2012
2012014303;5;2;1;1;6;130;05/01/2012
2012014304;5;2;1;1;1;130;26/10/2012
2012014305;1;2;2;1;3;130;10/01/2012
2012014306;5;2;2;1;7;130;31/07/2012
2012014307;5;2;1;1;6;130;30/12/2012
2012014308;1;2;1;1;2;130;08/01/2012
2012014309;1;2;1;1;6;130;20/12/2012
2012014310;2;2;1;1;1;130;09/12/2012
2012014311;1;2;1;1;2;130;05/04/2012
2012014312;1;2;1;1;6;130;03/12/2012
2012014313;1;2;1;6;7;130;07/01/2012
2012014314;1;2;1;1;3;130;25/11/2012
2012014315;1;2;1;7;6;130;09/01/2012
2012014316;2;2;1;2;6;130;07/12/2012
2012014317;1;2;1;1;6;130;17/12/2012
2012014318;1;2;3;1;5;130;09/01/2012
2012014319;1;2;1;1;1;130;23/12/2012
2012014320;1;2;1;1;3;130;14/01/2012
2012014321;1;2;1;1;3;130;23/12/2012
2012014322;5;2;1;1;6;130;17/12/2012
2012014323;1;2;1;1;3;130;16/01/2012
2012014324;5;2;6;1;6;130;12/01/2012
2012014325;1;2;1;1;6;130;09/01/2012
2012014326;5;2;1;1;1;130;26/12/2012
2012014327;2;2;1;1;2;130;18/11/2012
2012014328;1;1;1;2;7;130;14/12/2012
2012014329;1;2;1;1;7;130;04/12/2012
2012014330;1;2;1;2;2;130;04/01/2012
2012014331;1;2;1;1;3;130;10/01/2012
2012014332;5;2;3;1;3;130;20/12/2012
2012014333;1;2;1;1;3;130;30/12/2012
2012014334;1;2;1;1;6;130;03/01/2012
2012014335;5;2;3;1;6;130;11/12/2012
2012014336;1;2;1;1;2;130;02/01/2012
2012014337;5;2;1;1;6;130;02/01/2012
2012014338;1;2;1;1;4;130;11/01/2012
2012014339;5;2;1;1;1;130;12/01/2012
2012014340;1;2;1;1;3;130;07/01/2012
2012014341;1;2;1;1;2;130;28/12/2012
2012014342;1;2;1;1;6;130;03/12/2012
2012014343;1;2;1;1;6;130;06/01/2012
2012014344;5;2;1;1;7;130;10/01/2012
2012014345;1;2;1;1;6;130;22/12/2012
2012014346;3;2;1;1;6;130;23/11/2012
2012014347;1;2;1;1;6;130;12/05/2012
2012014348;1;2;1;1;6;130;17/01/2012
2012014349;1;2;3;1;3;130;21/07/2012
2012014350;5;2;1;1;2;130;11/11/2012
2012014351;1;2;1;1;3;130;13/11/2012
2012014352;5;2;1;1;7;130;27/12/2012
2012014353;1;2;1;1;6;130;08/12/2012
2012014354;5;2;1;1;1;130;06/10/2012
2012014355;1;1;1;1;6;130;18/01/2012
2012014356;1;2;4;1;2;130;13/12/2012
2012014357;5;2;1;1;6;130;18/01/2012
2012014358;3;2;1;1;7;130;09/01/2012
2012014359;5;2;3;1;3;130;21/12/2012
2012014360;1;2;1;1;3;130;12/08/2012
2012014361;5;2;1;1;1;130;26/12/2012
2012014362;1;2;1;1;6;130;14/12/2012
2012014363;1;2;1;1;7;130;12/11/2012
2012014364;1;2;1;1;6;130;21/12/2012
2012014365;1;2;1;1;6;130;10/01/2012
2012014366;1;2;1;1;7;130;19/01/2012
2012014367;5;2;1;1;3;130;28/12/2012
2012014368;1;2;1;1;2;130;10/12/2012
2012014369;1;2;2;1;3;130;10/01/2012
2012014370;5;2;1;1;2;130;19/11/2012
2012014371;1;2;2;1;1;130;10/01/2012
2012014372;1;2;1;1;6;130;05/12/2012
2012014373;1;2;1;1;3;130;29/10/2012
2012014374;1;2;1;1;6;130;02/01/2012
2012014375;1;2;1;1;6;130;11/12/2012
2012014376;5;2;1;1;1;130;11/01/2012
2012014377;5;2;1;1;4;130;15/11/2012
2012014378;5;2;1;1;6;130;30/12/2012
2012014379;5;2;2;9;6;130;16/01/2012
2012014380;1;2;1;1;3;130;11/01/2012
2012014381;5;2;2;1;3;130;10/01/2012
2012014382;1;2;1;2;3;130;04/12/2012
2012014383;1;2;1;1;6;130;18/12/2012
2012014384;1;2;2;1;3;130;03/01/2012
2012014385;1;2;1;1;6;130;11/12/2012
2012014386;5;2;1;1;6;130;17/11/2012
2012014387;1;2;1;1;6;130;12/01/2012
2012014388;1;2;1;1;6;130;11/01/2012
2012014389;5;2;1;1;1;130;22/12/2012
2012014390;4;2;3;1;1;130;15/01/2012
2012014391;5;2;1;1;6;130;28/12/2012
2012014392;5;2;1;1;6;130;05/01/2012
2012014393;1;2;1;1;3;130;15/12/2012
2012014394;1;2;1;8;3;130;20/12/2012
2012014395;1;2;1;1;2;130;11/01/2012
2012014396;1;2;1;1;2;130;14/12/2012
2012014397;5;2;1;1;3;130;06/11/2012
2012014398;1;2;1;1;3;130;23/10/2012
2012014399;2;2;2;1;3;130;13/01/2012
2012014400;1;2;6;1;3;130;09/01/2012
2012014401;1;2;2;1;1;130;31/08/2012
2012014402;1;2;1;1;6;130;23/01/2012
2012014403;1;2;1;1;6;130;23/01/2012
2012014404;1;2;1;1;7;130;13/01/2012
2012014405;1;2;1;1;3;130;05/11/2012
2012014406;1;2;1;1;6;130;23/01/2012
2012014407;5;2;1;1;2;130;17/01/2012
2012014408;5;2;3;1;3;130;12/11/2012
2012014409;5;2;3;1;3;130;09/09/2012
2012014410;1;2;1;1;3;130;29/10/2012
2012014411;1;2;1;1;6;130;12/01/2012
2012014412;1;2;1;1;3;130;04/12/2012
2012014413;1;2;1;1;3;130;18/01/2012
2012014414;1;2;1;1;6;130;05/11/2012
2012014415;1;2;1;1;3;130;07/01/2012
2012014416;1;2;9;1;6;130;10/01/2012
2012014417;5;2;1;1;2;130;05/12/2012
2012014418;1;2;1;1;3;130;05/11/2012
2012014419;4;2;1;1;2;130;29/12/2012
2012014420;1;2;1;1;6;130;10/01/2012
2012014421;5;2;1;2;7;130;14/12/2012
2012014422;1;2;1;1;6;130;11/01/2012
2012014423;5;2;3;1;3;130;14/12/2012
2012014424;1;2;1;1;3;130;17/12/2012
2012014425;1;2;1;8;3;130;05/12/2012
2012014426;1;2;1;1;6;130;21/12/2012
2012014427;2;2;1;1;2;130;27/12/2012
2012014428;5;2;1;1;6;130;18/01/2012
2012014429;4;2;2;1;3;130;19/01/2012
2012014430;1;2;2;1;7;130;19/01/2012
2012014431;5;2;1;1;6;130;29/01/2012
2012014432;1;2;1;1;6;130;16/01/2012
2012014433;1;2;3;1;6;130;02/10/2012
2012014434;1;2;1;1;2;130;31/07/2012
2012014435;5;2;9;1;3;130;10/01/2012
2012014436;1;2;1;1;2;130;19/12/2012
2012014437;1;2;9;1;3;130;31/12/2012
2012014438;1;2;1;1;7;130;17/12/2012
2012014439;5;2;1;1;6;130;20/12/2012
2012014440;1;2;1;1;6;130;24/12/2012
2012014441;1;2;1;1;6;130;11/11/2012
2012014442;3;2;1;1;3;130;05/01/2012
2012014443;1;2;1;1;6;130;30/01/2012
2012014444;5;2;1;1;2;130;10/11/2012
2012014445;1;2;1;1;1;130;30/01/2012
2012014446;5;2;1;1;6;130;28/12/2012
2012014447;1;2;1;7;3;130;11/01/2012
2012014448;1;2;3;1;1;130;03/01/2012
2012014449;1;2;3;1;3;130;12/11/2012
2012014450;5;2;1;1;7;130;08/01/2012
2012014451;5;2;1;1;3;130;13/01/2012
2012014452;1;2;1;1;6;130;18/01/2012
2012014453;5;2;1;1;2;130;13/01/2012
2012014454;1;2;6;1;3;130;14/01/2012
2012014455;5;2;1;1;2;130;09/01/2012
2012014456;5;2;1;1;6;130;07/01/2012
2012014457;1;2;1;1;2;130;17/11/2012
2012014458;5;2;1;1;6;130;14/01/2012
2012014459;3;1;1;1;6;130;24/01/2012
2012014460;1;2;1;1;7;130;23/12/2012
2012014461;5;2;1;1;6;130;31/12/2012
2012014462;5;2;1;1;7;130;16/01/2012
2012014463;1;2;1;1;6;130;01/02/2012
2012014464;3;2;1;1;3;130;24/12/2012
2012014465;2;2;1;8;7;130;20/12/2012
2012014466;5;2;2;2;3;130;02/02/2012
2012014467;1;2;9;1;3;130;21/01/2012
2012014468;2;2;1;3;6;130;10/11/2012
2012014469;1;2;2;1;3;130;18/12/2012
2012014470;1;2;2;1;6;130;10/01/2012
2012014471;1;2;1;1;3;130;27/01/2012
2012014472;1;2;1;1;7;130;19/10/2012
2012014473;3;2;1;1;6;130;04/01/2012
2012014474;3;2;1;1;6;130;09/10/2012
2012014475;5;2;1;1;3;130;10/01/2012
2012014476;1;2;1;1;6;130;25/12/2012
2012014477;5;2;1;1;3;130;18/01/2012
2012014478;1;2;1;1;6;130;15/01/2012
2012014479;1;2;1;8;2;130;27/01/2012
2012014480;1;2;1;1;6;130;12/01/2012
2012014481;1;2;1;1;2;130;23/01/2012
2012014482;5;2;2;1;3;130;21/01/2012
2012014483;1;2;1;1;6;130;23/01/2012
2012014484;5;2;9;1;3;130;08/11/2012
2012014485;1;2;2;1;3;130;20/01/2012
2012014486;1;2;1;1;2;130;07/09/2012
2012014487;1;2;1;1;3;130;21/12/2012
2012014488;1;2;1;1;6;130;17/01/2012
2012014489;1;2;1;1;6;130;15/01/2012
2012014490;1;2;1;1;2;130;04/12/2012
2012014491;1;2;1;1;6;130;25/01/2012
2012014492;2;2;1;1;4;130;06/12/2012
2012014493;1;2;2;1;3;130;17/01/2012
2012014494;1;2;1;1;3;130;11/01/2012
2012014495;1;2;2;1;2;130;25/01/2012
2012014496;1;2;1;1;2;130;07/01/2012
2012014497;2;2;1;1;3;130;06/01/2012
2012014498;5;2;1;1;2;130;02/02/2012
2012014499;1;2;1;1;4;130;24/01/2012
2012014500;1;2;1;1;6;130;26/01/2012
2012014501;1;2;1;1;3;130;06/02/2012
2012014502;5;2;2;1;3;130;01/02/2012
2012014503;2;2;1;1;2;130;03/02/2012
2012014504;1;1;2;1;3;130;21/12/2012
2012014505;1;2;1;1;3;130;03/02/2012
2012014506;1;2;1;2;6;130;20/12/2012
2012014507;1;2;1;1;6;130;25/01/2012
2012014508;1;2;1;2;1;130;31/01/2012
2012014509;1;2;1;1;6;130;07/02/2012
2012014510;5;2;1;1;2;130;05/11/2012
2012014511;5;2;2;1;3;130;01/02/2012
2012014512;5;2;1;1;1;130;02/02/2012
2012014513;1;2;1;8;1;130;24/12/2012
2012014514;1;2;1;1;6;130;20/01/2012
2012014515;1;2;1;1;6;130;16/01/2012
2012014516;1;2;1;1;1;130;04/01/2012
2012014517;5;2;1;1;6;130;17/12/2012
2012014518;5;2;1;1;6;130;21/01/2012
2012014519;1;2;2;1;1;130;21/11/2012
2012014520;5;2;1;1;6;130;31/01/2012
2012014521;5;2;1;1;6;130;01/07/2012
2012014522;1;2;2;1;3;130;27/01/2012
2012014523;5;2;2;1;5;130;27/01/2012
2012014524;1;2;1;1;6;130;02/09/2012
2012014525;1;2;1;1;6;130;03/02/2012
2012014526;1;2;3;1;6;130;01/02/2012
2012014527;2;2;1;1;3;130;17/01/2012
2012014528;1;2;2;1;3;130;02/11/2012
2012014529;5;2;1;1;6;130;09/02/2012
2012014530;1;2;1;1;6;130;07/01/2012
2012014531;1;2;2;1;3;130;16/01/2012
2012014532;2;2;1;1;6;130;09/01/2012
2012014533;1;2;1;1;6;130;15/01/2012
2012014534;1;2;1;1;3;130;25/01/2012
2012014535;1;2;2;1;6;130;24/01/2012
2012014536;2;2;3;1;3;130;19/01/2012
2012014537;1;2;2;1;3;130;06/02/2012
2012014538;1;2;1;1;3;130;01/02/2012
2012014539;1;2;3;1;3;130;21/01/2012
2012014540;5;2;1;1;7;130;08/11/2012
2012014541;1;2;1;1;6;130;18/01/2012
2012014542;5;2;2;1;6;130;07/02/2012
2012014543;1;2;1;1;2;130;27/01/2012
2012014544;5;2;2;1;6;130;13/01/2012
2012014545;2;2;2;1;3;130;04/01/2012
2012014546;5;2;6;1;3;130;21/09/2012
2012014547;1;2;1;1;6;130;07/02/2012
2012014548;1;2;3;1;3;130;11/01/2012
2012014549;1;2;2;1;3;130;22/12/2012
2012014550;1;2;1;2;3;130;31/01/2012
2012014551;1;2;3;1;3;130;07/02/2012
2012014552;2;2;1;1;6;130;18/01/2012
2012014553;1;2;1;1;5;130;20/01/2012
2012014554;1;2;1;1;6;130;07/02/2012
2012014555;1;2;1;1;3;130;09/01/2012
2012014556;1;2;1;1;3;130;21/01/2012
2012014557;1;2;2;1;3;130;01/02/2012
2012014558;2;2;1;1;6;130;26/01/2012
2012014559;1;2;1;1;7;130;19/11/2012
2012014560;2;2;1;1;6;130;14/09/2012
2012014561;1;2;1;1;6;130;25/01/2012
2012014562;5;2;1;1;6;130;18/01/2012
2012014563;2;2;1;2;3;130;02/02/2012
2012014564;2;2;1;1;3;130;30/11/2012
2012014565;5;2;3;1;3;130;14/11/2012
2012014566;5;2;1;1;6;130;25/01/2012
2012014567;2;2;1;1;6;130;18/01/2012
2012014568;1;2;3;1;5;130;03/02/2012
2012014569;5;2;1;1;6;130;12/02/2012
2012014570;2;2;1;1;6;130;19/01/2012
2012014571;5;2;1;1;6;130;31/01/2012
2012014572;1;2;1;1;6;130;03/12/2012
2012014573;1;2;1;1;7;130;25/11/2012
2012014574;1;2;1;1;1;130;30/12/2012
2012014575;1;2;1;1;6;130;22/01/2012
2012014576;1;2;1;1;2;130;06/02/2012
2012014577;5;2;2;1;3;130;01/02/2012
2012014578;5;2;2;1;6;130;02/02/2012
2012014579;1;2;1;1;7;130;18/01/2012
2012014580;1;2;1;1;6;130;19/01/2012
2012014581;1;2;1;1;2;130;15/01/2012
2012014582;1;2;1;1;6;130;13/01/2012
2012014583;1;2;1;1;3;130;03/02/2012
2012014584;1;2;1;1;6;130;27/12/2012
2012014585;3;2;3;2;3;130;27/01/2012
2012014586;1;2;1;1;3;130;31/12/2012
2012014587;5;2;1;1;3;130;11/02/2012
2012014588;3;2;1;1;6;130;18/02/2012
2012014589;1;2;1;1;4;130;02/02/2012
2012014590;5;2;1;9;3;130;14/12/2012
2012014591;5;2;1;1;5;130;25/01/2012
2012014592;1;2;2;1;3;130;23/01/2012
2012014593;1;2;1;1;6;130;17/02/2012
2012014594;1;2;1;1;6;130;19/11/2012
2012014595;1;2;1;1;7;130;11/12/2012
2012014596;5;2;1;1;2;130;01/01/2012
2012014597;2;2;1;1;3;130;24/01/2012
2012014598;5;2;1;1;6;130;17/02/2012
2012014599;1;2;1;1;6;130;15/02/2012
2012014600;5;2;1;1;3;130;22/02/2012
2012014601;1;2;1;1;6;130;13/11/2012
2012014602;2;2;1;1;6;130;14/11/2012
2012014603;2;2;3;1;6;130;11/02/2012
2012014604;1;2;1;1;3;130;18/02/2012
2012014605;1;2;1;1;6;130;20/11/2012
2012014606;4;2;1;1;6;130;19/01/2012
2012014607;1;2;1;1;6;130;07/01/2012