num_acc;lum;agg;inter;atm;col;dep;date
2012015189;1;2;1;1;4;130;19/04/2012
2012015190;1;2;1;1;2;130;17/04/2012
2012015191;1;2;1;1;3;130;10/04/2012
2012015192;5;2;1;1;5;130;09/03/2012
2012015193;1;2;1;1;3;130;02/05/2012
2012015194;1;2;1;1;6;130;27/04/2012
2012015195;1;2;1;1;3;130;11/04/2012
2012015196;1;2;2;1;3;130;14/04/2012
2012015197;5;2;1;1;1;130;27/04/2012
2012015198;1;2;1;1;1;130;27/04/2012
2012015199;1;2;1;1;6;130;27/04/2012
2012015200;1;2;1;1;6;130;27/04/2012
2012015201;1;2;3;1;3;130;27/04/2012
2012015202;2;2;2;1;3;130;05/05/2012
2012015203;1;2;1;1;3;130;12/05/2012
2012015204;1;2;1;1;6;130;03/05/2012
2012015205;1;2;1;1;3;130;02/04/2012
2012015206;2;2;2;1;3;130;02/05/2012
2012015207;1;2;1;1;3;130;04/04/2012
2012015208;1;2;1;3;3;130;10/04/2012
2012015209;1;2;1;1;3;130;12/04/2012
2012015210;1;2;2;1;3;130;11/04/2012
2012015211;1;2;6;3;7;130;10/04/2012
2012015212;1;2;1;1;1;130;17/04/2012
2012015213;1;2;1;1;2;130;25/04/2012
2012015214;1;2;1;1;4;130;28/04/2012
2012015215;1;2;1;1;3;130;19/03/2012
2012015216;1;2;1;1;3;130;03/05/2012
2012015217;1;2;1;1;3;130;11/04/2012
2012015218;1;2;1;1;3;130;29/04/2012
2012015219;1;2;1;1;6;130;16/05/2012
2012015220;1;2;1;1;2;130;18/05/2012
2012015221;1;2;3;1;3;130;23/04/2012
2012015222;1;2;2;1;3;130;07/04/2012
2012015223;1;2;1;1;6;130;04/04/2012
2012015224;1;2;1;1;2;130;26/04/2012
2012015225;1;2;1;1;5;130;23/04/2012
2012015226;1;2;1;1;6;130;10/05/2012
2012015227;1;2;1;1;2;130;18/04/2012
2012015228;1;2;1;1;3;130;20/04/2012
2012015229;1;2;1;1;1;130;02/05/2012
2012015230;5;2;2;1;3;130;15/04/2012
2012015231;1;2;1;1;2;130;07/05/2012
2012015232;1;2;1;1;5;130;09/05/2012
2012015233;1;2;1;1;1;130;28/04/2012
2012015234;1;2;1;1;4;130;02/05/2012
2012015235;1;2;1;1;6;130;20/04/2012
2012015236;3;2;1;1;3;130;18/04/2012
2012015237;1;2;1;1;6;130;24/04/2012
2012015238;1;2;1;1;6;130;27/04/2012
2012015239;1;2;1;1;2;130;11/05/2012
2012015240;1;2;2;2;3;130;25/04/2012
2012015241;1;2;1;1;6;130;04/05/2012
2012015242;1;2;1;3;3;130;04/04/2012
2012015243;1;2;1;1;7;130;20/04/2012
2012015244;5;2;1;1;6;130;12/05/2012
2012015245;1;2;1;1;3;130;11/05/2012
2012015246;5;2;1;1;2;130;09/05/2012
2012015247;1;2;1;1;2;130;13/05/2012
2012015248;1;2;1;1;6;130;14/05/2012
2012015249;5;2;1;1;3;130;10/05/2012
2012015250;1;2;1;1;6;130;23/03/2012
2012015251;1;2;3;1;6;130;16/05/2012
2012015252;1;2;1;1;7;130;30/03/2012
2012015253;1;2;1;1;6;130;19/04/2012
2012015254;1;2;1;1;2;130;01/05/2012
2012015255;1;2;3;1;5;130;29/04/2012
2012015256;1;2;1;1;6;130;29/04/2012
2012015257;5;2;3;1;6;130;06/04/2012
2012015258;1;2;1;1;1;130;28/03/2012
2012015259;2;2;2;1;6;130;29/04/2012
2012015260;1;2;2;2;3;130;20/02/2012
2012015261;1;2;3;1;3;130;30/04/2012
2012015262;1;2;1;1;4;130;17/04/2012
2012015263;1;2;1;1;7;130;23/04/2012
2012015264;1;2;2;1;3;130;11/05/2012
2012015265;1;2;1;1;6;130;23/04/2012
2012015266;1;2;1;1;3;130;26/04/2012
2012015267;1;2;1;1;6;130;25/05/2012
2012015268;1;2;1;1;3;130;28/04/2012
2012015269;5;2;1;1;3;130;06/05/2012
2012015270;5;2;1;1;1;130;21/01/2012
2012015271;1;2;1;2;2;130;05/05/2012
2012015272;1;2;1;1;6;130;04/04/2012
2012015273;1;2;1;1;2;130;20/03/2012
2012015274;5;2;1;1;4;130;11/05/2012
2012015275;1;2;4;1;3;130;29/04/2012
2012015276;1;1;1;1;7;130;31/03/2012
2012015277;1;2;1;1;7;130;14/05/2012
2012015278;2;2;2;1;6;130;15/04/2012
2012015279;1;2;1;2;4;130;22/05/2012
2012015280;1;2;1;1;2;130;09/05/2012
2012015281;5;2;1;1;1;130;13/05/2012
2012015282;5;2;1;1;3;130;18/05/2012
2012015283;1;2;2;1;5;130;16/05/2012
2012015284;1;2;1;1;3;130;17/05/2012
2012015285;1;2;9;1;2;130;05/05/2012
2012015286;1;2;1;1;6;130;19/05/2012
2012015287;1;2;1;1;3;130;20/04/2012
2012015288;1;2;3;1;2;130;08/05/2012
2012015289;1;2;3;1;3;130;24/05/2012
2012015290;1;2;1;1;2;130;15/05/2012
2012015291;1;2;1;1;2;130;14/05/2012
2012015292;1;2;1;1;6;130;10/05/2012
2012015293;1;2;1;1;3;130;16/05/2012
2012015294;1;2;1;1;3;130;13/05/2012
2012015295;1;2;1;1;6;130;16/05/2012
2012015296;1;2;3;1;7;130;19/05/2012
2012015297;2;2;1;1;6;130;12/05/2012
2012015298;1;2;1;1;1;130;03/05/2012
2012015299;1;2;1;1;3;130;26/04/2012
2012015300;1;2;1;1;2;130;15/05/2012
2012015301;1;2;1;1;3;130;04/05/2012
2012015302;1;2;1;1;6;130;27/05/2012
2012015303;1;2;1;1;6;130;28/05/2012
2012015304;2;2;1;1;7;130;27/05/2012
2012015305;1;2;1;1;6;130;29/05/2012
2012015306;1;2;1;1;7;130;27/05/2012
2012015307;3;2;1;1;6;130;30/05/2012
2012015308;5;2;1;1;7;130;31/05/2012
2012015309;1;2;1;1;6;130;30/05/2012
2012015310;1;2;1;1;5;130;26/04/2012
2012015311;5;2;1;2;2;130;04/04/2012
2012015312;5;2;1;1;3;130;09/05/2012
2012015313;1;2;1;1;6;130;11/05/2012
2012015314;1;2;1;1;6;130;16/05/2012
2012015315;1;2;1;1;6;130;30/03/2012
2012015316;1;2;1;1;2;130;13/05/2012
2012015317;1;2;3;3;3;130;21/05/2012
2012015318;1;2;2;1;3;130;18/05/2012
2012015319;2;2;3;1;7;130;13/05/2012
2012015320;1;2;1;1;6;130;11/04/2012
2012015321;1;2;1;1;6;130;16/05/2012
2012015322;1;2;1;1;6;130;15/05/2012
2012015323;1;2;2;1;3;130;15/04/2012
2012015324;1;2;1;1;6;130;20/05/2012
2012015325;1;2;6;1;7;130;19/03/2012
2012015326;1;2;2;1;3;130;23/08/2012
2012015327;1;2;1;1;3;130;26/03/2012
2012015328;1;2;1;1;6;130;24/01/2012
2012015329;3;2;1;1;1;130;12/04/2012
2012015330;1;2;3;1;1;130;25/05/2012
2012015331;1;2;1;1;3;130;16/05/2012
2012015332;1;2;1;1;6;130;06/05/2012
2012015333;1;2;1;1;4;130;17/04/2012
2012015334;1;2;2;2;6;130;21/05/2012
2012015335;1;2;3;1;3;130;24/05/2012
2012015336;1;2;3;1;6;130;16/05/2012
2012015337;1;2;1;1;3;130;23/05/2012
2012015338;1;2;1;1;5;130;25/04/2012
2012015339;1;2;1;1;6;130;09/03/2012
2012015340;1;2;1;1;3;130;04/05/2012
2012015341;5;2;1;1;7;130;04/06/2012
2012015342;1;2;1;1;6;130;29/03/2012
2012015343;1;2;1;1;6;130;23/05/2012
2012015344;1;2;1;1;6;130;04/06/2012
2012015345;1;2;1;1;3;130;29/05/2012
2012015346;1;2;1;1;6;130;03/01/2012
2012015347;1;2;1;1;3;130;14/05/2012
2012015348;5;2;3;1;3;130;26/03/2012
2012015349;1;2;1;1;4;130;08/05/2012
2012015350;1;2;1;1;3;130;08/05/2012
2012015351;1;2;1;1;6;130;04/05/2012
2012015352;1;2;1;1;3;130;04/05/2012
2012015353;1;2;1;1;3;130;25/05/2012
2012015354;1;2;1;1;3;130;24/05/2012
2012015355;1;2;1;1;3;130;24/05/2012
2012015356;1;2;1;1;3;130;01/05/2012
2012015357;1;2;2;1;3;130;05/06/2012
2012015358;1;2;1;2;2;130;22/05/2012
2012015359;1;2;1;1;6;130;26/05/2012
2012015360;5;2;3;2;1;130;21/04/2012
2012015361;1;2;1;1;5;130;21/04/2012
2012015362;1;2;1;1;3;130;25/05/2012
2012015363;1;2;1;1;3;130;22/05/2012
2012015364;1;2;1;1;1;130;27/04/2012
2012015365;1;2;1;1;2;130;30/05/2012
2012015366;5;2;1;1;6;130;09/06/2012
2012015367;1;2;2;1;3;130;03/06/2012
2012015368;1;1;1;1;7;130;24/05/2012
2012015369;5;2;1;2;2;130;22/04/2012
2012015370;1;2;3;1;5;130;01/06/2012
2012015371;1;2;3;1;2;130;01/06/2012
2012015372;2;2;1;1;6;130;10/06/2012
2012015373;1;2;1;1;1;130;27/03/2012
2012015374;2;2;2;1;3;130;20/01/2012
2012015375;1;2;1;1;3;130;05/06/2012
2012015376;1;2;1;1;3;130;22/05/2012
2012015377;5;2;3;1;3;130;22/05/2012
2012015378;1;2;2;1;1;130;21/04/2012
2012015379;1;2;1;1;6;130;04/05/2012
2012015380;1;2;1;1;7;130;09/06/2012
2012015381;1;2;1;2;1;130;17/05/2012
2012015382;1;2;1;1;6;130;29/05/2012
2012015383;1;2;1;1;5;130;16/05/2012
2012015384;1;2;1;1;3;130;16/05/2012
2012015385;1;2;1;1;3;130;14/03/2012
2012015386;5;2;1;1;3;130;25/05/2012
2012015387;1;2;1;1;4;130;26/05/2012
2012015388;5;2;2;1;3;130;11/03/2012
2012015389;1;2;2;1;3;130;03/05/2012
2012015390;1;2;1;1;6;130;02/06/2012
2012015391;1;2;1;1;2;130;01/06/2012
2012015392;1;2;1;1;7;130;01/06/2012
2012015393;1;2;1;1;1;130;05/06/2012
2012015394;5;2;1;1;1;130;02/06/2012
2012015395;1;2;1;1;1;130;29/05/2012
2012015396;1;2;1;1;3;130;26/05/2012
2012015397;1;2;9;1;3;130;15/05/2012
2012015398;1;2;1;1;6;130;23/03/2012
2012015399;1;2;1;1;3;130;13/06/2012
2012015400;5;2;1;1;6;130;14/06/2012
2012015401;1;2;1;1;3;130;13/06/2012
2012015402;3;2;1;1;6;130;08/06/2012
2012015403;2;2;1;1;3;130;12/04/2012
2012015404;1;2;1;1;6;130;27/04/2012
2012015405;1;2;1;1;3;130;10/05/2012
2012015406;1;2;1;1;2;130;09/05/2012
2012015407;1;2;1;1;6;130;20/02/2012
2012015408;1;2;1;1;7;130;01/06/2012
2012015409;1;2;2;1;3;130;22/04/2012
2012015410;1;2;1;2;6;130;22/05/2012
2012015411;5;2;6;1;2;130;13/06/2012
2012015412;1;2;1;1;6;130;06/06/2012
2012015413;5;2;1;1;3;130;05/05/2012
2012015414;1;2;1;1;6;130;25/05/2012
2012015415;1;2;2;1;3;130;05/06/2012
2012015416;1;2;1;1;3;130;02/05/2012
2012015417;1;2;2;1;6;130;31/05/2012
2012015418;1;2;1;1;2;130;31/05/2012
2012015419;1;2;2;1;6;130;26/04/2012
2012015420;3;2;1;1;6;130;02/06/2012
2012015421;5;2;1;2;2;130;21/04/2012
2012015422;2;2;1;1;6;130;09/06/2012
2012015423;5;2;1;3;6;130;11/06/2012
2012015424;1;2;1;1;4;130;23/05/2012
2012015425;1;2;1;1;3;130;07/06/2012
2012015426;1;2;1;1;3;130;06/06/2012
2012015427;1;2;1;1;6;130;12/06/2012
2012015428;1;2;1;1;6;130;15/06/2012
2012015429;5;2;2;1;3;130;30/05/2012
2012015430;1;2;3;1;3;130;29/04/2012
2012015431;1;2;2;1;3;130;10/05/2012
2012015432;1;2;2;1;3;130;29/05/2012
2012015433;1;2;1;1;6;130;25/05/2012
2012015434;1;2;1;1;7;130;25/05/2012
2012015435;1;2;1;1;6;130;06/06/2012
2012015436;5;2;2;1;3;130;03/06/2012
2012015437;1;2;1;1;7;130;01/06/2012
2012015438;1;2;1;1;3;130;10/06/2012
2012015439;5;2;1;1;2;130;17/06/2012
2012015440;1;2;3;2;6;130;25/05/2012
2012015441;1;2;1;1;6;130;07/06/2012
2012015442;1;2;1;1;2;130;17/04/2012
2012015443;1;2;3;1;1;130;08/06/2012
2012015444;1;2;2;1;3;130;16/06/2012
2012015445;1;2;1;1;1;130;11/06/2012
2012015446;1;2;1;1;6;130;01/06/2012
2012015447;1;2;1;1;5;130;26/05/2012
2012015448;3;2;1;1;6;130;19/06/2012
2012015449;1;2;1;1;3;130;31/05/2012
2012015450;1;2;1;1;7;130;14/06/2012
2012015451;1;2;2;1;3;130;20/06/2012
2012015452;1;2;1;1;3;130;08/06/2012
2012015453;1;2;1;3;1;130;21/05/2012
2012015454;1;2;1;1;3;130;09/06/2012
2012015455;1;2;3;1;3;130;09/06/2012
2012015456;1;2;1;1;2;130;08/06/2012
2012015457;1;2;1;1;3;130;13/06/2012
2012015458;1;2;1;1;6;130;15/06/2012
2012015459;1;2;3;1;1;130;14/06/2012
2012015460;1;2;1;1;7;130;14/06/2012
2012015461;1;2;3;1;2;130;16/06/2012
2012015462;1;2;1;1;6;130;07/06/2012
2012015463;5;2;1;1;1;130;13/06/2012
2012015464;5;2;2;1;3;130;28/05/2012
2012015465;1;2;1;1;3;130;31/05/2012
2012015466;1;2;1;1;6;130;02/06/2012
2012015467;5;2;2;1;3;130;01/06/2012
2012015468;1;2;1;1;5;130;21/06/2012
2012015469;5;2;1;1;7;130;02/06/2012
2012015470;1;2;1;1;6;130;23/06/2012
2012015471;2;2;1;1;6;130;22/06/2012
2012015472;1;2;1;1;6;130;22/06/2012
2012015473;1;2;1;1;3;130;13/06/2012
2012015474;1;2;1;1;3;130;02/06/2012
2012015475;1;2;1;1;3;130;19/06/2012
2012015476;1;2;1;1;3;130;18/06/2012
2012015477;1;2;6;1;6;130;04/06/2012
2012015478;1;2;1;1;2;130;12/06/2012
2012015479;1;2;8;1;3;130;05/06/2012
2012015480;1;2;1;1;6;130;09/06/2012
2012015481;5;2;6;3;7;130;29/04/2012
2012015482;1;2;1;1;2;130;31/05/2012
2012015483;1;2;1;1;4;130;17/06/2012
2012015484;1;2;1;1;2;130;18/06/2012
2012015485;5;2;1;1;2;130;31/05/2012
2012015486;1;2;1;1;2;130;14/06/2012
2012015487;1;2;1;1;4;130;22/06/2012
2012015488;1;2;1;1;6;130;16/06/2012
2012015489;1;2;1;1;3;130;09/06/2012
2012015490;1;2;1;1;2;130;22/06/2012
2012015491;1;2;1;1;3;130;11/05/2012
2012015492;1;2;1;2;6;130;23/05/2012
2012015493;1;2;1;1;6;130;05/06/2012
2012015494;1;2;1;1;7;130;28/05/2012
2012015495;1;2;1;1;6;130;06/06/2012
2012015496;1;2;1;1;3;130;22/06/2012
2012015497;1;2;1;1;3;130;22/06/2012
2012015498;1;2;1;1;1;130;07/06/2012
2012015499;1;2;1;1;3;130;09/05/2012
2012015500;1;2;1;1;3;130;14/06/2012
2012015501;5;2;1;1;6;130;16/06/2012
2012015502;1;2;2;1;2;130;15/06/2012
2012015503;1;2;1;1;3;130;11/05/2012
2012015504;1;2;1;1;3;130;20/06/2012
2012015505;5;2;2;1;3;130;17/06/2012
2012015506;1;2;1;1;7;130;17/06/2012
2012015507;5;2;1;1;6;130;12/05/2012
2012015508;5;2;1;1;3;130;20/06/2012
2012015509;1;2;1;1;3;130;29/05/2012
2012015510;1;2;3;1;1;130;29/05/2012
2012015511;1;2;3;1;6;130;24/06/2012
2012015512;1;2;1;1;2;130;02/03/2012
2012015513;5;2;3;1;3;130;24/05/2012
2012015514;1;2;2;1;3;130;15/02/2012
2012015515;1;2;1;1;6;130;25/05/2012
2012015516;1;2;1;1;3;130;29/06/2012
2012015517;1;2;2;1;3;130;03/06/2012
2012015518;1;2;1;1;6;130;19/06/2012
2012015519;5;2;1;1;7;130;29/06/2012
2012015520;1;2;1;8;4;130;20/06/2012
2012015521;1;2;1;1;3;130;13/06/2012
2012015522;1;2;1;1;7;130;16/06/2012
2012015523;3;2;1;1;6;130;22/06/2012
2012015524;1;2;3;1;6;130;20/06/2012
2012015525;1;2;1;1;6;130;14/06/2012
2012015526;1;2;1;1;3;130;14/06/2012
2012015527;5;2;3;1;3;130;06/06/2012
2012015528;1;2;1;1;3;130;26/06/2012
2012015529;1;2;1;1;3;130;28/06/2012
2012015530;1;2;1;1;2;130;12/06/2012
2012015531;1;2;1;1;3;130;18/06/2012
2012015532;1;2;1;1;6;130;10/04/2012
2012015533;1;2;1;1;2;130;02/07/2012
2012015534;5;2;2;1;3;130;23/06/2012
2012015535;1;2;1;1;4;130;02/07/2012
2012015536;1;2;1;1;3;130;21/06/2012
2012015537;1;2;1;1;3;130;19/06/2012
2012015538;1;2;1;1;2;130;30/06/2012
2012015539;1;2;1;1;2;130;02/07/2012
2012015540;1;2;1;1;3;130;28/06/2012
2012015541;1;2;1;1;3;130;29/06/2012
2012015542;1;2;1;9;2;130;13/06/2012
2012015543;1;2;2;2;7;130;01/07/2012
2012015544;1;2;1;1;3;130;30/06/2012
2012015545;1;2;1;1;3;130;04/07/2012
2012015546;1;2;3;1;3;130;22/06/2012
2012015547;2;2;1;3;6;130;11/06/2012
2012015548;1;2;2;1;3;130;29/06/2012
2012015549;1;2;1;8;3;130;01/07/2012
2012015550;1;2;1;1;2;130;24/06/2012
2012015551;1;2;1;1;3;130;25/04/2012
2012015552;1;2;1;1;2;130;14/04/2012
2012015553;1;2;1;1;6;130;02/07/2012
2012015554;1;2;1;1;7;130;02/07/2012
2012015555;1;1;1;1;6;130;21/04/2012
2012015556;1;2;1;1;2;130;28/06/2012
2012015557;2;2;1;1;6;130;01/07/2012
2012015558;1;2;1;1;6;130;09/06/2012
2012015559;1;2;1;1;2;130;18/06/2012
2012015560;1;2;1;1;2;130;12/07/2012
2012015561;5;2;1;1;2;130;30/06/2012
2012015562;1;2;1;1;7;130;07/07/2012
2012015563;1;2;1;1;6;130;06/06/2012
2012015564;1;2;3;1;3;130;28/06/2012
2012015565;1;2;1;1;6;130;17/06/2012
2012015566;1;2;1;1;3;130;29/06/2012
2012015567;5;2;1;1;3;130;12/06/2012
2012015568;2;2;1;1;4;130;21/01/2012
2012015569;1;2;1;1;3;130;21/06/2012
2012015570;1;2;1;1;5;130;05/06/2012
2012015571;1;2;1;1;3;130;23/06/2012
2012015572;1;2;1;1;4;130;24/06/2012
2012015573;5;2;1;1;1;130;07/07/2012
2012015574;2;2;1;1;3;130;28/06/2012
2012015575;1;2;2;1;3;130;05/06/2012
2012015576;1;2;1;1;6;130;16/06/2012
2012015577;1;2;3;1;3;130;12/06/2012
2012015578;1;2;1;1;7;130;12/06/2012
2012015579;1;2;1;1;3;130;08/07/2012
2012015580;2;2;1;1;2;130;16/07/2012
2012015581;1;2;1;1;6;130;19/06/2012
2012015582;1;2;2;1;6;130;03/07/2012
2012015583;5;2;2;1;3;130;02/06/2012
2012015584;5;2;1;1;2;130;20/06/2012
2012015585;1;2;1;1;6;130;11/07/2012
2012015586;1;2;1;1;3;130;18/06/2012
2012015587;1;2;1;8;6;130;19/06/2012
2012015588;1;2;1;1;6;130;23/06/2012
2012015589;1;2;1;1;6;130;09/07/2012
2012015590;1;2;3;1;6;130;12/07/2012
2012015591;1;2;1;1;2;130;13/06/2012
2012015592;1;2;1;1;3;130;18/06/2012
2012015593;1;2;1;1;2;130;10/07/2012
2012015594;1;2;1;1;3;130;07/07/2012
2012015595;1;2;1;1;2;130;09/07/2012
2012015596;5;2;2;1;3;130;09/07/2012
2012015597;1;2;2;1;3;130;02/06/2012
2012015598;1;2;1;1;3;130;02/07/2012
2012015599;1;2;1;1;2;130;11/07/2012
2012015600;1;2;1;1;3;130;07/07/2012
2012015601;1;2;1;1;2;130;15/07/2012
2012015602;1;2;1;1;6;130;12/07/2012
2012015603;1;2;1;1;6;130;04/07/2012
2012015604;1;2;1;1;3;130;11/06/2012
2012015605;5;2;1;1;6;130;17/04/2012
2012015606;1;2;1;1;7;130;18/07/2012
2012015607;1;2;1;1;6;130;11/07/2012
2012015608;1;1;1;1;6;130;19/07/2012
2012015609;5;2;1;1;6;130;14/07/2012
2012015610;5;2;2;1;6;130;14/07/2012
2012015611;1;2;1;1;7;130;12/07/2012
2012015612;1;2;1;1;7;130;05/07/2012
2012015613;1;2;1;1;6;130;03/07/2012
2012015614;1;2;3;1;6;130;08/07/2012
2012015615;1;2;3;1;3;130;13/07/2012
2012015616;1;2;2;1;3;130;10/07/2012
2012015617;5;2;1;1;3;130;10/05/2012
2012015618;1;2;3;1;3;130;21/07/2012
2012015619;1;2;1;1;3;130;28/06/2012
2012015620;1;2;3;1;1;130;07/04/2012
2012015621;1;2;1;1;1;130;08/06/2012
2012015622;1;2;1;1;3;130;13/07/2012
2012015623;1;2;1;1;2;130;06/05/2012
2012015624;1;2;1;1;3;130;13/07/2012
2012015625;1;2;1;1;2;130;16/07/2012
2012015626;1;2;2;1;3;130;18/07/2012
2012015627;1;2;1;1;6;130;23/02/2012
2012015628;5;2;2;1;3;130;31/03/2012
2012015629;1;2;1;1;3;130;18/05/2012
2012015630;1;2;1;1;2;130;08/06/2012
2012015631;1;2;1;1;3;130;18/05/2012
2012015632;1;2;1;1;2;130;17/07/2012
2012015633;1;2;2;1;5;130;19/07/2012
2012015634;2;2;5;1;1;130;16/05/2012
2012015635;1;2;1;1;6;130;06/04/2012
2012015636;2;2;2;1;3;130;21/07/2012
2012015637;1;2;1;1;7;130;30/06/2012
2012015638;1;2;1;1;3;130;04/07/2012
2012015639;1;1;1;1;3;130;16/07/2012
2012015640;5;2;1;1;7;130;07/07/2012
2012015641;1;2;1;1;3;130;21/07/2012
2012015642;1;2;1;1;5;130;19/07/2012
2012015643;1;2;1;1;3;130;10/07/2012
2012015644;5;2;2;1;3;130;16/06/2012
2012015645;1;2;1;1;2;130;24/07/2012
2012015646;5;2;2;1;3;130;06/07/2012
2012015647;1;2;1;1;6;130;20/07/2012
2012015648;1;2;1;2;6;130;20/07/2012
2012015649;5;2;1;1;3;130;20/07/2012
2012015650;5;2;1;1;6;130;25/07/2012
2012015651;5;2;1;1;1;130;08/07/2012
2012015652;2;2;1;1;3;130;19/07/2012
2012015653;1;2;1;1;3;130;17/07/2012
2012015654;1;2;1;1;4;130;12/07/2012
2012015655;1;2;1;1;5;130;19/07/2012
2012015656;1;2;1;1;3;130;14/07/2012
2012015657;2;2;1;1;3;130;21/06/2012
2012015658;1;2;1;1;6;130;18/07/2012
2012015659;1;2;1;1;3;130;04/07/2012
2012015660;5;2;1;1;2;130;16/07/2012
2012015661;1;2;3;1;3;130;26/06/2012
2012015662;1;2;1;1;7;130;25/07/2012
2012015663;1;2;1;1;2;130;28/06/2012
2012015664;1;2;1;1;7;130;01/07/2012
2012015665;5;2;2;1;3;130;31/05/2012
2012015666;1;2;1;1;6;130;19/07/2012
2012015667;1;2;1;1;7;130;17/07/2012
2012015668;1;2;2;1;3;130;07/07/2012
2012015669;1;2;1;1;2;130;11/06/2012
2012015670;1;2;2;1;6;130;27/06/2012
2012015671;1;2;1;1;2;130;21/07/2012
2012015672;1;2;1;1;3;130;20/06/2012
2012015673;1;2;1;1;3;130;12/07/2012
2012015674;1;2;1;1;2;130;10/06/2012
2012015675;1;2;1;1;2;130;23/07/2012
2012015676;1;2;1;1;4;130;23/07/2012
2012015677;1;2;1;1;6;130;29/06/2012
2012015678;1;2;1;1;6;130;29/06/2012
2012015679;1;2;1;1;7;130;13/06/2012
2012015680;5;2;1;1;2;130;22/06/2012
2012015681;5;2;1;1;6;130;20/06/2012
2012015682;1;2;1;1;6;130;01/06/2012
2012015683;5;2;1;1;2;130;18/07/2012
2012015684;1;2;3;1;3;130;27/05/2012
2012015685;1;2;1;1;3;130;09/07/2012
2012015686;5;2;1;1;7;130;29/06/2012
2012015687;1;2;6;8;3;130;02/07/2012
2012015688;5;2;1;3;2;130;22/04/2012
2012015689;1;2;1;1;6;130;11/07/2012
2012015690;1;2;1;1;5;130;09/07/2012
2012015691;1;2;1;1;3;130;08/06/2012
2012015692;1;2;1;1;6;130;23/07/2012
2012015693;1;2;1;1;4;130;19/07/2012
2012015694;1;2;1;1;4;130;23/07/2012
2012015695;1;2;1;1;3;130;24/07/2012
2012015696;1;2;1;1;6;130;26/06/2012
2012015697;1;2;2;1;6;130;19/07/2012
2012015698;1;2;3;1;6;130;29/07/2012
2012015699;1;2;1;1;7;130;29/07/2012
2012015700;1;2;1;1;6;130;29/07/2012
2012015701;1;2;1;1;1;130;30/07/2012
2012015702;1;2;3;1;6;130;30/07/2012
2012015703;1;2;1;1;1;130;01/08/2012
2012015704;1;2;1;9;6;130;26/07/2012
2012015705;1;2;1;1;2;130;10/05/2012
2012015706;1;2;1;1;7;130;23/07/2012
2012015707;1;2;1;1;1;130;14/07/2012
2012015708;1;2;1;1;4;130;23/07/2012
2012015709;1;1;1;1;6;130;23/02/2012
2012015710;1;2;2;1;1;130;17/07/2012
2012015711;1;2;1;1;7;130;10/07/2012
2012015712;1;2;1;1;3;130;28/06/2012
2012015713;5;2;2;1;3;130;16/07/2012
2012015714;1;2;1;1;2;130;19/07/2012
2012015715;5;2;1;1;7;130;03/02/2012
2012015716;1;2;1;1;6;130;03/07/2012
2012015717;1;2;1;1;6;130;24/07/2012
2012015718;1;2;1;1;6;130;04/07/2012
2012015719;1;2;1;1;6;130;12/05/2012
2012015720;1;2;1;7;6;130;03/07/2012
2012015721;1;2;1;1;6;130;26/07/2012
2012015722;1;2;2;1;3;130;20/07/2012
2012015723;1;2;1;1;1;130;29/05/2012
2012015724;1;2;1;1;7;130;20/07/2012
2012015725;1;2;1;1;6;130;20/07/2012
2012015726;1;2;1;1;3;130;22/07/2012
2012015727;5;2;1;1;3;130;20/06/2012
2012015728;1;2;1;1;2;130;28/07/2012
2012015729;1;2;1;1;6;130;11/07/2012
2012015730;1;2;1;1;6;130;13/07/2012
2012015731;1;2;1;1;6;130;25/07/2012
2012015732;1;2;1;1;2;130;13/07/2012
2012015733;1;2;1;1;2;130;25/07/2012
2012015734;5;2;2;1;2;130;28/05/2012
2012015735;1;2;1;1;3;130;02/04/2012
2012015736;1;2;1;1;6;130;25/07/2012
2012015737;1;2;1;1;6;130;30/07/2012
2012015738;1;2;1;1;6;130;14/06/2012
2012015739;1;2;1;1;1;130;03/08/2012
2012015740;1;2;4;1;3;130;28/07/2012
2012015741;1;2;1;1;6;130;23/07/2012
2012015742;1;2;1;1;3;130;17/07/2012
2012015743;5;2;1;1;2;130;06/08/2012
2012015744;1;2;1;1;2;130;30/07/2012
2012015745;1;2;2;1;3;130;25/07/2012
2012015746;1;2;1;1;6;130;04/08/2012
2012015747;1;2;3;1;3;130;31/07/2012
2012015748;1;2;1;1;1;130;04/08/2012
2012015749;1;2;2;1;1;130;28/07/2012
2012015750;3;2;1;1;6;130;06/08/2012
2012015751;1;2;1;1;1;130;30/07/2012
2012015752;5;2;1;1;6;130;08/08/2012
2012015753;1;2;1;1;2;130;04/06/2012
2012015754;1;2;1;1;3;130;02/07/2012
2012015755;1;2;1;1;3;130;19/02/2012
2012015756;1;1;1;1;1;130;11/07/2012
2012015757;1;2;1;1;3;130;01/08/2012
2012015758;1;2;1;1;6;130;02/08/2012
2012015759;1;2;1;1;3;130;01/08/2012
2012015760;1;2;1;1;3;130;28/07/2012
2012015761;5;2;1;1;6;130;30/07/2012
2012015762;5;2;1;1;3;130;15/07/2012
2012015763;1;2;5;1;3;130;17/07/2012
2012015764;1;2;1;1;4;130;17/07/2012
2012015765;1;2;1;1;6;130;17/07/2012
2012015766;1;2;1;1;3;130;02/08/2012
2012015767;1;2;1;1;7;130;01/08/2012
2012015768;1;2;1;1;6;130;21/06/2012
2012015769;1;2;1;1;2;130;01/08/2012