num_acc;lum;agg;inter;atm;col;dep;date
2012015770;5;2;1;1;1;130;16/03/2012
2012015771;1;2;1;1;3;130;18/07/2012
2012015772;3;1;1;1;6;130;06/08/2012
2012015773;1;2;1;1;7;130;18/05/2012
2012015774;1;2;1;1;6;130;09/07/2012
2012015775;1;2;1;1;2;130;04/06/2012
2012015776;1;2;1;1;3;130;03/05/2012
2012015777;1;2;5;1;3;130;08/08/2012
2012015778;1;2;6;1;3;130;04/07/2012
2012015779;1;2;3;1;3;130;06/08/2012
2012015780;1;2;1;1;3;130;07/07/2012
2012015781;1;2;1;1;6;130;08/08/2012
2012015782;1;2;1;1;6;130;12/08/2012
2012015783;1;2;2;1;1;130;10/08/2012
2012015784;1;2;1;1;6;130;11/08/2012
2012015785;2;2;1;1;7;130;24/04/2012
2012015786;1;2;1;1;2;130;31/07/2012
2012015787;1;2;6;1;6;130;26/06/2012
2012015788;1;2;1;1;4;130;28/07/2012
2012015789;5;2;1;1;7;130;10/04/2012
2012015790;1;2;3;1;2;130;03/07/2012
2012015791;1;2;1;1;6;130;30/05/2012
2012015792;1;2;1;1;4;130;10/07/2012
2012015793;1;2;1;1;6;130;30/07/2012
2012015794;1;2;1;3;6;130;06/08/2012
2012015795;1;2;1;1;2;130;07/07/2012
2012015796;1;2;1;1;7;130;15/08/2012
2012015797;1;2;1;1;6;130;11/08/2012
2012015798;1;2;1;1;3;130;09/08/2012
2012015799;1;2;1;1;2;130;16/08/2012
2012015800;1;2;1;1;5;130;18/07/2012
2012015801;1;2;1;1;6;130;23/06/2012
2012015802;1;2;1;1;5;130;19/08/2012
2012015803;1;2;1;1;6;130;17/08/2012
2012015804;2;2;1;1;6;130;19/08/2012
2012015805;1;2;1;1;2;130;07/06/2012
2012015806;1;2;1;1;6;130;12/06/2012
2012015807;1;2;1;1;6;130;26/06/2012
2012015808;1;2;1;1;3;130;21/07/2012
2012015809;5;2;3;1;3;130;10/08/2012
2012015810;1;2;1;1;6;130;08/08/2012
2012015811;1;2;1;1;3;130;05/08/2012
2012015812;1;2;1;1;6;130;25/07/2012
2012015813;1;2;1;1;3;130;15/06/2012
2012015814;1;2;1;1;5;130;09/07/2012
2012015815;1;2;8;1;3;130;13/08/2012
2012015816;1;2;3;1;6;130;19/07/2012
2012015817;1;2;1;1;3;130;02/08/2012
2012015818;1;2;3;1;3;130;13/08/2012
2012015819;1;2;1;1;1;130;11/07/2012
2012015820;1;2;1;1;2;130;04/08/2012
2012015821;5;2;1;1;6;130;06/08/2012
2012015822;1;2;1;1;5;130;01/08/2012
2012015823;2;2;1;1;1;130;24/07/2012
2012015824;1;2;1;1;2;130;21/06/2012
2012015825;1;2;2;2;5;130;09/08/2012
2012015826;5;2;1;1;7;130;15/08/2012
2012015827;1;2;3;1;3;130;18/08/2012
2012015828;5;2;3;1;5;130;10/03/2012
2012015829;5;2;2;1;3;130;28/06/2012
2012015830;1;2;6;1;6;130;19/08/2012
2012015831;1;2;3;1;3;130;30/07/2012
2012015832;1;2;3;1;3;130;14/04/2012
2012015833;1;2;1;1;3;130;20/07/2012
2012015834;1;2;3;1;3;130;15/08/2012
2012015835;1;2;1;1;7;130;25/03/2012
2012015836;5;2;1;1;6;130;22/08/2012
2012015837;1;2;1;1;1;130;23/08/2012
2012015838;1;2;1;1;2;130;16/08/2012
2012015839;1;2;2;1;3;130;22/08/2012
2012015840;1;2;1;1;6;130;02/08/2012
2012015841;1;2;1;1;4;130;04/08/2012
2012015842;1;2;1;1;3;130;16/07/2012
2012015843;1;2;1;1;7;130;31/03/2012
2012015844;5;2;1;1;2;130;18/08/2012
2012015845;1;2;1;1;6;130;19/08/2012
2012015846;1;2;1;1;2;130;23/08/2012
2012015847;1;2;1;1;1;130;09/08/2012
2012015848;5;2;1;1;7;130;24/08/2012
2012015849;1;2;1;1;2;130;09/08/2012
2012015850;1;2;2;1;3;130;09/08/2012
2012015851;5;2;1;1;6;130;15/08/2012
2012015852;5;2;1;1;6;130;24/07/2012
2012015853;1;2;1;1;1;130;17/07/2012
2012015854;5;2;1;7;6;130;05/08/2012
2012015855;1;2;1;1;3;130;29/07/2012
2012015856;5;2;1;1;3;130;19/08/2012
2012015857;5;2;1;1;6;130;25/08/2012
2012015858;1;2;1;1;3;130;26/08/2012
2012015859;1;2;1;1;3;130;03/08/2012
2012015860;1;2;1;1;6;130;24/08/2012
2012015861;1;2;1;1;2;130;23/08/2012
2012015862;1;2;1;1;3;130;09/08/2012
2012015863;1;2;1;1;3;130;27/08/2012
2012015864;1;2;1;1;2;130;28/08/2012
2012015865;5;2;1;1;3;130;27/07/2012
2012015866;1;2;1;1;2;130;28/08/2012
2012015867;1;2;1;1;2;130;27/08/2012
2012015868;2;2;1;1;1;130;02/09/2012
2012015869;1;2;1;1;4;130;03/09/2012
2012015870;1;2;3;1;5;130;04/09/2012
2012015871;1;2;1;1;3;130;05/09/2012
2012015872;1;2;1;1;3;130;18/07/2012
2012015873;5;2;1;1;6;130;12/08/2012
2012015874;1;2;1;1;6;130;27/08/2012
2012015875;1;2;1;1;2;130;29/08/2012
2012015876;1;2;1;1;2;130;27/08/2012
2012015877;1;1;1;9;7;130;30/08/2012
2012015878;1;2;1;1;2;130;07/08/2012
2012015879;1;2;1;1;2;130;01/08/2012
2012015880;1;2;1;1;2;130;28/07/2012
2012015881;1;2;1;1;7;130;22/08/2012
2012015882;1;2;1;1;3;130;10/08/2012
2012015883;1;2;3;1;3;130;20/08/2012
2012015884;1;2;2;1;6;130;19/08/2012
2012015885;1;2;1;1;2;130;30/08/2012
2012015886;1;2;1;7;2;130;23/08/2012
2012015887;1;2;1;1;1;130;11/08/2012
2012015888;5;2;1;1;6;130;01/07/2012
2012015889;1;2;1;1;7;130;09/09/2012
2012015890;1;2;1;1;6;130;08/09/2012
2012015891;1;2;1;1;6;130;08/09/2012
2012015892;1;2;1;1;2;130;07/09/2012
2012015893;1;2;2;1;3;130;24/07/2012
2012015894;5;2;2;1;3;130;18/07/2012
2012015895;1;2;1;1;3;130;17/08/2012
2012015896;1;2;3;1;2;130;15/08/2012
2012015897;1;2;1;1;2;130;13/08/2012
2012015898;2;2;2;1;3;130;06/08/2012
2012015899;1;2;6;1;7;130;26/08/2012
2012015900;1;2;3;1;3;130;21/08/2012
2012015901;1;2;1;1;3;130;27/07/2012
2012015902;1;2;2;1;6;130;22/08/2012
2012015903;1;2;1;1;2;130;13/08/2012
2012015904;5;2;1;1;2;130;02/09/2012
2012015905;1;1;1;1;7;130;04/06/2012
2012015906;5;2;1;1;3;130;30/08/2012
2012015907;1;1;1;1;7;130;24/07/2012
2012015908;1;2;1;2;2;130;03/09/2012
2012015909;1;2;1;1;2;130;24/08/2012
2012015910;1;2;1;1;3;130;23/08/2012
2012015911;2;2;1;1;3;130;05/06/2012
2012015912;1;2;2;1;6;130;02/09/2012
2012015913;1;2;1;1;6;130;25/07/2012
2012015914;1;2;3;1;3;130;02/09/2012
2012015915;1;2;1;2;1;130;03/09/2012
2012015916;1;2;2;1;1;130;23/08/2012
2012015917;5;2;1;8;7;130;30/08/2012
2012015918;1;2;1;2;6;130;30/08/2012
2012015919;1;2;2;1;6;130;22/08/2012
2012015920;2;2;1;6;3;130;31/08/2012
2012015921;1;1;1;8;7;130;02/09/2012
2012015922;1;2;1;1;3;130;21/08/2012
2012015923;1;2;1;1;6;130;10/09/2012
2012015924;5;2;1;1;1;130;21/08/2012
2012015925;1;2;1;1;2;130;09/09/2012
2012015926;1;2;1;1;7;130;17/08/2012
2012015927;1;2;1;1;3;130;23/08/2012
2012015928;1;2;1;1;7;130;29/08/2012
2012015929;1;2;2;2;3;130;03/09/2012
2012015930;1;2;1;1;3;130;07/08/2012
2012015931;1;1;1;1;6;130;24/07/2012
2012015932;1;2;3;1;3;130;24/07/2012
2012015933;1;2;1;1;2;130;04/09/2012
2012015934;5;2;1;1;7;130;21/09/2012
2012015935;5;2;1;1;1;130;13/09/2012
2012015936;1;2;1;1;3;130;08/08/2012
2012015937;1;2;1;1;4;130;06/09/2012
2012015938;2;2;1;1;2;130;26/07/2012
2012015939;1;2;1;1;2;130;27/08/2012
2012015940;5;2;2;1;3;130;09/08/2012
2012015941;1;2;1;1;2;130;07/09/2012
2012015942;1;2;1;1;3;130;23/08/2012
2012015943;1;2;1;1;3;130;22/08/2012
2012015944;1;2;3;1;3;130;28/08/2012
2012015945;1;2;1;1;6;130;17/08/2012
2012015946;1;2;1;1;5;130;22/08/2012
2012015947;5;2;3;1;3;130;05/09/2012
2012015948;1;2;1;1;3;130;16/08/2012
2012015949;1;2;3;1;2;130;13/08/2012
2012015950;1;2;1;1;3;130;09/08/2012
2012015951;1;2;1;1;6;130;16/08/2012
2012015952;1;2;2;1;3;130;18/05/2012
2012015953;1;2;1;1;6;130;12/09/2012
2012015954;1;2;1;1;6;130;06/09/2012
2012015955;2;2;1;2;6;130;01/09/2012
2012015956;1;1;1;1;7;130;15/09/2012
2012015957;5;2;1;1;6;130;15/09/2012
2012015958;2;2;3;1;3;130;11/09/2012
2012015959;1;2;1;1;6;130;04/09/2012
2012015960;1;2;1;1;6;130;06/08/2012
2012015961;5;2;1;1;4;130;28/08/2012
2012015962;1;2;2;1;3;130;25/08/2012
2012015963;1;2;1;1;2;130;05/09/2012
2012015964;1;2;1;1;6;130;06/09/2012
2012015965;1;2;1;1;2;130;06/09/2012
2012015966;1;2;1;1;6;130;31/08/2012
2012015967;1;2;3;1;7;130;06/09/2012
2012015968;1;2;2;1;3;130;27/08/2012
2012015969;5;2;3;1;3;130;07/08/2012
2012015970;1;2;1;1;6;130;03/09/2012
2012015971;1;2;1;1;6;130;09/09/2012
2012015972;5;2;1;1;1;130;06/09/2012
2012015973;1;2;1;1;3;130;14/09/2012
2012015974;1;2;1;1;7;130;14/09/2012
2012015975;5;2;1;1;3;130;01/04/2012
2012015976;1;2;1;1;4;130;11/09/2012
2012015977;1;2;1;1;6;130;14/09/2012
2012015978;2;2;3;1;6;130;12/09/2012
2012015979;1;2;1;1;6;130;11/09/2012
2012015980;1;2;1;1;6;130;13/09/2012
2012015981;1;2;1;1;4;130;15/09/2012
2012015982;1;2;1;1;3;130;11/09/2012
2012015983;5;2;2;1;3;130;28/05/2012
2012015984;1;2;1;1;6;130;13/09/2012
2012015985;5;2;2;1;3;130;08/06/2012
2012015986;1;2;1;1;3;130;17/08/2012
2012015987;1;2;1;1;6;130;13/09/2012
2012015988;1;2;1;1;6;130;13/09/2012
2012015989;1;2;1;1;6;130;11/06/2012
2012015990;1;2;1;1;6;130;19/06/2012
2012015991;1;2;1;1;6;130;04/08/2012
2012015992;5;2;2;1;6;130;13/09/2012
2012015993;1;2;1;1;6;130;12/07/2012
2012015994;1;2;1;1;6;130;21/09/2012
2012015995;1;2;2;1;6;130;25/06/2012
2012015996;1;2;1;1;6;130;14/09/2012
2012015997;1;2;1;1;2;130;12/09/2012
2012015998;1;2;1;1;6;130;05/07/2012
2012015999;1;2;1;1;2;130;29/07/2012
2012016000;1;2;2;1;3;130;12/09/2012
2012016001;1;2;1;1;6;130;05/09/2012
2012016002;1;2;1;1;1;130;08/07/2012
2012016003;1;2;3;1;3;130;30/07/2012
2012016004;1;2;3;1;3;130;18/09/2012
2012016005;1;2;1;1;6;130;10/09/2012
2012016006;1;2;2;1;3;130;02/08/2012
2012016007;1;2;1;1;2;130;17/09/2012
2012016008;1;1;1;1;2;130;14/09/2012
2012016009;1;2;1;2;6;130;03/09/2012
2012016010;1;2;1;2;6;130;03/09/2012
2012016011;5;2;9;1;3;130;20/08/2012
2012016012;1;2;1;1;1;130;11/09/2012
2012016013;1;2;1;1;3;130;04/09/2012
2012016014;1;2;1;1;2;130;07/08/2012
2012016015;1;2;1;1;3;130;17/09/2012
2012016016;1;2;1;2;6;130;03/09/2012
2012016017;1;2;1;1;3;130;31/05/2012
2012016018;1;2;1;2;3;130;30/08/2012
2012016019;1;2;1;1;5;130;22/09/2012
2012016020;1;2;1;1;6;130;25/09/2012
2012016021;5;2;1;1;5;130;20/01/2012
2012016022;5;2;1;1;6;130;05/09/2012
2012016023;1;2;1;1;1;130;05/09/2012
2012016024;2;2;2;1;6;130;19/09/2012
2012016025;1;2;1;1;6;130;21/08/2012
2012016026;1;2;3;1;3;130;31/08/2012
2012016027;1;2;1;1;3;130;10/09/2012
2012016028;1;2;1;1;3;130;09/09/2012
2012016029;1;2;3;1;1;130;10/09/2012
2012016030;1;2;1;1;3;130;14/09/2012
2012016031;1;2;4;1;2;130;21/09/2012
2012016032;1;2;1;1;4;130;19/09/2012
2012016033;1;2;1;1;2;130;19/09/2012
2012016034;1;2;1;1;3;130;14/09/2012
2012016035;1;2;1;1;2;130;19/09/2012
2012016036;1;2;3;1;6;130;06/09/2012
2012016037;1;2;3;1;7;130;06/09/2012
2012016038;1;2;1;1;2;130;19/09/2012
2012016039;5;2;1;1;6;130;27/09/2012
2012016040;1;2;1;1;6;130;21/09/2012
2012016041;1;2;1;1;1;130;11/09/2012
2012016042;1;1;1;1;3;130;19/07/2012
2012016043;1;2;1;1;3;130;22/09/2012
2012016044;1;2;1;1;2;130;20/07/2012
2012016045;1;2;1;1;7;130;14/09/2012
2012016046;1;2;1;1;6;130;19/09/2012
2012016047;5;2;2;1;6;130;24/08/2012
2012016048;5;2;1;1;6;130;19/09/2012
2012016049;1;2;1;1;6;130;14/09/2012
2012016050;1;2;1;1;6;130;22/09/2012
2012016051;1;2;1;1;3;130;22/09/2012
2012016052;1;2;1;1;7;130;12/09/2012
2012016053;1;2;1;1;1;130;28/09/2012
2012016054;1;2;1;1;6;130;29/09/2012
2012016055;1;2;1;1;7;130;17/09/2012
2012016056;5;2;1;1;6;130;20/09/2012
2012016057;1;2;1;1;7;130;09/09/2012
2012016058;1;2;9;1;3;130;13/06/2012
2012016059;1;2;2;1;3;130;19/08/2012
2012016060;1;2;1;1;3;130;07/09/2012
2012016061;5;2;1;1;3;130;20/09/2012
2012016062;1;2;3;1;3;130;09/08/2012
2012016063;1;2;1;1;6;130;18/09/2012
2012016064;1;2;1;1;3;130;10/07/2012
2012016065;5;2;3;1;7;130;23/09/2012
2012016066;5;2;9;1;2;130;08/08/2012
2012016067;1;2;1;1;3;130;14/09/2012
2012016068;1;2;1;1;6;130;19/09/2012
2012016069;1;2;1;1;3;130;17/09/2012
2012016070;1;2;3;1;3;130;27/08/2012
2012016071;1;2;1;1;3;130;15/09/2012
2012016072;2;2;3;1;3;130;21/09/2012
2012016073;1;2;1;1;3;130;25/08/2012
2012016074;1;2;1;1;2;130;26/09/2012
2012016075;1;2;3;2;6;130;24/09/2012
2012016076;4;2;1;1;6;130;26/06/2012
2012016077;1;2;1;1;6;130;03/10/2012
2012016078;1;2;1;1;5;130;04/10/2012
2012016079;1;2;1;1;2;130;09/09/2012
2012016080;1;2;2;1;3;130;22/09/2012
2012016081;1;2;3;1;1;130;03/10/2012
2012016082;1;2;1;1;3;130;21/09/2012
2012016083;1;2;1;1;2;130;13/08/2012
2012016084;1;2;1;1;2;130;19/09/2012
2012016085;5;2;1;1;6;130;16/09/2012
2012016086;5;2;1;1;6;130;16/09/2012
2012016087;5;2;1;1;3;130;31/03/2012
2012016088;1;2;6;1;3;130;22/09/2012
2012016089;1;2;1;1;1;130;26/09/2012
2012016090;5;2;3;1;3;130;14/08/2012
2012016091;1;2;5;1;3;130;02/09/2012
2012016092;1;2;1;1;3;130;14/09/2012
2012016093;1;2;1;1;3;130;12/09/2012
2012016094;5;2;3;1;3;130;29/09/2012
2012016095;1;2;1;1;6;130;01/10/2012
2012016096;2;2;3;1;2;130;25/09/2012
2012016097;1;2;1;1;6;130;27/09/2012
2012016098;5;2;1;1;2;130;29/09/2012
2012016099;1;2;1;1;3;130;19/09/2012
2012016100;5;2;1;1;2;130;10/06/2012
2012016101;1;2;2;1;5;130;13/09/2012
2012016102;1;2;1;1;7;130;22/09/2012
2012016103;5;2;1;1;3;130;13/09/2012
2012016104;1;2;1;1;6;130;27/09/2012
2012016105;5;2;1;1;3;130;14/09/2012
2012016106;1;2;1;1;6;130;15/09/2012
2012016107;1;2;1;1;1;130;21/09/2012
2012016108;1;2;1;1;1;130;20/09/2012
2012016109;1;2;1;1;2;130;19/09/2012
2012016110;1;2;1;3;2;130;29/09/2012
2012016111;1;2;1;1;6;130;22/08/2012
2012016112;1;2;1;1;3;130;24/09/2012
2012016113;1;2;1;1;6;130;28/09/2012
2012016114;1;2;1;1;4;130;22/09/2012
2012016115;1;2;1;1;6;130;08/10/2012
2012016116;1;2;1;1;3;130;08/10/2012
2012016117;1;2;1;1;3;130;06/10/2012
2012016118;1;2;3;1;3;130;23/09/2012
2012016119;1;2;1;1;3;130;06/10/2012
2012016120;5;2;6;1;3;130;08/10/2012
2012016121;1;2;2;1;3;130;31/07/2012
2012016122;1;2;1;1;2;130;03/10/2012
2012016123;5;2;1;1;3;130;04/10/2012
2012016124;1;2;1;1;3;130;13/09/2012
2012016125;1;2;1;1;2;130;26/09/2012
2012016126;1;2;1;1;6;130;20/09/2012
2012016127;1;2;1;1;2;130;29/09/2012
2012016128;1;2;1;1;3;130;24/09/2012
2012016129;1;2;1;1;6;130;24/09/2012
2012016130;1;2;2;1;3;130;28/09/2012
2012016131;1;2;1;1;1;130;15/09/2012
2012016132;1;2;1;1;2;130;17/06/2012
2012016133;5;2;1;1;3;130;05/10/2012
2012016134;1;1;1;2;7;130;30/09/2012
2012016135;1;2;1;1;6;130;06/10/2012
2012016136;1;2;1;1;6;130;28/09/2012
2012016137;5;2;1;1;3;130;28/09/2012
2012016138;1;2;2;1;3;130;10/08/2012
2012016139;1;2;1;1;4;130;27/09/2012
2012016140;1;2;1;1;6;130;28/09/2012
2012016141;1;2;1;1;6;130;27/09/2012
2012016142;1;2;1;1;6;130;01/10/2012
2012016143;1;2;1;1;6;130;01/10/2012
2012016144;1;2;1;1;6;130;10/09/2012
2012016145;5;2;1;1;1;130;25/09/2012
2012016146;1;2;1;1;3;130;05/10/2012
2012016147;1;2;1;1;6;130;22/09/2012
2012016148;1;2;1;1;2;130;24/09/2012
2012016149;1;2;1;1;6;130;28/09/2012
2012016150;1;2;1;1;6;130;09/10/2012
2012016151;1;2;1;1;6;130;07/10/2012
2012016152;1;2;1;1;6;130;11/10/2012
2012016153;2;2;1;1;6;130;06/10/2012
2012016154;1;2;1;1;1;130;11/10/2012
2012016155;3;2;2;1;3;130;05/10/2012
2012016156;1;2;1;1;4;130;11/06/2012
2012016157;5;2;1;1;6;130;26/08/2012
2012016158;1;2;6;1;2;130;11/09/2012
2012016159;5;2;1;1;7;130;10/10/2012
2012016160;1;2;3;1;5;130;19/09/2012
2012016161;1;2;1;1;5;130;08/10/2012
2012016162;1;2;1;1;6;130;03/10/2012
2012016163;1;2;2;1;3;130;19/09/2012
2012016164;1;2;1;1;6;130;05/09/2012
2012016165;5;2;1;1;2;130;14/10/2012
2012016166;5;2;2;1;3;130;14/10/2012
2012016167;2;2;1;1;6;130;14/10/2012
2012016168;1;2;4;1;3;130;12/10/2012
2012016169;1;2;1;1;2;130;04/10/2012
2012016170;1;1;1;1;6;130;24/09/2012
2012016171;1;2;1;1;6;130;05/10/2012
2012016172;5;2;1;1;3;130;29/09/2012
2012016173;1;2;9;1;6;130;11/09/2012
2012016174;5;2;1;1;6;130;28/09/2012
2012016175;1;2;1;1;2;130;30/09/2012
2012016176;5;2;1;1;6;130;22/09/2012
2012016177;1;2;3;1;3;130;02/10/2012
2012016178;1;2;1;1;3;130;20/09/2012
2012016179;1;2;1;8;3;130;25/09/2012
2012016180;1;2;1;1;3;130;03/10/2012
2012016181;5;2;1;1;3;130;28/09/2012
2012016182;1;2;1;1;3;130;24/08/2012
2012016183;1;2;1;1;3;130;24/08/2012
2012016184;1;2;1;1;7;130;27/09/2012
2012016185;5;2;1;3;2;130;12/10/2012
2012016186;1;2;1;1;3;130;11/09/2012
2012016187;1;2;1;1;3;130;08/10/2012
2012016188;1;2;4;1;3;130;10/10/2012
2012016189;1;2;1;1;4;130;04/10/2012
2012016190;1;2;1;1;6;130;02/10/2012
2012016191;4;2;1;1;2;130;15/09/2012
2012016192;1;2;1;1;3;130;04/10/2012
2012016193;1;2;1;1;6;130;06/10/2012
2012016194;1;2;1;1;2;130;17/09/2012
2012016195;2;2;3;1;3;130;18/09/2012
2012016196;1;2;1;1;6;130;08/09/2012
2012016197;1;2;1;1;6;130;02/10/2012
2012016198;5;2;1;1;3;130;05/10/2012
2012016199;5;2;4;1;3;130;25/09/2012
2012016200;5;2;1;1;6;130;12/10/2012
2012016201;2;2;1;1;6;130;20/06/2012
2012016202;1;2;1;1;4;130;25/09/2012
2012016203;1;2;1;1;3;130;03/09/2012
2012016204;1;2;1;1;6;130;18/09/2012
2012016205;1;2;1;2;6;130;28/09/2012
2012016206;1;2;1;1;1;130;22/09/2012
2012016207;1;2;1;1;6;130;20/10/2012
2012016208;1;2;1;1;5;130;02/10/2012
2012016209;1;2;1;1;2;130;12/10/2012
2012016210;1;2;1;1;6;130;04/10/2012
2012016211;1;2;6;6;3;130;15/10/2012
2012016212;1;2;1;1;3;130;15/10/2012
2012016213;1;2;1;1;3;130;16/08/2012
2012016214;2;2;2;1;6;130;22/09/2012
2012016215;1;2;1;1;1;130;21/09/2012
2012016216;1;2;1;2;6;130;14/10/2012
2012016217;1;2;1;1;7;130;24/09/2012
2012016218;5;2;1;2;1;130;14/10/2012
2012016219;3;2;1;1;6;130;21/10/2012
2012016220;1;2;1;1;6;130;21/10/2012
2012016221;2;2;1;2;3;130;11/10/2012
2012016222;1;2;1;1;1;130;03/10/2012
2012016223;1;2;1;1;6;130;21/09/2012
2012016224;1;2;1;1;1;130;11/10/2012
2012016225;1;2;1;8;7;130;14/10/2012
2012016226;1;2;6;1;6;130;09/10/2012
2012016227;5;2;1;1;3;130;20/10/2012
2012016228;2;2;1;1;2;130;03/10/2012
2012016229;1;2;1;1;3;130;22/09/2012
2012016230;1;2;1;1;3;130;10/10/2012
2012016231;1;2;1;1;6;130;27/09/2012
2012016232;3;2;3;1;3;130;12/09/2012
2012016233;1;2;1;1;3;130;28/09/2012
2012016234;1;2;3;1;3;130;03/10/2012
2012016235;1;2;1;1;6;130;21/09/2012
2012016236;1;2;2;1;3;130;20/09/2012
2012016237;2;2;1;1;1;130;04/10/2012
2012016238;1;2;6;1;3;130;17/09/2012
2012016239;1;2;1;1;2;130;24/09/2012
2012016240;1;2;3;1;3;130;12/10/2012
2012016241;1;2;1;1;3;130;22/09/2012
2012016242;5;2;1;1;6;130;16/10/2012
2012016243;1;2;1;1;3;130;11/09/2012
2012016244;1;2;1;1;3;130;02/10/2012
2012016245;1;2;1;1;6;130;12/10/2012
2012016246;1;2;1;1;2;130;24/09/2012
2012016247;1;2;1;2;2;130;29/09/2012
2012016248;5;2;3;2;5;130;22/10/2012
2012016249;4;2;1;9;6;130;22/10/2012
2012016250;1;2;2;1;3;130;07/08/2012
2012016251;1;2;2;1;3;130;10/10/2012
2012016252;1;2;1;1;3;130;16/10/2012
2012016253;5;2;1;2;7;130;22/10/2012
2012016254;1;2;3;1;3;130;28/09/2012
2012016255;1;2;1;1;2;130;17/10/2012
2012016256;2;2;1;1;3;130;18/10/2012
2012016257;1;2;1;1;7;130;16/10/2012
2012016258;1;2;3;1;3;130;26/09/2012
2012016259;1;2;1;1;2;130;10/10/2012
2012016260;5;2;1;1;2;130;11/10/2012
2012016261;1;2;1;1;6;130;09/10/2012
2012016262;2;2;1;1;5;130;19/05/2012
2012016263;5;2;4;1;2;130;02/10/2012
2012016264;1;2;1;1;3;130;15/08/2012
2012016265;1;2;1;1;6;130;03/10/2012
2012016266;1;2;1;1;6;130;10/10/2012
2012016267;1;2;1;1;3;130;05/10/2012
2012016268;5;2;1;1;1;130;13/10/2012
2012016269;1;2;9;1;2;130;14/09/2012
2012016270;2;2;1;1;2;130;19/10/2012
2012016271;5;2;2;1;3;130;25/10/2012
2012016272;1;2;1;1;3;130;10/10/2012
2012016273;1;2;1;1;6;130;01/10/2012
2012016274;5;2;2;1;5;130;23/09/2012
2012016275;5;2;1;1;6;130;28/09/2012
2012016276;1;2;1;1;2;130;25/09/2012
2012016277;1;2;1;1;6;130;02/10/2012
2012016278;1;2;1;1;6;130;28/09/2012
2012016279;1;2;1;1;3;130;09/10/2012
2012016280;1;2;1;1;3;130;21/09/2012
2012016281;5;2;1;6;6;130;29/10/2012
2012016282;5;2;1;1;2;130;27/10/2012
2012016283;5;2;1;8;5;130;26/10/2012
2012016284;2;2;1;1;7;130;22/10/2012
2012016285;1;2;1;1;6;130;29/10/2012
2012016286;5;2;1;1;7;130;30/10/2012
2012016287;1;2;1;1;4;130;01/10/2012
2012016288;1;2;1;1;6;130;19/10/2012
2012016289;1;2;1;3;3;130;31/10/2012
2012016290;1;2;3;1;1;130;02/11/2012
2012016291;1;2;1;1;3;130;30/06/2012
2012016292;5;2;1;1;6;130;04/11/2012
2012016293;5;2;1;9;6;130;21/10/2012
2012016294;5;2;2;1;6;130;03/11/2012
2012016295;1;2;1;7;6;130;09/10/2012
2012016296;5;2;1;2;2;130;22/10/2012
2012016297;5;2;1;2;2;130;26/10/2012
2012016298;1;2;1;1;6;130;03/10/2012
2012016299;1;2;1;2;3;130;20/10/2012
2012016300;1;2;1;1;6;130;22/10/2012
2012016301;5;2;3;6;3;130;27/10/2012
2012016302;2;2;1;1;6;130;23/10/2012
2012016303;1;1;1;1;7;130;23/10/2012
2012016304;1;2;1;1;2;130;15/10/2012
2012016305;1;2;1;1;3;130;11/09/2012
2012016306;1;2;2;1;3;130;24/10/2012
2012016307;5;2;1;3;3;130;14/10/2012
2012016308;1;2;1;1;5;130;17/10/2012
2012016309;1;2;1;1;6;130;08/10/2012
2012016310;1;2;6;1;6;130;19/10/2012
2012016311;1;2;2;1;5;130;09/10/2012
2012016312;5;2;4;1;3;130;23/10/2012
2012016313;1;2;1;1;7;130;06/10/2012
2012016314;1;2;1;8;3;130;23/10/2012
2012016315;1;2;1;1;3;130;12/10/2012
2012016316;1;2;1;3;7;130;26/10/2012
2012016317;1;2;1;1;3;130;25/10/2012
2012016318;1;2;1;1;3;130;06/11/2012
2012016319;1;2;1;1;5;130;28/09/2012
2012016320;1;2;1;1;2;130;27/10/2012
2012016321;2;2;1;1;2;130;31/10/2012
2012016322;1;2;1;1;2;130;18/10/2012
2012016323;5;2;1;1;3;130;22/10/2012
2012016324;1;2;3;1;6;130;29/07/2012
2012016325;1;2;1;2;2;130;23/10/2012
2012016326;1;2;1;1;3;130;30/10/2012
2012016327;2;2;1;1;3;130;01/10/2012
2012016328;1;2;1;1;7;130;26/10/2012
2012016329;5;2;1;1;6;130;06/10/2012
2012016330;1;2;1;1;3;130;17/10/2012
2012016331;1;2;1;1;3;130;08/08/2012
2012016332;5;2;1;1;7;130;25/10/2012
2012016333;1;2;3;3;3;130;24/09/2012
2012016334;1;2;1;2;6;130;22/10/2012
2012016335;1;1;1;1;7;130;12/10/2012
2012016336;5;2;1;1;6;130;08/11/2012
2012016337;1;2;1;1;6;130;08/10/2012
2012016338;2;2;2;1;3;130;15/10/2012
2012016339;2;2;1;1;1;130;15/10/2012
2012016340;1;2;1;1;3;130;03/10/2012
2012016341;5;2;1;1;1;130;11/10/2012
2012016342;1;2;1;1;7;130;01/11/2012
2012016343;5;2;3;1;3;130;28/10/2012
2012016344;5;2;2;6;3;130;27/10/2012
2012016345;1;2;1;1;3;130;01/08/2012
2012016346;1;2;3;1;3;130;19/10/2012
2012016347;1;2;1;1;6;130;24/10/2012
2012016348;5;2;2;1;3;130;29/10/2012
2012016349;1;2;2;1;6;130;05/10/2012
2012016350;5;2;1;2;3;130;21/10/2012