num_acc;lum;agg;inter;atm;col;dep;date
2012016351;1;2;2;1;3;130;22/10/2012
2012016352;1;2;4;1;7;130;27/10/2012
2012016353;5;2;1;1;3;130;16/10/2012
2012016354;5;2;1;6;6;130;28/10/2012
2012016355;1;2;3;1;3;130;10/10/2012
2012016356;1;2;3;1;6;130;03/08/2012
2012016357;2;2;1;1;3;130;28/09/2012
2012016358;1;2;3;1;6;130;04/09/2012
2012016359;1;2;1;1;6;130;11/10/2012
2012016360;1;2;2;3;6;130;31/10/2012
2012016361;2;2;1;1;2;130;30/10/2012
2012016362;2;2;1;1;6;130;25/10/2012
2012016363;1;2;1;1;2;130;26/10/2012
2012016364;2;2;1;1;6;130;17/10/2012
2012016365;1;2;1;1;6;130;15/10/2012
2012016366;5;2;1;1;2;130;24/10/2012
2012016367;2;2;1;1;6;130;15/09/2012
2012016368;1;1;1;1;6;130;14/10/2012
2012016369;1;2;1;3;3;130;11/11/2012
2012016370;5;2;1;1;1;130;18/10/2012
2012016371;5;2;1;1;2;130;23/09/2012
2012016372;2;2;3;1;6;130;11/10/2012
2012016373;1;2;1;1;6;130;25/10/2012
2012016374;1;2;1;1;6;130;16/10/2012
2012016375;1;1;1;2;1;130;21/10/2012
2012016376;1;2;1;1;6;130;25/10/2012
2012016377;5;2;1;1;3;130;20/10/2012
2012016378;1;2;1;1;2;130;18/10/2012
2012016379;1;2;1;1;2;130;02/11/2012
2012016380;5;2;1;1;3;130;02/11/2012
2012016381;5;2;1;1;7;130;20/10/2012
2012016382;1;2;1;1;2;130;08/11/2012
2012016383;5;2;1;1;3;130;07/11/2012
2012016384;1;2;1;1;6;130;10/09/2012
2012016385;1;2;1;1;2;130;07/11/2012
2012016386;1;2;1;1;2;130;03/11/2012
2012016387;1;2;1;1;3;130;05/10/2012
2012016388;5;2;1;1;2;130;06/11/2012
2012016389;1;2;1;1;4;130;12/10/2012
2012016390;2;2;1;3;6;130;22/10/2012
2012016391;1;2;1;1;4;130;02/11/2012
2012016392;1;2;2;1;3;130;27/10/2012
2012016393;1;2;1;1;2;130;17/10/2012
2012016394;5;2;1;3;6;130;26/10/2012
2012016395;2;2;1;1;3;130;14/03/2012
2012016396;1;2;1;1;3;130;11/10/2012
2012016397;2;2;1;1;3;130;23/10/2012
2012016398;1;2;3;1;3;130;18/10/2012
2012016399;1;2;1;1;6;130;27/08/2012
2012016400;1;2;1;1;6;130;13/10/2012
2012016401;1;2;3;2;3;130;28/08/2012
2012016402;1;2;1;1;6;130;13/07/2012
2012016403;5;2;1;1;3;130;25/10/2012
2012016404;1;2;1;1;6;130;27/10/2012
2012016405;1;2;1;1;3;130;09/11/2012
2012016406;5;2;1;1;7;130;27/09/2012
2012016407;1;2;1;1;6;130;22/10/2012
2012016408;1;2;1;1;2;130;14/10/2012
2012016409;1;2;1;1;7;130;22/09/2012
2012016410;1;2;1;1;3;130;10/10/2012
2012016411;1;2;1;3;6;130;31/10/2012
2012016412;1;2;1;1;3;130;16/07/2012
2012016413;1;2;1;1;6;130;25/10/2012
2012016414;5;2;1;1;6;130;19/10/2012
2012016415;5;2;3;3;2;130;21/10/2012
2012016416;1;2;1;1;3;130;25/10/2012
2012016417;1;2;1;1;6;130;24/10/2012
2012016418;1;2;1;3;6;130;10/11/2012
2012016419;1;2;1;1;3;130;13/07/2012
2012016420;1;2;1;1;3;130;29/10/2012
2012016421;1;2;1;1;6;130;15/11/2012
2012016422;1;2;2;1;3;130;01/10/2012
2012016423;1;2;1;1;6;130;27/09/2012
2012016424;1;2;1;1;6;130;29/10/2012
2012016425;1;2;1;1;6;130;08/11/2012
2012016426;2;2;1;1;6;130;05/11/2012
2012016427;5;2;1;3;1;130;31/10/2012
2012016428;1;2;1;1;6;130;07/11/2012
2012016429;1;2;1;1;6;130;15/11/2012
2012016430;1;2;3;1;6;130;16/11/2012
2012016431;5;2;4;1;6;130;18/11/2012
2012016432;5;2;2;1;3;130;09/11/2012
2012016433;5;2;2;1;3;130;05/11/2012
2012016434;2;2;2;1;3;130;09/11/2012
2012016435;3;2;1;1;6;130;06/09/2012
2012016436;5;2;1;1;3;130;06/11/2012
2012016437;2;2;1;2;6;130;31/10/2012
2012016438;3;2;1;3;6;130;26/10/2012
2012016439;5;2;1;1;6;130;01/10/2012
2012016440;5;2;1;1;2;130;19/10/2012
2012016441;1;2;1;1;6;130;22/09/2012
2012016442;1;2;1;1;6;130;30/10/2012
2012016443;1;2;1;1;6;130;26/10/2012
2012016444;1;2;1;1;2;130;31/10/2012
2012016445;1;2;3;1;3;130;19/11/2012
2012016446;1;2;1;2;3;130;09/11/2012
2012016447;1;2;1;1;3;130;04/11/2012
2012016448;1;2;1;1;2;130;20/08/2012
2012016449;1;2;3;1;3;130;22/09/2012
2012016450;1;2;6;1;2;130;24/06/2012
2012016451;1;2;1;1;3;130;16/09/2012
2012016452;1;2;1;1;2;130;03/06/2012
2012016453;1;2;1;1;2;130;10/09/2012
2012016454;1;2;1;1;7;130;09/11/2012
2012016455;1;2;3;1;3;130;09/10/2012
2012016456;2;2;1;1;3;130;13/11/2012
2012016457;1;2;1;1;6;130;06/11/2012
2012016458;1;2;1;1;2;130;13/10/2012
2012016459;1;2;1;1;2;130;21/11/2012
2012016460;5;2;1;1;2;130;09/11/2012
2012016461;4;2;1;1;6;130;12/11/2012
2012016462;5;2;1;1;7;130;21/11/2012
2012016463;1;2;1;1;3;130;18/11/2012
2012016464;1;2;3;1;3;130;14/11/2012
2012016465;5;2;1;2;3;130;11/11/2012
2012016466;1;2;1;1;6;130;16/11/2012
2012016467;1;2;2;1;5;130;12/11/2012
2012016468;5;2;1;1;6;130;19/11/2012
2012016469;1;2;1;1;6;130;12/11/2012
2012016470;1;2;6;1;3;130;27/10/2012
2012016471;1;2;1;1;2;130;21/11/2012
2012016472;1;1;1;1;6;130;02/08/2012
2012016473;1;1;1;3;7;130;10/11/2012
2012016474;1;2;1;1;6;130;16/11/2012
2012016475;5;2;1;1;6;130;25/11/2012
2012016476;5;2;1;1;3;130;26/11/2012
2012016477;5;2;1;1;2;130;26/11/2012
2012016478;3;2;1;1;3;130;15/11/2012
2012016479;2;2;1;1;6;130;13/11/2012
2012016480;1;2;1;1;5;130;12/11/2012
2012016481;1;2;1;1;6;130;20/11/2012
2012016482;5;2;1;1;1;130;12/11/2012
2012016483;1;2;1;1;6;130;19/11/2012
2012016484;1;2;2;1;6;130;15/11/2012
2012016485;1;2;1;1;6;130;14/11/2012
2012016486;1;2;1;1;6;130;07/08/2012
2012016487;1;2;1;1;6;130;16/11/2012
2012016488;1;2;1;1;3;130;21/11/2012
2012016489;1;2;1;1;6;130;15/11/2012
2012016490;5;2;1;2;6;130;04/11/2012
2012016491;1;2;1;1;6;130;08/11/2012
2012016492;3;2;2;1;3;130;01/11/2012
2012016493;1;2;5;1;3;130;08/11/2012
2012016494;1;2;1;1;6;130;21/11/2012
2012016495;1;2;1;1;3;130;22/11/2012
2012016496;1;2;1;1;2;130;21/11/2012
2012016497;5;2;1;1;2;130;29/11/2012
2012016498;1;2;1;1;2;130;02/11/2012
2012016499;1;2;1;1;6;130;14/11/2012
2012016500;1;2;1;1;3;130;08/11/2012
2012016501;1;2;2;1;3;130;08/11/2012
2012016502;1;2;3;1;3;130;22/11/2012
2012016503;2;2;1;1;6;130;17/11/2012
2012016504;5;2;1;1;6;130;17/11/2012
2012016505;1;2;2;1;7;130;29/11/2012
2012016506;5;2;1;1;6;130;23/11/2012
2012016507;5;2;1;1;6;130;02/12/2012
2012016508;1;2;1;1;6;130;01/12/2012
2012016509;1;2;1;1;1;130;15/11/2012
2012016510;5;2;1;1;2;130;04/12/2012
2012016511;1;2;1;1;3;130;04/12/2012
2012016512;1;2;1;1;3;130;20/11/2012
2012016513;5;2;1;1;2;130;13/11/2012
2012016514;5;2;1;1;6;130;14/11/2012
2012016515;5;2;1;1;3;130;16/11/2012
2012016516;1;2;1;2;5;130;28/11/2012
2012016517;2;2;1;1;6;130;28/11/2012
2012016518;1;2;1;1;6;130;05/11/2012
2012016519;1;2;1;1;6;130;14/11/2012
2012016520;1;2;1;1;6;130;08/11/2012
2012016521;1;2;1;1;6;130;20/11/2012
2012016522;1;2;1;1;6;130;20/11/2012
2012016523;5;2;1;1;6;130;21/11/2012
2012016524;5;2;1;1;6;130;09/11/2012
2012016525;5;2;3;1;6;130;03/11/2012
2012016526;1;2;1;1;6;130;20/10/2012
2012016527;5;2;1;1;6;130;18/11/2012
2012016528;1;2;3;1;3;130;30/11/2012
2012016529;5;2;1;1;3;130;30/11/2012
2012016530;5;2;1;1;3;130;04/11/2012
2012016531;1;2;3;1;3;130;08/11/2012
2012016532;1;2;1;1;3;130;07/11/2012
2012016533;5;2;1;1;2;130;01/11/2012
2012016534;1;2;1;1;7;130;29/11/2012
2012016535;1;2;1;8;7;130;22/11/2012
2012016536;5;2;1;2;7;130;26/11/2012
2012016537;2;2;1;3;7;130;28/11/2012
2012016538;5;2;1;1;6;130;02/11/2012
2012016539;1;2;1;2;1;130;27/11/2012
2012016540;5;2;1;1;2;130;20/11/2012
2012016541;5;2;1;1;1;130;22/11/2012
2012016542;5;2;1;1;4;130;14/11/2012
2012016543;1;2;1;1;3;130;21/11/2012
2012016544;2;2;9;1;3;130;18/11/2012
2012016545;1;2;1;3;6;130;28/11/2012
2012016546;5;2;1;1;3;130;19/11/2012
2012016547;5;2;1;1;6;130;13/11/2012
2012016548;2;2;1;3;6;130;27/11/2012
2012016549;1;2;1;2;6;130;10/11/2012
2012016550;2;2;3;1;6;130;13/11/2012
2012016551;1;2;1;1;3;130;06/11/2012
2012016552;2;2;1;1;6;130;12/11/2012
2012016553;5;2;1;1;1;130;06/12/2012
2012016554;1;2;1;1;3;130;13/11/2012
2012016555;5;2;1;1;2;130;29/11/2012
2012016556;1;2;1;1;6;130;21/11/2012
2012016557;1;2;1;1;2;130;20/11/2012
2012016558;1;2;1;1;6;130;19/11/2012
2012016559;5;2;1;3;7;130;27/11/2012
2012016560;1;2;1;2;3;130;27/11/2012
2012016561;1;2;1;1;3;130;01/12/2012
2012016562;5;2;1;2;1;130;27/11/2012
2012016563;1;2;3;1;1;130;03/10/2012
2012016564;2;2;1;1;6;130;26/11/2012
2012016565;5;2;3;1;3;130;01/12/2012
2012016566;1;2;1;1;6;130;20/10/2012
2012016567;1;2;1;1;2;130;28/11/2012
2012016568;5;2;1;1;6;130;20/11/2012
2012016569;1;2;1;1;2;130;03/12/2012
2012016570;1;2;1;2;7;130;26/11/2012
2012016571;1;2;1;1;6;130;19/11/2012
2012016572;1;2;1;1;2;130;01/12/2012
2012016573;1;2;1;2;6;130;28/11/2012
2012016574;1;2;1;3;1;130;06/08/2012
2012016575;1;2;1;1;6;130;15/10/2012
2012016576;1;2;1;1;3;130;15/10/2012
2012016577;5;2;1;1;5;130;03/12/2012
2012016578;1;2;1;1;6;130;18/10/2012
2012016579;5;2;1;6;2;130;29/11/2012
2012016580;3;2;1;1;6;130;19/10/2012
2012016581;5;2;9;1;6;130;06/10/2012
2012016582;1;2;1;1;2;130;23/11/2012
2012016583;1;2;3;2;6;130;28/11/2012
2012016584;1;2;3;2;3;130;27/11/2012
2012016585;1;2;1;1;3;130;15/10/2012
2012016586;2;2;1;1;1;130;28/11/2012
2012016587;1;2;1;1;6;130;03/12/2012
2012016588;5;2;3;2;7;130;26/11/2012
2012016589;1;2;1;1;6;130;20/11/2012
2012016590;1;2;1;1;1;130;19/11/2012
2012016591;1;2;1;1;6;130;01/12/2012
2012016592;1;2;1;1;6;130;11/10/2012
2012016593;1;2;1;1;3;130;16/11/2012
2012016594;1;2;1;3;7;130;28/11/2012
2012016595;1;2;1;1;6;130;01/11/2012
2012016596;3;2;3;1;3;130;18/11/2012
2012016597;1;2;1;1;2;130;30/11/2012
2012016598;5;2;1;1;1;130;01/12/2012
2012016599;1;2;1;2;3;130;27/11/2012
2012016600;2;2;3;1;3;130;06/11/2012
2012016601;2;2;1;9;2;130;15/11/2012
2012016602;1;2;3;1;2;130;02/11/2012
2012016603;5;2;1;1;6;130;01/12/2012
2012016604;1;2;2;1;6;130;02/12/2012
2012016605;5;2;1;1;6;130;01/12/2012
2012016606;1;2;2;1;3;130;03/12/2012
2012016607;5;2;1;1;3;130;21/11/2012
2012016608;2;2;1;1;6;130;31/10/2012
2012016609;1;2;1;1;6;130;25/10/2012
2012016610;5;2;1;1;6;130;30/11/2012
2012016611;1;2;1;1;6;130;06/12/2012
2012016612;1;2;1;1;3;130;18/11/2012
2012016613;3;2;1;1;3;130;11/11/2012
2012016614;1;2;1;1;3;130;05/12/2012
2012016615;1;2;1;1;6;130;25/10/2012
2012016616;1;2;1;1;3;130;18/09/2012
2012016617;1;2;1;1;6;130;19/10/2012
2012016618;1;2;1;1;6;130;24/11/2012
2012016619;1;2;1;1;6;130;06/12/2012
2012016620;1;2;1;1;6;130;13/11/2012
2012016621;1;2;1;1;3;130;25/10/2012
2012016622;5;2;1;1;6;130;22/11/2012
2012016623;1;2;1;1;6;130;16/11/2012
2012016624;1;2;1;1;6;130;29/11/2012
2012016625;5;2;1;1;2;130;25/11/2012
2012016626;5;2;1;1;6;130;01/12/2012
2012016627;2;2;1;1;6;130;22/11/2012
2012016628;5;2;3;1;3;130;06/12/2012
2012016629;1;2;1;1;2;130;03/12/2012
2012016630;5;2;1;1;6;130;14/11/2012
2012016631;5;2;1;1;7;130;06/12/2012
2012016632;2;2;1;1;6;130;09/09/2012
2012016633;5;2;5;1;3;130;01/12/2012
2012016634;3;2;3;1;3;130;07/12/2012
2012016635;1;2;1;1;2;130;06/09/2012
2012016636;1;2;3;1;5;130;12/09/2012
2012016637;1;2;1;1;6;130;20/11/2012
2012016638;1;2;3;2;3;130;15/10/2012
2012016639;1;2;1;2;6;130;23/10/2012
2012016640;1;2;3;1;7;130;15/11/2012
2012016641;1;2;1;2;2;130;13/12/2012
2012016642;1;2;1;1;6;130;12/12/2012
2012016643;5;2;1;2;2;130;13/12/2012
2012016644;5;2;3;1;6;130;16/12/2012
2012016645;1;1;1;2;5;130;16/12/2012
2012016646;1;2;1;1;6;130;16/12/2012
2012016647;5;2;1;1;6;130;15/12/2012
2012016648;5;2;1;2;2;130;14/12/2012
2012016649;1;2;1;1;3;130;17/12/2012
2012016650;1;2;4;1;1;130;04/12/2012
2012016651;1;2;1;1;3;130;03/12/2012
2012016652;1;2;2;1;3;130;06/12/2012
2012016653;1;2;1;1;7;130;03/12/2012
2012016654;5;2;2;1;3;130;05/11/2012
2012016655;5;2;1;1;6;130;19/08/2012
2012016656;1;2;1;1;6;130;05/12/2012
2012016657;5;2;1;1;3;130;06/12/2012
2012016658;1;2;1;1;3;130;30/11/2012
2012016659;5;2;1;1;2;130;29/11/2012
2012016660;1;2;1;1;3;130;12/11/2012
2012016661;1;2;1;1;2;130;11/12/2012
2012016662;1;2;3;1;3;130;05/10/2012
2012016663;5;2;1;1;7;130;02/12/2012
2012016664;5;2;1;1;6;130;27/11/2012
2012016665;5;2;1;1;6;130;15/11/2012
2012016666;1;1;1;1;6;130;22/11/2012
2012016667;2;2;1;6;6;130;29/11/2012
2012016668;1;2;1;1;3;130;07/11/2012
2012016669;1;2;1;1;6;130;18/12/2012
2012016670;5;2;1;1;6;130;19/12/2012
2012016671;5;2;1;1;6;130;20/12/2012
2012016672;5;2;1;1;4;130;19/12/2012
2012016673;2;2;3;1;6;130;14/12/2012
2012016674;1;2;2;1;5;130;12/12/2012
2012016675;5;2;1;1;6;130;18/11/2012
2012016676;1;2;1;2;4;130;13/12/2012
2012016677;1;2;1;1;6;130;12/12/2012
2012016678;2;2;1;2;7;130;10/12/2012
2012016679;2;2;1;1;3;130;17/12/2012
2012016680;1;2;1;1;3;130;17/11/2012
2012016681;1;2;3;1;3;130;09/11/2012
2012016682;5;2;1;1;1;130;27/04/2012
2012016683;1;2;2;1;6;130;19/10/2012
2012016684;1;2;1;1;6;130;06/11/2012
2012016685;1;2;1;1;1;130;12/11/2012
2012016686;5;2;1;2;7;130;14/12/2012
2012016687;1;2;2;1;3;130;04/08/2012
2012016688;5;2;1;1;6;130;16/11/2012
2012016689;2;2;1;1;1;130;09/12/2012
2012016690;1;2;1;1;6;130;07/12/2012
2012016691;5;2;1;1;1;130;07/11/2012
2012016692;1;2;1;1;6;130;12/11/2012
2012016693;1;2;1;1;1;130;03/12/2012
2012016694;1;2;1;1;6;130;18/12/2012
2012016695;2;2;1;1;4;130;07/12/2012
2012016696;5;2;1;2;6;130;20/12/2012
2012016697;5;2;3;1;1;130;07/11/2012
2012016698;1;2;1;1;3;130;04/12/2012
2012016699;2;2;1;1;6;130;28/11/2012
2012016700;1;2;1;1;6;130;14/10/2012
2012016701;5;2;1;1;2;130;26/10/2012
2012016702;5;2;1;1;2;130;11/11/2012
2012016703;1;2;1;1;1;130;17/12/2012
2012016704;1;2;1;1;6;130;11/12/2012
2012016705;1;2;1;1;7;130;22/12/2012
2012016706;1;2;1;2;2;130;14/12/2012
2012016707;5;2;1;1;3;130;16/12/2012
2012016708;5;2;1;2;3;130;07/12/2012
2012016709;1;2;2;1;3;130;16/11/2012
2012016710;1;2;1;1;3;130;04/12/2012
2012016711;5;2;2;1;3;130;18/12/2012
2012016712;1;2;1;1;7;130;23/12/2012
2012016713;1;2;1;1;6;130;19/12/2012
2012016714;1;2;1;1;6;130;04/12/2012
2012016715;3;1;1;2;7;130;20/12/2012
2012016716;1;2;1;1;5;130;21/11/2012
2012016717;2;2;1;1;6;130;11/10/2012
2012016718;1;2;3;1;3;130;05/12/2012
2012016719;5;2;1;1;5;130;19/12/2012
2012016720;1;2;1;1;6;130;11/12/2012
2012016721;1;2;1;1;6;130;04/12/2012
2012016722;1;2;3;1;3;130;01/11/2012
2012016723;5;2;1;1;2;130;20/11/2012
2012016724;5;2;1;1;1;130;12/11/2012
2012016725;1;2;1;1;6;130;29/11/2012
2012016726;1;2;1;1;3;130;05/12/2012
2012016727;5;2;1;2;1;130;15/12/2012
2012016728;5;2;1;1;6;130;17/12/2012
2012016729;1;2;3;1;3;130;10/12/2012
2012016730;5;2;4;1;6;130;29/12/2012
2012016731;5;2;3;1;6;130;30/12/2012
2012016732;5;2;1;1;2;130;29/12/2012
2012016733;1;2;1;1;7;130;04/05/2012
2012016734;5;2;3;1;3;130;24/11/2012
2012016735;1;2;1;1;3;130;28/02/2012
2012016736;5;2;2;1;3;130;16/02/2012
2012016737;1;2;1;1;2;130;10/10/2012
2012016738;2;2;1;1;3;130;26/07/2012
2012016739;1;2;1;1;6;130;28/02/2012
2012016740;2;2;2;1;3;130;14/05/2012
2012016741;1;2;1;1;3;130;17/09/2012
2012016742;1;2;1;1;1;130;20/04/2012
2012016743;2;2;3;1;2;130;22/04/2012
2012016744;5;1;1;1;6;130;30/06/2012
2012016745;5;2;3;1;3;130;21/07/2012
2012016746;1;2;1;1;6;130;17/09/2012
2012016747;1;2;1;1;1;130;23/09/2012
2012016748;1;2;1;3;2;130;10/11/2012
2012016749;1;2;1;1;4;130;17/12/2012
2012016750;2;2;2;1;3;130;17/01/2012
2012016751;1;2;3;1;3;130;30/06/2012
2012016752;1;2;2;1;5;130;12/01/2012
2012016753;3;1;1;1;6;130;20/01/2012
2012016754;3;1;1;1;6;130;24/01/2012
2012016755;1;2;1;1;3;130;04/01/2012
2012016756;1;2;1;1;3;130;05/01/2012
2012016757;1;2;3;1;3;130;06/01/2012
2012016758;1;2;1;1;2;130;14/01/2012
2012016759;1;2;1;1;6;130;20/01/2012
2012016760;5;2;1;1;6;130;20/01/2012
2012016761;5;2;1;6;3;130;23/01/2012
2012016762;1;1;1;1;2;130;08/02/2012
2012016763;1;2;1;3;2;130;02/01/2012
2012016764;1;1;1;1;3;130;16/01/2012
2012016765;1;2;1;1;1;130;21/02/2012
2012016766;1;1;1;1;6;130;12/02/2012
2012016767;1;2;1;1;2;130;25/02/2012
2012016768;1;2;1;1;5;130;26/02/2012
2012016769;1;1;1;1;2;130;23/02/2012
2012016770;1;2;1;1;5;130;03/02/2012
2012016771;2;1;1;1;7;130;20/02/2012
2012016772;1;2;1;1;4;130;23/02/2012
2012016773;1;2;1;1;6;130;14/03/2012
2012016774;1;1;1;1;3;130;21/03/2012
2012016775;1;1;1;1;1;130;28/03/2012
2012016776;1;1;1;1;2;130;02/03/2012
2012016777;1;1;1;6;7;130;05/03/2012
2012016778;3;1;1;1;2;130;09/03/2012
2012016779;1;2;1;1;2;130;10/03/2012
2012016780;1;2;1;1;5;130;10/04/2012
2012016781;1;1;3;1;1;130;28/02/2012
2012016782;2;2;1;1;3;130;16/03/2012
2012016783;1;1;1;1;6;130;16/03/2012
2012016784;1;2;2;1;3;130;17/03/2012
2012016785;1;1;3;1;1;130;23/03/2012
2012016786;1;2;1;1;1;130;21/03/2012
2012016787;1;2;3;1;1;130;04/04/2012
2012016788;2;1;1;1;1;130;11/04/2012
2012016789;1;2;1;1;3;130;19/04/2012
2012016790;1;2;1;1;2;130;12/04/2012
2012016791;1;2;3;1;7;130;14/04/2012
2012016792;1;1;1;1;6;130;14/04/2012
2012016793;1;2;2;1;2;130;20/04/2012
2012016794;1;2;2;1;2;130;21/04/2012
2012016795;5;2;1;1;3;130;23/04/2012
2012016796;3;1;1;1;7;130;24/05/2012
2012016797;5;1;1;1;7;130;01/05/2012
2012016798;1;2;3;1;2;130;02/05/2012
2012016799;1;1;1;1;6;130;05/05/2012
2012016800;1;2;1;1;6;130;07/05/2012
2012016801;1;1;1;1;3;130;09/05/2012
2012016802;1;1;1;1;1;130;11/05/2012
2012016803;1;2;1;1;3;130;19/05/2012
2012016804;1;1;1;2;1;130;20/05/2012
2012016805;1;2;1;1;3;130;26/05/2012
2012016806;2;2;1;1;6;130;26/05/2012
2012016807;1;2;9;1;2;130;28/05/2012
2012016808;2;2;1;1;3;130;25/05/2012
2012016809;1;2;1;1;3;130;30/05/2012
2012016810;1;1;1;1;2;130;04/06/2012
2012016811;1;2;1;1;3;130;06/06/2012
2012016812;1;2;3;1;3;130;04/06/2012
2012016813;1;2;1;1;6;130;05/06/2012
2012016814;1;2;1;1;6;130;25/09/2012
2012016815;1;2;3;1;3;130;12/06/2012
2012016816;1;2;1;1;7;130;13/06/2012
2012016817;1;2;1;7;6;130;23/06/2012
2012016818;1;2;2;1;3;130;24/06/2012
2012016819;1;2;1;1;3;130;21/06/2012
2012016820;1;2;1;1;3;130;19/06/2012
2012016821;1;1;1;1;7;130;01/07/2012
2012016822;1;2;9;1;2;130;30/06/2012
2012016823;1;2;2;1;3;130;30/06/2012
2012016824;1;2;3;1;3;130;02/07/2012
2012016825;1;1;1;1;3;130;06/07/2012
2012016826;1;2;1;1;3;130;13/07/2012
2012016827;1;1;1;1;6;130;19/07/2012
2012016828;1;2;1;1;1;130;23/07/2012
2012016829;1;2;1;1;3;130;24/07/2012
2012016830;1;2;9;1;7;130;26/07/2012
2012016831;1;1;1;1;6;130;05/08/2012
2012016832;1;2;1;1;6;130;06/08/2012
2012016833;1;1;1;1;1;130;11/08/2012
2012016834;1;2;2;1;3;130;11/08/2012
2012016835;1;1;1;1;2;130;23/08/2012
2012016836;5;1;2;1;7;130;24/08/2012
2012016837;1;1;1;1;1;130;26/08/2012
2012016838;2;1;1;5;1;130;21/08/2012
2012016839;2;1;1;1;1;130;28/08/2012
2012016840;2;2;1;1;7;130;13/08/2012
2012016841;1;2;1;1;3;130;16/08/2012
2012016842;1;2;3;1;3;130;17/08/2012
2012016843;1;1;1;1;2;130;24/08/2012
2012016844;1;2;1;1;3;130;31/08/2012
2012016845;1;1;1;1;3;130;06/09/2012
2012016846;1;2;1;1;6;130;09/08/2012
2012016847;3;1;1;1;6;130;01/10/2012
2012016848;1;2;1;1;2;130;06/10/2012
2012016849;1;2;1;1;4;130;06/10/2012
2012016850;1;1;1;1;2;130;10/10/2012
2012016851;1;2;1;1;2;130;10/10/2012
2012016852;1;1;1;1;1;130;13/10/2012
2012016853;1;2;4;1;3;130;16/10/2012
2012016854;1;2;1;1;2;130;23/10/2012
2012016855;1;2;9;1;1;130;25/10/2012
2012016856;2;1;1;1;2;130;25/10/2012
2012016857;1;2;1;1;6;130;27/10/2012
2012016858;1;1;3;1;5;130;02/11/2012
2012016859;1;2;1;1;6;130;06/11/2012
2012016860;1;1;1;1;2;130;06/11/2012
2012016861;3;2;1;1;6;130;13/11/2012
2012016862;1;1;1;1;2;130;13/11/2012
2012016863;1;2;1;1;2;130;14/11/2012
2012016864;1;2;1;1;3;130;15/11/2012
2012016865;1;2;2;1;3;130;16/11/2012
2012016866;1;1;1;1;6;130;12/11/2012
2012016867;1;1;1;1;6;130;19/11/2012
2012016868;1;2;1;1;3;130;23/11/2012
2012016869;1;1;1;1;3;130;29/11/2012
2012016870;1;1;1;2;6;130;28/11/2012
2012016871;1;1;1;1;6;130;28/11/2012
2012016872;5;2;1;1;6;130;06/12/2012
2012016873;4;2;9;1;3;130;08/12/2012
2012016874;1;1;1;2;1;130;13/12/2012
2012016875;4;1;1;2;2;130;14/12/2012
2012016876;1;2;1;1;3;130;16/12/2012
2012016877;1;2;1;1;6;130;20/12/2012
2012016878;1;2;9;1;3;130;21/12/2012
2012016879;5;2;1;1;2;130;21/12/2012
2012016880;1;1;1;1;1;130;29/12/2012
2012016881;1;1;1;1;5;130;31/12/2012
2012016882;5;2;1;1;6;130;02/11/2012
2012016883;1;2;1;1;3;130;23/12/2012
2012016884;1;2;1;1;2;130;26/12/2012
2012016885;1;1;1;1;2;130;08/01/2012
2012016886;2;2;1;1;6;130;12/01/2012
2012016887;1;2;7;1;6;130;23/01/2012
2012016888;1;1;1;1;3;130;12/03/2012
2012016889;1;2;1;1;6;130;16/03/2012
2012016890;3;1;8;1;7;130;27/03/2012
2012016891;1;2;6;1;6;130;14/04/2012
2012016892;5;2;1;1;6;130;17/04/2012
2012016893;1;1;1;1;2;130;23/04/2012
2012016894;1;2;1;1;2;130;02/05/2012
2012016895;1;2;3;1;6;130;10/05/2012
2012016896;1;2;3;1;3;130;11/05/2012
2012016897;1;2;3;1;6;130;26/05/2012
2012016898;5;2;2;1;3;130;27/05/2012
2012016899;1;2;2;1;1;130;12/07/2012
2012016900;1;2;1;1;1;130;13/07/2012
2012016901;1;1;3;1;3;130;18/07/2012
2012016902;1;2;9;1;6;130;03/08/2012
2012016903;1;2;1;1;7;130;17/09/2012
2012016904;5;2;6;1;6;130;20/09/2012
2012016905;1;2;1;1;3;130;21/09/2012
2012016906;1;2;3;1;6;130;16/10/2012
2012016907;3;1;1;1;6;130;01/12/2012
2012016908;1;2;4;1;3;130;24/10/2012
2012016909;1;2;1;1;6;130;14/11/2012
2012016910;1;2;9;1;7;130;18/12/2012
2012016911;3;1;1;1;7;130;10/01/2012
2012016912;1;1;2;1;3;130;13/01/2012
2012016913;1;2;2;1;3;130;07/02/2012
2012016914;3;1;1;1;7;130;19/02/2012
2012016915;1;1;1;1;2;130;14/03/2012
2012016916;1;2;9;1;3;130;10/03/2012
2012016917;5;2;1;1;7;130;02/04/2012
2012016918;2;2;3;1;3;300;12/04/2012
2012016919;1;2;1;1;1;300;30/04/2012
2012016920;3;2;3;1;3;130;10/03/2012
2012016921;1;2;1;1;2;130;31/05/2012
2012016922;1;2;6;1;3;130;11/05/2012
2012016923;1;2;3;1;5;130;10/06/2012
2012016924;1;2;1;1;6;300;16/06/2012
2012016925;1;2;1;1;6;130;22/06/2012
2012016926;1;2;1;1;6;300;14/06/2012
2012016927;1;1;3;1;2;130;23/07/2012
2012016928;2;1;1;1;3;130;09/08/2012
2012016929;1;1;1;1;6;300;24/08/2012
2012016930;3;1;1;1;6;130;01/09/2012
2012016931;1;2;1;1;2;130;18/09/2012