num_acc;lum;agg;inter;atm;col;dep;date
2012016932;1;1;2;1;3;130;09/10/2012
2012016933;3;1;1;1;5;300;13/11/2012
2012016934;3;2;1;1;1;130;25/11/2012
2012016935;2;1;1;1;7;130;10/11/2012
2012016936;1;2;1;2;6;130;02/01/2012
2012016937;1;1;1;2;2;130;02/01/2012
2012016938;1;1;1;2;6;130;02/01/2012
2012016939;1;1;1;2;7;130;02/01/2012
2012016940;2;1;1;1;7;130;02/01/2012
2012016941;3;2;1;1;3;130;03/01/2012
2012016942;1;1;3;1;3;130;06/01/2012
2012016943;5;2;6;1;3;130;06/01/2012
2012016944;1;2;2;1;6;130;11/01/2012
2012016945;5;1;1;1;3;130;11/01/2012
2012016946;5;2;1;1;4;130;14/01/2012
2012016947;1;2;2;1;3;130;18/01/2012
2012016948;1;1;1;1;7;130;26/01/2012
2012016949;1;1;1;1;4;130;27/01/2012
2012016950;5;1;3;2;7;130;28/01/2012
2012016951;1;2;2;1;7;130;28/01/2012
2012016952;3;2;3;1;3;130;28/01/2012
2012016953;1;2;2;8;7;130;30/01/2012
2012016954;1;2;2;9;4;130;31/01/2012
2012016955;3;1;1;9;2;130;03/02/2012
2012016956;1;1;1;1;7;130;08/02/2012
2012016957;1;1;1;1;3;130;09/02/2012
2012016958;1;2;3;1;3;130;13/02/2012
2012016959;1;2;2;6;3;130;15/02/2012
2012016960;1;2;6;1;2;130;17/02/2012
2012016961;1;1;1;1;2;130;19/02/2012
2012016962;1;2;1;1;2;130;24/02/2012
2012016963;1;1;1;1;1;130;26/02/2012
2012016964;1;2;1;1;7;130;27/02/2012
2012016965;2;1;1;1;6;130;27/02/2012
2012016966;1;2;1;1;3;130;29/02/2012
2012016967;5;2;1;1;7;130;03/03/2012
2012016968;1;1;1;1;2;130;03/03/2012
2012016969;1;1;1;1;1;130;05/03/2012
2012016970;3;1;1;1;3;130;05/03/2012
2012016971;1;1;1;1;2;130;08/03/2012
2012016972;5;1;1;1;2;130;10/03/2012
2012016973;1;1;9;1;3;130;10/03/2012
2012016974;1;2;1;1;2;130;14/03/2012
2012016975;1;2;2;1;2;130;14/03/2012
2012016976;1;2;3;1;3;130;14/03/2012
2012016977;1;2;3;1;6;130;16/03/2012
2012016978;3;1;1;8;7;130;23/03/2012
2012016979;1;2;4;1;2;130;25/03/2012
2012016980;1;2;1;1;7;130;27/03/2012
2012016981;1;1;1;1;7;130;27/03/2012
2012016982;5;2;2;1;3;130;28/03/2012
2012016983;1;2;1;1;6;130;30/03/2012
2012016984;1;1;9;1;5;130;31/03/2012
2012016985;1;2;1;1;7;130;01/04/2012
2012016986;1;1;1;1;4;130;02/04/2012
2012016987;1;2;1;1;3;130;02/04/2012
2012016988;1;2;1;2;3;130;03/04/2012
2012016989;1;2;1;1;6;130;07/04/2012
2012016990;1;2;4;1;2;130;08/04/2012
2012016991;1;2;1;1;6;130;11/04/2012
2012016992;1;1;1;2;7;130;11/04/2012
2012016993;1;2;1;1;2;130;11/04/2012
2012016994;1;2;1;1;7;130;14/04/2012
2012016995;1;2;1;1;2;130;15/04/2012
2012016996;1;2;3;1;3;130;17/04/2012
2012016997;1;2;2;1;2;130;18/04/2012
2012016998;1;2;1;8;7;130;19/04/2012
2012016999;1;2;1;1;3;130;20/04/2012
2012017000;3;1;1;8;7;130;22/04/2012
2012017001;3;1;1;2;6;130;22/04/2012
2012017002;1;2;6;1;6;130;22/04/2012
2012017003;1;2;1;1;2;130;22/04/2012
2012017004;5;2;1;8;6;130;23/04/2012
2012017005;1;2;6;1;7;130;24/04/2012
2012017006;1;1;1;1;2;130;24/04/2012
2012017007;1;2;1;1;6;130;24/04/2012
2012017008;1;1;6;1;2;130;27/04/2012
2012017009;1;1;1;1;6;130;28/04/2012
2012017010;1;2;1;1;2;130;29/04/2012
2012017011;1;2;1;1;7;130;29/04/2012
2012017012;1;2;1;1;7;130;29/04/2012
2012017013;1;1;1;1;7;130;16/05/2012
2012017014;1;2;3;1;3;130;16/05/2012
2012017015;1;2;3;1;3;130;19/05/2012
2012017016;2;1;1;2;7;130;21/05/2012
2012017017;1;1;1;3;6;130;21/05/2012
2012017018;1;2;1;2;3;130;21/05/2012
2012017019;1;1;1;2;1;130;22/05/2012
2012017020;1;1;1;8;1;130;22/05/2012
2012017021;1;2;3;1;3;130;23/05/2012
2012017022;5;2;1;1;6;130;24/05/2012
2012017023;1;2;1;1;2;130;25/05/2012
2012017024;1;2;1;1;1;130;25/05/2012
2012017025;1;2;1;1;2;130;25/05/2012
2012017026;3;1;1;1;6;130;26/05/2012
2012017027;1;1;1;1;2;130;29/05/2012
2012017028;1;2;1;1;2;130;29/05/2012
2012017029;1;1;1;1;2;130;29/05/2012
2012017030;1;1;1;1;7;130;31/05/2012
2012017031;2;2;1;1;7;130;31/05/2012
2012017032;1;2;1;1;2;130;01/06/2012
2012017033;1;2;1;1;7;130;01/06/2012
2012017034;1;1;1;1;7;130;02/06/2012
2012017035;1;1;1;1;3;130;02/06/2012
2012017036;1;2;6;1;5;130;03/06/2012
2012017037;1;1;1;1;2;130;04/06/2012
2012017038;1;1;1;1;3;130;04/06/2012
2012017039;1;2;1;1;3;130;04/06/2012
2012017040;1;2;1;1;4;130;04/06/2012
2012017041;1;2;1;1;2;130;05/06/2012
2012017042;1;1;1;1;2;130;07/06/2012
2012017043;1;2;6;1;3;130;08/06/2012
2012017044;1;2;1;1;7;130;08/06/2012
2012017045;1;2;1;1;3;130;10/06/2012
2012017046;1;1;1;1;3;130;10/06/2012
2012017047;1;2;3;1;3;130;12/06/2012
2012017048;1;2;1;1;3;130;11/06/2012
2012017049;1;1;1;1;2;130;12/06/2012
2012017050;1;2;1;1;3;130;13/06/2012
2012017051;1;2;2;1;1;130;13/06/2012
2012017052;1;2;1;1;7;130;14/06/2012
2012017053;1;1;1;1;3;130;14/06/2012
2012017054;1;2;1;1;6;130;15/06/2012
2012017055;5;2;6;1;6;130;16/06/2012
2012017056;1;1;1;1;7;130;16/06/2012
2012017057;1;2;1;1;3;130;19/06/2012
2012017058;1;2;3;2;3;130;20/06/2012
2012017059;1;2;1;2;6;130;20/06/2012
2012017060;1;2;1;1;3;130;21/06/2012
2012017061;1;2;1;1;2;130;21/06/2012
2012017062;1;1;1;1;6;130;21/06/2012
2012017063;1;2;1;1;3;130;21/06/2012
2012017064;1;2;1;1;6;130;21/06/2012
2012017065;1;1;1;1;3;130;21/06/2012
2012017066;1;2;1;1;7;130;22/06/2012
2012017067;1;2;1;1;3;130;23/06/2012
2012017068;1;1;1;1;7;130;28/06/2012
2012017069;3;2;1;2;7;130;02/07/2012
2012017070;1;2;3;1;3;130;04/07/2012
2012017071;1;2;6;1;3;130;05/07/2012
2012017072;1;2;1;1;3;130;05/07/2012
2012017073;1;2;6;1;3;130;09/07/2012
2012017074;2;1;6;1;7;130;14/07/2012
2012017075;1;2;1;1;2;130;14/07/2012
2012017076;1;1;1;1;3;130;15/07/2012
2012017077;1;2;1;1;2;130;18/07/2012
2012017078;1;2;3;1;3;130;20/07/2012
2012017079;1;2;6;1;3;130;20/07/2012
2012017080;2;2;1;1;6;130;21/07/2012
2012017081;1;1;1;1;4;130;23/07/2012
2012017082;1;2;1;1;4;130;24/07/2012
2012017083;1;2;1;1;2;130;27/07/2012
2012017084;1;2;1;1;6;130;01/08/2012
2012017085;1;2;3;1;3;130;02/08/2012
2012017086;1;1;1;1;3;130;07/08/2012
2012017087;1;1;1;1;2;130;08/08/2012
2012017088;1;1;3;1;3;130;08/08/2012
2012017089;1;1;1;1;3;130;10/08/2012
2012017090;5;2;6;1;7;130;12/08/2012
2012017091;1;2;9;1;7;130;13/08/2012
2012017092;5;2;9;1;3;130;14/08/2012
2012017093;3;1;1;1;6;130;15/08/2012
2012017094;1;2;1;1;7;130;21/08/2012
2012017095;5;1;1;1;6;130;22/08/2012
2012017096;1;1;1;1;2;130;22/08/2012
2012017097;1;2;1;1;7;130;22/08/2012
2012017098;1;2;1;1;3;130;24/08/2012
2012017099;1;1;1;1;1;130;24/08/2012
2012017100;1;1;1;1;6;130;24/08/2012
2012017101;1;1;1;1;7;130;27/08/2012
2012017102;1;2;1;1;4;130;27/08/2012
2012017103;1;2;3;1;3;130;29/08/2012
2012017104;1;2;1;2;7;130;30/08/2012
2012017105;1;2;6;2;4;130;30/08/2012
2012017106;2;2;1;8;3;130;03/09/2012
2012017107;1;1;1;1;7;130;04/09/2012
2012017108;5;2;6;1;6;130;04/09/2012
2012017109;1;1;2;1;3;130;08/09/2012
2012017110;1;2;1;1;3;130;09/09/2012
2012017111;1;2;1;1;7;130;10/09/2012
2012017112;1;2;1;1;3;130;11/09/2012
2012017113;1;1;1;1;2;130;12/09/2012
2012017114;2;2;3;1;3;130;12/09/2012
2012017115;1;2;1;1;2;130;13/09/2012
2012017116;1;2;2;1;3;130;13/09/2012
2012017117;3;2;6;1;3;130;13/09/2012
2012017118;1;1;1;1;1;130;18/09/2012
2012017119;1;1;1;1;4;130;19/09/2012
2012017120;1;1;1;1;6;130;20/09/2012
2012017121;1;2;1;1;3;130;22/09/2012
2012017122;3;1;1;1;6;130;23/09/2012
2012017123;1;2;2;1;7;130;26/09/2012
2012017124;1;1;2;1;3;130;28/09/2012
2012017125;1;1;1;8;7;130;28/09/2012
2012017126;1;1;1;1;7;130;28/09/2012
2012017127;1;1;1;1;7;130;29/09/2012
2012017128;1;1;1;2;7;130;30/09/2012
2012017129;1;1;1;2;5;130;30/09/2012
2012017130;1;2;1;1;6;130;01/10/2012
2012017131;1;2;1;1;3;130;03/10/2012
2012017132;1;2;1;1;2;130;03/10/2012
2012017133;1;1;1;1;3;130;05/10/2012
2012017134;1;2;1;1;1;130;06/10/2012
2012017135;1;1;1;1;6;130;07/10/2012
2012017136;1;2;1;1;2;130;08/10/2012
2012017137;1;1;1;1;3;130;09/10/2012
2012017138;1;2;1;1;1;130;13/10/2012
2012017139;3;1;1;1;7;130;13/10/2012
2012017140;1;2;9;1;3;130;14/10/2012
2012017141;1;1;1;1;4;130;15/10/2012
2012017142;1;2;1;1;4;130;15/10/2012
2012017143;1;1;1;1;3;130;18/10/2012
2012017144;3;2;1;1;3;130;19/10/2012
2012017145;1;2;1;1;6;130;23/10/2012
2012017146;1;1;1;1;7;130;25/10/2012
2012017147;3;1;1;1;6;130;25/10/2012
2012017148;1;2;1;2;6;130;26/10/2012
2012017149;3;1;2;9;6;130;27/10/2012
2012017150;1;1;1;6;7;130;27/10/2012
2012017151;3;1;1;2;7;130;01/11/2012
2012017152;1;2;3;1;3;130;05/11/2012
2012017153;3;1;1;1;2;130;08/11/2012
2012017154;3;1;1;1;4;130;09/11/2012
2012017155;3;1;1;2;5;130;10/11/2012
2012017156;3;1;2;1;2;130;17/11/2012
2012017157;1;2;1;1;5;130;18/11/2012
2012017158;3;1;3;1;3;130;20/11/2012
2012017159;1;2;1;1;3;130;21/11/2012
2012017160;1;2;1;1;3;130;21/11/2012
2012017161;5;2;1;1;2;130;21/11/2012
2012017162;3;1;1;1;6;130;21/11/2012
2012017163;1;1;1;1;7;130;22/11/2012
2012017164;1;2;1;1;2;130;23/11/2012
2012017165;1;2;1;1;6;130;24/11/2012
2012017166;3;1;1;2;1;130;24/11/2012
2012017167;1;2;2;3;7;130;26/11/2012
2012017168;5;2;1;2;3;130;26/11/2012
2012017169;3;1;1;2;6;130;26/11/2012
2012017170;5;1;4;2;3;130;27/11/2012
2012017171;1;1;2;1;2;130;29/11/2012
2012017172;1;2;1;1;2;130;01/12/2012
2012017173;3;2;1;1;7;130;03/12/2012
2012017174;3;1;1;1;4;130;04/12/2012
2012017175;1;1;1;1;4;130;13/11/2012
2012017176;1;2;2;1;7;130;06/12/2012
2012017177;2;1;1;2;1;130;07/12/2012
2012017178;5;1;1;9;4;130;07/12/2012
2012017179;1;1;2;9;6;130;08/12/2012
2012017180;5;1;1;1;6;130;09/12/2012
2012017181;3;1;1;1;2;130;10/12/2012
2012017182;1;1;2;1;7;130;11/12/2012
2012017183;1;1;1;1;6;130;12/12/2012
2012017184;1;1;1;2;3;130;13/12/2012
2012017185;1;1;1;8;6;130;14/12/2012
2012017186;5;2;6;2;3;130;14/12/2012
2012017187;5;1;1;8;1;130;15/12/2012
2012017188;3;1;2;1;3;130;15/12/2012
2012017189;5;2;1;1;6;130;16/12/2012
2012017190;2;1;1;1;6;130;18/12/2012
2012017191;2;2;1;1;3;130;19/12/2012
2012017192;1;2;1;1;3;130;19/12/2012
2012017193;1;2;1;8;4;130;20/12/2012
2012017194;5;2;1;8;5;130;20/12/2012
2012017195;1;2;1;1;1;130;21/12/2012
2012017196;1;2;9;1;3;130;22/12/2012
2012017197;3;2;2;1;3;130;23/12/2012
2012017198;3;2;1;2;7;130;26/12/2012
2012017199;5;1;9;1;3;130;29/12/2012
2012017200;4;1;1;1;3;130;29/12/2012
2012017201;1;2;1;1;6;130;31/12/2012
2012017202;3;1;1;1;6;680;07/04/2012
2012017203;2;1;1;1;2;680;01/05/2012
2012017204;1;1;1;1;3;680;16/06/2012
2012017205;1;1;1;1;6;680;19/07/2012
2012017206;1;1;1;1;2;680;18/07/2012
2012017207;1;1;1;1;1;680;10/09/2012
2012017208;1;1;1;1;7;680;15/09/2012
2012017209;3;1;1;1;2;680;20/09/2012
2012017210;1;1;1;1;2;680;17/10/2012
2012017211;3;1;1;1;2;680;18/10/2012
2012017212;3;1;1;1;7;680;02/11/2012
2012017213;5;2;1;1;6;780;15/03/2012
2012017214;1;1;1;2;1;780;17/04/2012
2012017215;1;2;9;1;2;780;01/05/2012
2012017216;1;2;1;1;6;780;09/06/2012
2012017217;1;1;1;1;7;330;19/08/2012
2012017218;3;1;1;1;6;720;11/03/2012
2012017219;3;1;1;2;1;720;15/06/2012
2012017220;1;1;6;1;7;720;01/07/2012
2012017221;1;1;1;1;3;720;05/07/2012
2012017222;3;1;1;1;4;720;18/07/2012
2012017223;1;1;1;1;3;720;20/07/2012
2012017224;1;1;1;1;7;720;24/08/2012
2012017225;1;1;1;1;7;720;30/08/2012
2012017226;1;1;1;7;7;720;02/11/2012
2012017227;1;1;1;2;7;720;29/12/2012
2012017228;3;1;2;1;3;720;27/01/2012
2012017229;1;1;2;1;5;720;13/02/2012
2012017230;1;1;1;2;7;720;19/05/2012
2012017231;3;2;1;1;1;720;24/06/2012
2012017232;5;2;1;1;1;720;04/08/2012
2012017233;1;1;1;1;1;720;16/10/2012
2012017234;1;1;1;1;5;720;08/11/2012
2012017235;1;1;1;8;6;720;07/11/2012
2012017236;1;2;1;1;6;950;20/04/2012
2012017237;1;1;1;1;3;950;30/06/2012
2012017238;1;1;1;1;3;950;30/09/2012
2012017239;1;2;1;1;6;950;14/11/2012
2012017240;2;2;1;1;3;950;16/11/2012
2012017241;1;1;1;1;6;720;16/04/2012
2012017242;1;1;1;3;2;720;23/04/2012
2012017243;1;1;1;4;6;490;02/01/2012
2012017244;3;1;1;1;2;490;20/01/2012
2012017245;1;1;1;1;7;850;10/05/2012
2012017246;1;1;1;3;2;490;25/06/2012
2012017247;3;1;1;8;2;490;21/12/2012
2012017248;1;1;1;1;3;240;06/01/2012
2012017249;3;1;1;9;6;240;12/01/2012
2012017250;3;1;1;1;6;240;04/03/2012
2012017251;1;1;1;7;6;240;30/03/2012
2012017252;1;1;1;1;3;240;28/05/2012
2012017253;1;1;1;1;6;240;24/07/2012
2012017254;1;1;1;1;3;240;06/08/2012
2012017255;2;1;1;1;6;240;01/09/2012
2012017256;1;1;2;1;3;240;29/08/2012
2012017257;3;1;1;1;1;240;14/09/2012
2012017258;1;2;1;1;3;680;14/06/2012
2012017259;1;1;1;1;7;680;27/07/2012
2012017260;1;1;1;1;1;680;05/08/2012
2012017261;1;1;1;1;6;680;21/08/2012
2012017262;1;2;1;1;3;680;30/09/2012
2012017263;3;1;1;1;1;680;15/10/2012
2012017264;1;2;1;8;6;680;21/12/2012
2012017265;1;1;1;1;7;190;06/06/2012
2012017266;1;1;1;1;7;190;30/09/2012
2012017267;1;2;1;1;6;670;09/02/2012
2012017268;1;1;1;1;4;670;08/03/2012
2012017269;1;2;1;1;1;670;19/09/2012
2012017270;5;2;1;1;6;140;13/01/2012
2012017271;4;2;1;1;6;140;15/01/2012
2012017272;1;2;1;1;6;140;16/01/2012
2012017273;1;2;1;1;6;140;22/01/2012
2012017274;5;2;3;1;3;140;23/01/2012
2012017275;2;1;1;8;6;140;24/01/2012
2012017276;3;2;6;1;3;140;27/01/2012
2012017277;5;2;2;1;3;140;28/01/2012
2012017278;5;2;3;1;3;140;31/01/2012
2012017279;5;2;1;1;6;140;17/02/2012
2012017280;1;2;3;1;6;140;23/02/2012
2012017281;5;2;1;1;6;140;02/03/2012
2012017282;1;2;3;1;3;140;09/03/2012
2012017283;1;1;1;1;2;140;15/03/2012
2012017284;1;2;1;1;3;140;23/03/2012
2012017285;1;2;1;1;6;140;29/03/2012
2012017286;1;2;1;1;6;140;29/03/2012
2012017287;5;2;1;1;6;140;03/04/2012
2012017288;5;2;1;1;2;140;06/04/2012
2012017289;1;2;1;1;3;140;13/04/2012
2012017290;1;2;2;2;3;140;14/04/2012
2012017291;1;2;1;2;2;140;18/04/2012
2012017292;1;2;3;2;3;140;25/04/2012
2012017293;5;2;1;2;6;140;28/04/2012
2012017294;1;2;3;1;3;140;27/04/2012
2012017295;1;2;1;1;6;140;26/04/2012
2012017296;1;2;1;1;6;140;18/05/2012
2012017297;1;2;1;1;2;140;18/05/2012
2012017298;1;1;1;1;4;140;24/05/2012
2012017299;1;1;1;1;5;140;28/05/2012
2012017300;1;2;1;1;6;140;30/05/2012
2012017301;1;2;1;1;6;140;25/05/2012
2012017302;1;2;1;8;3;140;05/06/2012
2012017303;1;2;1;3;6;140;07/06/2012
2012017304;1;2;1;3;6;140;07/06/2012
2012017305;1;1;1;8;3;140;21/06/2012
2012017306;1;2;1;1;6;140;23/06/2012
2012017307;1;2;3;1;2;140;24/06/2012
2012017308;1;2;3;1;3;140;27/06/2012
2012017309;1;2;1;1;6;140;27/06/2012
2012017310;5;2;3;1;3;140;29/06/2012
2012017311;1;2;1;1;6;140;09/07/2012
2012017312;1;2;1;1;6;140;05/07/2012
2012017313;1;2;1;2;4;140;12/07/2012
2012017314;1;2;1;1;6;140;19/07/2012
2012017315;1;1;1;1;6;140;21/07/2012
2012017316;1;2;3;1;6;140;19/07/2012
2012017317;1;2;3;1;3;140;24/07/2012
2012017318;1;2;1;1;6;140;29/07/2012
2012017319;1;2;2;2;3;140;03/08/2012
2012017320;5;2;1;1;1;140;03/08/2012
2012017321;1;2;1;1;3;140;07/08/2012
2012017322;5;2;1;1;6;140;09/08/2012
2012017323;1;2;1;1;6;140;16/08/2012
2012017324;1;2;2;1;3;140;17/08/2012
2012017325;1;2;1;1;2;140;21/08/2012
2012017326;1;2;1;1;2;140;06/09/2012
2012017327;1;1;3;1;3;140;10/09/2012
2012017328;1;2;1;1;6;140;05/09/2012
2012017329;5;2;1;1;6;140;14/09/2012
2012017330;1;2;1;1;6;140;17/09/2012
2012017331;1;2;2;1;3;140;24/09/2012
2012017332;1;2;3;1;3;140;30/09/2012
2012017333;2;2;1;1;2;140;01/10/2012
2012017334;1;2;1;1;6;140;04/10/2012
2012017335;5;1;1;1;7;140;15/10/2012
2012017336;5;2;1;2;6;140;21/10/2012
2012017337;1;2;1;1;6;140;25/10/2012
2012017338;1;2;3;1;6;140;25/10/2012
2012017339;5;2;2;2;6;140;27/10/2012
2012017340;1;2;1;1;6;140;27/10/2012
2012017341;1;2;1;1;6;140;18/10/2012
2012017342;1;2;1;1;2;140;31/10/2012
2012017343;5;2;1;1;6;140;02/11/2012
2012017344;1;2;3;3;3;140;02/11/2012
2012017345;5;2;1;2;6;140;05/11/2012
2012017346;1;2;1;1;6;140;21/11/2012
2012017347;1;2;1;1;2;140;25/11/2012
2012017348;3;1;1;1;6;140;25/11/2012
2012017349;5;2;1;1;2;140;27/11/2012
2012017350;3;2;1;2;6;140;28/11/2012
2012017351;3;2;1;3;6;140;28/11/2012
2012017352;1;2;1;1;6;140;29/11/2012
2012017353;1;2;1;1;7;140;30/11/2012
2012017354;1;2;1;1;1;140;06/12/2012
2012017355;1;2;1;1;6;140;30/11/2012
2012017356;5;2;1;1;6;140;14/12/2012
2012017357;5;2;1;1;2;140;10/12/2012
2012017358;5;2;1;2;6;140;17/12/2012
2012017359;1;1;1;8;6;140;20/12/2012
2012017360;5;2;1;1;6;140;27/12/2012
2012017361;1;1;1;7;1;310;22/02/2012
2012017362;1;1;1;1;6;310;03/05/2012
2012017363;1;2;1;8;7;310;19/05/2012
2012017364;1;1;1;1;3;310;15/06/2012
2012017365;5;2;3;8;2;140;28/01/2012
2012017366;1;2;3;1;6;140;06/04/2012
2012017367;1;2;1;1;2;140;04/06/2012
2012017368;1;2;3;3;3;140;05/08/2012
2012017369;1;2;3;8;2;140;08/10/2012
2012017370;1;2;6;7;3;140;25/09/2012
2012017371;1;2;2;7;3;140;10/08/2012
2012017372;2;2;2;1;3;140;06/09/2012
2012017373;5;2;6;1;6;140;08/11/2012
2012017374;5;2;2;3;3;140;19/12/2012
2012017375;1;2;1;1;7;300;22/01/2012
2012017376;1;1;3;1;3;300;16/03/2012
2012017377;1;1;1;1;5;300;28/04/2012
2012017378;2;1;1;1;6;300;02/07/2012
2012017379;1;1;1;1;2;300;15/07/2012
2012017380;1;1;1;1;1;300;13/11/2012
2012017381;1;1;9;7;1;880;04/02/2012
2012017382;1;1;1;8;1;880;24/02/2012
2012017383;1;2;1;1;7;880;09/03/2012
2012017384;1;2;1;1;6;880;29/02/2012
2012017385;3;1;1;1;6;880;09/04/2012
2012017386;3;1;1;2;6;880;15/08/2012
2012017387;1;1;1;1;3;880;21/09/2012
2012017388;1;1;1;1;1;880;22/09/2012
2012017389;1;1;1;1;7;880;30/10/2012
2012017390;5;2;1;1;6;880;14/04/2012
2012017391;1;2;1;1;1;880;14/05/2012
2012017392;1;2;1;1;3;880;27/11/2012
2012017393;1;2;4;2;1;80;08/06/2012
2012017394;2;2;2;7;5;80;08/09/2012
2012017395;1;1;1;1;7;80;05/09/2012
2012017396;1;1;1;1;7;80;05/09/2012
2012017397;3;2;1;8;6;80;20/10/2012
2012017398;1;2;1;7;3;80;08/06/2012
2012017399;3;1;1;2;6;80;01/01/2012
2012017400;1;2;9;8;6;80;31/01/2012
2012017401;1;1;1;1;1;80;22/07/2012
2012017402;1;1;1;1;3;80;13/05/2012
2012017403;1;2;1;1;1;80;22/10/2012
2012017404;5;2;1;1;6;80;28/11/2012
2012017405;2;1;1;1;7;80;15/02/2012
2012017406;1;1;1;2;1;520;30/04/2012
2012017407;2;1;1;1;1;520;01/10/2012
2012017408;1;1;1;1;3;520;23/09/2012
2012017409;1;1;1;1;1;520;23/03/2012
2012017410;1;1;1;1;3;520;01/05/2012
2012017411;1;2;1;2;7;520;19/01/2012
2012017412;1;1;1;1;7;520;22/04/2012
2012017413;1;1;1;1;6;520;17/06/2012
2012017414;1;1;1;1;1;520;04/07/2012
2012017415;1;1;1;1;1;520;19/08/2012
2012017416;5;2;2;1;3;140;06/01/2012
2012017417;1;2;1;1;3;140;07/01/2012
2012017418;1;2;1;1;1;140;08/01/2012
2012017419;1;2;1;8;6;140;21/02/2012
2012017420;2;1;1;1;6;140;01/04/2012
2012017421;1;1;6;1;6;140;01/06/2012
2012017422;1;1;1;2;6;140;12/06/2012
2012017423;1;2;1;1;6;140;25/06/2012
2012017424;1;2;1;3;6;140;06/07/2012
2012017425;3;1;6;2;6;140;14/07/2012
2012017426;1;1;1;1;3;140;31/07/2012
2012017427;1;2;3;7;3;140;08/08/2012
2012017428;1;2;3;1;7;140;24/08/2012
2012017429;1;1;1;1;1;140;05/09/2012
2012017430;2;1;2;8;3;140;15/10/2012
2012017431;1;2;1;1;6;140;16/10/2012
2012017432;1;1;2;8;5;140;03/12/2012
2012017433;1;2;1;8;6;140;15/12/2012
2012017434;1;1;1;1;7;140;21/12/2012
2012017435;5;2;1;8;6;140;23/12/2012
2012017436;3;1;1;2;1;140;29/12/2012
2012017437;1;1;1;1;3;520;21/03/2012
2012017438;1;1;1;1;7;520;23/03/2012
2012017439;1;2;1;1;1;520;14/05/2012
2012017440;1;1;1;1;6;520;20/06/2012
2012017441;2;1;1;1;3;520;12/08/2012
2012017442;1;1;1;1;6;520;15/08/2012
2012017443;3;1;1;2;4;520;18/02/2012
2012017444;5;2;1;1;6;520;03/06/2012
2012017445;1;2;1;1;6;520;25/06/2012
2012017446;1;1;1;7;3;520;28/06/2012
2012017447;1;1;1;1;6;520;07/07/2012
2012017448;1;1;1;8;3;520;15/02/2012
2012017449;1;2;1;1;3;520;16/08/2012
2012017450;3;1;1;1;6;480;02/03/2012
2012017451;1;1;1;2;1;480;04/11/2012
2012017452;1;1;1;1;6;480;23/01/2012
2012017453;3;1;1;1;6;480;04/03/2012
2012017454;5;2;1;1;6;480;27/04/2012
2012017455;1;1;1;1;6;480;04/07/2012
2012017456;3;1;1;1;6;480;09/07/2012
2012017457;3;1;1;2;6;480;16/11/2012
2012017458;2;1;1;2;1;480;04/11/2012
2012017459;1;1;1;1;7;480;21/09/2012
2012017460;1;1;1;1;1;480;04/03/2012
2012017461;3;1;1;2;6;480;04/08/2012
2012017462;1;1;1;3;6;480;05/08/2012
2012017463;1;1;1;1;5;480;25/02/2012
2012017464;1;1;1;1;7;480;23/03/2012
2012017465;1;1;1;1;6;480;27/04/2012
2012017466;2;1;1;1;6;480;29/04/2012
2012017467;2;1;1;8;6;480;26/09/2012
2012017468;1;2;1;1;6;480;20/11/2012
2012017469;5;2;2;2;3;480;28/12/2012
2012017470;5;2;1;1;3;300;08/10/2012
2012017471;1;1;1;2;2;300;04/04/2012
2012017472;1;1;1;7;3;370;11/04/2012
2012017473;2;1;1;8;6;370;04/05/2012
2012017474;1;2;2;1;3;370;14/01/2012
2012017475;1;1;1;1;1;370;05/05/2012
2012017476;1;1;1;1;1;370;25/05/2012
2012017477;2;1;1;1;1;370;25/07/2012
2012017478;1;2;2;1;3;370;05/09/2012
2012017479;1;2;1;1;7;370;28/01/2012
2012017480;3;1;1;1;7;370;16/04/2012
2012017481;2;2;1;1;3;370;11/01/2012
2012017482;1;2;1;1;2;370;14/01/2012
2012017483;1;2;1;1;3;370;12/01/2012
2012017484;3;1;1;2;7;370;21/01/2012
2012017485;5;1;6;2;3;370;03/03/2012
2012017486;1;1;1;2;7;370;19/04/2012
2012017487;1;2;1;2;1;370;30/07/2012
2012017488;1;1;1;1;2;370;07/08/2012
2012017489;1;1;1;1;3;370;10/08/2012
2012017490;1;1;1;2;3;140;04/01/2012
2012017491;1;2;1;1;6;140;06/01/2012
2012017492;5;2;1;1;3;140;09/01/2012
2012017493;2;2;1;2;6;140;09/01/2012
2012017494;3;1;1;1;6;140;11/01/2012
2012017495;3;1;1;1;7;140;14/01/2012
2012017496;5;2;1;2;2;140;25/01/2012
2012017497;1;2;1;1;6;140;25/01/2012
2012017498;5;2;1;1;6;140;27/01/2012
2012017499;1;2;6;2;3;140;28/01/2012
2012017500;5;2;1;1;6;140;02/02/2012
2012017501;5;1;3;1;3;140;03/02/2012
2012017502;5;2;2;1;3;140;03/02/2012
2012017503;3;1;1;4;2;140;13/02/2012
2012017504;1;1;1;3;4;140;03/03/2012
2012017505;1;1;1;1;3;140;06/03/2012
2012017506;1;2;1;1;2;140;07/03/2012
2012017507;1;2;3;1;6;140;16/03/2012
2012017508;1;2;1;1;2;140;26/03/2012
2012017509;1;2;1;1;1;140;04/04/2012
2012017510;5;2;2;2;3;140;18/04/2012
2012017511;1;1;1;1;7;140;29/04/2012
2012017512;1;1;1;8;6;140;30/04/2012