num_acc;lum;agg;inter;atm;col;dep;date
2012017513;1;2;1;1;3;140;04/05/2012
2012017514;1;2;9;1;3;140;05/05/2012
2012017515;1;2;1;1;6;140;06/05/2012
2012017516;1;1;1;1;1;140;10/05/2012
2012017517;1;2;1;1;6;140;11/05/2012
2012017518;1;2;1;1;6;140;14/05/2012
2012017519;1;2;3;1;3;140;16/05/2012
2012017520;1;2;1;1;6;140;23/05/2012
2012017521;1;2;1;1;6;140;23/05/2012
2012017522;1;1;1;1;1;140;27/05/2012
2012017523;1;2;1;8;3;140;05/06/2012
2012017524;1;2;1;1;3;140;07/06/2012
2012017525;1;2;4;2;2;140;12/06/2012
2012017526;1;2;1;1;6;140;21/06/2012
2012017527;3;1;1;1;6;140;30/06/2012
2012017528;1;1;1;2;6;140;04/07/2012
2012017529;1;2;3;1;6;140;05/07/2012
2012017530;1;2;2;1;3;140;06/07/2012
2012017531;1;2;3;2;6;140;11/07/2012
2012017532;1;2;2;1;3;140;11/07/2012
2012017533;1;2;3;2;2;140;12/07/2012
2012017534;1;2;1;8;6;140;11/07/2012
2012017535;1;1;1;2;6;140;13/07/2012
2012017536;5;2;1;1;6;140;28/07/2012
2012017537;1;1;1;1;6;140;29/07/2012
2012017538;1;2;3;2;6;140;01/08/2012
2012017539;1;2;6;1;2;140;06/08/2012
2012017540;1;2;1;1;3;140;20/08/2012
2012017541;1;1;1;1;6;140;22/08/2012
2012017542;1;2;1;1;1;140;27/08/2012
2012017543;1;2;3;1;3;140;31/08/2012
2012017544;1;2;1;1;6;140;08/09/2012
2012017545;1;2;7;1;3;140;23/09/2012
2012017546;5;1;1;8;3;140;24/09/2012
2012017547;1;2;1;1;7;370;07/04/2012
2012017548;1;2;1;2;6;140;27/09/2012
2012017549;1;1;2;1;3;140;04/10/2012
2012017550;1;2;2;1;3;140;05/10/2012
2012017551;1;2;3;2;3;140;08/10/2012
2012017552;1;2;1;3;7;140;18/10/2012
2012017553;1;2;1;8;6;140;23/10/2012
2012017554;4;2;6;1;3;140;29/10/2012
2012017555;1;2;3;2;3;140;03/11/2012
2012017556;1;2;1;1;2;140;06/11/2012
2012017557;1;1;1;1;6;140;09/11/2012
2012017558;5;2;3;2;3;140;12/11/2012
2012017559;5;2;4;1;3;140;16/11/2012
2012017560;5;2;1;1;3;140;17/11/2012
2012017561;1;2;1;1;1;140;19/11/2012
2012017562;1;1;3;1;2;140;20/11/2012
2012017563;5;2;1;6;7;140;25/11/2012
2012017564;1;2;1;9;7;140;01/12/2012
2012017565;1;2;1;7;6;140;01/12/2012
2012017566;1;2;3;2;6;140;03/12/2012
2012017567;3;1;1;9;6;140;06/12/2012
2012017568;3;1;1;9;6;140;06/12/2012
2012017569;3;1;1;2;2;140;16/12/2012
2012017570;3;1;1;3;1;140;23/12/2012
2012017571;5;2;1;2;4;140;28/12/2012
2012017572;1;2;1;1;3;140;29/12/2012
2012017573;2;1;1;2;1;370;13/07/2012
2012017574;1;1;1;1;3;370;06/08/2012
2012017575;3;1;1;9;6;370;06/12/2012
2012017576;1;1;1;8;7;370;14/04/2012
2012017577;1;1;1;1;7;370;29/05/2012
2012017578;5;1;1;1;6;370;07/08/2012
2012017579;1;2;7;1;6;370;05/10/2012
2012017580;1;1;2;8;3;370;23/02/2012
2012017581;3;1;1;1;7;370;11/03/2012
2012017582;1;1;1;1;6;370;24/05/2012
2012017583;1;1;1;7;3;370;28/08/2012
2012017584;1;2;1;1;1;370;17/09/2012
2012017585;1;1;2;8;3;370;26/09/2012
2012017586;3;1;1;1;1;370;13/11/2012
2012017587;3;2;1;1;7;370;21/03/2012
2012017588;1;2;1;1;6;370;12/05/2012
2012017589;1;1;1;1;2;370;12/05/2012
2012017590;3;2;1;1;6;370;08/05/2012
2012017591;1;1;1;1;1;370;27/05/2012
2012017592;2;2;1;1;6;370;12/08/2012
2012017593;1;1;2;1;3;870;28/03/2012
2012017594;1;1;3;1;7;870;06/03/2012
2012017595;3;1;1;2;6;870;16/06/2012
2012017596;1;1;1;2;6;870;10/06/2012
2012017597;1;1;1;1;6;870;07/10/2012
2012017598;1;1;1;1;7;870;07/10/2012
2012017599;1;1;1;2;3;870;28/12/2012
2012017600;1;1;1;1;7;870;07/03/2012
2012017601;1;2;2;1;3;870;15/03/2012
2012017602;1;1;1;2;6;870;23/04/2012
2012017603;1;1;1;1;7;870;03/10/2012
2012017604;1;1;1;1;5;870;03/10/2012
2012017605;3;1;1;1;4;870;28/12/2012
2012017606;1;1;4;1;1;870;27/09/2012
2012017607;2;1;1;1;1;870;12/10/2012
2012017608;3;1;1;1;7;870;26/02/2012
2012017609;3;1;1;1;7;870;19/02/2012
2012017610;1;1;1;1;7;870;13/05/2012
2012017611;1;1;1;1;7;870;27/06/2012
2012017612;1;1;1;2;6;870;29/08/2012
2012017613;1;1;1;2;6;870;25/12/2012
2012017614;1;2;1;1;1;230;05/05/2012
2012017615;2;1;1;1;7;230;06/07/2012
2012017616;1;1;1;1;6;230;03/08/2012
2012017617;5;2;1;2;7;230;21/01/2012
2012017618;1;1;1;1;6;230;26/02/2012
2012017619;1;2;1;1;6;230;04/06/2012
2012017620;1;2;1;1;6;230;20/06/2012
2012017621;3;1;1;2;6;230;15/07/2012
2012017622;3;1;1;1;6;230;29/07/2012
2012017623;5;2;1;1;6;230;29/01/2012
2012017624;2;1;1;2;1;230;21/11/2012
2012017625;1;1;1;2;6;230;21/11/2012
2012017626;1;2;3;1;3;230;05/09/2012
2012017627;1;2;1;1;1;170;28/01/2012
2012017628;1;1;2;1;3;170;23/05/2012
2012017629;1;1;1;1;7;170;24/06/2012
2012017630;1;2;1;1;1;170;11/09/2012
2012017631;3;1;1;1;6;170;15/11/2012
2012017632;2;2;1;1;6;170;23/12/2012
2012017633;3;1;1;1;3;170;30/01/2012
2012017634;4;2;1;1;7;170;11/05/2012
2012017635;1;1;1;1;6;170;24/05/2012
2012017636;1;1;3;1;3;170;23/06/2012
2012017637;1;1;1;1;3;170;29/06/2012
2012017638;1;2;1;1;2;170;30/05/2012
2012017639;1;1;9;1;1;170;30/09/2012
2012017640;1;1;1;1;6;170;21/01/2012
2012017641;1;1;1;2;3;170;09/10/2012
2012017642;1;1;1;2;1;170;03/11/2012
2012017643;1;1;1;1;3;170;15/03/2012
2012017644;1;1;1;1;1;170;07/07/2012
2012017645;3;1;1;3;6;170;18/12/2012
2012017646;3;1;1;1;3;170;28/08/2012
2012017647;3;1;1;5;6;170;01/12/2012
2012017648;3;1;1;1;1;170;10/09/2012
2012017649;1;1;1;1;5;170;26/10/2012
2012017650;1;2;1;1;7;170;16/01/2012
2012017651;1;1;1;1;1;170;26/03/2012
2012017652;1;1;1;1;6;170;03/05/2012
2012017653;3;1;1;1;6;170;12/05/2012
2012017654;1;2;1;1;1;170;03/07/2012
2012017655;2;1;1;1;3;170;18/02/2012
2012017656;3;1;1;1;6;170;25/02/2012
2012017657;1;1;1;1;1;170;26/05/2012
2012017658;1;1;1;7;6;170;29/05/2012
2012017659;1;1;1;1;6;170;20/07/2012
2012017660;1;2;1;1;6;170;03/08/2012
2012017661;3;1;1;1;6;170;02/10/2012
2012017662;1;1;1;1;6;170;23/12/2012
2012017663;2;1;1;1;5;170;30/12/2012
2012017664;3;1;1;1;3;170;04/01/2012
2012017665;5;1;2;1;3;170;26/03/2012
2012017666;1;1;1;8;3;170;05/11/2012
2012017667;1;2;1;1;7;170;11/09/2012
2012017668;3;1;1;1;6;170;10/03/2012
2012017669;1;1;1;1;6;170;28/07/2012
2012017670;1;2;6;1;3;170;03/10/2012
2012017671;1;1;1;2;3;170;08/10/2012
2012017672;3;1;1;1;3;170;10/01/2012
2012017673;1;2;1;1;6;170;24/06/2012
2012017674;1;1;4;1;3;170;12/07/2012
2012017675;1;1;1;1;6;170;08/08/2012
2012017676;1;1;1;1;1;170;18/09/2012
2012017677;1;1;1;1;1;170;22/09/2012
2012017678;1;1;1;8;1;280;13/02/2012
2012017679;1;1;1;1;1;280;29/02/2012
2012017680;1;1;1;2;7;270;02/01/2012
2012017681;2;1;1;9;5;270;18/01/2012
2012017682;1;1;1;1;1;270;27/01/2012
2012017683;3;1;9;1;2;270;30/01/2012
2012017684;2;1;1;1;5;270;25/02/2012
2012017685;3;1;1;1;7;270;25/03/2012
2012017686;1;1;1;1;2;270;14/05/2012
2012017687;1;1;2;1;3;270;23/05/2012
2012017688;1;1;1;1;2;270;20/07/2012
2012017689;1;2;2;1;1;270;03/08/2012
2012017690;1;1;1;1;3;270;08/09/2012
2012017691;1;2;3;1;3;270;19/09/2012
2012017692;1;1;3;1;5;270;19/09/2012
2012017693;5;2;1;3;1;270;24/09/2012
2012017694;1;1;1;1;2;270;05/10/2012
2012017695;1;1;1;3;6;270;14/10/2012
2012017696;3;1;1;1;1;270;18/12/2012
2012017697;1;1;9;1;1;270;12/05/2012
2012017698;1;1;1;1;1;270;06/06/2012
2012017699;1;1;2;1;3;270;19/02/2012
2012017700;1;1;1;2;3;270;06/03/2012
2012017701;1;1;1;1;7;270;15/03/2012
2012017702;5;2;1;8;5;270;27/07/2012
2012017703;1;1;2;1;3;270;27/08/2012
2012017704;1;1;1;1;2;270;09/09/2012
2012017705;1;2;1;1;3;270;17/09/2012
2012017706;1;1;1;1;6;270;20/02/2012
2012017707;1;1;2;1;3;270;16/03/2012
2012017708;1;1;3;1;1;270;26/03/2012
2012017709;1;1;1;1;3;270;06/04/2012
2012017710;1;2;1;1;7;270;27/04/2012
2012017711;1;1;1;1;6;270;29/04/2012
2012017712;3;1;1;1;6;270;13/05/2012
2012017713;1;1;2;2;1;270;12/06/2012
2012017714;1;1;1;1;1;270;26/06/2012
2012017715;1;2;1;8;7;270;12/07/2012
2012017716;1;1;1;1;1;270;16/10/2012
2012017717;2;1;2;1;3;270;02/12/2012
2012017718;3;1;1;1;7;270;08/12/2012
2012017719;1;1;1;1;3;270;10/12/2012
2012017720;2;2;1;9;7;270;13/12/2012
2012017721;1;2;2;2;3;270;15/12/2012
2012017722;5;2;1;2;3;270;19/12/2012
2012017723;3;1;2;8;1;270;11/01/2012
2012017724;1;1;1;1;6;270;20/04/2012
2012017725;1;1;1;1;6;270;22/04/2012
2012017726;3;1;1;1;1;270;12/08/2012
2012017727;3;1;1;1;6;270;14/08/2012
2012017728;2;1;1;1;7;270;12/08/2012
2012017729;2;1;1;2;6;270;18/09/2012
2012017730;1;1;1;1;1;270;16/09/2012
2012017731;1;1;2;8;3;270;10/10/2012
2012017732;1;1;1;9;1;270;03/11/2012
2012017733;1;1;1;9;3;270;04/11/2012
2012017734;1;1;1;1;2;270;20/11/2012
2012017735;3;1;1;1;7;270;24/11/2012
2012017736;1;2;1;2;7;270;26/01/2012
2012017737;5;2;1;1;3;270;14/02/2012
2012017738;5;2;3;1;3;270;29/02/2012
2012017739;2;1;1;1;7;270;16/03/2012
2012017740;1;1;2;1;3;270;01/04/2012
2012017741;5;2;1;1;6;270;11/05/2012
2012017742;3;1;1;1;6;270;09/06/2012
2012017743;1;1;2;1;1;270;30/11/2012
2012017744;1;1;2;4;3;270;07/12/2012
2012017745;1;2;3;1;3;270;18/03/2012
2012017746;3;2;1;1;6;270;05/05/2012
2012017747;1;1;3;1;6;270;28/06/2012
2012017748;1;1;1;8;7;270;30/06/2012
2012017749;1;2;3;1;3;270;14/07/2012
2012017750;1;1;1;1;1;270;11/08/2012
2012017751;1;2;1;1;6;270;13/08/2012
2012017752;1;2;1;2;1;270;19/01/2012
2012017753;1;2;1;1;1;270;29/03/2012
2012017754;1;1;2;1;3;270;08/05/2012
2012017755;3;1;1;5;1;270;22/10/2012
2012017756;2;1;1;1;2;270;14/01/2012
2012017757;1;1;2;1;5;270;18/06/2012
2012017758;1;1;1;1;1;270;23/07/2012
2012017759;1;1;1;1;2;40;12/01/2012
2012017760;1;1;9;1;7;40;10/05/2012
2012017761;1;1;1;1;1;40;05/06/2012
2012017762;3;1;1;1;6;40;14/01/2012
2012017763;1;1;1;1;3;40;24/03/2012
2012017764;1;1;1;1;1;40;08/06/2012
2012017765;3;1;1;1;3;40;03/03/2012
2012017766;1;1;1;1;2;40;06/03/2012
2012017767;1;1;1;1;6;40;11/05/2012
2012017768;1;1;1;1;2;40;13/07/2012
2012017769;1;1;1;1;3;40;13/08/2012
2012017770;1;2;1;1;6;40;16/10/2012
2012017771;1;1;1;1;6;40;08/05/2012
2012017772;1;1;1;1;1;40;07/06/2012
2012017773;1;1;1;1;3;240;14/01/2012
2012017774;3;1;1;1;6;240;04/03/2012
2012017775;3;1;1;2;6;240;17/03/2012
2012017776;1;1;1;1;7;240;27/03/2012
2012017777;3;1;1;1;6;240;29/08/2012
2012017778;1;1;1;2;3;240;07/10/2012
2012017779;1;1;1;8;1;240;02/01/2012
2012017780;1;1;1;2;1;240;02/01/2012
2012017781;1;1;1;1;7;240;20/01/2012
2012017782;1;1;1;1;7;240;12/02/2012
2012017783;1;1;1;3;7;240;06/04/2012
2012017784;1;2;1;1;3;240;25/04/2012
2012017785;1;1;1;8;2;240;08/05/2012
2012017786;1;1;1;1;1;240;29/05/2012
2012017787;1;1;1;2;1;240;13/06/2012
2012017788;1;1;3;1;3;240;24/06/2012
2012017789;1;1;1;1;6;240;25/06/2012
2012017790;1;1;1;1;1;240;21/08/2012
2012017791;1;2;1;1;2;240;07/09/2012
2012017792;1;1;1;1;1;240;20/09/2012
2012017793;1;1;1;2;6;240;26/10/2012
2012017794;1;1;1;1;3;240;16/11/2012
2012017795;1;1;1;1;6;240;01/12/2012
2012017796;1;1;1;1;6;240;14/12/2012
2012017797;1;1;1;1;1;240;31/01/2012
2012017798;1;1;1;1;5;240;01/04/2012
2012017799;1;2;1;1;1;240;26/06/2012
2012017800;3;1;1;1;6;240;29/07/2012
2012017801;1;1;1;1;1;240;27/10/2012
2012017802;3;1;1;1;1;240;27/11/2012
2012017803;5;1;1;1;6;240;18/08/2012
2012017804;1;2;1;2;6;240;01/01/2012
2012017805;1;1;2;1;3;240;28/03/2012
2012017806;1;1;1;8;6;240;07/04/2012
2012017807;1;2;1;1;1;240;03/07/2012
2012017808;1;1;1;2;3;240;05/07/2012
2012017809;1;1;1;1;1;240;08/09/2012
2012017810;1;2;1;2;5;240;09/10/2012
2012017811;3;1;1;3;6;240;15/12/2012
2012017812;1;1;1;1;1;240;24/12/2012
2012017813;1;2;1;1;6;240;22/05/2012
2012017814;1;1;1;1;2;240;24/06/2012
2012017815;2;1;1;1;6;240;16/01/2012
2012017816;3;1;1;1;6;240;09/03/2012
2012017817;2;1;1;1;3;240;05/06/2012
2012017818;1;2;1;1;6;240;16/01/2012
2012017819;1;1;1;1;6;240;24/01/2012
2012017820;3;1;1;1;1;240;24/02/2012
2012017821;3;1;1;1;7;240;08/04/2012
2012017822;1;1;1;1;1;240;03/05/2012
2012017823;1;1;1;1;1;240;05/06/2012
2012017824;1;1;1;1;3;240;28/06/2012
2012017825;3;1;1;1;6;240;07/07/2012
2012017826;3;1;1;2;7;240;11/11/2012
2012017827;1;2;1;1;6;240;06/12/2012
2012017828;5;2;1;3;6;240;20/12/2012
2012017829;1;1;1;2;1;240;24/04/2012
2012017830;1;1;1;1;1;240;19/05/2012
2012017831;1;1;1;1;3;240;05/06/2012
2012017832;1;1;1;1;3;240;02/07/2012
2012017833;1;1;1;1;3;240;22/07/2012
2012017834;1;1;2;1;1;240;19/08/2012
2012017835;1;1;9;1;5;240;21/08/2012
2012017836;1;1;1;1;1;240;30/09/2012
2012017837;1;1;1;2;5;240;26/10/2012
2012017838;1;2;1;1;6;240;12/01/2012
2012017839;1;1;1;1;2;240;02/03/2012
2012017840;1;1;1;2;3;240;24/04/2012
2012017841;1;1;1;1;7;240;01/09/2012
2012017842;1;1;2;2;3;240;18/09/2012
2012017843;1;1;3;8;1;240;07/10/2012
2012017844;2;1;1;1;6;240;23/10/2012
2012017845;5;2;1;1;3;240;19/12/2012
2012017846;1;1;1;1;7;400;09/09/2012
2012017847;1;2;1;1;3;400;07/08/2012
2012017848;1;2;1;1;3;400;22/11/2012
2012017849;1;2;1;1;5;210;13/03/2012
2012017850;3;1;1;1;6;210;23/03/2012
2012017851;1;2;1;1;7;210;28/06/2012
2012017852;1;1;1;2;6;210;08/07/2012
2012017853;1;1;1;1;6;210;19/07/2012
2012017854;1;1;1;1;7;210;21/08/2012
2012017855;1;1;1;8;7;210;22/09/2012
2012017856;3;1;1;2;6;210;14/10/2012
2012017857;1;1;1;2;6;210;11/04/2012
2012017858;5;2;1;1;6;210;10/12/2012
2012017859;1;1;1;1;1;210;15/09/2012
2012017860;1;1;1;1;6;210;26/01/2012
2012017861;1;1;1;1;1;210;01/03/2012
2012017862;1;1;1;1;1;210;20/05/2012
2012017863;1;1;1;1;7;210;16/09/2012
2012017864;1;1;1;3;3;210;25/09/2012
2012017865;1;2;1;1;6;210;03/04/2012
2012017866;1;1;1;1;6;210;04/10/2012
2012017867;1;2;1;1;6;530;31/03/2012
2012017868;1;1;6;2;6;530;08/04/2012
2012017869;3;1;1;2;6;530;20/10/2012
2012017870;5;2;7;1;6;530;21/12/2012
2012017871;1;1;1;2;1;530;07/03/2012
2012017872;1;2;1;1;1;530;02/04/2012
2012017873;1;1;1;1;3;530;05/07/2012
2012017874;1;1;2;7;1;530;24/07/2012
2012017875;1;2;6;1;3;530;25/07/2012
2012017876;1;1;1;7;6;530;09/09/2012
2012017877;1;1;1;1;7;530;15/10/2012
2012017878;1;1;1;1;6;530;14/11/2012
2012017879;1;2;1;1;1;530;24/05/2012
2012017880;3;1;1;1;6;530;27/05/2012
2012017881;1;1;1;1;6;530;19/06/2012
2012017882;1;1;1;1;1;530;03/07/2012
2012017883;1;1;1;1;3;530;23/08/2012
2012017884;1;2;1;1;6;530;30/09/2012
2012017885;1;1;1;1;1;530;02/10/2012
2012017886;3;1;1;1;5;530;03/11/2012
2012017887;3;1;1;1;4;530;22/11/2012
2012017888;2;1;1;2;6;530;18/03/2012
2012017889;3;1;1;1;7;530;24/03/2012
2012017890;3;1;1;3;7;530;10/04/2012
2012017891;1;2;1;1;5;530;18/07/2012
2012017892;1;2;6;1;3;530;07/09/2012
2012017893;2;1;1;1;5;530;29/11/2012
2012017894;3;1;1;1;7;530;14/02/2012
2012017895;1;1;1;2;6;530;05/06/2012
2012017896;1;2;1;1;1;530;10/07/2012
2012017897;1;1;1;1;6;530;08/08/2012
2012017898;1;1;1;3;6;530;25/09/2012
2012017899;1;1;1;1;1;530;05/11/2012
2012017900;3;2;1;2;6;530;17/02/2012
2012017901;1;1;1;2;1;530;21/09/2012
2012017902;1;2;3;1;3;530;23/01/2012
2012017903;1;1;1;1;1;530;31/08/2012
2012017904;1;1;1;1;6;530;15/10/2012
2012017905;1;2;1;7;3;530;13/01/2012
2012017906;1;1;1;1;5;530;07/02/2012
2012017907;1;1;1;3;7;530;17/03/2012
2012017908;2;1;6;1;7;530;20/03/2012
2012017909;1;1;1;1;1;530;08/04/2012
2012017910;1;1;2;1;3;530;24/06/2012
2012017911;1;1;2;1;3;530;25/06/2012
2012017912;1;1;1;1;6;530;28/06/2012
2012017913;1;1;1;1;7;530;25/07/2012
2012017914;1;1;1;1;6;530;25/07/2012
2012017915;1;1;1;3;7;530;05/08/2012
2012017916;4;2;1;1;6;530;08/08/2012
2012017917;5;1;6;1;3;530;18/08/2012
2012017918;1;2;1;2;1;530;24/09/2012
2012017919;5;2;3;2;3;530;28/12/2012
2012017920;1;1;1;1;2;530;22/05/2012
2012017921;1;1;1;1;1;530;04/07/2012
2012017922;1;1;1;8;7;530;10/11/2012
2012017923;2;2;9;1;6;70;27/12/2012
2012017924;3;1;1;1;6;70;14/01/2012
2012017925;1;2;1;7;6;70;13/03/2012
2012017926;1;1;1;8;5;70;08/06/2012
2012017927;1;1;1;1;6;70;09/06/2012
2012017928;1;1;1;1;1;70;16/06/2012
2012017929;1;2;1;1;3;70;10/08/2012
2012017930;3;1;1;1;3;70;12/08/2012
2012017931;1;2;1;1;5;70;25/08/2012
2012017932;5;2;1;1;1;70;13/10/2012
2012017933;3;1;1;2;7;70;16/10/2012
2012017934;3;1;1;2;6;70;16/10/2012
2012017935;1;1;9;1;3;70;15/11/2012
2012017936;5;2;6;2;6;70;04/12/2012
2012017937;1;1;1;1;1;70;05/03/2012
2012017938;3;1;1;2;7;70;15/04/2012
2012017939;1;1;1;1;6;70;28/04/2012
2012017940;1;1;1;1;1;70;12/05/2012
2012017941;5;1;1;1;7;70;28/07/2012
2012017942;1;1;1;1;1;70;30/10/2012
2012017943;3;1;1;2;6;70;25/11/2012
2012017944;1;1;1;1;7;70;10/03/2012
2012017945;1;2;9;1;6;70;11/04/2012
2012017946;1;1;1;1;6;70;23/01/2012
2012017947;1;1;1;1;1;70;01/02/2012
2012017948;1;1;1;1;5;70;22/04/2012
2012017949;1;1;1;1;7;70;17/05/2012
2012017950;1;1;1;1;3;70;26/05/2012
2012017951;1;1;1;1;3;70;04/08/2012
2012017952;3;1;1;1;6;70;12/08/2012
2012017953;2;1;1;8;5;70;01/11/2012
2012017954;1;1;1;1;1;70;28/11/2012
2012017955;1;1;1;1;1;70;01/08/2012
2012017956;1;1;1;1;3;70;23/03/2012
2012017957;1;1;1;1;6;70;07/04/2012
2012017958;2;1;1;1;1;70;09/08/2012
2012017959;1;1;1;1;7;70;20/11/2012
2012017960;1;1;1;7;3;70;20/02/2012
2012017961;3;1;1;1;1;70;21/11/2012
2012017962;1;1;1;1;6;70;28/11/2012
2012017963;2;1;1;1;6;70;10/08/2012
2012017964;1;1;1;1;7;70;19/08/2012
2012017965;3;1;1;1;6;70;21/08/2012
2012017966;5;2;1;1;1;70;31/08/2012
2012017967;1;1;1;1;3;70;30/09/2012
2012017968;1;1;1;1;1;70;14/01/2012
2012017969;1;2;1;1;5;70;15/03/2012
2012017970;1;1;1;7;1;70;30/03/2012
2012017971;1;1;1;1;1;70;04/07/2012
2012017972;3;1;1;1;6;70;03/11/2012
2012017973;1;1;1;1;3;70;12/11/2012
2012017974;1;1;1;1;1;70;25/03/2012
2012017975;1;1;1;1;7;70;09/09/2012
2012017976;1;1;1;1;3;70;19/09/2012
2012017977;1;1;1;1;1;70;28/09/2012
2012017978;1;1;1;1;1;160;27/06/2012
2012017979;1;1;1;1;7;160;25/07/2012
2012017980;1;1;1;8;4;160;24/09/2012
2012017981;1;1;1;1;1;160;27/09/2012
2012017982;1;1;1;1;6;160;05/10/2012
2012017983;1;1;1;8;7;160;06/10/2012
2012017984;1;2;1;1;1;160;18/10/2012
2012017985;1;2;2;8;1;160;21/10/2012
2012017986;3;1;1;1;7;160;26/08/2012
2012017987;2;1;2;2;3;160;24/09/2012
2012017988;1;1;3;1;1;160;06/10/2012
2012017989;1;1;1;2;6;160;25/12/2012
2012017990;1;1;1;4;5;160;06/02/2012
2012017991;1;1;1;8;7;160;07/07/2012
2012017992;2;1;2;1;3;160;07/11/2012
2012017993;1;1;1;1;7;160;04/02/2012
2012017994;3;1;1;1;3;160;23/02/2012
2012017995;1;1;2;1;3;160;26/02/2012
2012017996;5;2;1;1;6;160;02/08/2012
2012017997;3;1;1;1;6;160;31/10/2012
2012017998;3;2;1;1;6;160;22/05/2012
2012017999;1;1;1;2;6;160;08/07/2012
2012018000;1;2;3;1;6;160;03/09/2012
2012018001;1;1;1;1;7;160;30/09/2012
2012018002;3;1;1;2;4;160;01/11/2012
2012018003;3;1;1;1;7;160;22/11/2012
2012018004;1;1;1;1;1;160;06/10/2012
2012018005;3;1;1;1;6;160;18/10/2012
2012018006;3;1;1;2;6;160;21/12/2012
2012018007;1;1;1;8;5;160;18/06/2012
2012018008;1;1;1;1;1;160;19/06/2012
2012018009;3;1;1;1;6;160;30/03/2012
2012018010;1;1;1;2;3;160;21/04/2012
2012018011;1;1;1;1;1;160;24/06/2012
2012018012;1;1;1;1;6;160;30/06/2012
2012018013;1;1;1;1;3;160;22/08/2012
2012018014;3;1;1;1;6;360;31/03/2012
2012018015;1;2;1;1;3;360;24/10/2012
2012018016;3;1;1;1;6;360;27/10/2012
2012018017;1;2;1;8;6;360;14/04/2012
2012018018;1;1;2;1;3;360;25/08/2012
2012018019;1;2;6;3;3;360;10/10/2012
2012018020;3;1;1;1;6;360;12/11/2012
2012018021;3;1;2;1;3;360;05/05/2012
2012018022;1;1;2;1;2;360;08/06/2012
2012018023;1;1;1;1;6;360;28/08/2012
2012018024;1;2;2;1;3;360;12/09/2012
2012018025;3;2;1;2;6;100;21/04/2012
2012018026;1;1;1;1;3;100;03/08/2012
2012018027;1;1;1;1;7;100;21/10/2012
2012018028;4;1;1;1;6;100;18/11/2012
2012018029;3;1;1;2;1;100;19/01/2012
2012018030;1;1;1;1;7;100;29/04/2012
2012018031;2;2;2;2;6;100;14/06/2012
2012018032;1;1;2;1;3;100;05/07/2012
2012018033;1;1;1;1;6;100;12/07/2012
2012018034;1;1;1;1;7;100;20/07/2012
2012018035;1;2;1;1;1;100;27/08/2012
2012018036;1;2;4;1;1;100;26/10/2012
2012018037;1;1;1;1;6;100;13/11/2012
2012018038;1;1;1;1;1;100;16/03/2012
2012018039;1;1;1;1;1;100;28/06/2012
2012018040;2;1;1;1;3;100;09/09/2012
2012018041;1;2;1;1;6;100;06/06/2012
2012018042;1;2;1;1;3;100;18/06/2012
2012018043;1;1;9;1;7;100;28/06/2012
2012018044;3;1;1;5;6;100;13/04/2012
2012018045;1;2;2;2;3;100;20/07/2012
2012018046;3;1;1;1;6;100;02/08/2012
2012018047;1;1;1;1;7;100;09/09/2012
2012018048;5;2;3;1;3;100;25/10/2012
2012018049;1;1;1;2;6;100;05/11/2012
2012018050;1;2;3;1;3;100;06/11/2012
2012018051;1;1;1;1;6;100;20/12/2012
2012018052;3;1;1;2;6;100;29/12/2012
2012018053;1;1;1;1;3;100;01/03/2012
2012018054;1;1;3;1;1;100;13/06/2012
2012018055;1;2;1;1;7;100;11/07/2012
2012018056;1;2;1;1;2;100;21/07/2012
2012018057;1;1;1;1;6;100;20/08/2012
2012018058;2;1;1;5;7;100;16/09/2012
2012018059;5;2;3;3;3;100;25/09/2012
2012018060;3;1;1;5;6;100;16/11/2012
2012018061;2;2;1;3;6;100;07/12/2012
2012018062;1;2;2;2;3;100;17/12/2012
2012018063;3;1;1;9;7;430;26/05/2012
2012018064;1;1;1;1;7;430;27/05/2012
2012018065;1;1;9;2;1;430;18/09/2012
2012018066;1;2;1;1;6;430;12/07/2012
2012018067;3;1;1;1;1;430;18/03/2012
2012018068;1;1;1;1;7;430;08/04/2012
2012018069;1;1;1;4;2;430;15/04/2012
2012018070;1;1;1;1;7;430;10/05/2012
2012018071;1;2;1;1;3;430;17/08/2012
2012018072;2;2;1;1;6;430;22/02/2012
2012018073;1;1;1;7;6;430;06/02/2012
2012018074;1;2;1;1;6;430;17/05/2012
2012018075;1;2;1;1;6;430;22/05/2012
2012018076;1;2;1;1;3;430;21/07/2012
2012018077;1;2;1;1;6;430;26/08/2012
2012018078;1;2;1;1;6;430;12/05/2012
2012018079;5;2;1;1;6;430;19/10/2012
2012018080;1;1;1;8;1;430;18/12/2012
2012018081;1;1;1;7;3;430;29/05/2012
2012018082;1;1;1;1;5;430;22/07/2012
2012018083;3;1;1;4;6;180;30/01/2012
2012018084;3;1;1;1;7;180;21/02/2012
2012018085;1;1;1;8;3;180;11/04/2012
2012018086;1;1;1;1;3;180;30/04/2012
2012018087;1;1;2;2;5;180;14/12/2012
2012018088;1;1;2;1;3;180;02/06/2012
2012018089;1;1;3;1;3;180;19/08/2012
2012018090;1;1;2;7;2;180;15/05/2012
2012018091;1;2;1;2;3;180;18/05/2012
2012018092;1;1;1;1;6;180;24/06/2012
2012018093;1;1;1;1;6;180;06/07/2012
2012018094;3;1;1;1;7;180;10/08/2012
2012018095;2;1;1;1;1;180;06/09/2012