num_acc;lum;agg;inter;atm;col;dep;date
2012018096;3;1;1;1;1;180;09/09/2012
2012018097;1;1;1;1;6;180;17/12/2012
2012018098;1;1;1;1;3;180;15/01/2012
2012018099;3;1;1;1;6;180;17/02/2012
2012018100;1;1;1;1;6;180;09/04/2012
2012018101;3;1;1;2;6;180;26/04/2012
2012018102;1;2;3;2;3;180;27/04/2012
2012018103;1;2;1;3;6;180;05/05/2012
2012018104;1;2;2;1;3;180;09/05/2012
2012018105;1;2;1;1;6;180;15/05/2012
2012018106;1;1;1;1;2;180;23/05/2012
2012018107;3;1;1;1;6;180;11/08/2012
2012018108;1;1;1;1;1;180;18/08/2012
2012018109;1;1;1;1;2;180;13/09/2012
2012018110;5;2;1;1;6;180;29/05/2012
2012018111;1;1;1;1;1;180;16/08/2012
2012018112;3;1;1;1;1;180;09/11/2012
2012018113;1;1;3;1;3;180;24/11/2012
2012018114;1;1;2;1;1;180;09/03/2012
2012018115;3;1;1;1;7;180;01/09/2012
2012018116;1;1;1;1;6;180;12/12/2012
2012018117;3;2;2;1;3;180;21/02/2012
2012018118;3;1;1;8;6;180;03/04/2012
2012018119;2;1;1;1;4;180;18/04/2012
2012018120;1;2;1;1;6;180;29/06/2012
2012018121;3;1;2;2;3;180;07/07/2012
2012018122;1;1;1;2;6;180;14/07/2012
2012018123;1;1;1;8;6;180;17/05/2012
2012018124;1;1;2;1;3;180;08/09/2012
2012018125;1;2;1;8;7;180;19/12/2012
2012018126;2;1;1;2;6;180;19/01/2012
2012018127;1;1;1;1;6;180;16/03/2012
2012018128;1;1;1;1;3;180;03/04/2012
2012018129;1;1;3;1;3;180;10/06/2012
2012018130;1;1;2;1;3;180;10/07/2012
2012018131;2;1;1;2;7;180;19/07/2012
2012018132;1;2;1;1;6;180;13/08/2012
2012018133;3;1;1;1;6;180;13/08/2012
2012018134;2;1;1;8;1;180;24/09/2012
2012018135;1;2;1;1;7;180;29/12/2012
2012018136;5;1;1;1;3;730;11/02/2012
2012018137;1;1;1;1;1;730;14/09/2012
2012018138;3;1;1;3;6;730;14/12/2012
2012018139;1;1;1;1;1;730;15/12/2012
2012018140;1;2;1;1;6;730;21/12/2012
2012018141;1;2;6;1;3;730;14/05/2012
2012018142;1;1;2;1;3;730;02/06/2012
2012018143;1;1;3;1;3;730;10/08/2012
2012018144;3;1;3;1;1;730;05/10/2012
2012018145;5;2;1;1;3;730;19/10/2012
2012018146;4;2;1;2;3;730;26/10/2012
2012018147;4;1;1;9;1;730;28/12/2012
2012018148;2;1;1;1;3;730;06/01/2012
2012018149;2;1;1;1;6;730;10/03/2012
2012018150;1;1;1;1;4;730;31/03/2012
2012018151;1;2;6;1;6;730;11/06/2012
2012018152;1;1;1;1;6;730;04/07/2012
2012018153;1;1;1;1;3;730;30/07/2012
2012018154;1;2;3;1;3;730;11/08/2012
2012018155;1;1;1;1;1;730;20/09/2012
2012018156;1;1;1;1;3;730;14/09/2012
2012018157;1;1;3;1;3;730;07/11/2012
2012018158;1;1;9;1;1;730;11/02/2012
2012018159;1;1;1;1;7;730;28/04/2012
2012018160;3;1;1;1;6;730;21/05/2012
2012018161;1;2;1;1;7;730;13/06/2012
2012018162;1;1;1;1;6;730;02/08/2012
2012018163;1;1;1;1;2;730;22/09/2012
2012018164;2;1;1;2;1;730;17/12/2012
2012018165;1;2;1;2;3;730;20/01/2012
2012018166;5;2;1;1;6;730;19/02/2012
2012018167;1;2;1;4;6;730;18/03/2012
2012018168;1;2;1;1;1;730;28/04/2012
2012018169;1;1;1;1;7;730;09/07/2012
2012018170;1;1;1;1;6;730;03/09/2012
2012018171;1;1;1;4;5;730;03/12/2012
2012018172;1;1;2;1;1;640;17/03/2012
2012018173;1;2;1;1;3;640;06/06/2012
2012018174;1;2;1;1;1;640;21/06/2012
2012018175;1;2;7;1;6;640;20/07/2012
2012018176;1;2;1;1;6;640;21/08/2012
2012018177;3;1;1;3;6;640;27/10/2012
2012018178;1;1;1;2;5;640;27/10/2012
2012018179;3;2;1;1;6;640;24/12/2012
2012018180;2;1;1;1;1;640;10/06/2012
2012018181;2;1;1;3;2;640;27/07/2012
2012018182;1;1;1;1;6;640;29/06/2012
2012018183;1;1;1;1;6;640;01/04/2012
2012018184;3;1;1;3;6;640;16/04/2012
2012018185;1;1;1;1;2;640;07/09/2012
2012018186;1;2;1;1;6;640;07/08/2012
2012018187;1;1;1;1;1;640;23/01/2012
2012018188;1;1;1;2;7;640;20/05/2012
2012018189;1;1;1;1;7;640;13/10/2012
2012018190;1;1;1;2;3;640;02/12/2012
2012018191;5;2;1;1;6;640;15/09/2012
2012018192;2;1;1;3;6;640;05/12/2012
2012018193;1;2;1;1;1;450;04/08/2012
2012018194;1;2;1;1;6;450;01/04/2012
2012018195;1;1;1;1;6;450;20/05/2012
2012018196;1;1;1;1;1;450;11/04/2012
2012018197;3;1;1;1;6;450;05/08/2012
2012018198;2;1;1;8;6;450;27/09/2012
2012018199;1;1;1;1;6;450;02/10/2012
2012018200;5;2;1;1;6;450;10/02/2012
2012018201;1;1;1;1;1;450;28/08/2012
2012018202;3;1;1;8;6;450;25/01/2012
2012018203;1;2;1;1;2;450;22/04/2012
2012018204;1;1;1;1;6;450;23/09/2012
2012018205;1;1;2;1;3;450;31/10/2012
2012018206;3;1;1;1;6;450;24/01/2012
2012018207;4;1;1;1;6;450;10/02/2012
2012018208;1;1;1;1;6;450;02/03/2012
2012018209;3;1;1;1;6;450;05/04/2012
2012018210;1;1;2;1;3;450;19/08/2012
2012018211;1;1;1;1;6;450;28/04/2012
2012018212;1;1;1;1;3;450;25/05/2012
2012018213;1;2;2;1;3;450;25/07/2012
2012018214;1;1;1;1;5;450;20/08/2012
2012018215;1;1;2;1;3;450;07/08/2012
2012018216;1;1;2;1;3;450;29/01/2012
2012018217;3;1;1;1;1;450;31/01/2012
2012018218;1;1;1;1;7;450;24/02/2012
2012018219;1;1;1;1;7;450;30/03/2012
2012018220;3;1;2;1;3;450;15/04/2012
2012018221;5;2;1;1;3;450;13/05/2012
2012018222;1;1;1;1;1;450;13/06/2012
2012018223;1;1;1;1;6;450;23/06/2012
2012018224;1;2;1;1;6;450;29/09/2012
2012018225;1;1;3;1;2;450;02/08/2012
2012018226;1;1;3;1;1;450;01/09/2012
2012018227;2;1;1;1;5;450;09/09/2012
2012018228;2;2;1;1;6;450;13/10/2012
2012018229;3;1;1;1;7;450;11/09/2012
2012018230;3;1;1;1;1;600;11/01/2012
2012018231;3;1;6;1;7;600;15/01/2012
2012018232;3;1;3;1;3;600;24/03/2012
2012018233;1;1;1;1;2;600;29/03/2012
2012018234;1;1;1;1;2;600;23/04/2012
2012018235;1;1;1;1;5;600;28/11/2012
2012018236;4;1;1;1;1;600;10/12/2012
2012018237;1;2;1;1;6;600;22/09/2012
2012018238;2;2;1;2;6;600;01/11/2012
2012018239;2;2;1;1;6;600;11/11/2012
2012018240;3;1;1;1;1;600;30/03/2012
2012018241;5;2;1;1;1;600;31/05/2012
2012018242;1;2;1;1;1;600;05/08/2012
2012018243;1;2;7;2;6;600;11/09/2012
2012018244;1;1;1;3;6;600;06/10/2012
2012018245;1;2;1;3;2;600;13/10/2012
2012018246;3;1;1;2;3;600;30/10/2012
2012018247;1;1;1;1;6;600;02/11/2012
2012018248;1;1;1;1;2;600;15/11/2012
2012018249;1;1;1;1;7;600;18/11/2012
2012018250;3;1;1;6;6;600;25/11/2012
2012018251;2;1;1;3;6;600;27/12/2012
2012018252;5;2;1;1;2;600;03/02/2012
2012018253;1;2;1;7;1;600;01/05/2012
2012018254;1;2;3;1;3;600;30/07/2012
2012018255;5;2;1;1;6;600;04/11/2012
2012018256;5;2;1;2;5;600;28/12/2012
2012018257;1;2;1;1;6;600;06/03/2012
2012018258;3;1;1;1;5;600;08/03/2012
2012018259;1;2;1;1;1;600;30/03/2012
2012018260;1;1;2;1;3;600;15/05/2012
2012018261;1;2;1;1;1;600;19/05/2012
2012018262;1;2;1;1;6;600;16/06/2012
2012018263;1;1;1;1;1;600;25/07/2012
2012018264;1;1;2;1;3;600;06/09/2012
2012018265;2;2;1;1;1;600;12/11/2012
2012018266;2;2;3;1;3;600;17/02/2012
2012018267;1;1;1;1;1;600;18/05/2012
2012018268;1;1;1;1;6;600;23/06/2012
2012018269;1;2;1;1;6;600;28/06/2012
2012018270;1;1;1;1;7;600;15/07/2012
2012018271;1;1;1;1;2;600;10/10/2012
2012018272;1;2;8;1;6;600;26/12/2012
2012018273;1;1;1;1;1;600;11/03/2012
2012018274;1;2;1;2;2;600;03/06/2012
2012018275;1;1;1;1;6;600;30/06/2012
2012018276;1;1;1;1;7;600;10/07/2012
2012018277;1;1;1;1;1;600;14/08/2012
2012018278;1;2;1;1;6;600;16/08/2012
2012018279;5;1;1;1;6;600;29/09/2012
2012018280;1;1;1;1;3;600;10/10/2012
2012018281;1;1;1;2;3;600;13/10/2012
2012018282;1;1;1;2;1;600;20/10/2012
2012018283;1;1;2;1;3;600;10/10/2012
2012018284;5;2;1;1;6;600;06/11/2012
2012018285;2;1;1;1;1;600;20/11/2012
2012018286;1;1;1;7;6;600;02/12/2012
2012018287;5;2;1;2;3;600;20/12/2012
2012018288;1;2;1;8;1;600;04/05/2012
2012018289;1;2;1;1;6;600;14/06/2012
2012018290;1;2;1;1;6;600;06/09/2012
2012018291;1;2;1;1;6;600;24/09/2012
2012018292;5;1;1;1;6;600;29/09/2012
2012018293;1;2;1;2;3;600;08/10/2012
2012018294;1;2;1;1;6;600;24/10/2012
2012018295;1;1;9;8;1;600;11/11/2012
2012018296;5;1;1;1;6;600;10/11/2012
2012018297;2;2;1;1;3;600;20/11/2012
2012018298;3;1;1;1;6;600;28/09/2012
2012018299;1;2;1;1;1;600;22/06/2012
2012018300;5;2;1;6;6;600;25/11/2012
2012018301;1;2;1;2;1;600;09/04/2012
2012018302;2;2;1;1;6;600;19/04/2012
2012018303;1;1;1;2;4;600;04/05/2012
2012018304;5;2;1;8;6;600;06/12/2012
2012018305;1;1;1;1;3;90;15/09/2012
2012018306;2;1;1;1;2;90;02/01/2012
2012018307;5;2;1;1;1;90;08/03/2012
2012018308;1;1;1;1;6;90;11/07/2012
2012018309;1;1;1;1;1;90;15/07/2012
2012018310;1;2;3;1;3;90;08/08/2012
2012018311;1;2;1;1;6;90;14/11/2012
2012018312;3;1;1;1;1;90;24/07/2012
2012018313;1;1;1;1;6;90;09/12/2012
2012018314;1;1;4;1;1;90;29/07/2012
2012018315;3;1;1;9;6;90;01/12/2012
2012018316;1;1;1;1;1;830;07/11/2012
2012018317;1;1;1;1;1;830;25/11/2012
2012018318;1;1;1;1;7;830;23/10/2012
2012018319;3;1;1;1;6;830;03/11/2012
2012018320;1;2;1;1;3;900;17/06/2012
2012018321;1;1;1;1;7;900;14/08/2012
2012018322;2;2;1;1;5;900;29/12/2012
2012018323;3;1;1;1;7;900;20/08/2012
2012018324;1;1;3;1;4;500;08/04/2012
2012018325;4;2;1;1;6;500;11/05/2012
2012018326;1;1;3;1;5;500;13/05/2012
2012018327;1;1;1;1;1;500;16/05/2012
2012018328;1;1;1;5;6;500;19/08/2012
2012018329;1;1;1;1;7;500;21/01/2012
2012018330;1;1;1;1;1;500;09/03/2012
2012018331;1;1;1;1;1;500;16/03/2012
2012018332;1;2;3;1;6;500;06/05/2012
2012018333;1;1;3;1;5;500;02/11/2012
2012018334;2;1;1;2;1;500;17/03/2012
2012018335;1;1;1;8;5;500;04/07/2012
2012018336;1;1;1;1;5;500;17/07/2012
2012018337;5;2;4;8;1;500;26/09/2012
2012018338;1;1;1;1;6;500;04/10/2012
2012018339;3;1;1;1;1;500;11/02/2012
2012018340;5;2;2;1;3;500;14/09/2012
2012018341;1;1;1;1;6;500;16/11/2012
2012018342;1;1;1;1;5;500;07/07/2012
2012018343;3;1;2;3;5;500;31/12/2012
2012018344;1;1;1;1;1;500;12/03/2012
2012018345;1;1;2;2;3;500;10/06/2012
2012018346;1;1;3;1;1;500;24/07/2012
2012018347;1;1;2;1;5;500;21/08/2012
2012018348;3;1;2;1;2;500;06/11/2012
2012018349;1;1;1;1;6;500;29/08/2012
2012018350;1;1;1;1;1;500;21/07/2012
2012018351;1;2;2;2;3;500;12/10/2012
2012018352;1;2;1;1;5;500;16/05/2012
2012018353;1;1;1;1;6;500;29/08/2012
2012018354;1;1;1;1;7;500;23/03/2012
2012018355;1;1;1;1;1;500;22/07/2012
2012018356;1;2;1;1;6;50;27/04/2012
2012018357;1;1;1;1;3;50;03/05/2012
2012018358;3;1;3;1;3;140;28/02/2012
2012018359;1;1;1;1;1;140;27/07/2012
2012018360;1;1;1;1;6;140;29/07/2012
2012018361;1;1;1;1;2;140;05/08/2012
2012018362;2;1;3;6;1;140;05/01/2012
2012018363;5;2;2;1;3;140;18/03/2012
2012018364;1;1;2;1;3;140;05/06/2012
2012018365;3;1;1;3;6;140;20/10/2012
2012018366;1;1;1;8;2;140;28/12/2012
2012018367;1;2;1;2;6;140;19/05/2012
2012018368;3;1;1;1;6;140;17/07/2012
2012018369;1;1;1;1;7;140;04/09/2012
2012018370;1;2;2;2;3;140;28/04/2012
2012018371;1;1;1;1;3;140;21/06/2012
2012018372;3;1;1;3;6;140;09/11/2012
2012018373;1;1;1;8;6;140;09/04/2012
2012018374;1;1;1;3;7;140;30/04/2012
2012018375;1;1;3;1;3;140;08/06/2012
2012018376;3;1;1;1;6;140;29/07/2012
2012018377;1;1;1;1;1;140;03/08/2012
2012018378;1;1;3;1;2;140;14/08/2012
2012018379;1;1;2;1;1;140;18/08/2012
2012018380;1;1;1;1;6;140;01/11/2012
2012018381;1;1;1;1;6;140;01/01/2012
2012018382;1;1;1;6;5;140;05/01/2012
2012018383;3;1;1;2;2;140;08/01/2012
2012018384;3;1;6;5;7;140;01/03/2012
2012018385;1;1;1;1;2;140;23/03/2012
2012018386;1;2;1;2;1;140;21/04/2012
2012018387;1;1;1;1;3;140;26/07/2012
2012018388;1;2;6;2;7;140;02/08/2012
2012018389;1;2;2;2;7;140;02/08/2012
2012018390;1;2;1;1;5;140;17/08/2012
2012018391;1;2;1;2;6;140;17/10/2012
2012018392;2;1;1;2;5;140;28/12/2012
2012018393;1;1;1;1;7;140;15/01/2012
2012018394;1;1;1;1;7;140;03/03/2012
2012018395;1;2;1;1;3;140;31/05/2012
2012018396;1;1;1;7;5;140;27/07/2012
2012018397;1;2;1;1;1;140;16/10/2012
2012018398;3;1;1;1;3;140;26/10/2012
2012018399;1;1;2;1;3;140;16/12/2012
2012018400;1;1;2;1;3;140;06/07/2012
2012018401;2;1;1;3;1;140;11/10/2012
2012018402;1;1;1;6;3;140;03/01/2012
2012018403;5;2;1;1;6;140;30/01/2012
2012018404;1;1;1;8;1;140;10/05/2012
2012018405;1;1;1;1;6;140;24/05/2012
2012018406;1;2;1;1;6;140;22/09/2012
2012018407;5;2;1;1;6;140;15/11/2012
2012018408;5;2;1;1;3;140;10/12/2012
2012018409;1;2;1;1;1;140;17/02/2012
2012018410;1;2;1;1;3;140;16/03/2012
2012018411;3;1;1;3;6;140;27/10/2012
2012018412;1;2;1;1;6;140;04/11/2012
2012018413;2;1;1;5;1;140;17/11/2012
2012018414;1;1;1;1;3;60;21/01/2012
2012018415;3;2;1;1;6;60;11/02/2012
2012018416;2;1;1;1;2;60;21/02/2012
2012018417;2;2;1;1;1;60;14/06/2012
2012018418;5;2;1;1;3;60;26/06/2012
2012018419;1;2;1;1;1;60;07/07/2012
2012018420;1;2;1;1;1;60;31/07/2012
2012018421;1;2;1;1;1;60;06/05/2012
2012018422;1;1;1;1;1;60;05/07/2012
2012018423;1;2;6;1;3;60;15/10/2012
2012018424;2;1;1;1;7;60;07/11/2012
2012018425;1;1;1;1;3;60;01/07/2012
2012018426;1;1;1;1;1;60;08/07/2012
2012018427;1;2;1;1;3;60;28/07/2012
2012018428;1;1;1;1;6;60;06/10/2012
2012018429;1;1;1;1;1;60;16/04/2012
2012018430;1;1;1;1;1;60;13/06/2012
2012018431;1;1;1;1;3;60;17/06/2012
2012018432;1;1;1;1;1;60;22/06/2012
2012018433;1;1;1;1;3;60;03/07/2012
2012018434;1;2;3;1;3;60;11/08/2012
2012018435;1;1;1;1;6;60;25/08/2012
2012018436;1;1;1;1;6;60;21/11/2012
2012018437;3;1;1;1;6;60;17/01/2012
2012018438;1;1;1;1;7;60;18/07/2012
2012018439;1;2;1;1;1;60;17/08/2012
2012018440;1;1;1;1;4;60;18/09/2012
2012018441;1;2;1;1;6;720;28/01/2012
2012018442;3;1;1;3;1;720;28/04/2012
2012018443;1;1;1;1;1;720;29/07/2012
2012018444;1;1;1;1;1;720;15/09/2012
2012018445;3;1;1;2;6;720;22/09/2012
2012018446;1;1;1;1;1;720;06/10/2012
2012018447;1;2;1;2;6;720;19/12/2012
2012018448;2;1;1;1;6;720;12/02/2012
2012018449;1;1;1;1;6;720;25/02/2012
2012018450;2;1;1;1;7;720;26/02/2012
2012018451;1;1;1;1;1;720;06/03/2012
2012018452;2;2;6;1;6;720;29/07/2012
2012018453;5;2;1;1;6;720;09/08/2012
2012018454;1;1;1;1;6;720;02/09/2012
2012018455;1;1;2;1;3;720;06/09/2012
2012018456;1;1;1;1;2;720;01/10/2012
2012018457;1;2;1;1;1;720;13/11/2012
2012018458;2;1;1;2;6;720;15/12/2012
2012018459;1;1;6;1;3;720;30/08/2012
2012018460;3;1;1;1;3;720;29/11/2012
2012018461;2;2;1;1;3;720;17/02/2012
2012018462;1;1;3;1;5;720;08/03/2012
2012018463;1;1;2;1;3;720;26/05/2012
2012018464;1;2;1;1;3;720;19/08/2012
2012018465;1;2;1;1;7;720;04/09/2012
2012018466;1;1;1;1;7;720;09/12/2012
2012018467;1;1;1;1;7;720;03/04/2012
2012018468;1;1;1;1;1;720;29/06/2012
2012018469;3;1;1;1;6;720;18/07/2012
2012018470;2;1;1;1;6;720;10/02/2012
2012018471;1;1;1;1;7;720;16/02/2012
2012018472;1;1;1;2;2;720;20/05/2012
2012018473;3;1;1;1;7;720;25/11/2012
2012018474;1;1;1;1;3;720;13/03/2012
2012018475;1;2;1;1;3;720;14/03/2012
2012018476;1;1;1;1;3;720;29/03/2012
2012018477;1;1;1;1;1;720;01/04/2012
2012018478;1;1;1;1;6;720;07/04/2012
2012018479;1;1;8;1;3;720;11/04/2012
2012018480;1;1;1;1;1;720;06/06/2012
2012018481;1;2;1;1;6;720;01/07/2012
2012018482;1;1;1;1;6;720;25/07/2012
2012018483;1;1;1;1;2;720;04/09/2012
2012018484;1;1;1;1;3;720;16/03/2012
2012018485;1;1;1;1;1;720;05/04/2012
2012018486;1;1;1;1;3;720;24/05/2012
2012018487;1;2;1;1;1;720;30/05/2012
2012018488;1;2;1;1;5;720;23/06/2012
2012018489;1;2;1;1;6;720;29/06/2012
2012018490;1;1;1;1;6;720;12/11/2012
2012018491;3;2;1;1;6;720;10/12/2012
2012018492;2;1;1;2;6;540;26/04/2012
2012018493;1;2;2;1;3;540;24/03/2012
2012018494;1;2;1;1;6;540;03/09/2012
2012018495;1;2;1;1;6;540;10/10/2012
2012018496;1;1;1;1;1;540;20/10/2012
2012018497;1;2;1;7;6;540;19/12/2012
2012018498;1;1;1;1;7;540;31/03/2012
2012018499;1;1;1;1;5;540;07/06/2012
2012018500;1;1;1;1;3;540;16/07/2012
2012018501;3;1;1;3;2;540;05/11/2012
2012018502;1;2;1;1;6;540;25/07/2012
2012018503;1;2;1;7;1;540;10/08/2012
2012018504;1;1;1;7;1;540;15/09/2012
2012018505;1;1;1;1;6;540;17/11/2012
2012018506;1;1;1;1;3;660;11/01/2012
2012018507;1;2;1;1;3;660;31/05/2012
2012018508;1;2;1;1;1;660;14/08/2012
2012018509;1;2;1;1;5;660;14/09/2012
2012018510;1;2;1;1;3;660;15/09/2012
2012018511;3;1;1;1;6;660;07/12/2012
2012018512;1;2;1;1;6;140;27/01/2012
2012018513;5;2;1;4;3;140;07/12/2012
2012018514;1;1;2;1;3;140;08/01/2012
2012018515;5;2;1;3;7;140;09/12/2012
2012018516;1;1;1;1;6;140;10/01/2012
2012018517;1;2;3;1;3;140;29/02/2012
2012018518;1;2;1;1;6;660;08/03/2012
2012018519;1;1;1;1;7;660;13/03/2012
2012018520;3;1;1;1;6;140;25/03/2012
2012018521;1;2;2;1;3;140;27/01/2012
2012018522;3;1;1;1;7;140;19/05/2012
2012018523;2;2;2;1;6;140;03/06/2012
2012018524;1;2;2;1;3;140;27/02/2012
2012018525;2;2;1;1;6;140;01/03/2012
2012018526;1;2;1;1;6;140;26/07/2012
2012018527;1;2;3;1;6;140;03/06/2012
2012018528;1;2;1;1;6;140;26/08/2012
2012018529;1;2;2;1;3;140;24/08/2012
2012018530;5;2;1;1;6;140;06/09/2012
2012018531;1;2;7;1;3;140;23/03/2012
2012018532;1;2;1;1;6;140;05/04/2012
2012018533;5;2;1;2;7;140;13/10/2012
2012018534;1;1;2;1;3;140;07/04/2012
2012018535;1;2;2;2;6;140;08/04/2012
2012018536;1;2;1;1;7;140;15/10/2012
2012018537;3;1;1;1;1;140;06/12/2012
2012018538;1;2;1;1;2;140;25/04/2012
2012018539;1;2;1;1;3;140;27/04/2012
2012018540;1;2;2;1;3;140;30/04/2012
2012018541;1;1;2;1;7;140;01/08/2012
2012018542;1;1;2;1;7;140;23/08/2012
2012018543;2;2;2;1;3;140;23/08/2012
2012018544;1;2;1;1;6;140;15/09/2012
2012018545;1;2;1;2;7;140;23/09/2012
2012018546;5;2;1;1;7;140;25/09/2012
2012018547;1;2;1;1;7;140;25/09/2012
2012018548;2;2;2;1;3;140;02/10/2012
2012018549;1;1;1;1;7;140;08/10/2012
2012018550;5;2;1;1;7;140;28/10/2012
2012018551;2;2;1;2;6;140;23/11/2012
2012018552;1;1;3;2;1;140;28/11/2012
2012018553;5;2;2;9;3;140;30/11/2012
2012018554;1;2;1;1;6;140;10/12/2012
2012018555;5;2;2;8;2;140;28/12/2012
2012018556;1;1;1;1;3;660;21/07/2012
2012018557;3;1;1;1;3;660;25/07/2012
2012018558;1;1;1;1;1;660;15/09/2012
2012018559;3;1;1;1;6;660;29/08/2012
2012018560;1;1;1;1;6;660;20/09/2012
2012018561;1;1;1;1;7;660;05/06/2012
2012018562;1;1;1;1;3;660;07/05/2012
2012018563;1;1;1;2;1;660;20/05/2012
2012018564;1;1;1;1;6;660;26/06/2012
2012018565;1;2;7;1;6;660;10/07/2012
2012018566;1;2;1;1;6;660;05/09/2012
2012018567;3;1;1;2;6;660;24/09/2012
2012018568;1;2;1;1;1;580;26/02/2012
2012018569;1;1;1;1;6;580;19/03/2012
2012018570;1;1;1;1;1;580;23/07/2012
2012018571;1;1;1;1;5;580;11/05/2012
2012018572;1;1;1;1;2;580;14/05/2012
2012018573;1;2;1;1;6;580;25/01/2012
2012018574;1;2;1;1;3;580;09/02/2012
2012018575;1;1;2;1;3;580;26/03/2012
2012018576;1;1;1;1;3;580;14/07/2012
2012018577;2;1;1;5;6;580;28/12/2012
2012018578;1;2;1;1;1;580;20/08/2012
2012018579;1;1;4;1;3;580;09/09/2012
2012018580;1;1;1;1;7;580;16/09/2012
2012018581;1;2;1;1;1;580;30/09/2012
2012018582;1;2;1;1;1;580;13/10/2012
2012018583;5;2;1;8;1;580;20/04/2012
2012018584;1;1;2;1;3;580;08/06/2012
2012018585;1;1;1;1;6;580;27/07/2012
2012018586;1;2;1;3;6;580;24/09/2012
2012018587;3;2;1;1;6;580;29/09/2012
2012018588;1;1;1;1;6;580;29/11/2012
2012018589;2;1;1;4;6;580;07/12/2012
2012018590;3;2;1;3;6;580;03/06/2012
2012018591;1;1;1;1;3;580;12/05/2012
2012018592;1;1;1;1;6;580;06/07/2012
2012018593;1;1;1;1;6;580;07/10/2012
2012018594;3;1;1;2;6;580;26/10/2012
2012018595;3;1;1;8;2;580;09/11/2012
2012018596;3;1;1;1;7;260;17/01/2012
2012018597;3;1;1;1;7;260;13/02/2012
2012018598;3;1;1;1;1;260;01/03/2012
2012018599;5;2;1;1;6;260;09/03/2012
2012018600;2;1;1;1;6;260;01/05/2012
2012018601;1;2;1;1;6;260;22/06/2012
2012018602;2;1;1;1;6;260;27/06/2012
2012018603;1;1;1;1;6;260;28/06/2012
2012018604;1;1;1;1;1;260;22/06/2012
2012018605;3;1;1;1;7;260;16/12/2012
2012018606;3;1;1;1;1;260;26/01/2012
2012018607;1;2;1;1;6;260;28/09/2012
2012018608;1;1;1;1;1;260;30/12/2012
2012018609;1;1;3;1;3;260;02/06/2012
2012018610;1;2;1;2;2;260;28/08/2012
2012018611;3;1;1;1;6;260;23/01/2012
2012018612;3;1;1;3;7;260;21/10/2012
2012018613;1;1;1;1;1;260;22/11/2012
2012018614;1;1;1;1;1;260;11/05/2012
2012018615;1;1;1;1;6;260;18/07/2012
2012018616;1;1;1;1;3;260;16/08/2012
2012018617;3;1;1;1;6;260;02/09/2012
2012018618;1;1;1;1;6;260;03/02/2012
2012018619;1;1;2;1;3;260;28/03/2012
2012018620;1;2;1;1;1;260;03/05/2012
2012018621;1;2;1;1;6;260;10/05/2012
2012018622;1;2;6;1;3;260;14/05/2012
2012018623;3;1;1;1;6;260;27/05/2012
2012018624;1;1;3;1;3;260;09/09/2012
2012018625;1;1;1;1;1;260;16/06/2012
2012018626;1;1;1;1;7;260;13/08/2012
2012018627;1;1;1;1;2;260;07/03/2012
2012018628;1;1;1;1;6;260;04/05/2012
2012018629;1;2;1;1;3;260;22/06/2012
2012018630;1;1;9;1;4;260;18/07/2012
2012018631;2;1;1;1;6;260;21/07/2012
2012018632;1;1;1;1;1;260;06/08/2012
2012018633;3;1;1;1;1;700;24/12/2012
2012018634;1;1;1;1;4;700;25/05/2012
2012018635;1;1;1;1;6;700;14/06/2012
2012018636;5;2;2;1;3;700;16/09/2012
2012018637;1;2;3;1;3;700;30/07/2012
2012018638;1;1;1;1;7;700;04/08/2012
2012018639;1;2;1;1;1;700;21/08/2012
2012018640;3;1;3;8;3;700;14/01/2012
2012018641;3;1;1;1;1;700;15/03/2012
2012018642;3;1;1;1;1;700;17/03/2012
2012018643;1;1;1;2;7;700;24/04/2012
2012018644;1;2;1;1;1;700;12/05/2012
2012018645;3;1;1;5;1;700;12/01/2012
2012018646;1;2;1;1;3;700;18/07/2012
2012018647;1;2;1;1;6;700;16/01/2012
2012018648;5;2;1;1;6;700;19/02/2012
2012018649;1;2;1;1;6;700;24/05/2012
2012018650;1;1;1;1;6;700;08/08/2012
2012018651;3;1;1;4;3;700;29/11/2012
2012018652;5;2;1;2;6;700;03/12/2012
2012018653;3;1;1;1;7;850;25/02/2012
2012018654;1;1;1;4;6;850;05/03/2012
2012018655;1;1;1;1;2;850;09/06/2012
2012018656;2;1;1;1;2;850;17/06/2012
2012018657;1;1;1;1;2;850;04/12/2012
2012018658;1;1;2;1;3;10;10/01/2012
2012018659;3;1;1;2;6;10;24/02/2012
2012018660;3;1;1;1;6;10;25/02/2012
2012018661;2;1;1;1;7;10;19/04/2012
2012018662;1;1;1;1;6;10;25/05/2012
2012018663;2;1;1;1;1;10;14/08/2012
2012018664;4;1;1;1;6;10;22/03/2012
2012018665;1;1;3;1;3;10;01/06/2012
2012018666;1;1;3;1;3;10;12/10/2012
2012018667;1;2;1;2;3;10;04/12/2012
2012018668;3;1;1;1;1;10;05/05/2012
2012018669;1;2;3;1;3;10;10/05/2012
2012018670;1;1;1;1;1;10;13/03/2012
2012018671;5;2;1;1;6;10;19/03/2012
2012018672;1;1;1;1;7;10;21/03/2012
2012018673;2;1;1;1;7;10;22/03/2012
2012018674;1;2;1;1;3;10;12/09/2012
2012018675;1;1;1;5;7;10;16/11/2012
2012018676;1;2;1;1;3;10;19/09/2012
2012018677;2;2;1;8;6;10;22/11/2012