num_acc;lum;agg;inter;atm;col;dep;date
2012018678;1;1;1;1;6;10;09/03/2012
2012018679;1;1;1;1;6;10;23/03/2012
2012018680;5;2;1;2;7;10;07/04/2012
2012018681;2;1;4;1;3;10;26/04/2012
2012018682;1;1;1;1;4;10;03/05/2012
2012018683;1;1;1;1;1;10;13/05/2012
2012018684;3;1;1;1;6;10;17/05/2012
2012018685;3;1;1;3;1;10;20/12/2012
2012018686;2;2;6;2;7;10;27/01/2012
2012018687;1;2;1;1;6;10;06/02/2012
2012018688;3;2;1;1;6;10;26/02/2012
2012018689;3;1;1;1;6;10;29/02/2012
2012018690;1;1;1;1;7;10;30/05/2012
2012018691;1;1;3;1;5;10;29/04/2012
2012018692;1;2;2;1;1;10;10/07/2012
2012018693;1;2;1;2;1;10;20/12/2012
2012018694;1;2;1;1;3;10;10/05/2012
2012018695;1;1;1;1;6;10;29/07/2012
2012018696;1;1;1;8;1;10;16/01/2012
2012018697;1;1;1;1;7;10;16/09/2012
2012018698;1;1;2;1;1;10;02/07/2012
2012018699;1;2;1;1;2;10;11/07/2012
2012018700;1;2;2;1;3;10;23/07/2012
2012018701;1;1;1;1;1;10;27/07/2012
2012018702;3;1;1;5;6;10;01/12/2012
2012018703;3;1;1;9;2;10;01/12/2012
2012018704;3;1;1;1;7;10;10/01/2012
2012018705;2;1;1;4;5;10;14/02/2012
2012018706;1;2;1;1;4;10;06/07/2012
2012018707;1;1;1;1;3;150;29/02/2012
2012018708;3;1;1;2;6;150;11/04/2012
2012018709;1;1;1;1;1;150;02/06/2012
2012018710;1;1;1;1;7;150;09/08/2012
2012018711;1;2;1;7;6;150;09/08/2012
2012018712;1;1;1;1;3;150;12/01/2012
2012018713;1;1;1;1;6;150;05/05/2012
2012018714;1;1;1;1;6;150;08/09/2012
2012018715;1;1;1;1;7;150;16/09/2012
2012018716;5;1;1;1;7;150;20/09/2012
2012018717;1;1;1;1;6;150;08/10/2012
2012018718;1;1;1;1;1;150;24/05/2012
2012018719;1;1;1;7;7;150;29/07/2012
2012018720;3;1;1;1;6;150;05/02/2012
2012018721;1;1;1;1;6;150;02/03/2012
2012018722;1;1;1;1;4;150;12/08/2012
2012018723;1;2;1;1;6;150;31/05/2012
2012018724;1;1;1;1;3;150;14/08/2012
2012018725;1;1;1;1;3;150;09/08/2012
2012018726;1;1;1;1;1;150;21/06/2012
2012018727;1;2;1;1;3;150;27/06/2012
2012018728;2;1;1;1;6;150;09/10/2012
2012018729;1;1;1;1;7;30;03/03/2012
2012018730;2;1;1;2;3;30;29/08/2012
2012018731;5;2;1;1;6;30;01/12/2012
2012018732;3;1;1;1;6;30;25/12/2012
2012018733;1;1;1;7;1;30;29/12/2012
2012018734;3;1;1;2;7;30;01/01/2012
2012018735;1;1;1;1;1;30;09/03/2012
2012018736;1;1;1;1;1;30;05/04/2012
2012018737;5;2;3;1;3;30;09/04/2012
2012018738;1;1;1;1;3;30;29/04/2012
2012018739;1;1;1;1;1;30;05/07/2012
2012018740;1;1;1;1;1;30;06/07/2012
2012018741;5;2;1;1;3;30;16/07/2012
2012018742;3;1;1;1;6;30;09/08/2012
2012018743;1;1;2;1;3;30;05/09/2012
2012018744;1;2;1;1;6;30;28/05/2012
2012018745;1;2;6;1;6;30;11/06/2012
2012018746;1;1;1;1;2;30;08/07/2012
2012018747;1;2;2;7;3;30;03/08/2012
2012018748;1;2;1;1;2;30;28/08/2012
2012018749;4;2;2;1;3;30;30/09/2012
2012018750;1;2;7;1;6;30;26/09/2012
2012018751;1;2;1;9;1;30;10/10/2012
2012018752;3;1;1;1;6;30;11/11/2012
2012018753;1;1;1;1;6;30;29/11/2012
2012018754;1;1;1;1;7;30;26/05/2012
2012018755;3;1;1;1;6;30;16/06/2012
2012018756;1;2;1;1;6;30;29/09/2012
2012018757;1;1;1;1;3;840;25/01/2012
2012018758;3;1;1;1;7;840;06/07/2012
2012018759;1;1;1;1;7;840;03/04/2012
2012018760;1;1;1;1;6;840;12/05/2012
2012018761;1;1;1;1;6;840;30/06/2012
2012018762;1;1;1;1;7;840;10/07/2012
2012018763;1;2;1;1;7;840;28/07/2012
2012018764;1;1;1;1;6;840;15/09/2012
2012018765;1;1;2;7;3;20;26/03/2012
2012018766;2;1;1;1;7;20;30/04/2012
2012018767;1;2;1;2;7;20;08/06/2012
2012018768;3;2;1;1;6;20;09/06/2012
2012018769;1;1;3;1;3;20;18/07/2012
2012018770;2;1;1;5;1;20;10/02/2012
2012018771;3;1;1;1;1;20;25/04/2012
2012018772;1;1;1;1;1;20;08/06/2012
2012018773;2;2;1;3;6;20;15/06/2012
2012018774;3;2;1;1;6;20;20/07/2012
2012018775;1;2;3;1;3;20;16/08/2012
2012018776;1;2;1;1;3;20;02/10/2012
2012018777;1;1;3;1;3;20;16/10/2012
2012018778;2;2;6;1;6;20;29/11/2012
2012018779;1;2;1;3;6;20;18/12/2012
2012018780;1;1;1;1;1;20;17/08/2012
2012018781;3;1;1;1;1;20;06/02/2012
2012018782;1;1;1;1;1;20;20/02/2012
2012018783;1;1;3;1;1;20;20/02/2012
2012018784;1;1;1;1;1;20;05/06/2012
2012018785;1;1;1;1;6;20;08/04/2012
2012018786;1;1;3;1;3;20;31/05/2012
2012018787;3;1;1;2;7;20;20/01/2012
2012018788;5;2;1;2;6;20;27/12/2012
2012018789;1;1;1;1;7;20;23/03/2012
2012018790;3;1;1;1;7;20;07/04/2012
2012018791;3;1;1;2;1;20;06/12/2012
2012018792;3;1;1;9;1;20;11/12/2012
2012018793;1;1;1;1;1;20;11/02/2012
2012018794;1;2;1;1;3;20;31/07/2012
2012018795;3;1;3;1;3;20;17/08/2012
2012018796;1;1;1;1;1;20;14/07/2012
2012018797;1;2;6;1;7;20;19/07/2012
2012018798;1;1;1;1;6;20;28/04/2012
2012018799;1;1;1;1;1;20;13/03/2012
2012018800;1;1;1;1;3;20;28/05/2012
2012018801;1;1;1;1;3;20;17/06/2012
2012018802;5;1;1;1;6;20;03/08/2012
2012018803;1;1;3;1;3;20;15/08/2012
2012018804;1;2;1;1;6;20;02/09/2012
2012018805;1;1;1;1;7;20;30/09/2012
2012018806;3;1;1;1;1;20;18/10/2012
2012018807;1;1;1;1;6;20;23/10/2012
2012018808;2;1;1;1;3;20;13/12/2012
2012018809;1;1;1;1;6;20;29/01/2012
2012018810;1;1;1;1;2;20;03/04/2012
2012018811;1;1;1;1;5;20;13/06/2012
2012018812;1;1;1;1;3;20;09/07/2012
2012018813;1;1;1;1;6;20;20/09/2012
2012018814;1;1;1;1;5;20;25/09/2012
2012018815;3;1;1;3;3;20;03/12/2012
2012018816;3;1;1;5;7;20;01/03/2012
2012018817;1;2;1;1;6;20;24/03/2012
2012018818;1;1;1;1;7;20;28/07/2012
2012018819;2;1;1;1;1;20;16/08/2012
2012018820;1;1;1;1;6;20;07/04/2012
2012018821;1;2;1;1;3;20;02/06/2012
2012018822;1;2;3;1;3;20;16/08/2012
2012018823;5;2;2;1;1;20;02/09/2012
2012018824;5;2;3;8;3;20;27/09/2012
2012018825;1;2;1;1;1;20;19/12/2012
2012018826;3;1;1;1;6;20;14/01/2012
2012018827;1;1;1;1;7;20;25/05/2012
2012018828;3;2;1;1;6;20;24/06/2012
2012018829;3;1;1;1;1;20;12/10/2012
2012018830;3;1;1;1;6;20;14/11/2012
2012018831;1;1;2;1;3;20;17/12/2012
2012018832;5;2;1;1;3;130;29/02/2012
2012018833;1;2;3;1;3;130;11/07/2012
2012018834;1;2;1;1;1;130;28/07/2012
2012018835;2;1;1;1;3;130;07/09/2012
2012018836;3;1;1;1;6;130;12/10/2012
2012018837;1;2;1;1;6;380;23/11/2012
2012018838;3;1;1;1;1;380;29/07/2012
2012018839;3;1;1;9;1;380;09/02/2012
2012018840;1;2;3;1;6;380;10/04/2012
2012018841;1;1;1;1;2;380;22/07/2012
2012018842;1;1;1;1;3;380;14/08/2012
2012018843;1;1;1;1;1;380;25/09/2012
2012018844;2;2;1;3;6;380;04/12/2012
2012018845;1;2;1;1;1;380;18/04/2012
2012018846;1;2;3;1;6;380;18/08/2012
2012018847;1;1;2;1;3;380;10/02/2012
2012018848;1;1;1;1;7;380;26/05/2012
2012018849;1;1;3;1;1;380;16/06/2012
2012018850;1;1;1;1;3;380;21/06/2012
2012018851;1;1;2;2;3;380;25/06/2012
2012018852;1;2;1;1;5;380;26/06/2012
2012018853;1;1;1;1;1;380;13/06/2012
2012018854;1;2;1;1;2;380;16/07/2012
2012018855;1;1;1;2;5;380;28/07/2012
2012018856;3;2;2;1;7;380;09/08/2012
2012018857;1;2;1;1;3;380;21/08/2012
2012018858;1;1;1;1;7;380;27/08/2012
2012018859;1;1;2;1;3;380;04/10/2012
2012018860;1;1;2;8;3;380;04/12/2012
2012018861;2;2;1;1;6;380;12/12/2012
2012018862;5;1;1;1;1;380;14/02/2012
2012018863;1;1;1;1;6;380;26/05/2012
2012018864;1;1;1;1;3;380;20/07/2012
2012018865;1;2;7;1;6;380;07/11/2012
2012018866;1;2;1;1;3;380;10/03/2012
2012018867;1;1;3;1;1;380;14/03/2012
2012018868;1;1;3;1;2;380;22/03/2012
2012018869;1;2;2;1;3;380;06/07/2012
2012018870;1;2;1;3;1;380;25/08/2012
2012018871;1;1;1;1;1;380;02/11/2012
2012018872;1;1;1;2;2;380;05/11/2012
2012018873;1;2;1;1;3;380;25/05/2012
2012018874;1;1;1;1;3;380;20/08/2012
2012018875;3;1;1;8;2;380;12/09/2012
2012018876;1;1;1;1;3;380;14/11/2012
2012018877;3;1;1;1;2;380;19/12/2012
2012018878;3;1;1;8;6;380;11/02/2012
2012018879;3;1;1;1;7;380;22/03/2012
2012018880;1;1;1;1;3;380;23/03/2012
2012018881;5;2;1;1;6;380;03/05/2012
2012018882;5;2;2;1;3;380;23/08/2012
2012018883;1;1;1;1;1;380;30/03/2012
2012018884;1;2;1;1;1;380;17/01/2012
2012018885;3;2;1;1;6;380;22/04/2012
2012018886;1;1;1;1;7;380;01/05/2012
2012018887;1;1;2;1;3;380;04/05/2012
2012018888;1;1;1;1;3;380;18/05/2012
2012018889;1;1;1;2;6;380;21/05/2012
2012018890;1;1;2;1;3;380;02/07/2012
2012018891;1;1;2;2;5;380;25/09/2012
2012018892;1;1;1;1;3;380;28/12/2012
2012018893;1;1;3;1;3;380;17/03/2012
2012018894;3;1;1;1;7;380;03/05/2012
2012018895;1;2;1;1;3;380;01/06/2012
2012018896;1;1;1;1;1;380;05/07/2012
2012018897;1;1;1;1;5;380;11/07/2012
2012018898;1;2;6;3;3;380;15/07/2012
2012018899;1;2;6;2;7;380;05/08/2012
2012018900;3;1;1;2;1;380;05/08/2012
2012018901;1;1;1;1;1;380;07/08/2012
2012018902;1;2;1;1;3;380;07/09/2012
2012018903;4;1;1;8;6;380;07/10/2012
2012018904;1;2;1;1;3;380;19/10/2012
2012018905;1;1;1;2;6;380;27/10/2012
2012018906;2;1;1;1;7;380;15/11/2012
2012018907;1;1;1;1;7;380;09/12/2012
2012018908;1;1;1;1;1;380;16/12/2012
2012018909;3;1;1;4;3;380;31/01/2012
2012018910;1;1;1;1;6;380;24/03/2012
2012018911;3;1;1;2;1;380;21/04/2012
2012018912;1;1;1;1;6;380;31/05/2012
2012018913;1;2;1;1;3;380;04/06/2012
2012018914;1;1;1;1;7;380;06/07/2012
2012018915;1;1;1;1;5;380;05/10/2012
2012018916;3;1;1;1;3;380;05/11/2012
2012018917;1;1;2;1;3;310;02/06/2012
2012018918;2;2;1;2;6;310;04/01/2012
2012018919;3;1;1;1;6;310;29/01/2012
2012018920;3;1;1;1;3;310;17/03/2012
2012018921;1;2;1;1;3;310;02/02/2012
2012018922;1;2;1;1;7;310;24/03/2012
2012018923;5;2;1;1;6;310;25/03/2012
2012018924;3;1;1;1;6;310;09/09/2012
2012018925;3;1;1;2;6;310;01/01/2012
2012018926;1;1;2;1;3;310;07/06/2012
2012018927;3;2;1;1;6;310;11/10/2012
2012018928;1;2;1;1;3;310;09/10/2012
2012018929;3;1;1;8;7;310;05/10/2012
2012018930;4;1;1;8;6;310;22/04/2012
2012018931;1;1;2;8;3;290;09/09/2012
2012018932;1;1;1;1;1;290;04/07/2012
2012018933;3;1;1;5;6;290;23/02/2012
2012018934;5;2;1;2;6;290;09/03/2012
2012018935;1;1;1;1;3;290;13/03/2012
2012018936;1;2;1;3;3;290;18/04/2012
2012018937;2;1;1;1;3;290;29/07/2012
2012018938;1;1;6;1;3;290;31/08/2012
2012018939;5;2;1;1;3;290;22/09/2012
2012018940;1;1;1;1;3;290;03/11/2012
2012018941;1;1;6;8;3;290;21/12/2012
2012018942;1;2;6;1;3;290;26/02/2012
2012018943;3;1;1;1;6;290;07/04/2012
2012018944;5;2;2;1;3;290;11/05/2012
2012018945;1;1;1;6;2;290;15/08/2012
2012018946;1;1;1;1;1;290;19/09/2012
2012018947;1;2;1;2;3;290;24/09/2012
2012018948;3;1;1;1;1;290;28/10/2012
2012018949;1;1;2;1;3;290;28/10/2012
2012018950;1;1;1;7;6;290;08/11/2012
2012018951;1;2;1;1;3;290;15/04/2012
2012018952;3;1;1;1;1;290;16/07/2012
2012018953;1;1;1;1;1;290;18/05/2012
2012018954;1;1;1;2;6;290;01/01/2012
2012018955;1;1;1;1;6;290;14/01/2012
2012018956;1;1;1;1;1;290;08/07/2012
2012018957;1;1;1;7;1;290;30/08/2012
2012018958;3;1;1;1;6;290;02/09/2012
2012018959;1;1;1;1;3;290;28/08/2012
2012018960;5;2;1;1;6;290;08/01/2012
2012018961;1;2;9;1;6;290;28/01/2012
2012018962;1;1;1;6;5;290;01/02/2012
2012018963;3;1;1;3;6;290;05/02/2012
2012018964;1;2;1;1;7;290;25/03/2012
2012018965;3;2;1;1;7;290;04/04/2012
2012018966;3;1;1;3;3;290;24/06/2012
2012018967;3;1;1;2;1;290;30/06/2012
2012018968;1;2;1;1;6;290;05/07/2012
2012018969;3;1;1;2;1;290;21/12/2012
2012018970;1;2;1;1;3;290;24/03/2012
2012018971;1;1;1;1;3;290;17/07/2012
2012018972;1;1;1;1;2;290;08/09/2012
2012018973;3;1;1;1;1;290;10/01/2012
2012018974;1;1;3;1;3;290;30/03/2012
2012018975;1;1;1;1;7;290;12/05/2012
2012018976;1;2;1;1;2;290;07/08/2012
2012018977;1;1;1;1;3;290;08/09/2012
2012018978;1;1;1;1;1;290;07/11/2012
2012018979;1;1;1;1;3;290;27/07/2012
2012018980;1;1;1;1;2;340;19/02/2012
2012018981;3;1;1;1;6;340;14/04/2012
2012018982;1;1;2;1;3;340;18/04/2012
2012018983;1;2;3;1;3;340;04/06/2012
2012018984;3;1;1;1;6;340;16/06/2012
2012018985;1;2;1;1;6;340;28/06/2012
2012018986;5;2;1;1;6;340;07/07/2012
2012018987;1;2;1;1;3;340;02/08/2012
2012018988;1;2;1;1;3;340;03/08/2012
2012018989;1;1;1;1;1;340;03/09/2012
2012018990;1;2;1;1;6;340;23/09/2012
2012018991;1;2;1;7;2;350;25/09/2012
2012018992;1;2;1;9;6;350;12/12/2012
2012018993;3;1;1;1;2;350;16/01/2012
2012018994;1;1;1;7;1;350;14/03/2012
2012018995;1;1;1;1;6;350;15/03/2012
2012018996;3;1;1;1;6;350;17/03/2012
2012018997;1;2;1;1;7;350;14/07/2012
2012018998;1;2;1;1;2;350;02/08/2012
2012018999;3;1;1;1;7;350;22/09/2012
2012019000;1;1;1;1;1;350;15/06/2012
2012019001;1;1;1;1;6;350;02/08/2012
2012019002;2;1;3;2;1;350;17/12/2012
2012019003;3;1;1;8;7;350;20/12/2012
2012019004;1;1;1;1;6;350;23/09/2012
2012019005;1;1;1;1;1;350;07/01/2012
2012019006;1;2;1;1;6;350;11/03/2012
2012019007;1;1;1;1;1;350;22/05/2012
2012019008;1;1;1;1;1;350;27/05/2012
2012019009;1;1;2;1;3;350;19/06/2012
2012019010;1;2;1;1;6;350;15/07/2012
2012019011;1;1;4;1;1;350;08/08/2012
2012019012;3;1;1;1;2;350;09/09/2012
2012019013;1;1;2;1;3;350;25/09/2012
2012019014;1;1;1;1;1;350;15/10/2012
2012019015;1;1;1;1;1;350;28/11/2012
2012019016;3;1;1;1;2;350;29/12/2012
2012019017;1;2;7;9;6;350;16/01/2012
2012019018;1;1;2;1;3;350;13/05/2012
2012019019;1;1;3;1;3;350;23/05/2012
2012019020;1;1;2;1;3;350;16/06/2012
2012019021;3;1;9;1;2;350;12/12/2012
2012019022;3;1;1;4;6;350;04/02/2012
2012019023;1;1;1;1;6;350;23/03/2012
2012019024;1;1;3;1;2;350;23/05/2012
2012019025;3;1;3;1;6;350;07/06/2012
2012019026;1;1;1;1;6;350;17/01/2012
2012019027;1;1;1;4;6;350;30/01/2012
2012019028;1;1;3;1;3;350;27/03/2012
2012019029;3;1;1;1;6;350;31/03/2012
2012019030;1;1;3;1;3;350;22/05/2012
2012019031;1;2;1;1;1;350;28/06/2012
2012019032;1;1;1;1;6;350;16/07/2012
2012019033;1;1;2;3;6;350;03/08/2012
2012019034;1;2;2;1;3;350;17/08/2012
2012019035;1;1;1;1;1;350;29/08/2012
2012019036;3;2;1;3;7;350;03/12/2012
2012019037;1;1;5;1;3;350;04/12/2012
2012019038;1;1;2;1;3;440;20/04/2012
2012019039;1;1;9;1;3;440;18/08/2012
2012019040;1;2;2;1;3;440;14/04/2012
2012019041;1;1;1;1;6;440;15/06/2012
2012019042;2;1;1;1;3;440;18/08/2012
2012019043;1;1;1;3;6;440;06/10/2012
2012019044;5;2;6;1;1;440;06/12/2012
2012019045;1;1;1;1;7;440;22/06/2012
2012019046;1;2;1;1;7;440;02/10/2012
2012019047;3;1;1;1;7;440;09/02/2012
2012019048;1;1;2;1;3;440;27/02/2012
2012019049;1;1;1;1;6;440;21/07/2012
2012019050;1;1;1;1;3;440;23/07/2012
2012019051;1;1;1;2;7;440;08/06/2012
2012019052;1;1;1;1;3;440;19/07/2012
2012019053;1;1;3;1;3;440;27/10/2012
2012019054;3;1;1;2;1;440;10/11/2012
2012019055;1;1;1;1;7;440;04/06/2012
2012019056;1;1;1;1;1;440;25/07/2012
2012019057;1;1;1;8;1;440;24/09/2012
2012019058;1;1;1;2;1;440;20/10/2012
2012019059;1;1;1;1;3;440;21/12/2012
2012019060;3;1;1;1;6;440;08/04/2012
2012019061;1;1;2;1;3;440;10/05/2012
2012019062;2;1;1;1;1;440;25/07/2012
2012019063;3;1;1;1;1;440;02/09/2012
2012019064;1;1;1;1;6;440;14/09/2012
2012019065;3;1;1;1;6;440;27/09/2012
2012019066;1;2;1;1;3;440;24/11/2012
2012019067;1;2;6;1;6;440;14/01/2012
2012019068;1;1;1;1;3;440;07/02/2012
2012019069;1;1;1;1;6;440;24/03/2012
2012019070;1;1;1;1;6;440;02/06/2012
2012019071;2;2;1;1;3;440;27/11/2012
2012019072;3;1;1;2;6;440;25/12/2012
2012019073;1;2;1;1;6;440;02/01/2012
2012019074;1;1;1;1;6;440;14/05/2012
2012019075;3;1;1;2;3;440;11/10/2012
2012019076;3;1;1;1;1;440;04/11/2012
2012019077;5;1;1;1;6;440;10/03/2012
2012019078;3;1;1;2;2;440;13/10/2012
2012019079;3;1;1;8;2;440;16/10/2012
2012019080;1;1;1;2;1;440;20/10/2012
2012019081;1;1;1;1;1;440;31/10/2012
2012019082;1;1;1;2;3;440;19/10/2012
2012019083;2;1;1;1;1;440;03/11/2012
2012019084;5;2;1;1;6;250;22/02/2012
2012019085;1;1;1;1;7;250;19/05/2012
2012019086;1;1;1;1;3;250;02/07/2012
2012019087;2;1;1;3;6;250;24/09/2012
2012019088;1;1;1;1;6;250;10/03/2012
2012019089;1;1;1;1;7;250;25/03/2012
2012019090;1;2;1;1;1;250;26/05/2012
2012019091;1;1;1;1;5;250;29/05/2012
2012019092;1;1;1;2;6;250;08/01/2012
2012019093;1;1;1;7;6;250;20/10/2012
2012019094;2;1;1;1;7;250;14/06/2012
2012019095;1;2;1;1;7;250;04/07/2012
2012019096;5;2;1;8;6;250;14/07/2012
2012019097;1;1;1;1;1;250;15/09/2012
2012019098;1;1;1;1;1;250;28/03/2012
2012019099;5;2;1;2;6;250;21/12/2012
2012019100;2;1;1;1;6;250;14/03/2012
2012019101;2;2;1;1;2;250;22/07/2012
2012019102;1;1;1;1;6;250;21/07/2012
2012019103;1;2;1;1;6;250;08/08/2012
2012019104;1;2;1;1;1;250;23/08/2012
2012019105;1;1;1;1;7;250;23/09/2012
2012019106;1;1;2;8;3;250;31/10/2012
2012019107;1;1;9;1;5;250;03/03/2012
2012019108;1;2;1;1;3;250;27/03/2012
2012019109;1;1;1;8;7;250;21/04/2012
2012019110;1;2;1;1;6;250;18/03/2012
2012019111;3;1;1;1;6;250;08/04/2012
2012019112;1;2;1;1;6;250;26/05/2012
2012019113;1;1;1;1;1;250;11/10/2012
2012019114;3;1;1;2;1;250;16/10/2012
2012019115;1;1;1;1;3;250;18/06/2012
2012019116;3;1;1;1;7;250;11/07/2012
2012019117;1;1;1;1;3;250;14/07/2012
2012019118;3;1;1;1;7;250;09/09/2012
2012019119;3;1;1;1;6;390;17/10/2012
2012019120;1;1;1;1;2;390;28/05/2012
2012019121;1;1;1;1;1;390;09/06/2012
2012019122;1;2;1;1;6;390;27/06/2012
2012019123;1;2;1;1;1;390;24/07/2012
2012019124;1;2;1;1;6;390;31/07/2012
2012019125;1;1;1;1;5;390;08/08/2012
2012019126;1;2;1;1;5;390;16/01/2012
2012019127;1;1;1;1;7;390;29/02/2012
2012019128;1;1;1;1;1;390;27/08/2012
2012019129;1;2;1;1;6;390;11/01/2012
2012019130;1;2;1;1;3;390;21/03/2012
2012019131;5;2;1;1;6;390;05/04/2012
2012019132;1;2;1;1;3;390;01/05/2012
2012019133;1;1;1;1;1;390;16/06/2012
2012019134;1;1;1;1;6;390;26/08/2012
2012019135;3;1;1;1;6;390;25/10/2012
2012019136;2;1;1;4;3;390;29/10/2012
2012019137;3;1;1;1;7;220;12/06/2012
2012019138;1;1;1;1;1;220;30/06/2012
2012019139;1;1;3;1;3;220;15/09/2012
2012019140;1;1;2;1;2;220;19/09/2012
2012019141;3;1;1;2;7;220;10/11/2012
2012019142;1;1;1;2;3;220;05/12/2012
2012019143;1;2;1;1;3;220;08/12/2012
2012019144;3;1;1;1;1;220;08/12/2012
2012019145;1;1;1;2;3;220;01/01/2012
2012019146;1;1;2;1;3;220;21/06/2012
2012019147;1;2;6;1;3;220;07/07/2012
2012019148;4;2;2;1;3;220;15/08/2012
2012019149;2;1;6;1;3;220;18/09/2012
2012019150;1;1;1;7;6;220;02/01/2012
2012019151;2;1;1;8;7;220;07/01/2012
2012019152;3;2;3;1;1;220;21/02/2012
2012019153;1;1;1;1;3;220;25/02/2012
2012019154;3;2;1;1;7;220;26/03/2012
2012019155;1;2;2;1;5;220;31/03/2012
2012019156;3;1;2;1;3;220;01/09/2012
2012019157;5;2;1;1;7;220;05/10/2012
2012019158;3;1;1;5;7;220;13/12/2012
2012019159;1;1;1;2;3;220;15/06/2012
2012019160;1;2;1;1;7;220;11/02/2012
2012019161;5;2;1;1;3;220;22/03/2012
2012019162;1;1;2;7;1;220;03/05/2012
2012019163;1;1;1;1;7;220;05/05/2012
2012019164;1;1;1;3;7;220;20/05/2012
2012019165;1;1;3;1;3;220;31/01/2012
2012019166;3;1;1;1;7;220;09/04/2012
2012019167;1;2;1;1;5;220;30/05/2012
2012019168;1;1;3;1;1;220;17/08/2012
2012019169;1;2;7;1;6;220;30/03/2012
2012019170;1;1;1;1;1;220;01/08/2012
2012019171;4;1;6;2;1;220;24/11/2012
2012019172;1;1;1;1;1;220;25/10/2012
2012019173;2;1;1;1;1;220;26/10/2012
2012019174;1;1;1;1;1;220;14/10/2012
2012019175;1;2;5;1;1;220;10/03/2012
2012019176;1;1;1;1;1;220;20/08/2012
2012019177;3;1;1;1;3;220;21/01/2012
2012019178;1;1;1;2;1;220;10/05/2012
2012019179;1;1;1;1;3;220;07/08/2012
2012019180;2;1;1;1;6;220;11/08/2012
2012019181;1;1;1;1;1;220;08/09/2012
2012019182;1;1;1;1;7;220;13/10/2012
2012019183;3;1;3;1;3;220;16/11/2012
2012019184;2;1;1;2;1;220;18/07/2012
2012019185;3;1;1;1;3;220;08/02/2012
2012019186;3;1;1;1;1;220;14/02/2012
2012019187;1;1;1;5;1;220;02/03/2012
2012019188;1;2;1;1;1;220;04/06/2012
2012019189;1;1;1;1;2;220;08/08/2012
2012019190;1;2;1;1;3;220;06/09/2012
2012019191;2;2;1;1;7;220;15/12/2012
2012019192;3;1;1;1;6;680;27/07/2012
2012019193;1;1;1;1;4;680;04/10/2012
2012019194;5;2;1;3;6;680;17/12/2012
2012019195;3;1;1;1;7;680;10/02/2012
2012019196;5;2;1;1;6;680;24/03/2012
2012019197;1;1;1;1;6;680;22/04/2012
2012019198;1;2;2;1;3;680;28/07/2012
2012019199;1;1;1;1;1;680;06/10/2012
2012019200;3;1;1;1;2;680;18/10/2012
2012019201;1;1;6;1;2;680;22/03/2012
2012019202;1;2;4;1;3;680;05/04/2012
2012019203;2;2;1;1;6;680;13/05/2012
2012019204;4;1;4;1;1;680;17/01/2012
2012019205;3;1;1;5;7;680;03/03/2012
2012019206;1;1;1;1;7;680;20/05/2012
2012019207;1;1;1;1;6;680;22/12/2012
2012019208;1;1;1;1;1;680;16/10/2012
2012019209;1;1;1;1;7;680;08/05/2012
2012019210;1;2;1;1;3;680;21/11/2012
2012019211;1;2;1;1;1;680;21/09/2012
2012019212;1;1;1;1;1;340;04/07/2012
2012019213;1;1;1;1;1;340;23/07/2012
2012019214;1;1;1;1;7;340;04/08/2012
2012019215;1;1;1;1;3;340;27/09/2012
2012019216;1;1;1;1;6;340;10/10/2012
2012019217;1;2;1;1;6;340;31/10/2012
2012019218;1;2;1;1;3;340;22/01/2012
2012019219;5;2;1;1;1;340;07/11/2012
2012019220;3;1;1;1;6;340;23/12/2012
2012019221;1;1;1;1;7;340;01/04/2012
2012019222;1;1;1;1;6;340;13/05/2012
2012019223;3;1;1;1;7;340;09/03/2012
2012019224;5;2;1;1;2;340;15/07/2012
2012019225;3;1;1;1;1;340;05/08/2012
2012019226;1;1;1;1;6;340;10/02/2012
2012019227;3;1;1;1;6;340;02/06/2012
2012019228;1;2;1;1;6;340;14/06/2012
2012019229;1;2;1;1;6;340;28/04/2012
2012019230;1;2;1;1;3;340;07/05/2012
2012019231;1;1;1;1;2;340;23/06/2012
2012019232;3;1;1;1;6;340;06/08/2012
2012019233;2;1;1;5;6;340;09/09/2012
2012019234;1;1;9;1;3;340;09/09/2012
2012019235;1;1;1;1;6;340;12/09/2012
2012019236;3;1;1;1;6;340;22/09/2012
2012019237;5;2;1;2;5;340;26/09/2012
2012019238;1;2;1;1;7;340;03/10/2012
2012019239;1;1;1;8;3;340;18/10/2012
2012019240;1;1;1;2;3;340;31/10/2012
2012019241;3;1;1;1;6;340;11/11/2012
2012019242;1;1;1;1;5;340;19/11/2012
2012019243;1;2;1;1;6;340;01/12/2012
2012019244;1;1;1;2;1;340;25/12/2012
2012019245;1;1;1;1;1;340;29/12/2012
2012019246;1;1;1;1;7;340;30/12/2012
2012019247;1;1;1;1;3;340;25/05/2012
2012019248;2;1;1;5;7;340;24/10/2012
2012019249;2;1;1;1;7;340;01/11/2012
2012019250;1;1;1;1;5;340;08/12/2012
2012019251;1;2;1;9;6;150;11/01/2012
2012019252;1;2;1;1;6;150;10/04/2012
2012019253;1;2;1;1;6;150;24/05/2012
2012019254;1;1;1;1;6;150;31/05/2012
2012019255;1;2;1;1;3;150;16/07/2012
2012019256;1;2;2;1;3;150;10/08/2012
2012019257;3;2;1;2;6;150;26/09/2012
2012019258;1;2;1;1;7;150;08/10/2012
2012019259;5;2;1;6;6;150;26/10/2012
2012019260;5;2;1;3;6;150;01/11/2012
2012019261;3;2;1;2;5;150;23/11/2012
2012019262;5;2;1;2;6;150;13/12/2012