num_acc;lum;agg;inter;atm;col;dep;date
2012019263;5;2;1;1;6;150;18/12/2012
2012019264;1;1;1;1;5;340;13/01/2012
2012019265;3;1;1;1;7;340;03/02/2012
2012019266;1;1;1;1;4;340;29/03/2012
2012019267;1;2;1;1;6;340;24/05/2012
2012019268;1;2;1;1;3;340;07/07/2012
2012019269;1;1;1;1;3;340;01/08/2012
2012019270;1;1;1;1;4;340;15/08/2012
2012019271;5;2;1;1;6;340;19/08/2012
2012019272;1;1;1;1;1;340;25/09/2012
2012019273;1;1;1;1;6;340;15/12/2012
2012019274;1;1;1;1;5;340;13/01/2012
2012019275;1;1;1;1;1;340;11/05/2012
2012019276;1;1;1;1;6;340;26/06/2012
2012019277;1;1;1;1;3;340;06/09/2012
2012019278;3;1;1;1;7;340;25/07/2012
2012019279;1;1;1;1;6;340;25/08/2012
2012019280;1;1;1;2;5;340;28/11/2012
2012019281;3;1;2;1;3;340;01/12/2012
2012019282;1;1;1;1;1;340;17/12/2012
2012019283;1;1;1;1;6;860;17/02/2012
2012019284;1;1;1;1;7;860;01/04/2012
2012019285;1;1;1;1;7;860;09/06/2012
2012019286;3;1;1;1;6;860;24/06/2012
2012019287;1;1;1;1;2;860;24/07/2012
2012019288;2;2;1;1;7;860;02/09/2012
2012019289;3;1;1;1;5;860;08/01/2012
2012019290;2;1;1;2;1;860;23/02/2012
2012019291;1;1;1;1;4;860;02/04/2012
2012019292;3;1;1;2;6;860;26/04/2012
2012019293;1;1;1;3;1;860;21/05/2012
2012019294;1;1;1;1;6;860;23/06/2012
2012019295;1;1;1;1;7;860;20/08/2012
2012019296;1;1;1;8;4;860;10/10/2012
2012019297;2;1;1;8;5;860;18/10/2012
2012019298;1;2;1;1;1;860;21/11/2012
2012019299;4;2;1;2;3;860;06/12/2012
2012019300;3;2;1;1;6;860;08/12/2012
2012019301;1;2;1;1;6;860;18/12/2012
2012019302;3;2;2;1;3;860;31/12/2012
2012019303;1;1;1;1;6;860;08/04/2012
2012019304;1;2;1;1;6;860;22/04/2012
2012019305;1;1;1;1;7;860;21/07/2012
2012019306;1;1;1;1;7;860;22/07/2012
2012019307;1;2;1;1;7;860;23/07/2012
2012019308;1;1;2;1;3;860;19/08/2012
2012019309;1;1;1;1;3;860;24/08/2012
2012019310;1;1;1;1;1;860;28/08/2012
2012019311;1;1;1;1;3;860;01/09/2012
2012019312;1;2;3;1;3;860;03/09/2012
2012019313;1;1;1;1;6;860;09/09/2012
2012019314;3;1;1;1;7;860;21/09/2012
2012019315;1;2;6;1;3;860;05/10/2012
2012019316;1;2;1;1;3;860;17/10/2012
2012019317;3;1;1;1;6;860;29/10/2012
2012019318;1;1;2;1;3;860;24/11/2012
2012019319;1;1;1;2;1;860;13/12/2012
2012019320;2;2;1;3;6;860;17/12/2012
2012019321;1;2;1;1;1;860;27/01/2012
2012019322;1;2;1;1;6;860;18/03/2012
2012019323;1;1;1;2;7;860;18/03/2012
2012019324;1;2;6;1;3;860;22/06/2012
2012019325;1;2;1;1;2;860;02/12/2012
2012019326;5;2;1;1;6;860;13/03/2012
2012019327;2;1;1;1;6;860;01/04/2012
2012019328;1;1;1;1;6;860;29/03/2012
2012019329;1;1;1;8;6;860;18/03/2012
2012019330;3;1;1;1;6;860;07/04/2012
2012019331;1;1;2;1;1;860;18/05/2012
2012019332;1;1;1;1;2;290;28/01/2012
2012019333;1;1;1;1;7;290;02/04/2012
2012019334;3;1;1;1;7;290;16/06/2012
2012019335;3;1;1;1;5;290;12/08/2012
2012019336;1;1;1;8;1;290;03/10/2012
2012019337;3;1;1;3;6;290;08/10/2012
2012019338;3;1;1;1;5;290;11/12/2012
2012019339;1;1;2;1;1;410;06/04/2012
2012019340;1;2;1;1;1;410;22/05/2012
2012019341;1;1;1;2;1;410;12/07/2012
2012019342;1;1;1;1;1;410;18/09/2012
2012019343;5;2;1;1;6;410;22/11/2012
2012019344;1;1;1;1;3;410;28/11/2012
2012019345;2;2;1;1;6;410;30/11/2012
2012019346;1;1;1;1;1;410;11/12/2012
2012019347;5;1;1;1;7;410;14/12/2012
2012019348;1;2;3;1;1;410;20/05/2012
2012019349;1;1;1;1;3;410;30/06/2012
2012019350;1;1;1;1;3;410;17/07/2012
2012019351;1;2;1;1;1;410;06/08/2012
2012019352;1;2;1;7;6;410;19/08/2012
2012019353;1;1;1;1;3;410;05/10/2012
2012019354;3;1;1;8;7;410;11/02/2012
2012019355;1;1;1;2;6;410;18/02/2012
2012019356;3;1;9;1;6;410;19/02/2012
2012019357;1;1;1;1;5;410;30/03/2012
2012019358;1;1;1;1;1;410;11/05/2012
2012019359;3;1;1;1;6;410;16/05/2012
2012019360;1;1;1;9;6;410;07/09/2012
2012019361;1;1;2;1;3;410;19/09/2012
2012019362;1;1;1;1;7;410;24/09/2012
2012019363;1;1;2;1;3;410;30/10/2012
2012019364;2;1;1;1;7;410;18/11/2012
2012019365;1;2;1;1;3;410;09/12/2012
2012019366;1;1;1;1;6;410;27/01/2012
2012019367;3;1;1;1;2;410;02/03/2012
2012019368;1;1;2;1;4;410;09/03/2012
2012019369;1;1;2;1;3;410;23/03/2012
2012019370;1;2;1;1;1;410;08/04/2012
2012019371;1;1;1;1;1;410;03/05/2012
2012019372;1;2;1;2;6;410;05/05/2012
2012019373;1;1;1;1;6;410;07/08/2012
2012019374;1;1;1;2;3;410;14/08/2012
2012019375;1;1;1;1;1;410;09/09/2012
2012019376;1;1;1;1;1;410;15/09/2012
2012019377;2;2;1;1;6;410;05/10/2012
2012019378;5;2;1;2;6;410;09/11/2012
2012019379;1;1;1;2;7;410;03/11/2012
2012019380;3;1;1;1;6;410;21/11/2012
2012019381;1;1;1;2;5;410;05/12/2012
2012019382;2;1;1;2;7;410;15/12/2012
2012019383;1;2;1;2;6;410;23/02/2012
2012019384;1;1;1;1;1;410;10/03/2012
2012019385;1;2;1;1;2;410;12/04/2012
2012019386;1;2;1;1;7;410;14/04/2012
2012019387;1;1;2;1;3;410;10/08/2012
2012019388;1;1;3;1;3;410;12/08/2012
2012019389;3;1;1;1;6;410;06/09/2012
2012019390;1;1;9;1;3;410;08/09/2012
2012019391;3;1;1;2;5;410;09/11/2012
2012019392;1;2;1;1;3;410;12/08/2012
2012019393;1;1;1;1;6;470;15/09/2012
2012019394;1;1;1;1;4;470;22/09/2012
2012019395;1;2;1;1;2;470;03/06/2012
2012019396;1;1;1;1;6;470;17/06/2012
2012019397;2;2;1;1;6;470;19/11/2012
2012019398;1;1;2;1;1;470;18/02/2012
2012019399;1;1;2;1;5;470;09/03/2012
2012019400;1;2;2;1;6;470;19/01/2012
2012019401;4;1;1;1;6;470;24/03/2012
2012019402;1;1;9;1;1;470;05/04/2012
2012019403;1;1;3;1;3;470;10/05/2012
2012019404;1;1;1;1;6;470;11/05/2012
2012019405;1;1;1;1;6;470;01/07/2012
2012019406;1;1;1;1;4;470;28/06/2012
2012019407;3;1;1;1;7;470;25/07/2012
2012019408;3;1;1;1;1;470;23/08/2012
2012019409;3;1;1;1;4;470;05/10/2012
2012019410;3;1;1;1;7;470;02/12/2012
2012019411;5;2;1;2;6;470;02/12/2012
2012019412;5;2;1;2;6;470;02/12/2012
2012019413;2;1;1;1;3;470;07/12/2012
2012019414;2;1;1;1;6;470;23/09/2012
2012019415;3;1;1;1;6;470;01/05/2012
2012019416;1;1;1;1;1;470;10/05/2012
2012019417;3;1;1;1;6;470;13/05/2012
2012019418;1;2;3;1;3;470;28/12/2012
2012019419;2;1;1;8;1;470;04/01/2012
2012019420;1;1;1;1;1;470;08/10/2012
2012019421;1;2;1;2;1;470;03/12/2012
2012019422;1;1;2;1;1;470;29/05/2012
2012019423;1;1;1;1;6;470;23/09/2012
2012019424;3;1;1;5;2;470;13/01/2012
2012019425;3;1;1;6;7;460;18/10/2012
2012019426;2;1;1;3;5;420;28/11/2012
2012019427;2;2;1;1;6;420;03/01/2012
2012019428;3;1;1;1;7;420;16/11/2012
2012019429;2;1;1;1;3;420;04/02/2012
2012019430;5;2;1;1;6;420;20/03/2012
2012019431;1;2;2;2;3;420;05/07/2012
2012019432;1;2;1;1;6;420;20/07/2012
2012019433;1;1;1;1;1;420;06/07/2012
2012019434;1;1;1;1;1;420;18/07/2012
2012019435;1;2;1;1;3;420;01/09/2012
2012019436;1;1;1;8;1;420;12/09/2012
2012019437;3;1;1;1;6;420;28/02/2012
2012019438;1;2;9;1;6;420;05/04/2012
2012019439;2;1;1;6;7;420;28/04/2012
2012019440;1;1;1;1;1;420;11/08/2012
2012019441;1;1;1;1;3;420;14/09/2012
2012019442;3;1;1;1;6;420;16/09/2012
2012019443;1;1;1;1;5;420;17/11/2012
2012019444;5;1;2;1;3;420;23/11/2012
2012019445;1;2;1;1;3;420;03/10/2012
2012019446;1;1;1;7;1;420;26/12/2012
2012019447;1;1;1;1;3;420;02/03/2012
2012019448;1;2;1;3;7;420;27/05/2012
2012019449;3;1;1;1;6;420;04/08/2012
2012019450;1;1;1;1;1;420;10/09/2012
2012019451;1;1;1;1;3;120;02/03/2012
2012019452;1;1;1;1;3;120;07/03/2012
2012019453;1;1;1;1;2;120;14/06/2012
2012019454;1;1;1;1;6;120;22/06/2012
2012019455;1;1;2;1;3;120;28/06/2012
2012019456;1;1;1;1;2;120;03/08/2012
2012019457;1;1;1;1;7;120;25/09/2012
2012019458;2;1;1;2;7;120;12/10/2012
2012019459;1;1;3;1;3;120;21/10/2012
2012019460;1;1;1;1;6;120;22/06/2012
2012019461;1;1;1;1;1;120;27/08/2012
2012019462;1;2;1;1;7;120;23/09/2012
2012019463;1;1;1;1;7;120;02/09/2012
2012019464;1;1;1;1;1;120;08/07/2012
2012019465;1;2;1;1;6;120;05/08/2012
2012019466;1;2;1;7;6;120;08/09/2012
2012019467;1;1;1;1;1;120;06/10/2012
2012019468;1;1;1;1;6;120;29/04/2012
2012019469;1;2;1;1;6;120;12/02/2012
2012019470;1;1;2;1;3;120;16/02/2012
2012019471;2;1;1;2;5;120;20/05/2012
2012019472;1;1;1;8;7;490;08/05/2012
2012019473;1;1;1;1;5;490;02/06/2012
2012019474;1;1;1;1;1;490;14/06/2012
2012019475;3;2;1;1;6;490;28/06/2012
2012019476;1;1;6;1;7;490;01/09/2012
2012019477;1;1;1;8;6;490;15/11/2012
2012019478;1;1;3;1;3;490;25/04/2012
2012019479;1;2;1;1;6;490;27/05/2012
2012019480;3;1;1;1;1;490;22/09/2012
2012019481;1;2;1;7;3;490;06/03/2012
2012019482;3;1;2;1;3;490;20/04/2012
2012019483;1;1;1;1;7;490;12/05/2012
2012019484;1;2;1;8;6;490;17/05/2012
2012019485;1;1;1;1;4;490;31/05/2012
2012019486;1;1;1;1;3;490;31/05/2012
2012019487;1;1;1;1;1;490;04/06/2012
2012019488;1;1;1;1;3;490;27/06/2012
2012019489;1;1;2;1;3;490;05/07/2012
2012019490;3;1;1;1;6;490;15/07/2012
2012019491;1;1;1;1;2;490;19/07/2012
2012019492;1;1;3;1;3;490;21/08/2012
2012019493;3;1;1;5;3;490;30/09/2012
2012019494;1;2;1;1;1;490;10/10/2012
2012019495;1;1;1;1;6;490;05/11/2012
2012019496;1;1;1;8;4;490;05/12/2012
2012019497;2;1;1;1;6;490;15/01/2012
2012019498;1;1;1;1;7;490;30/06/2012
2012019499;1;1;3;1;5;490;24/07/2012
2012019500;1;1;1;3;7;490;10/06/2012
2012019501;1;2;1;1;3;490;10/04/2012
2012019502;1;2;1;1;6;490;25/09/2012
2012019503;4;2;1;2;1;490;05/12/2012
2012019504;1;1;1;3;7;490;17/03/2012
2012019505;3;1;1;1;2;490;04/02/2012
2012019506;1;1;1;1;3;490;09/03/2012
2012019507;1;1;1;3;7;490;18/04/2012
2012019508;3;1;1;1;1;490;18/05/2012
2012019509;1;2;1;1;1;490;18/06/2012
2012019510;1;1;1;1;7;490;15/08/2012
2012019511;2;1;1;1;7;490;30/09/2012
2012019512;1;1;2;8;3;490;09/10/2012
2012019513;2;1;1;8;6;490;17/10/2012
2012019514;3;1;3;3;6;490;18/10/2012
2012019515;1;2;3;1;3;490;10/11/2012
2012019516;1;1;1;1;2;490;24/11/2012
2012019517;2;1;1;1;3;490;02/02/2012
2012019518;1;1;2;1;3;490;11/03/2012
2012019519;1;1;2;7;3;490;01/06/2012
2012019520;1;1;1;1;6;490;21/06/2012
2012019521;1;1;3;1;3;490;09/08/2012
2012019522;5;1;1;1;6;490;18/12/2012
2012019523;1;2;1;1;3;490;24/01/2012
2012019524;1;2;1;2;6;490;18/10/2012
2012019525;3;1;1;1;1;490;31/10/2012
2012019526;3;1;1;1;7;490;10/06/2012
2012019527;1;1;1;1;7;490;29/06/2012
2012019528;3;1;6;5;7;490;17/11/2012
2012019529;3;1;1;2;6;490;30/12/2012
2012019530;1;1;1;2;2;490;20/05/2012
2012019531;1;1;1;1;7;490;22/07/2012
2012019532;1;1;1;1;1;490;09/08/2012
2012019533;1;2;1;1;3;550;10/03/2012
2012019534;3;1;9;1;7;550;24/11/2012
2012019535;3;1;1;8;6;550;17/12/2012
2012019536;4;2;1;2;6;550;10/01/2012
2012019537;1;1;1;1;6;550;29/06/2012
2012019538;3;1;1;3;1;550;17/12/2012
2012019539;1;1;1;2;7;550;21/04/2012
2012019540;1;1;1;1;7;550;28/04/2012
2012019541;1;1;1;1;3;550;20/06/2012
2012019542;5;2;1;2;6;550;15/07/2012
2012019543;1;1;1;1;1;550;17/06/2012
2012019544;3;1;6;1;7;550;16/12/2012
2012019545;1;1;3;1;1;550;07/04/2012
2012019546;2;1;1;2;1;610;27/09/2012
2012019547;1;2;1;3;6;610;04/07/2012
2012019548;3;1;2;1;3;610;29/01/2012
2012019549;1;1;1;1;3;610;06/09/2012
2012019550;5;2;3;1;3;610;29/11/2012
2012019551;1;1;2;1;3;610;01/08/2012
2012019552;3;1;1;1;1;610;26/11/2012
2012019553;2;1;1;1;6;610;25/11/2012
2012019554;1;1;1;1;6;610;03/08/2012
2012019555;3;2;1;2;6;610;14/12/2012
2012019556;3;1;1;1;6;610;12/01/2012
2012019557;1;2;1;1;6;610;28/08/2012
2012019558;1;2;2;1;3;610;07/11/2012
2012019559;1;1;3;1;3;610;01/05/2012
2012019560;3;1;2;2;3;610;18/01/2012
2012019561;1;2;1;1;7;610;29/06/2012
2012019562;1;2;1;1;6;610;30/11/2012
2012019563;3;1;1;1;1;610;24/12/2012
2012019564;1;1;1;1;1;610;03/07/2012
2012019565;1;1;1;1;1;610;08/09/2012
2012019566;3;1;1;2;6;610;10/11/2012
2012019567;1;2;1;2;2;760;23/02/2012
2012019568;1;2;3;1;3;760;19/03/2012
2012019569;5;2;6;2;3;800;20/04/2012
2012019570;1;1;1;1;1;760;02/08/2012
2012019571;1;1;1;1;1;760;23/08/2012
2012019572;1;1;1;1;3;760;16/03/2012
2012019573;1;1;1;1;7;760;14/04/2012
2012019574;1;1;2;1;6;760;22/05/2012
2012019575;1;2;1;1;6;760;25/08/2012
2012019576;1;1;1;1;7;760;09/09/2012
2012019577;5;2;1;1;1;760;19/12/2012
2012019578;1;1;3;1;3;630;05/04/2012
2012019579;1;1;1;1;6;630;20/03/2012
2012019580;1;2;1;1;3;630;19/05/2012
2012019581;2;1;1;1;6;630;27/07/2012
2012019582;1;1;1;1;1;630;01/08/2012
2012019583;1;1;1;1;6;630;08/08/2012
2012019584;1;1;1;7;6;630;22/08/2012
2012019585;1;1;1;2;6;630;20/05/2012
2012019586;1;1;1;1;6;630;07/09/2012
2012019587;1;1;1;1;6;630;24/09/2012
2012019588;4;2;6;1;3;630;19/01/2012
2012019589;1;1;1;1;6;630;26/05/2012
2012019590;1;2;1;1;1;630;11/06/2012
2012019591;1;1;1;1;7;630;30/06/2012
2012019592;1;2;1;1;2;630;11/09/2012
2012019593;1;2;1;1;6;630;08/09/2012
2012019594;1;1;2;1;3;630;27/11/2012
2012019595;1;1;1;1;3;630;25/05/2012
2012019596;1;2;1;7;6;630;31/07/2012
2012019597;1;1;1;1;6;630;04/08/2012
2012019598;1;1;1;1;1;630;14/01/2012
2012019599;3;2;1;1;7;630;19/02/2012
2012019600;1;1;1;1;6;630;25/05/2012
2012019601;1;1;1;2;3;630;26/10/2012
2012019602;1;1;1;1;7;630;30/11/2012
2012019603;1;1;1;3;1;630;02/01/2012
2012019604;1;1;1;1;5;630;11/08/2012
2012019605;1;1;6;1;6;630;11/11/2012
2012019606;1;2;1;1;6;630;24/05/2012
2012019607;1;1;1;1;7;630;07/06/2012
2012019608;1;2;3;1;3;630;11/07/2012
2012019609;3;1;1;1;6;630;21/07/2012
2012019610;2;1;1;2;6;630;31/08/2012
2012019611;1;2;1;1;6;630;27/09/2012
2012019612;1;2;1;2;1;630;27/09/2012
2012019613;3;1;1;1;1;630;06/01/2012
2012019614;3;1;1;1;7;630;26/06/2012
2012019615;1;1;1;1;7;630;17/07/2012
2012019616;1;1;1;1;7;630;13/08/2012
2012019617;3;1;1;4;7;630;30/01/2012
2012019618;2;2;1;1;1;630;25/02/2012
2012019619;3;1;1;1;6;630;24/03/2012
2012019620;1;1;1;7;1;630;02/04/2012
2012019621;1;1;2;1;3;630;08/04/2012
2012019622;1;2;1;8;6;630;06/05/2012
2012019623;1;1;1;1;2;630;22/06/2012
2012019624;3;1;1;2;7;630;04/07/2012
2012019625;1;1;1;1;5;630;06/07/2012
2012019626;1;1;1;1;7;630;30/07/2012
2012019627;1;2;1;1;1;630;30/10/2012
2012019628;2;1;1;1;1;630;13/12/2012
2012019629;3;1;1;2;6;630;14/12/2012
2012019630;1;2;1;2;3;890;05/07/2012
2012019631;1;1;1;1;7;890;29/07/2012
2012019632;2;1;1;1;3;890;02/08/2012
2012019633;1;1;1;1;6;890;04/05/2012
2012019634;1;1;1;1;3;890;10/07/2012
2012019635;1;2;1;1;3;890;09/09/2012
2012019636;1;1;1;1;1;890;15/12/2012
2012019637;3;1;1;5;7;890;06/04/2012
2012019638;1;1;1;2;7;890;11/04/2012
2012019639;1;1;1;1;6;890;03/05/2012
2012019640;1;1;1;1;6;890;13/05/2012
2012019641;5;2;1;3;6;890;20/06/2012
2012019642;2;1;1;2;3;890;26/06/2012
2012019643;1;1;1;1;3;890;03/10/2012
2012019644;1;1;1;1;1;890;17/11/2012
2012019645;1;1;1;8;7;890;15/12/2012
2012019646;1;1;1;2;1;890;24/12/2012
2012019647;3;1;1;1;6;890;18/02/2012
2012019648;5;2;1;1;6;890;06/03/2012
2012019649;1;1;1;1;6;890;09/05/2012
2012019650;3;1;1;1;1;890;15/08/2012
2012019651;3;1;1;1;6;890;10/11/2012
2012019652;1;1;1;1;1;890;23/01/2012
2012019653;1;1;1;1;6;890;11/03/2012
2012019654;1;1;1;1;3;890;07/06/2012
2012019655;1;1;1;1;7;890;07/06/2012
2012019656;1;1;1;1;7;890;16/06/2012
2012019657;1;1;2;1;3;890;13/04/2012
2012019658;1;1;1;1;5;890;26/07/2012
2012019659;1;1;9;1;3;890;20/09/2012
2012019660;1;1;3;5;3;890;11/01/2012
2012019661;1;1;1;5;5;890;17/02/2012
2012019662;1;1;1;1;3;890;21/02/2012
2012019663;3;1;1;3;6;890;26/04/2012
2012019664;1;1;1;1;1;890;07/07/2012
2012019665;1;2;1;1;6;890;07/07/2012
2012019666;1;1;1;1;1;890;16/07/2012
2012019667;1;1;1;1;7;890;27/09/2012
2012019668;1;1;1;1;7;890;07/02/2012
2012019669;1;1;1;1;3;890;05/06/2012
2012019670;1;2;1;1;1;890;03/08/2012
2012019671;3;2;1;1;6;890;16/09/2012
2012019672;1;1;1;2;6;890;26/09/2012
2012019673;3;1;1;1;7;890;29/09/2012
2012019674;5;2;1;1;3;890;21/02/2012
2012019675;5;2;1;1;6;890;20/01/2012
2012019676;1;1;1;1;1;890;30/04/2012
2012019677;1;1;1;3;7;890;15/05/2012
2012019678;3;1;1;1;7;890;19/05/2012
2012019679;2;1;1;2;1;890;03/12/2012
2012019680;1;1;1;1;5;890;26/05/2012
2012019681;3;1;1;1;6;890;10/08/2012
2012019682;1;2;1;3;1;890;01/11/2012
2012019683;1;1;1;3;5;890;07/12/2012
2012019684;1;1;1;2;3;710;21/01/2012
2012019685;1;2;1;1;1;710;03/08/2012
2012019686;3;1;1;1;1;710;17/10/2012
2012019687;3;1;1;8;2;710;06/11/2012
2012019688;1;1;1;1;3;710;17/02/2012
2012019689;2;2;1;1;3;710;09/05/2012
2012019690;1;1;1;1;3;710;24/05/2012
2012019691;1;1;1;1;1;710;21/07/2012
2012019692;1;1;1;1;6;710;22/07/2012
2012019693;3;1;2;2;1;710;11/10/2012
2012019694;3;1;1;2;6;710;25/11/2012
2012019695;2;1;1;1;6;710;18/01/2012
2012019696;1;2;1;7;6;710;03/02/2012
2012019697;3;1;1;1;7;710;15/07/2012
2012019698;1;2;1;1;1;710;01/10/2012
2012019699;1;1;1;2;7;710;08/10/2012
2012019700;2;1;2;1;1;710;24/10/2012
2012019701;5;2;1;2;6;710;22/12/2012
2012019702;3;1;1;1;3;710;01/09/2012
2012019703;3;1;1;1;6;710;29/09/2012
2012019704;1;1;1;2;7;710;22/04/2012
2012019705;1;1;1;6;7;710;27/10/2012
2012019706;1;2;1;8;6;710;28/11/2012
2012019707;1;1;1;1;6;710;11/04/2012
2012019708;1;2;1;1;6;710;01/05/2012
2012019709;1;1;1;1;1;710;02/07/2012
2012019710;3;1;1;1;6;710;30/06/2012
2012019711;1;2;3;1;3;710;08/04/2012
2012019712;1;1;1;1;3;710;11/04/2012
2012019713;1;1;1;1;1;710;05/06/2012
2012019714;2;1;1;1;1;710;26/07/2012
2012019715;3;1;1;1;6;710;30/07/2012
2012019716;3;1;1;1;6;710;29/09/2012
2012019717;5;2;1;2;6;710;26/10/2012
2012019718;1;1;1;1;2;710;30/10/2012
2012019719;1;1;1;1;3;710;17/11/2012
2012019720;1;2;1;3;6;710;26/11/2012
2012019721;5;1;1;3;6;710;14/12/2012
2012019722;5;2;1;1;2;710;25/11/2012
2012019723;1;1;1;1;1;640;19/01/2012
2012019724;1;1;1;2;6;640;21/04/2012
2012019725;2;1;1;1;7;640;25/04/2012
2012019726;1;2;6;1;7;640;24/05/2012
2012019727;1;1;1;1;6;640;25/10/2012
2012019728;1;1;1;1;6;640;21/11/2012
2012019729;1;1;1;1;1;640;24/11/2012
2012019730;1;2;1;1;6;640;15/12/2012
2012019731;1;1;1;7;6;640;15/12/2012
2012019732;1;1;1;1;7;110;13/05/2012
2012019733;1;1;1;1;4;110;12/08/2012
2012019734;1;1;2;1;2;110;11/05/2012
2012019735;1;1;1;6;5;110;23/09/2012
2012019736;1;1;1;1;6;110;23/06/2012
2012019737;1;1;1;1;6;110;17/06/2012
2012019738;1;1;1;1;1;110;20/01/2012
2012019739;1;1;1;1;2;110;17/02/2012
2012019740;1;1;1;1;5;110;09/03/2012
2012019741;3;1;1;1;6;110;18/03/2012
2012019742;1;1;1;1;7;110;12/05/2012
2012019743;3;1;1;1;6;110;29/05/2012
2012019744;1;1;1;1;3;110;06/09/2012
2012019745;1;1;1;1;5;110;12/09/2012
2012019746;1;1;1;1;1;110;26/06/2012
2012019747;1;1;1;2;7;110;30/08/2012
2012019748;3;1;1;6;6;110;08/02/2012
2012019749;1;1;1;1;3;110;18/04/2012
2012019750;5;2;1;1;2;110;17/08/2012
2012019751;1;2;1;1;1;710;30/07/2012
2012019752;1;2;1;1;6;710;05/09/2012
2012019753;1;2;2;1;3;710;29/10/2012
2012019754;1;2;1;1;1;710;03/11/2012
2012019755;5;2;1;5;6;710;23/11/2012
2012019756;1;1;2;1;3;810;23/05/2012
2012019757;1;1;1;1;7;810;23/10/2012
2012019758;4;1;1;1;1;810;09/04/2012
2012019759;1;2;1;1;6;810;04/05/2012
2012019760;1;1;1;1;3;810;24/06/2012
2012019761;3;1;1;2;6;810;03/12/2012
2012019762;1;2;6;1;6;690;09/03/2012
2012019763;1;2;1;1;5;690;25/10/2012
2012019764;5;2;6;1;7;690;02/12/2012
2012019765;3;1;1;8;1;690;27/12/2012
2012019766;5;2;1;3;1;690;01/01/2012
2012019767;1;2;1;5;2;690;16/01/2012
2012019768;1;2;1;;7;690;08/09/2012
2012019769;1;2;2;1;3;690;02/06/2012
2012019770;1;1;1;1;7;690;06/06/2012
2012019771;1;1;1;1;6;690;15/08/2012
2012019772;1;1;1;1;7;690;08/09/2012
2012019773;3;1;1;1;6;690;16/09/2012
2012019774;1;1;1;1;6;690;16/09/2012
2012019775;1;1;1;3;5;690;29/09/2012
2012019776;1;1;1;3;1;690;08/10/2012
2012019777;1;2;1;1;6;690;15/12/2012
2012019778;1;1;1;5;3;330;10/10/2012
2012019779;1;1;1;3;6;330;05/08/2012
2012019780;1;2;1;1;6;330;04/10/2012
2012019781;1;1;1;1;1;330;26/10/2012
2012019782;1;1;1;1;1;330;13/03/2012
2012019783;1;1;1;1;7;330;19/03/2012
2012019784;1;2;2;1;3;330;12/05/2012
2012019785;1;2;3;1;3;330;24/07/2012
2012019786;3;1;1;1;6;330;18/02/2012
2012019787;1;1;2;1;3;330;13/04/2012
2012019788;1;2;1;1;6;330;24/06/2012
2012019789;1;1;1;1;7;330;08/07/2012
2012019790;1;2;1;1;3;330;13/03/2012
2012019791;1;1;1;1;2;330;17/03/2012
2012019792;1;1;1;3;1;330;19/10/2012
2012019793;5;2;1;1;7;330;23/03/2012
2012019794;1;1;9;1;6;330;08/11/2012
2012019795;1;1;1;8;2;330;09/11/2012
2012019796;1;1;1;1;7;330;18/11/2012
2012019797;1;1;1;1;6;330;13/02/2012
2012019798;1;1;1;1;3;330;09/05/2012
2012019799;1;1;1;2;3;330;13/07/2012
2012019800;1;1;1;1;6;330;02/08/2012
2012019801;1;2;1;1;1;330;14/02/2012
2012019802;1;1;1;7;3;330;21/07/2012
2012019803;1;1;1;1;3;330;25/07/2012
2012019804;1;2;1;1;2;330;24/07/2012
2012019805;5;2;1;1;6;330;11/08/2012
2012019806;1;1;1;1;3;330;23/08/2012
2012019807;1;1;1;1;3;330;11/03/2012
2012019808;1;1;1;1;6;330;15/04/2012
2012019809;1;1;1;1;3;330;16/09/2012
2012019810;1;1;7;1;1;330;15/09/2012
2012019811;1;2;1;1;6;330;17/09/2012
2012019812;1;1;1;3;6;330;25/09/2012
2012019813;1;1;1;2;4;330;10/12/2012
2012019814;5;1;1;2;6;330;29/12/2012
2012019815;1;1;1;7;2;330;23/12/2012
2012019816;1;2;3;1;6;650;09/10/2012
2012019817;1;1;1;1;7;650;10/10/2012
2012019818;1;1;1;1;1;650;28/10/2012
2012019819;3;1;1;1;6;650;29/10/2012
2012019820;3;1;1;1;1;650;18/11/2012
2012019821;1;1;1;9;1;650;10/05/2012
2012019822;1;1;3;1;1;650;16/09/2012
2012019823;1;1;1;1;6;650;06/10/2012
2012019824;3;1;1;1;1;650;06/10/2012
2012019825;3;1;1;8;1;650;01/01/2012
2012019826;2;1;1;2;5;650;21/11/2012
2012019827;2;1;1;1;1;650;06/12/2012
2012019828;2;1;1;1;6;650;07/01/2012
2012019829;1;1;1;1;2;410;15/05/2012
2012019830;1;1;1;1;1;410;11/07/2012
2012019831;2;1;1;1;7;410;12/08/2012
2012019832;1;1;1;1;6;410;03/10/2012
2012019833;3;1;1;3;1;820;05/01/2012
2012019834;1;1;1;1;1;820;16/07/2012
2012019835;1;1;2;1;3;800;24/02/2012
2012019836;1;2;2;7;1;800;26/05/2012
2012019837;1;1;1;1;7;800;02/06/2012
2012019838;1;1;2;1;3;800;05/06/2012
2012019839;3;1;1;1;6;800;09/06/2012
2012019840;2;1;1;1;2;800;20/07/2012
2012019841;1;2;1;1;1;800;24/08/2012
2012019842;1;1;2;1;3;800;27/03/2012
2012019843;1;1;1;1;7;800;06/05/2012