num_acc;lum;agg;inter;atm;col;dep;date
2012019844;1;1;1;1;2;800;16/05/2012
2012019845;1;2;1;1;6;800;28/07/2012
2012019846;1;1;2;1;3;800;02/08/2012
2012019847;1;1;1;1;6;800;15/08/2012
2012019848;1;1;2;1;3;800;03/09/2012
2012019849;3;1;1;2;6;800;29/09/2012
2012019850;5;2;4;8;3;800;21/11/2012
2012019851;3;2;1;1;7;800;22/12/2012
2012019852;3;1;1;3;6;800;26/12/2012
2012019853;5;2;3;1;3;800;23/01/2012
2012019854;1;1;1;1;1;800;28/01/2012
2012019855;1;2;9;1;1;800;10/03/2012
2012019856;3;2;1;1;6;800;01/04/2012
2012019857;1;1;1;1;1;800;26/04/2012
2012019858;1;1;2;5;1;800;30/05/2012
2012019859;1;1;1;1;7;800;19/08/2012
2012019860;1;2;4;1;3;800;29/09/2012
2012019861;1;1;2;2;1;800;06/10/2012
2012019862;2;2;1;5;2;800;23/10/2012
2012019863;3;1;1;5;7;800;23/10/2012
2012019864;1;1;2;1;1;800;17/11/2012
2012019865;4;1;2;8;1;800;30/11/2012
2012019866;3;1;4;5;1;800;30/11/2012
2012019867;5;2;1;9;6;800;03/12/2012
2012019868;1;1;2;1;3;800;29/02/2012
2012019869;3;1;3;2;3;800;18/03/2012
2012019870;1;2;1;1;3;800;04/04/2012
2012019871;1;2;2;1;3;800;22/07/2012
2012019872;3;1;1;1;6;800;19/08/2012
2012019873;1;1;1;1;1;800;21/09/2012
2012019874;1;1;2;3;3;800;06/10/2012
2012019875;1;1;1;2;6;800;25/01/2012
2012019876;1;1;1;2;7;800;25/02/2012
2012019877;1;1;1;1;1;800;05/05/2012
2012019878;1;2;1;1;6;800;20/06/2012
2012019879;1;2;1;1;1;800;22/06/2012
2012019880;2;1;1;3;6;800;07/07/2012
2012019881;3;2;1;1;6;800;01/09/2012
2012019882;2;2;1;1;6;800;06/09/2012
2012019883;1;2;1;1;6;800;07/09/2012
2012019884;1;2;1;1;2;800;01/10/2012
2012019885;3;1;2;1;3;800;08/10/2012
2012019886;3;1;4;2;6;800;06/12/2012
2012019887;1;1;1;1;3;800;17/12/2012
2012019888;3;1;1;3;7;800;22/12/2012
2012019889;3;1;1;2;1;800;24/12/2012
2012019890;1;1;1;1;6;800;24/12/2012
2012019891;3;1;2;9;3;800;29/12/2012
2012019892;1;1;2;1;2;800;12/06/2012
2012019893;1;2;6;1;3;800;16/06/2012
2012019894;1;1;1;1;3;800;25/06/2012
2012019895;1;1;2;1;3;800;29/06/2012
2012019896;1;2;1;1;1;800;08/07/2012
2012019897;1;2;1;1;3;800;22/07/2012
2012019898;5;2;1;1;6;800;23/07/2012
2012019899;1;2;1;2;6;800;06/08/2012
2012019900;1;1;1;1;1;800;06/08/2012
2012019901;3;1;1;1;6;800;12/08/2012
2012019902;2;2;1;2;6;800;24/08/2012
2012019903;1;1;1;1;1;800;30/08/2012
2012019904;1;2;1;1;6;800;04/09/2012
2012019905;1;1;1;1;2;800;08/09/2012
2012019906;1;1;2;1;3;800;21/09/2012
2012019907;5;1;2;1;1;800;23/09/2012
2012019908;1;1;2;1;3;800;28/09/2012
2012019909;3;1;1;1;7;800;30/09/2012
2012019910;3;1;1;1;6;800;03/10/2012
2012019911;1;1;1;1;1;800;14/10/2012
2012019912;2;1;2;5;3;800;23/10/2012
2012019913;3;1;1;8;3;800;11/11/2012
2012019914;1;1;1;6;1;800;14/12/2012
2012019915;3;2;1;2;2;800;16/12/2012
2012019916;1;2;1;7;2;800;01/04/2012
2012019917;1;2;1;1;3;800;14/04/2012
2012019918;1;1;6;1;6;800;01/06/2012
2012019919;1;1;1;1;6;800;14/06/2012
2012019920;1;2;1;8;6;800;04/08/2012
2012019921;1;1;1;1;3;800;12/08/2012
2012019922;1;1;2;1;3;800;15/09/2012
2012019923;1;1;1;1;6;800;17/09/2012
2012019924;3;1;6;1;7;800;26/10/2012
2012019925;1;1;1;1;3;800;10/11/2012
2012019926;2;1;1;1;7;800;07/12/2012
2012019927;3;1;1;3;6;800;31/12/2012
2012019928;3;1;1;1;1;800;08/01/2012
2012019929;5;2;1;1;2;800;14/01/2012
2012019930;1;2;1;1;6;800;19/02/2012
2012019931;2;1;1;1;1;800;22/02/2012
2012019932;1;1;2;1;3;800;01/03/2012
2012019933;1;2;1;1;6;800;02/03/2012
2012019934;3;1;1;2;7;800;03/03/2012
2012019935;3;1;1;2;6;800;08/04/2012
2012019936;1;1;1;1;5;800;29/04/2012
2012019937;1;1;1;1;7;800;09/05/2012
2012019938;3;1;1;1;6;800;28/06/2012
2012019939;1;2;3;1;1;800;02/07/2012
2012019940;1;1;1;1;6;800;12/08/2012
2012019941;4;2;1;1;6;800;24/10/2012
2012019942;1;1;1;1;3;800;22/03/2012
2012019943;1;1;1;1;6;800;26/04/2012
2012019944;1;2;1;1;6;800;06/05/2012
2012019945;1;1;1;1;6;800;28/05/2012
2012019946;1;2;1;1;1;800;07/07/2012
2012019947;3;2;1;1;6;800;09/07/2012
2012019948;1;1;1;1;1;800;20/07/2012
2012019949;1;1;2;1;3;800;01/08/2012
2012019950;1;2;4;1;1;800;04/08/2012
2012019951;1;2;1;1;2;800;08/09/2012
2012019952;5;2;1;1;1;800;03/10/2012
2012019953;2;1;1;1;7;800;14/10/2012
2012019954;3;1;1;1;7;800;22/11/2012
2012019955;1;2;6;1;1;800;24/11/2012
2012019956;5;2;1;8;6;800;27/12/2012
2012019957;1;1;1;2;6;800;01/01/2012
2012019958;1;1;1;2;7;800;06/03/2012
2012019959;1;1;1;1;7;800;13/03/2012
2012019960;1;1;2;1;3;800;16/03/2012
2012019961;1;1;1;1;1;800;27/03/2012
2012019962;1;2;1;1;6;800;01/04/2012
2012019963;1;1;1;2;7;800;18/04/2012
2012019964;1;1;1;1;6;800;08/06/2012
2012019965;3;2;1;1;6;800;09/06/2012
2012019966;1;1;2;1;1;800;10/06/2012
2012019967;1;1;1;1;7;800;14/07/2012
2012019968;1;1;1;1;5;800;24/07/2012
2012019969;5;2;1;1;7;800;05/09/2012
2012019970;1;2;2;1;1;800;08/11/2012
2012019971;2;2;3;5;1;800;13/11/2012
2012019972;3;1;1;2;6;800;17/11/2012
2012019973;3;1;2;1;1;800;11/12/2012
2012019974;5;2;1;1;6;800;20/01/2012
2012019975;1;1;1;1;5;800;14/05/2012
2012019976;1;1;2;1;1;800;04/08/2012
2012019977;5;2;1;2;6;800;23/11/2012
2012019978;1;1;6;1;6;800;03/04/2012
2012019979;3;2;1;1;6;800;13/04/2012
2012019980;3;1;1;1;6;800;31/10/2012
2012019981;3;2;1;1;6;800;20/11/2012
2012019982;1;1;2;1;3;800;04/12/2012
2012019983;1;2;2;2;3;800;05/12/2012
2012019984;1;2;1;1;6;600;01/08/2012
2012019985;1;1;1;1;7;240;12/06/2012
2012019986;1;1;1;1;6;240;03/09/2012
2012019987;2;1;1;1;7;202;09/01/2012
2012019988;1;2;1;1;1;202;28/07/2012
2012019989;4;1;1;1;6;202;11/08/2012
2012019990;3;1;1;4;7;202;04/02/2012
2012019991;3;1;1;1;7;202;21/07/2012
2012019992;1;2;1;1;1;202;23/07/2012
2012019993;3;1;9;1;6;202;10/08/2012
2012019994;1;1;1;5;2;202;19/10/2012
2012019995;1;1;1;1;1;202;30/10/2012
2012019996;1;1;1;7;1;202;27/12/2012
2012019997;1;1;1;2;5;202;01/09/2012
2012019998;5;2;1;1;7;202;03/06/2012
2012019999;1;2;1;1;6;202;25/06/2012
2012020000;1;1;1;1;6;202;02/07/2012
2012020001;1;1;1;7;1;202;03/08/2012
2012020002;1;1;1;1;7;202;30/10/2012
2012020003;4;2;1;1;6;202;12/12/2012
2012020004;5;1;1;2;6;202;20/12/2012
2012020005;1;1;1;1;3;310;17/01/2012
2012020006;1;2;1;8;2;310;22/01/2012
2012020007;1;1;2;1;5;310;03/05/2012
2012020008;1;1;1;1;3;310;03/10/2012
2012020009;3;1;1;1;2;310;05/10/2012
2012020010;5;2;1;1;3;310;23/11/2012
2012020011;5;1;1;8;6;310;04/12/2012
2012020012;1;2;1;1;3;201;23/08/2012
2012020013;1;1;1;1;1;201;13/06/2012
2012020014;1;1;1;1;4;201;13/05/2012
2012020015;1;2;1;1;3;201;16/05/2012
2012020016;3;1;1;1;7;201;17/06/2012
2012020017;5;2;1;1;3;201;23/07/2012
2012020018;5;1;9;1;6;201;21/09/2012
2012020019;4;2;1;4;1;201;10/02/2012
2012020020;2;1;1;1;1;201;14/07/2012
2012020021;1;1;1;1;1;201;19/07/2012
2012020022;1;1;9;1;1;201;26/07/2012
2012020023;1;1;1;1;4;201;27/07/2012
2012020024;1;1;1;1;3;201;31/08/2012
2012020025;1;2;1;1;3;201;13/07/2012
2012020026;1;1;1;1;1;201;27/07/2012
2012020027;1;2;1;1;1;201;18/08/2012
2012020028;3;1;1;1;7;201;13/12/2012
2012020029;1;1;1;2;6;201;25/09/2012
2012020030;1;2;1;1;1;201;11/08/2012
2012020031;1;1;1;1;1;201;09/06/2012
2012020032;1;1;1;7;6;201;10/07/2012
2012020033;2;1;2;8;3;790;15/02/2012
2012020034;3;1;2;2;3;790;14/07/2012
2012020035;1;1;1;1;1;790;05/10/2012
2012020036;2;2;1;2;6;790;14/02/2012
2012020037;1;1;1;1;1;790;22/02/2012
2012020038;3;1;1;2;6;790;05/03/2012
2012020039;3;1;6;1;7;790;25/03/2012
2012020040;1;1;1;1;6;790;25/03/2012
2012020041;1;1;1;1;1;790;26/03/2012
2012020042;4;2;9;1;6;790;08/05/2012
2012020043;2;1;1;1;6;790;07/07/2012
2012020044;3;1;1;1;7;790;28/07/2012
2012020045;1;1;1;1;6;790;30/09/2012
2012020046;1;1;2;1;3;790;28/10/2012
2012020047;3;1;1;1;1;790;06/12/2012
2012020048;1;1;1;1;4;790;18/08/2012
2012020049;3;1;3;1;3;790;11/01/2012
2012020050;1;1;2;1;3;790;26/03/2012
2012020051;1;1;1;1;1;790;31/03/2012
2012020052;5;2;6;1;6;790;15/04/2012
2012020053;1;1;1;1;1;790;07/06/2012
2012020054;3;1;1;1;6;790;26/07/2012
2012020055;1;2;1;1;3;790;31/12/2012
2012020056;5;2;1;1;2;790;17/09/2012
2012020057;5;1;1;1;6;790;10/01/2012
2012020058;1;1;1;1;2;790;24/04/2012
2012020059;4;2;1;1;6;790;17/06/2012
2012020060;1;1;1;1;6;790;28/05/2012
2012020061;1;1;1;1;6;790;02/06/2012
2012020062;1;1;3;1;3;790;04/07/2012
2012020063;1;1;2;7;3;790;25/12/2012
2012020064;5;2;6;1;6;790;29/11/2012
2012020065;1;1;1;1;6;790;30/12/2012
2012020066;1;2;1;1;2;760;11/02/2012
2012020067;1;1;1;1;1;760;27/02/2012
2012020068;1;1;1;1;6;760;10/04/2012
2012020069;1;1;1;1;3;760;26/05/2012
2012020070;1;2;9;2;3;760;29/08/2012
2012020071;1;2;1;1;6;760;09/09/2012
2012020072;2;1;1;8;5;760;10/10/2012
2012020073;1;2;1;1;6;760;12/01/2012
2012020074;2;1;2;1;3;760;20/01/2012
2012020075;1;1;2;1;1;760;29/06/2012
2012020076;1;1;2;1;3;760;18/08/2012
2012020077;3;1;1;3;6;760;27/08/2012
2012020078;1;1;2;1;3;760;30/08/2012
2012020079;1;1;8;1;1;760;26/08/2012
2012020080;1;1;1;1;6;760;18/09/2012
2012020081;1;1;2;1;1;760;02/08/2012
2012020082;1;1;1;1;6;760;28/09/2012
2012020083;1;2;1;1;3;760;11/09/2012
2012020084;3;1;1;2;1;760;10/11/2012
2012020085;1;1;1;1;6;760;25/03/2012
2012020086;2;2;5;2;6;760;11/09/2012
2012020087;1;1;1;1;6;760;15/11/2012
2012020088;2;1;1;2;6;760;29/12/2012
2012020089;1;1;1;1;3;760;24/10/2012
2012020090;3;1;1;1;2;760;26/10/2012
2012020091;1;1;1;1;3;760;16/03/2012
2012020092;2;1;1;1;7;760;25/03/2012
2012020093;1;1;2;1;3;760;13/05/2012
2012020094;1;1;1;1;1;760;27/05/2012
2012020095;1;1;3;1;1;760;24/07/2012
2012020096;3;1;1;3;1;760;10/04/2012
2012020097;3;1;2;1;1;760;11/05/2012
2012020098;1;1;2;1;3;760;19/08/2012
2012020099;1;1;2;1;3;760;10/09/2012
2012020100;2;1;1;5;5;760;31/03/2012
2012020101;1;2;1;1;6;760;05/08/2012
2012020102;2;1;1;2;1;760;13/10/2012
2012020103;1;2;1;1;6;760;03/06/2012
2012020104;1;2;1;1;6;670;18/02/2012
2012020105;1;1;1;1;1;670;22/02/2012
2012020106;2;1;1;1;5;670;23/02/2012
2012020107;2;1;1;1;1;670;04/05/2012
2012020108;1;1;1;1;6;670;18/05/2012
2012020109;1;1;1;1;1;670;16/06/2012
2012020110;1;2;1;1;3;670;04/07/2012
2012020111;1;1;1;8;2;670;08/07/2012
2012020112;1;1;1;1;3;670;13/08/2012
2012020113;3;1;1;1;6;670;21/10/2012
2012020114;1;2;1;1;1;670;05/12/2012
2012020115;3;1;1;1;6;670;22/09/2012
2012020116;5;2;1;1;6;670;24/02/2012
2012020117;1;1;1;1;6;780;05/07/2012
2012020118;1;1;1;1;3;780;19/10/2012
2012020119;5;2;1;2;6;770;28/12/2012
2012020120;1;1;1;1;6;770;22/06/2012
2012020121;1;1;1;1;7;770;25/03/2012
2012020122;1;1;1;1;3;770;16/05/2012
2012020123;1;1;1;1;2;770;23/07/2012
2012020124;1;1;1;1;3;770;16/10/2012
2012020125;3;1;1;3;6;770;22/12/2012
2012020126;1;1;1;1;1;740;28/02/2012
2012020127;5;2;6;1;6;740;25/03/2012
2012020128;1;2;3;7;6;740;10/04/2012
2012020129;1;2;1;1;3;740;10/06/2012
2012020130;3;1;1;8;7;740;28/07/2012
2012020131;1;1;1;1;5;740;25/08/2012
2012020132;1;1;1;1;1;740;04/09/2012
2012020133;1;2;4;1;3;740;11/09/2012
2012020134;3;1;1;1;7;740;14/09/2012
2012020135;1;1;2;1;1;740;02/04/2012
2012020136;1;1;1;1;1;740;29/05/2012
2012020137;5;1;4;1;3;740;29/06/2012
2012020138;2;2;1;3;7;740;08/07/2012
2012020139;1;1;1;8;6;740;06/08/2012
2012020140;1;2;3;1;1;740;26/08/2012
2012020141;3;1;1;1;3;740;16/03/2012
2012020142;3;1;1;1;1;740;12/05/2012
2012020143;5;2;7;2;1;740;13/07/2012
2012020144;1;2;1;1;6;740;03/08/2012
2012020145;1;2;3;1;1;740;10/08/2012
2012020146;1;2;3;1;3;740;11/09/2012
2012020147;2;2;1;2;3;740;26/10/2012
2012020148;5;2;1;2;5;740;31/10/2012
2012020149;5;2;3;5;3;740;14/11/2012
2012020150;1;1;1;1;6;740;24/11/2012
2012020151;1;1;1;1;3;740;24/03/2012
2012020152;2;1;1;2;3;740;15/04/2012
2012020153;1;1;1;1;6;740;17/04/2012
2012020154;3;2;1;1;6;740;22/04/2012
2012020155;3;2;1;1;6;740;17/05/2012
2012020156;3;1;1;1;6;740;17/05/2012
2012020157;2;2;1;1;6;740;26/05/2012
2012020158;3;1;1;1;1;740;27/05/2012
2012020159;1;1;3;1;3;740;25/06/2012
2012020160;1;2;2;1;1;740;28/06/2012
2012020161;3;1;1;1;6;740;01/07/2012
2012020162;1;1;1;1;2;740;30/06/2012
2012020163;1;2;4;1;1;740;08/09/2012
2012020164;3;1;1;1;1;740;04/10/2012
2012020165;1;1;1;1;6;740;08/11/2012
2012020166;1;1;1;1;1;740;06/02/2012
2012020167;1;1;1;1;1;740;15/05/2012
2012020168;1;1;1;1;1;740;27/05/2012
2012020169;5;2;1;1;6;740;28/06/2012
2012020170;1;1;1;1;6;740;17/07/2012
2012020171;1;1;1;1;3;740;28/05/2012
2012020172;3;1;1;1;1;740;06/11/2012
2012020173;1;1;1;1;6;740;22/12/2012
2012020174;3;1;1;1;3;740;23/12/2012
2012020175;2;1;1;1;1;740;26/02/2012
2012020176;1;1;1;1;1;740;06/10/2012
2012020177;1;1;1;1;2;740;06/10/2012
2012020178;1;1;1;1;7;740;27/07/2012
2012020179;1;1;9;1;6;740;03/08/2012
2012020180;1;2;1;1;6;740;03/09/2012
2012020181;1;2;2;1;6;740;24/01/2012
2012020182;1;1;1;1;5;740;03/02/2012
2012020183;5;2;1;1;7;740;02/06/2012
2012020184;1;2;4;1;1;740;16/11/2012
2012020185;5;2;1;1;6;740;16/11/2012
2012020186;5;2;1;2;6;740;26/11/2012
2012020187;1;1;1;2;1;250;19/01/2012
2012020188;1;1;3;1;5;250;27/02/2012
2012020189;2;1;1;8;1;250;19/03/2012
2012020190;1;2;6;1;1;250;17/04/2012
2012020191;1;2;1;2;6;250;22/04/2012
2012020192;2;1;1;1;1;250;17/10/2012
2012020193;5;2;1;2;1;250;18/12/2012
2012020194;1;1;1;1;1;560;29/05/2012
2012020195;1;2;1;1;6;560;23/07/2012
2012020196;1;1;1;1;5;560;14/08/2012
2012020197;1;1;1;1;3;560;22/08/2012
2012020198;3;1;1;1;5;560;18/12/2012
2012020199;1;2;1;1;3;560;14/04/2012
2012020200;1;1;1;1;2;560;07/04/2012
2012020201;1;1;1;1;6;560;24/07/2012
2012020202;1;1;1;1;3;560;28/07/2012
2012020203;1;1;1;1;5;560;22/08/2012
2012020204;1;2;1;1;6;560;23/03/2012
2012020205;1;1;1;1;6;560;24/04/2012
2012020206;1;1;1;1;3;560;03/06/2012
2012020207;3;1;1;1;6;560;29/02/2012
2012020208;1;1;1;1;1;560;28/07/2012
2012020209;1;1;1;1;5;560;10/08/2012
2012020210;1;2;6;1;3;560;16/06/2012
2012020211;1;1;1;1;3;560;30/10/2012
2012020212;3;2;1;8;7;560;14/07/2012
2012020213;1;1;1;1;3;560;23/07/2012
2012020214;1;2;1;1;3;560;29/02/2012
2012020215;1;1;9;9;5;560;05/03/2012
2012020216;3;1;1;8;7;560;16/06/2012
2012020217;1;1;1;1;3;560;04/07/2012
2012020218;1;1;1;1;7;560;08/07/2012
2012020219;1;1;1;1;1;560;11/07/2012
2012020220;3;1;1;1;6;560;16/09/2012
2012020221;3;1;1;8;7;560;17/11/2012
2012020222;1;1;1;2;3;560;23/11/2012
2012020223;3;1;1;2;3;560;18/12/2012
2012020224;1;1;1;1;3;560;09/01/2012
2012020225;1;1;1;1;3;560;27/01/2012
2012020226;1;2;1;1;6;560;01/07/2012
2012020227;1;1;1;2;3;560;03/07/2012
2012020228;1;1;1;1;1;560;20/07/2012
2012020229;1;1;1;1;2;560;08/09/2012
2012020230;1;1;1;1;6;560;18/09/2012
2012020231;1;1;3;1;3;560;11/10/2012
2012020232;3;1;1;8;3;560;06/12/2012
2012020233;2;2;1;3;6;560;17/12/2012
2012020234;3;1;1;1;6;560;17/12/2012
2012020235;1;1;1;1;1;560;28/01/2012
2012020236;2;1;1;1;6;560;01/02/2012
2012020237;1;1;1;1;3;560;10/02/2012
2012020238;1;1;1;1;6;560;29/02/2012
2012020239;1;2;1;1;6;560;14/04/2012
2012020240;1;1;1;1;2;560;08/09/2012
2012020241;2;1;1;1;6;560;29/09/2012
2012020242;1;1;1;2;6;560;22/10/2012
2012020243;2;1;1;5;1;560;15/11/2012
2012020244;1;2;1;1;6;560;04/12/2012
2012020245;1;2;1;1;6;560;13/02/2012
2012020246;1;1;1;1;6;560;27/06/2012
2012020247;1;2;1;1;6;560;15/08/2012
2012020248;1;1;1;2;4;560;20/10/2012
2012020249;1;1;1;7;3;560;21/11/2012
2012020250;1;1;1;1;3;560;26/12/2012
2012020251;3;1;1;1;6;560;04/02/2012
2012020252;1;1;3;1;3;560;10/08/2012
2012020253;3;1;1;2;6;560;30/01/2012
2012020254;1;2;1;1;3;560;30/07/2012
2012020255;1;1;1;1;1;560;04/08/2012
2012020256;1;1;1;1;1;560;11/08/2012
2012020257;2;2;1;1;3;560;14/01/2012
2012020258;1;1;1;1;7;560;14/07/2012
2012020259;1;1;1;1;6;560;28/07/2012
2012020260;3;1;1;2;7;560;04/11/2012
2012020261;2;1;1;1;1;560;30/11/2012
2012020262;1;1;1;1;7;560;15/07/2012
2012020263;1;2;1;1;6;560;02/09/2012
2012020264;3;1;1;3;6;560;26/09/2012
2012020265;3;1;1;1;6;560;27/10/2012
2012020266;3;2;1;1;1;950;26/01/2012
2012020267;1;1;1;2;4;950;21/06/2012
2012020268;1;1;1;3;5;950;24/06/2012
2012020269;1;1;1;3;3;950;24/06/2012
2012020270;2;1;1;2;3;950;02/10/2012
2012020271;2;1;1;3;3;950;04/10/2012
2012020272;1;1;1;2;4;950;10/10/2012
2012020273;1;1;1;1;4;950;16/10/2012
2012020274;1;1;1;1;6;950;09/11/2012
2012020275;3;1;1;1;1;950;26/11/2012
2012020276;2;2;1;1;6;950;23/12/2012
2012020277;3;1;1;1;5;950;19/08/2012
2012020278;3;1;1;1;5;950;19/11/2012
2012020279;1;2;1;1;6;950;05/03/2012
2012020280;1;1;6;1;3;950;17/04/2012
2012020281;1;2;1;1;6;950;19/04/2012
2012020282;1;1;1;1;2;950;20/07/2012
2012020283;2;2;6;5;6;190;23/09/2012
2012020284;3;1;1;1;6;190;16/06/2012
2012020285;1;1;1;1;7;190;06/10/2012
2012020286;2;1;1;1;6;190;02/07/2012
2012020287;1;1;1;1;6;190;08/09/2012
2012020288;2;1;1;1;3;190;03/09/2012
2012020289;3;1;3;2;3;190;25/04/2012
2012020290;1;2;1;1;7;190;04/04/2012
2012020291;1;1;1;2;1;190;10/04/2012
2012020292;1;2;7;9;3;190;22/05/2012
2012020293;1;1;1;1;6;190;23/07/2012
2012020294;1;1;3;1;2;190;01/08/2012
2012020295;1;1;1;1;6;190;19/10/2012
2012020296;3;1;1;1;7;560;05/02/2012
2012020297;1;2;1;1;2;560;04/04/2012
2012020298;1;1;1;1;2;560;01/05/2012
2012020299;1;1;1;1;3;560;21/05/2012
2012020300;1;2;1;2;3;560;09/06/2012
2012020301;1;1;1;1;2;560;27/06/2012
2012020302;1;1;1;1;1;560;17/07/2012
2012020303;1;1;1;1;7;560;22/07/2012
2012020304;1;1;1;7;2;560;25/07/2012
2012020305;1;1;1;1;1;560;29/07/2012
2012020306;1;2;1;2;7;560;08/10/2012
2012020307;1;1;1;1;2;560;13/10/2012
2012020308;3;1;1;1;7;560;31/10/2012
2012020309;3;1;1;8;4;590;22/02/2012
2012020310;3;1;1;9;3;590;17/03/2012
2012020311;5;2;1;1;6;590;08/08/2012
2012020312;1;2;1;1;2;590;17/05/2012
2012020313;1;1;1;1;5;590;07/07/2012
2012020314;1;2;1;1;7;590;01/09/2012
2012020315;5;2;1;8;6;590;31/12/2012
2012020316;1;1;1;1;5;590;12/07/2012
2012020317;1;2;2;1;3;590;27/09/2012
2012020318;1;1;1;1;7;510;14/04/2012
2012020319;3;1;1;1;6;510;08/03/2012
2012020320;2;1;1;1;6;510;08/01/2012
2012020321;1;1;3;1;3;510;24/07/2012
2012020322;1;1;1;1;7;510;27/07/2012
2012020323;1;1;1;1;1;510;03/08/2012
2012020324;5;1;1;1;6;510;11/02/2012
2012020325;1;2;1;1;6;510;01/04/2012
2012020326;1;1;1;1;6;510;10/04/2012
2012020327;5;2;2;1;3;510;03/08/2012
2012020328;1;1;1;1;1;510;18/08/2012
2012020329;1;2;2;1;3;510;31/08/2012
2012020330;1;1;1;8;4;510;27/09/2012
2012020331;5;2;1;2;7;510;13/10/2012
2012020332;1;2;2;2;3;510;13/10/2012
2012020333;2;1;1;1;2;510;23/10/2012
2012020334;1;1;3;1;4;510;26/11/2012
2012020335;1;1;1;1;4;510;09/09/2012
2012020336;3;1;1;1;7;510;26/08/2012
2012020337;1;1;1;1;7;510;19/02/2012
2012020338;1;1;2;1;3;510;05/09/2012
2012020339;2;2;1;2;7;510;11/09/2012
2012020340;1;1;1;2;6;510;26/09/2012
2012020341;1;1;1;1;3;620;13/05/2012
2012020342;1;1;1;1;3;620;02/06/2012
2012020343;1;1;1;1;1;620;30/03/2012
2012020344;3;1;1;1;1;510;15/01/2012
2012020345;3;1;1;1;7;510;30/01/2012
2012020346;3;1;1;1;6;510;04/02/2012
2012020347;1;1;1;1;1;510;06/04/2012
2012020348;1;2;1;8;3;510;04/09/2012
2012020349;1;1;1;1;3;510;11/09/2012
2012020350;1;2;1;1;3;910;11/05/2012
2012020351;2;1;1;1;6;910;31/05/2012
2012020352;5;2;1;2;6;910;22/12/2012
2012020353;2;2;1;1;1;910;04/05/2012
2012020354;3;1;1;1;2;950;13/09/2012
2012020355;3;1;1;3;1;890;23/01/2012
2012020356;2;1;1;1;6;890;24/09/2012
2012020357;3;1;1;1;6;890;13/10/2012
2012020358;1;1;1;1;3;40;01/08/2012
2012020359;1;1;1;1;6;40;04/08/2012
2012020360;3;1;1;1;7;570;12/02/2012
2012020361;2;1;1;1;6;570;24/07/2012
2012020362;1;1;2;1;4;570;13/03/2012
2012020363;1;1;1;1;1;570;08/06/2012
2012020364;1;2;1;1;7;570;06/08/2012
2012020365;2;1;1;8;7;570;17/04/2012
2012020366;1;1;1;1;6;570;14/09/2012
2012020367;1;1;1;4;3;570;14/12/2012
2012020368;1;1;1;2;3;570;20/12/2012
2012020369;1;1;1;1;1;570;10/10/2012
2012020370;1;1;1;1;1;570;20/03/2012
2012020371;1;1;1;1;1;570;23/08/2012
2012020372;1;1;1;7;2;570;08/09/2012
2012020373;1;1;9;1;1;570;22/10/2012
2012020374;1;1;1;8;1;570;05/12/2012
2012020375;1;2;3;8;3;570;11/03/2012
2012020376;1;1;1;1;7;570;22/07/2012
2012020377;1;1;1;9;7;570;15/10/2012
2012020378;3;1;1;1;6;570;20/10/2012
2012020379;3;1;1;1;7;570;30/11/2012
2012020380;1;1;1;1;3;350;16/01/2012
2012020381;3;1;1;1;1;350;20/01/2012
2012020382;2;1;1;1;3;350;20/01/2012
2012020383;2;1;2;1;3;350;01/02/2012
2012020384;2;1;1;5;7;350;29/04/2012
2012020385;1;2;7;1;1;350;30/04/2012
2012020386;1;1;3;1;1;350;22/06/2012
2012020387;1;1;2;1;3;350;09/07/2012
2012020388;1;1;2;2;3;350;12/11/2012
2012020389;1;2;1;1;6;310;07/03/2012
2012020390;1;2;1;1;7;440;06/06/2012
2012020391;1;1;1;1;1;440;10/08/2012
2012020392;5;2;1;6;3;620;03/01/2012
2012020393;1;2;1;8;6;620;25/01/2012
2012020394;1;1;1;7;3;830;18/02/2012
2012020395;1;1;1;1;1;830;31/03/2012
2012020396;1;1;1;1;1;830;20/04/2012
2012020397;1;1;1;1;4;830;02/05/2012
2012020398;1;2;1;1;3;830;02/06/2012
2012020399;1;2;1;1;1;830;15/07/2012
2012020400;1;1;1;2;3;830;25/08/2012
2012020401;1;1;1;6;5;830;31/08/2012
2012020402;1;1;1;1;2;830;09/09/2012
2012020403;1;1;1;1;3;830;13/09/2012
2012020404;1;1;1;1;6;830;22/09/2012
2012020405;2;1;1;4;1;830;12/01/2012
2012020406;1;1;1;1;4;830;01/06/2012
2012020407;1;2;1;1;6;830;04/07/2012
2012020408;1;1;1;1;2;830;30/07/2012
2012020409;1;1;1;1;1;830;14/11/2012
2012020410;1;1;1;1;3;740;04/02/2012
2012020411;3;1;1;1;1;740;24/03/2012
2012020412;3;1;1;1;3;740;24/03/2012
2012020413;3;1;1;1;6;740;28/03/2012
2012020414;1;1;1;1;7;740;25/05/2012
2012020415;1;2;1;1;2;740;20/06/2012
2012020416;3;1;1;1;3;740;01/07/2012
2012020417;1;1;4;1;3;740;06/07/2012
2012020418;3;1;1;8;6;740;29/07/2012
2012020419;1;2;1;1;3;740;30/07/2012
2012020420;1;1;1;1;1;740;07/08/2012
2012020421;3;1;1;1;1;740;08/08/2012
2012020422;1;1;2;2;1;740;30/08/2012
2012020423;1;1;4;1;3;740;15/09/2012
2012020424;1;2;1;1;3;740;03/10/2012