num_acc;lum;agg;inter;atm;col;dep;date
2012020425;1;1;1;1;1;740;05/10/2012
2012020426;1;1;1;1;1;740;05/10/2012
2012020427;1;1;2;1;3;740;23/10/2012
2012020428;3;1;1;1;5;740;30/10/2012
2012020429;1;2;1;4;1;740;03/12/2012
2012020430;5;2;1;1;5;740;21/12/2012
2012020431;1;1;3;1;3;350;31/08/2012
2012020432;3;1;1;8;6;240;25/01/2012
2012020433;1;1;1;8;6;240;25/04/2012
2012020434;1;1;1;1;6;240;11/05/2012
2012020435;1;1;1;1;6;240;29/05/2012
2012020436;3;1;1;3;7;240;02/06/2012
2012020437;2;1;1;1;2;240;30/08/2012
2012020438;1;2;1;1;6;340;16/02/2012
2012020439;1;1;1;1;6;340;16/04/2012
2012020440;1;1;1;1;3;340;07/05/2012
2012020441;1;1;6;1;1;340;17/07/2012
2012020442;1;2;1;1;1;340;30/07/2012
2012020443;1;1;1;1;3;340;07/11/2012
2012020444;2;1;1;2;1;340;14/12/2012
2012020445;5;2;6;1;6;160;19/12/2012
2012020446;1;2;1;1;6;160;17/01/2012
2012020447;2;2;6;2;3;160;04/01/2012
2012020448;2;2;1;2;6;160;22/12/2012
2012020449;1;1;1;1;1;160;19/01/2012
2012020450;1;2;6;1;3;160;01/02/2012
2012020451;5;2;1;1;6;160;16/03/2012
2012020452;1;2;1;1;6;160;20/02/2012
2012020453;1;2;1;1;6;160;24/02/2012
2012020454;1;2;1;1;6;160;03/02/2012
2012020455;1;2;3;8;3;160;25/04/2012
2012020456;1;2;1;1;3;160;03/04/2012
2012020457;2;2;1;1;6;160;02/04/2012
2012020458;1;2;1;1;6;160;12/04/2012
2012020459;1;2;1;1;6;160;09/05/2012
2012020460;1;2;1;1;3;160;08/06/2012
2012020461;1;2;1;1;3;160;05/06/2012
2012020462;1;2;1;8;6;160;06/06/2012
2012020463;1;2;1;1;7;160;18/06/2012
2012020464;3;1;1;2;7;160;17/06/2012
2012020465;5;2;1;1;2;160;28/05/2012
2012020466;2;2;1;1;6;160;15/06/2012
2012020467;1;2;1;1;6;160;22/06/2012
2012020468;1;2;1;1;3;160;24/06/2012
2012020469;1;2;1;1;2;160;27/05/2012
2012020470;1;1;1;1;2;160;28/05/2012
2012020471;5;2;3;1;3;160;07/07/2012
2012020472;1;1;1;1;6;160;14/08/2012
2012020473;1;1;1;1;3;160;17/08/2012
2012020474;1;2;1;1;2;160;01/08/2012
2012020475;1;1;2;1;3;160;22/08/2012
2012020476;5;2;1;1;6;160;04/09/2012
2012020477;1;2;1;1;3;160;07/09/2012
2012020478;5;2;1;1;7;160;07/04/2012
2012020479;1;2;1;1;3;160;27/04/2012
2012020480;2;2;1;2;1;160;13/09/2012
2012020481;1;1;1;2;3;160;24/09/2012
2012020482;5;2;1;1;6;160;29/09/2012
2012020483;1;1;1;1;6;160;03/10/2012
2012020484;5;2;1;2;3;160;18/10/2012
2012020485;1;2;1;1;2;160;29/10/2012
2012020486;2;2;1;1;3;160;13/11/2012
2012020487;5;2;1;1;1;160;12/11/2012
2012020488;2;1;1;1;7;160;18/11/2012
2012020489;5;2;1;1;6;160;18/11/2012
2012020490;5;1;1;1;6;160;30/11/2012
2012020491;1;1;1;1;6;160;29/11/2012
2012020492;1;2;3;1;3;160;08/12/2012
2012020493;5;2;1;2;6;160;13/12/2012
2012020494;2;2;1;1;6;160;13/12/2012
2012020495;1;2;3;2;3;160;14/12/2012
2012020496;2;2;1;1;6;160;07/12/2012
2012020497;1;2;9;1;6;160;23/12/2012
2012020498;1;2;1;2;6;160;21/12/2012
2012020499;1;2;1;1;3;160;06/01/2012
2012020500;5;2;2;1;3;160;29/01/2012
2012020501;1;1;3;1;2;160;10/05/2012
2012020502;1;2;1;1;6;160;16/05/2012
2012020503;1;2;3;1;3;160;23/05/2012
2012020504;1;2;2;1;3;160;08/06/2012
2012020505;1;1;6;1;3;160;20/06/2012
2012020506;1;2;1;1;7;160;27/07/2012
2012020507;1;2;3;1;3;160;26/08/2012
2012020508;1;2;1;1;3;160;02/09/2012
2012020509;5;2;2;1;3;160;17/10/2012
2012020510;1;2;1;1;7;160;22/10/2012
2012020511;1;2;1;1;2;160;15/11/2012
2012020512;5;2;1;1;7;160;05/12/2012
2012020513;1;2;1;1;7;160;17/12/2012
2012020514;5;2;1;3;7;160;25/12/2012
2012020515;5;2;2;1;3;160;27/12/2012
2012020516;1;1;3;1;3;770;14/01/2012
2012020517;1;1;3;1;3;770;22/03/2012
2012020518;1;1;1;1;5;770;05/07/2012
2012020519;5;2;1;1;3;690;27/03/2012
2012020520;1;1;6;1;3;690;17/04/2012
2012020521;1;2;1;7;6;690;06/05/2012
2012020522;1;1;6;1;7;690;29/05/2012
2012020523;1;1;1;1;6;690;23/06/2012
2012020524;1;2;1;1;6;690;18/07/2012
2012020525;1;1;1;1;6;690;27/08/2012
2012020526;1;1;1;1;7;690;31/08/2012
2012020527;5;2;1;1;3;690;29/09/2012
2012020528;1;2;1;1;1;690;17/10/2012
2012020529;2;2;1;1;3;690;15/12/2012
2012020530;1;2;1;1;3;590;15/04/2012
2012020531;1;2;1;1;7;170;10/01/2012
2012020532;1;2;2;1;3;170;16/01/2012
2012020533;1;2;1;1;4;170;19/01/2012
2012020534;1;2;2;4;3;170;07/02/2012
2012020535;5;2;1;1;3;170;17/02/2012
2012020536;1;2;1;2;7;170;23/02/2012
2012020537;2;2;2;2;3;170;24/02/2012
2012020538;1;2;2;1;3;170;26/02/2012
2012020539;1;2;1;1;1;170;29/02/2012
2012020540;5;2;1;1;3;170;29/02/2012
2012020541;1;1;1;1;4;170;01/03/2012
2012020542;5;2;1;1;2;170;02/03/2012
2012020543;1;2;1;1;7;170;08/03/2012
2012020544;1;2;1;1;7;170;29/03/2012
2012020545;5;2;1;1;7;170;31/03/2012
2012020546;1;1;1;1;7;170;31/03/2012
2012020547;1;2;6;1;7;170;18/04/2012
2012020548;1;2;1;1;3;170;19/04/2012
2012020549;1;2;1;1;2;170;09/05/2012
2012020550;1;2;3;1;3;170;17/05/2012
2012020551;1;2;1;2;7;170;21/05/2012
2012020552;1;2;1;1;2;170;26/05/2012
2012020553;1;2;2;1;3;170;17/06/2012
2012020554;1;2;1;1;7;170;21/06/2012
2012020555;1;2;1;1;7;170;23/06/2012
2012020556;1;2;1;1;7;170;25/06/2012
2012020557;1;2;1;1;7;170;06/07/2012
2012020558;5;2;2;2;3;170;07/07/2012
2012020559;1;2;2;1;3;170;18/07/2012
2012020560;1;1;1;1;7;170;19/07/2012
2012020561;1;2;1;1;7;170;21/07/2012
2012020562;1;2;6;1;3;170;28/07/2012
2012020563;5;2;1;1;7;170;30/07/2012
2012020564;1;2;3;1;3;170;31/07/2012
2012020565;1;1;1;2;1;170;14/08/2012
2012020566;1;1;1;1;4;170;17/08/2012
2012020567;1;1;1;1;3;170;17/08/2012
2012020568;1;2;1;1;7;170;18/08/2012
2012020569;1;2;6;1;3;170;21/08/2012
2012020570;1;2;1;1;7;170;23/08/2012
2012020571;1;2;1;1;7;170;28/08/2012
2012020572;5;2;1;1;6;170;02/09/2012
2012020573;1;2;1;1;7;170;15/09/2012
2012020574;1;2;2;2;3;170;25/09/2012
2012020575;1;2;2;1;7;170;27/09/2012
2012020576;1;2;1;1;7;170;19/10/2012
2012020577;1;2;3;1;3;170;20/10/2012
2012020578;2;2;2;1;3;170;25/10/2012
2012020579;5;2;1;1;7;170;30/10/2012
2012020580;5;1;2;2;3;170;05/11/2012
2012020581;1;2;1;1;7;170;09/11/2012
2012020582;1;2;6;1;7;170;12/11/2012
2012020583;1;1;1;1;3;170;15/11/2012
2012020584;1;2;1;1;2;170;19/11/2012
2012020585;1;2;1;1;2;170;19/11/2012
2012020586;1;2;1;1;7;170;22/11/2012
2012020587;1;2;1;1;7;170;23/11/2012
2012020588;3;2;1;1;7;170;27/11/2012
2012020589;1;1;6;1;7;170;28/11/2012
2012020590;1;2;6;1;7;170;07/12/2012
2012020591;1;2;2;1;3;170;09/12/2012
2012020592;5;1;1;1;6;170;12/12/2012
2012020593;1;1;1;1;7;170;18/12/2012
2012020594;5;2;9;1;2;170;02/01/2012
2012020595;1;2;1;1;7;170;03/01/2012
2012020596;1;2;1;1;6;170;03/01/2012
2012020597;1;2;1;1;2;170;09/01/2012
2012020598;2;2;1;1;6;170;09/01/2012
2012020599;5;2;1;1;7;170;10/01/2012
2012020600;1;2;1;1;3;170;11/01/2012
2012020601;1;2;2;1;3;170;11/01/2012
2012020602;1;1;1;1;7;170;13/01/2012
2012020603;5;2;1;1;3;170;13/01/2012
2012020604;3;2;1;1;6;170;21/01/2012
2012020605;1;2;1;1;2;170;23/01/2012
2012020606;2;2;1;1;3;170;26/01/2012
2012020607;1;1;1;1;7;170;27/01/2012
2012020608;1;1;1;1;3;170;27/01/2012
2012020609;1;2;1;1;3;170;31/01/2012
2012020610;5;1;1;1;4;170;31/01/2012
2012020611;1;2;1;1;6;170;01/02/2012
2012020612;5;2;1;1;7;170;04/02/2012
2012020613;1;2;1;4;1;170;05/02/2012
2012020614;1;2;1;4;7;170;08/02/2012
2012020615;5;2;2;1;3;170;12/02/2012
2012020616;5;2;1;1;6;170;16/02/2012
2012020617;5;2;1;1;2;170;17/02/2012
2012020618;1;2;1;1;7;170;21/02/2012
2012020619;1;1;1;1;4;170;22/02/2012
2012020620;1;2;1;1;2;170;24/02/2012
2012020621;1;2;1;1;6;170;24/02/2012
2012020622;5;2;1;1;7;170;24/02/2012
2012020623;1;2;1;1;7;170;28/02/2012
2012020624;1;2;1;1;7;170;02/03/2012
2012020625;1;2;1;1;7;170;06/03/2012
2012020626;1;2;3;1;3;170;06/03/2012
2012020627;5;2;1;1;6;170;07/03/2012
2012020628;3;2;1;1;7;170;09/03/2012
2012020629;1;2;1;1;2;170;09/03/2012
2012020630;1;2;1;1;6;170;12/03/2012
2012020631;1;2;1;1;3;170;13/03/2012
2012020632;1;2;1;1;2;170;14/03/2012
2012020633;1;2;1;1;1;170;14/03/2012
2012020634;1;2;1;1;1;170;15/03/2012
2012020635;1;2;1;1;2;170;16/03/2012
2012020636;1;1;1;1;6;170;18/03/2012
2012020637;1;2;1;1;7;170;18/03/2012
2012020638;1;2;1;1;2;170;21/03/2012
2012020639;1;2;1;7;3;170;23/03/2012
2012020640;1;2;9;1;3;170;24/03/2012
2012020641;1;2;1;1;7;170;26/03/2012
2012020642;5;2;1;1;1;170;27/03/2012
2012020643;1;2;1;1;6;170;28/03/2012
2012020644;1;2;1;1;1;170;28/03/2012
2012020645;2;2;1;1;7;170;31/03/2012
2012020646;1;2;1;1;7;170;31/03/2012
2012020647;3;2;2;1;3;170;01/04/2012
2012020648;1;2;1;1;1;170;02/04/2012
2012020649;1;1;1;1;3;170;03/04/2012
2012020650;5;2;1;1;7;170;03/04/2012
2012020651;1;1;1;1;2;170;04/04/2012
2012020652;1;2;1;1;5;170;04/04/2012
2012020653;1;2;3;1;3;170;06/04/2012
2012020654;1;2;1;1;6;170;06/04/2012
2012020655;2;2;1;1;6;170;07/04/2012
2012020656;1;2;1;1;2;170;09/04/2012
2012020657;1;2;1;1;1;170;10/04/2012
2012020658;1;2;1;1;3;170;11/04/2012
2012020659;1;2;1;1;4;170;12/04/2012
2012020660;1;2;1;1;6;170;13/04/2012
2012020661;1;1;1;1;4;170;13/04/2012
2012020662;1;2;1;1;7;170;17/04/2012
2012020663;4;2;1;1;3;170;17/04/2012
2012020664;3;1;1;1;6;170;19/04/2012
2012020665;2;2;1;1;2;170;20/04/2012
2012020666;1;2;1;1;3;170;20/04/2012
2012020667;3;2;1;1;7;170;21/04/2012
2012020668;1;1;1;1;6;170;23/04/2012
2012020669;2;2;1;1;6;170;24/04/2012
2012020670;1;2;1;1;3;170;26/04/2012
2012020671;1;1;1;2;7;170;28/04/2012
2012020672;1;2;1;1;1;170;28/04/2012
2012020673;1;2;1;1;2;170;03/05/2012
2012020674;5;2;1;1;6;170;05/05/2012
2012020675;1;2;1;1;6;170;05/05/2012
2012020676;5;2;1;1;1;170;06/05/2012
2012020677;1;2;1;1;6;170;07/05/2012
2012020678;5;2;2;1;3;170;09/05/2012
2012020679;1;2;9;1;2;170;10/05/2012
2012020680;1;1;1;1;2;170;10/05/2012
2012020681;1;2;1;1;7;170;10/05/2012
2012020682;1;2;1;1;1;170;11/05/2012
2012020683;1;2;9;1;1;170;15/05/2012
2012020684;1;2;1;1;4;170;15/05/2012
2012020685;1;2;1;1;3;170;16/05/2012
2012020686;1;2;1;1;7;170;20/05/2012
2012020687;1;2;1;1;2;170;21/05/2012
2012020688;1;1;1;1;2;170;22/05/2012
2012020689;3;2;1;1;1;170;22/05/2012
2012020690;1;2;3;1;3;170;23/05/2012
2012020691;1;2;1;1;2;170;23/05/2012
2012020692;1;2;1;1;6;170;25/05/2012
2012020693;1;2;1;1;2;170;25/05/2012
2012020694;1;2;1;1;3;170;27/05/2012
2012020695;1;2;1;1;7;170;27/05/2012
2012020696;1;1;1;1;4;170;27/05/2012
2012020697;1;1;1;1;2;170;29/05/2012
2012020698;1;2;1;1;7;170;29/05/2012
2012020699;2;2;1;1;7;170;30/05/2012
2012020700;2;2;9;1;2;170;31/05/2012
2012020701;1;2;1;1;2;170;04/06/2012
2012020702;1;1;1;1;5;170;04/06/2012
2012020703;1;2;1;1;7;170;06/06/2012
2012020704;1;2;1;3;7;170;07/06/2012
2012020705;1;2;1;1;4;170;07/06/2012
2012020706;1;1;1;1;4;170;07/06/2012
2012020707;1;2;1;1;2;170;07/06/2012
2012020708;1;2;1;1;5;170;07/06/2012
2012020709;1;2;9;1;6;170;08/06/2012
2012020710;2;1;1;2;7;170;09/06/2012
2012020711;1;2;1;1;1;170;11/06/2012
2012020712;1;2;1;1;7;170;12/06/2012
2012020713;1;2;1;1;6;170;12/06/2012
2012020714;1;2;1;1;3;170;13/06/2012
2012020715;1;2;1;1;7;170;14/06/2012
2012020716;2;2;1;1;2;170;14/06/2012
2012020717;1;2;1;1;4;170;15/06/2012
2012020718;1;2;1;1;2;170;16/06/2012
2012020719;1;2;1;1;2;170;18/06/2012
2012020720;1;2;1;1;4;170;19/06/2012
2012020721;1;2;1;1;7;170;20/06/2012
2012020722;1;1;1;1;3;170;20/06/2012
2012020723;1;2;1;1;2;170;21/06/2012
2012020724;1;2;1;1;2;170;22/06/2012
2012020725;5;2;1;1;2;170;24/06/2012
2012020726;5;2;1;1;7;170;24/06/2012
2012020727;1;2;1;1;6;170;26/06/2012
2012020728;3;2;1;1;2;170;26/06/2012
2012020729;1;2;1;1;4;170;28/06/2012
2012020730;5;2;1;1;7;170;29/06/2012
2012020731;1;2;1;1;7;170;29/06/2012
2012020732;1;2;3;1;3;170;29/06/2012
2012020733;1;2;1;1;6;170;30/06/2012
2012020734;1;2;1;1;7;170;03/07/2012
2012020735;1;2;1;1;3;170;03/07/2012
2012020736;1;2;1;1;7;170;04/07/2012
2012020737;1;2;1;2;6;170;07/07/2012
2012020738;1;2;1;1;4;170;07/07/2012
2012020739;1;2;1;1;6;170;10/07/2012
2012020740;1;2;1;1;2;170;10/07/2012
2012020741;1;2;1;1;2;170;11/07/2012
2012020742;1;2;9;1;1;170;13/07/2012
2012020743;1;1;1;3;4;170;13/07/2012
2012020744;1;2;1;1;3;170;14/07/2012
2012020745;5;2;1;1;7;170;14/07/2012
2012020746;1;2;1;1;6;170;15/07/2012
2012020747;1;2;1;1;2;170;16/07/2012
2012020748;1;1;1;1;2;170;16/07/2012
2012020749;1;2;1;1;3;170;17/07/2012
2012020750;1;2;1;1;6;170;18/07/2012
2012020751;1;2;2;1;3;170;23/07/2012
2012020752;1;2;1;1;2;170;24/07/2012
2012020753;1;2;1;1;2;170;25/07/2012
2012020754;1;2;1;1;6;170;26/07/2012
2012020755;1;2;1;1;1;170;30/07/2012
2012020756;5;1;1;1;3;170;01/08/2012
2012020757;1;2;1;1;6;170;02/08/2012
2012020758;1;2;1;1;6;170;05/08/2012
2012020759;3;1;1;1;6;170;07/08/2012
2012020760;1;2;1;1;7;170;08/08/2012
2012020761;1;2;1;1;7;170;08/08/2012
2012020762;5;2;1;1;3;170;09/08/2012
2012020763;1;2;1;1;1;170;14/08/2012
2012020764;1;2;1;1;6;170;16/08/2012
2012020765;5;2;1;1;6;170;17/08/2012
2012020766;1;1;1;1;7;170;19/08/2012
2012020767;1;2;1;1;1;170;23/08/2012
2012020768;1;2;1;1;3;170;20/08/2012
2012020769;1;2;1;1;6;170;22/08/2012
2012020770;1;2;1;1;2;170;22/08/2012
2012020771;1;2;1;1;1;170;23/08/2012
2012020772;1;2;1;1;7;170;23/08/2012
2012020773;5;2;1;1;6;170;24/08/2012
2012020774;1;1;1;1;6;170;25/08/2012
2012020775;1;2;1;1;7;170;25/08/2012
2012020776;1;2;1;1;6;170;27/08/2012
2012020777;2;2;2;1;3;170;28/08/2012
2012020778;2;2;2;1;3;170;03/09/2012
2012020779;5;2;1;1;6;170;05/09/2012
2012020780;1;2;1;1;6;170;05/09/2012
2012020781;1;2;1;1;6;170;06/09/2012
2012020782;1;2;1;1;2;170;06/09/2012
2012020783;2;2;1;1;3;170;07/09/2012
2012020784;1;2;1;1;6;170;07/09/2012
2012020785;1;2;1;1;4;170;07/09/2012
2012020786;2;2;1;1;3;170;08/09/2012
2012020787;1;2;1;1;2;170;10/09/2012
2012020788;1;2;1;1;1;170;11/09/2012
2012020789;1;2;1;1;6;170;12/09/2012
2012020790;1;2;1;1;7;170;12/09/2012
2012020791;1;1;1;1;7;170;12/09/2012
2012020792;2;2;1;1;7;170;12/09/2012
2012020793;2;2;1;1;3;170;15/09/2012
2012020794;1;2;1;1;6;170;17/09/2012
2012020795;2;2;1;1;7;170;18/09/2012
2012020796;1;2;1;1;3;170;18/09/2012
2012020797;1;2;1;1;2;170;19/09/2012
2012020798;1;2;1;1;2;170;20/09/2012
2012020799;1;2;1;1;6;170;20/09/2012
2012020800;1;2;1;1;6;170;21/09/2012
2012020801;5;2;1;1;7;170;23/09/2012
2012020802;1;2;3;1;3;170;24/09/2012
2012020803;1;2;1;1;7;170;24/09/2012
2012020804;1;2;1;1;6;170;25/09/2012
2012020805;1;2;1;2;7;170;25/09/2012
2012020806;1;2;1;1;7;170;25/09/2012
2012020807;1;2;3;2;3;170;26/09/2012
2012020808;1;2;1;1;3;170;01/10/2012
2012020809;1;2;9;1;6;170;01/10/2012
2012020810;1;2;1;2;7;170;04/10/2012
2012020811;1;2;1;1;4;170;04/10/2012
2012020812;1;2;1;1;6;170;05/10/2012
2012020813;1;2;1;1;7;170;05/10/2012
2012020814;3;2;9;1;6;170;06/10/2012
2012020815;1;2;1;1;7;170;08/10/2012
2012020816;1;1;1;1;1;170;08/10/2012
2012020817;1;2;3;1;3;170;09/10/2012
2012020818;1;2;1;1;6;170;12/10/2012
2012020819;1;2;9;1;6;170;12/10/2012
2012020820;2;2;3;1;3;170;12/10/2012
2012020821;1;2;1;2;2;170;15/10/2012
2012020822;1;2;1;1;1;170;13/10/2012
2012020823;1;1;1;1;2;170;15/10/2012
2012020824;3;2;1;1;6;170;16/10/2012
2012020825;2;2;1;1;2;170;17/10/2012
2012020826;1;2;1;3;3;170;19/10/2012
2012020827;1;2;1;1;3;170;21/10/2012
2012020828;2;2;1;1;6;170;23/10/2012
2012020829;5;2;1;1;6;170;23/10/2012
2012020830;1;2;1;1;2;170;24/10/2012
2012020831;2;2;1;1;6;170;24/10/2012
2012020832;1;2;1;1;1;170;25/10/2012
2012020833;2;2;1;1;6;170;26/10/2012
2012020834;1;2;1;1;7;170;27/10/2012
2012020835;5;2;1;1;6;170;27/10/2012
2012020836;1;2;3;1;3;170;30/10/2012
2012020837;1;2;1;1;6;170;30/10/2012
2012020838;1;2;1;1;1;170;31/10/2012
2012020839;5;2;1;1;6;170;31/10/2012
2012020840;1;2;1;2;7;170;02/11/2012
2012020841;5;1;1;1;7;170;07/11/2012
2012020842;1;2;1;1;6;170;07/11/2012
2012020843;2;2;1;1;7;170;07/11/2012
2012020844;5;2;1;1;6;170;09/11/2012
2012020845;2;2;1;1;6;170;10/11/2012
2012020846;5;2;1;1;3;170;13/11/2012
2012020847;1;2;1;1;6;170;14/11/2012
2012020848;2;2;1;1;1;170;17/11/2012
2012020849;5;2;1;1;6;170;18/11/2012
2012020850;5;2;1;1;6;170;19/11/2012
2012020851;5;2;3;1;3;170;19/11/2012
2012020852;1;2;1;1;2;170;20/11/2012
2012020853;5;1;1;1;7;170;20/11/2012
2012020854;1;1;1;1;4;170;21/11/2012
2012020855;2;2;1;1;2;170;22/11/2012
2012020856;1;2;1;1;2;170;23/11/2012
2012020857;2;1;1;1;1;170;26/11/2012
2012020858;1;2;1;1;2;170;26/11/2012
2012020859;3;2;1;1;6;170;27/11/2012
2012020860;1;2;1;1;7;170;28/11/2012
2012020861;1;2;3;1;3;170;29/11/2012
2012020862;1;2;1;1;3;170;29/11/2012
2012020863;5;2;1;2;6;170;01/12/2012
2012020864;2;2;1;1;2;170;03/12/2012
2012020865;5;2;1;1;7;170;04/12/2012
2012020866;5;2;1;1;2;170;05/12/2012
2012020867;1;1;1;1;6;170;05/12/2012
2012020868;5;2;1;1;6;170;06/12/2012
2012020869;2;2;1;1;6;170;06/12/2012
2012020870;1;2;1;1;7;170;07/12/2012
2012020871;5;2;1;1;3;170;07/12/2012
2012020872;1;2;1;1;3;170;08/12/2012
2012020873;5;2;1;1;6;170;08/12/2012
2012020874;1;1;1;1;7;170;12/12/2012
2012020875;5;2;1;1;1;170;13/12/2012
2012020876;1;1;1;1;2;170;20/12/2012
2012020877;1;2;1;1;2;170;20/12/2012
2012020878;1;2;1;1;2;170;20/12/2012
2012020879;1;1;1;1;7;170;21/12/2012
2012020880;5;2;1;1;7;170;24/12/2012
2012020881;2;2;1;2;7;170;28/12/2012
2012020882;1;2;1;1;6;170;13/01/2012
2012020883;2;2;1;1;6;170;16/01/2012
2012020884;1;1;3;1;3;170;23/01/2012
2012020885;2;2;1;2;2;170;28/01/2012
2012020886;5;2;1;1;5;170;04/02/2012
2012020887;1;2;1;1;4;170;23/02/2012
2012020888;3;1;1;1;6;170;24/02/2012
2012020889;1;2;1;1;3;170;28/02/2012
2012020890;1;2;1;1;4;170;02/03/2012
2012020891;5;2;1;1;2;170;08/03/2012
2012020892;1;2;1;1;7;170;19/03/2012
2012020893;1;2;1;1;7;170;21/03/2012
2012020894;2;1;1;1;6;170;25/03/2012
2012020895;2;2;1;1;2;170;27/03/2012
2012020896;5;1;1;1;6;170;29/03/2012
2012020897;1;2;1;1;2;170;31/03/2012
2012020898;1;2;1;1;6;170;31/03/2012
2012020899;1;2;1;1;6;170;01/04/2012
2012020900;1;2;1;1;1;170;10/04/2012
2012020901;1;2;1;1;6;170;11/04/2012
2012020902;1;2;1;1;6;170;28/04/2012
2012020903;1;2;1;1;6;170;28/04/2012
2012020904;5;2;1;1;7;170;15/04/2012
2012020905;3;2;1;1;7;170;05/05/2012
2012020906;2;2;1;1;1;170;10/05/2012
2012020907;1;1;1;1;3;170;13/05/2012
2012020908;1;2;1;1;6;170;17/05/2012
2012020909;1;2;1;1;6;170;18/05/2012
2012020910;1;2;1;1;3;170;18/05/2012
2012020911;1;2;1;1;6;170;20/05/2012
2012020912;1;2;1;1;6;170;21/05/2012
2012020913;1;2;1;1;7;170;23/05/2012
2012020914;1;1;1;1;6;170;31/05/2012
2012020915;5;2;1;1;6;170;02/06/2012
2012020916;1;2;1;1;3;170;12/06/2012
2012020917;1;2;1;1;3;170;17/06/2012
2012020918;1;1;1;1;3;170;22/06/2012
2012020919;1;2;1;1;4;170;24/06/2012
2012020920;1;2;1;1;7;170;24/06/2012
2012020921;3;1;1;1;7;170;26/06/2012
2012020922;1;2;1;1;7;170;03/07/2012
2012020923;1;2;1;1;6;170;08/07/2012
2012020924;5;2;1;1;6;170;08/07/2012
2012020925;1;1;1;1;6;170;13/07/2012
2012020926;1;2;3;1;3;170;14/07/2012
2012020927;2;2;1;1;6;170;15/07/2012
2012020928;1;1;1;1;7;170;17/07/2012
2012020929;1;2;1;1;4;170;18/07/2012
2012020930;1;2;1;1;6;170;18/07/2012
2012020931;2;2;1;1;2;170;20/07/2012
2012020932;1;2;3;1;3;170;21/07/2012
2012020933;1;2;1;1;6;170;21/07/2012
2012020934;1;2;1;1;6;170;21/07/2012
2012020935;1;2;1;1;6;170;23/07/2012
2012020936;5;2;1;1;6;170;24/07/2012
2012020937;1;2;1;1;6;170;25/07/2012
2012020938;1;2;1;1;6;170;25/07/2012
2012020939;1;2;1;1;7;170;21/07/2012
2012020940;1;2;1;1;6;170;26/07/2012
2012020941;1;2;1;1;6;170;28/07/2012
2012020942;1;2;3;1;3;170;30/07/2012
2012020943;1;2;3;1;3;170;01/08/2012
2012020944;1;2;1;1;6;170;11/08/2012
2012020945;1;2;3;1;3;170;11/08/2012
2012020946;1;2;1;1;6;170;12/08/2012
2012020947;5;2;1;2;6;170;15/08/2012
2012020948;2;2;1;1;7;170;15/08/2012
2012020949;2;2;3;1;3;170;15/08/2012
2012020950;1;2;3;1;3;170;16/08/2012
2012020951;2;2;3;1;3;170;17/08/2012
2012020952;1;2;1;1;6;170;18/08/2012
2012020953;3;2;1;1;6;170;19/08/2012
2012020954;1;2;1;1;6;170;20/08/2012
2012020955;1;2;1;1;6;170;20/08/2012
2012020956;1;2;3;1;6;170;22/08/2012
2012020957;1;2;1;1;2;170;22/08/2012
2012020958;1;2;1;1;6;170;23/08/2012
2012020959;5;2;1;1;6;170;24/08/2012
2012020960;5;2;3;1;3;170;29/08/2012
2012020961;1;2;1;1;6;170;05/09/2012
2012020962;1;2;1;1;2;170;07/09/2012
2012020963;1;2;1;1;6;170;09/09/2012
2012020964;1;2;1;1;6;170;11/09/2012
2012020965;1;2;1;1;6;170;13/09/2012
2012020966;1;2;3;1;3;170;17/09/2012
2012020967;1;2;1;1;2;170;19/09/2012
2012020968;2;2;1;1;2;170;19/09/2012
2012020969;2;2;3;1;3;170;05/10/2012
2012020970;1;2;1;1;4;170;09/10/2012
2012020971;1;2;1;1;6;170;12/10/2012
2012020972;1;2;1;3;6;170;19/10/2012
2012020973;1;2;3;1;3;170;20/10/2012
2012020974;1;2;1;1;6;170;22/10/2012
2012020975;1;2;9;1;6;170;17/11/2012
2012020976;1;2;6;1;7;170;18/11/2012
2012020977;3;2;1;1;3;170;23/11/2012
2012020978;5;2;6;1;6;170;02/12/2012
2012020979;1;2;2;2;3;170;03/12/2012
2012020980;1;2;1;1;1;170;13/12/2012
2012020981;5;2;1;1;7;170;18/12/2012
2012020982;1;2;1;1;7;170;31/12/2012
2012020983;1;2;1;1;1;170;03/06/2012
2012020984;1;1;1;1;3;270;17/01/2012
2012020985;1;1;1;1;6;270;02/06/2012
2012020986;1;1;1;8;2;270;12/06/2012
2012020987;1;1;1;1;6;270;22/07/2012
2012020988;1;1;1;6;7;610;22/04/2012
2012020989;1;1;1;1;7;610;14/08/2012
2012020990;3;1;1;2;6;610;12/10/2012
2012020991;1;2;1;1;6;170;04/01/2012
2012020992;1;2;1;1;6;170;09/01/2012
2012020993;2;2;1;1;6;170;23/01/2012
2012020994;2;2;1;1;6;170;29/01/2012
2012020995;1;2;1;1;6;170;04/02/2012
2012020996;1;1;1;9;6;170;08/02/2012
2012020997;5;1;1;1;6;170;08/02/2012
2012020998;1;2;1;1;6;170;10/02/2012
2012020999;1;2;1;1;6;170;10/02/2012
2012021000;5;1;1;1;6;170;11/02/2012
2012021001;2;2;1;1;6;170;17/02/2012
2012021002;1;2;1;1;6;170;17/02/2012
2012021003;3;1;1;1;6;170;18/02/2012
2012021004;1;2;1;1;7;170;25/02/2012