num_acc;lum;agg;inter;atm;col;dep;date
2012023330;1;1;1;1;6;520;05/06/2012
2012023331;1;1;1;2;1;520;12/06/2012
2012023332;1;1;1;1;7;520;17/07/2012
2012023333;1;1;1;1;7;520;18/08/2012
2012023334;3;1;1;3;6;520;21/09/2012
2012023335;1;1;1;2;6;520;08/10/2012
2012023336;3;1;1;2;6;520;21/12/2012
2012023337;3;1;1;1;2;520;29/12/2012
2012023338;2;1;1;1;1;570;10/02/2012
2012023339;3;2;1;1;6;570;23/06/2012
2012023340;3;2;1;1;6;760;01/02/2012
2012023341;1;1;1;1;6;760;02/08/2012
2012023342;2;2;1;1;1;760;28/08/2012
2012023343;1;1;6;8;6;760;17/09/2012
2012023344;1;1;1;1;6;760;26/09/2012
2012023345;1;1;1;2;5;410;21/01/2012
2012023346;3;1;1;4;4;410;28/01/2012
2012023347;3;1;1;1;5;410;20/05/2012
2012023348;1;1;1;1;2;410;18/07/2012
2012023349;1;1;9;1;6;410;12/08/2012
2012023350;1;1;1;1;5;410;27/08/2012
2012023351;1;1;1;1;7;410;31/10/2012
2012023352;3;1;1;1;2;410;28/12/2012
2012023353;3;2;1;1;6;290;01/01/2012
2012023354;1;2;7;1;7;290;01/01/2012
2012023355;1;1;1;2;6;290;01/01/2012
2012023356;1;2;3;2;3;290;03/01/2012
2012023357;3;1;1;2;7;290;08/01/2012
2012023358;5;2;1;1;6;290;11/01/2012
2012023359;5;2;3;1;1;290;14/01/2012
2012023360;1;2;6;1;2;290;16/01/2012
2012023361;1;1;1;1;7;290;18/01/2012
2012023362;1;2;1;1;6;290;19/01/2012
2012023363;1;2;1;1;7;290;20/01/2012
2012023364;1;1;1;1;2;290;20/01/2012
2012023365;1;2;1;1;6;290;22/01/2012
2012023366;3;2;1;2;7;290;25/01/2012
2012023367;1;1;1;9;7;290;27/01/2012
2012023368;1;2;9;1;3;290;29/01/2012
2012023369;1;1;1;1;2;290;01/02/2012
2012023370;1;1;1;1;7;290;03/02/2012
2012023371;1;2;1;1;4;290;06/02/2012
2012023372;1;1;1;1;7;290;07/02/2012
2012023373;1;1;1;1;6;290;07/02/2012
2012023374;1;1;1;1;3;290;07/02/2012
2012023375;1;2;1;1;3;290;11/02/2012
2012023376;1;2;6;1;3;290;12/02/2012
2012023377;5;1;1;1;6;290;23/02/2012
2012023378;1;1;1;1;6;290;25/02/2012
2012023379;1;1;1;1;7;290;02/03/2012
2012023380;2;1;6;1;7;290;05/03/2012
2012023381;1;2;1;1;3;290;06/03/2012
2012023382;1;2;1;1;6;290;08/03/2012
2012023383;1;1;1;1;6;290;15/03/2012
2012023384;5;2;2;1;1;290;16/03/2012
2012023385;1;2;6;5;3;290;17/03/2012
2012023386;1;2;1;7;6;290;20/03/2012
2012023387;1;1;1;1;7;290;20/03/2012
2012023388;1;2;1;1;4;290;23/03/2012
2012023389;1;2;1;1;3;290;24/03/2012
2012023390;5;1;1;1;7;290;24/03/2012
2012023391;1;2;1;1;2;290;25/03/2012
2012023392;1;2;1;1;7;290;28/03/2012
2012023393;1;2;1;1;2;290;31/03/2012
2012023394;1;2;1;1;7;290;01/04/2012
2012023395;1;2;1;1;6;290;11/04/2012
2012023396;5;2;1;1;6;290;14/04/2012
2012023397;1;1;1;1;6;290;17/04/2012
2012023398;1;2;1;2;2;290;18/04/2012
2012023399;1;2;1;2;6;290;20/04/2012
2012023400;1;1;1;8;6;290;22/04/2012
2012023401;1;2;1;1;4;290;28/04/2012
2012023402;1;2;2;1;3;290;28/04/2012
2012023403;3;1;1;2;7;290;29/04/2012
2012023404;5;2;1;1;6;290;01/05/2012
2012023405;1;1;1;1;7;290;03/05/2012
2012023406;1;1;3;2;1;290;05/05/2012
2012023407;1;1;1;3;7;290;09/05/2012
2012023408;1;1;1;1;7;290;12/05/2012
2012023409;1;1;1;1;6;290;14/05/2012
2012023410;1;2;1;1;7;290;15/05/2012
2012023411;5;2;1;1;6;290;19/05/2012
2012023412;5;2;1;1;6;290;22/05/2012
2012023413;1;2;6;1;2;290;24/05/2012
2012023414;1;2;1;1;6;290;25/05/2012
2012023415;1;2;1;1;7;290;26/05/2012
2012023416;1;1;1;1;3;290;25/05/2012
2012023417;5;1;1;1;7;290;31/05/2012
2012023418;1;1;1;1;7;290;01/06/2012
2012023419;1;1;1;1;6;290;01/06/2012
2012023420;1;1;1;3;3;290;05/06/2012
2012023421;1;2;1;1;3;290;06/06/2012
2012023422;2;2;1;1;7;290;06/06/2012
2012023423;1;2;1;1;7;290;10/06/2012
2012023424;1;1;1;3;7;290;11/06/2012
2012023425;1;2;1;1;3;290;12/06/2012
2012023426;1;1;1;8;6;290;13/06/2012
2012023427;1;2;1;1;3;290;14/06/2012
2012023428;1;2;1;1;2;290;14/06/2012
2012023429;1;2;1;1;7;290;14/06/2012
2012023430;1;2;1;1;7;290;17/06/2012
2012023431;1;1;3;1;3;290;17/06/2012
2012023432;1;2;1;1;7;290;17/06/2012
2012023433;1;2;1;1;3;290;19/06/2012
2012023434;1;1;1;1;7;290;19/06/2012
2012023435;1;1;6;2;7;290;20/06/2012
2012023436;2;2;2;1;3;290;20/06/2012
2012023437;1;2;1;1;7;290;21/06/2012
2012023438;1;1;1;1;7;290;23/06/2012
2012023439;5;2;1;2;7;290;23/06/2012
2012023440;1;1;1;2;7;290;25/06/2012
2012023441;1;2;1;1;3;290;27/06/2012
2012023442;1;2;3;1;3;290;29/06/2012
2012023443;1;2;1;1;7;290;30/06/2012
2012023444;1;2;1;1;2;290;30/06/2012
2012023445;1;1;1;1;7;290;02/07/2012
2012023446;1;1;1;1;7;290;04/07/2012
2012023447;1;2;1;1;2;290;06/07/2012
2012023448;1;2;3;2;1;290;06/07/2012
2012023449;1;2;1;3;6;290;12/07/2012
2012023450;1;1;1;1;3;290;14/07/2012
2012023451;3;1;1;2;7;290;14/07/2012
2012023452;3;1;1;1;2;290;17/07/2012
2012023453;1;1;1;1;4;290;23/07/2012
2012023454;1;1;1;1;7;290;25/07/2012
2012023455;1;2;2;1;3;290;27/07/2012
2012023456;1;1;1;1;7;290;31/07/2012
2012023457;1;2;1;2;7;290;01/08/2012
2012023458;5;2;1;1;3;290;02/08/2012
2012023459;1;2;1;1;6;290;13/08/2012
2012023460;1;1;1;1;3;290;22/08/2012
2012023461;5;2;1;2;6;290;25/08/2012
2012023462;5;2;1;1;2;290;25/08/2012
2012023463;1;1;1;1;7;290;29/08/2012
2012023464;1;1;1;1;7;290;07/09/2012
2012023465;1;1;1;1;7;290;10/09/2012
2012023466;1;1;1;1;2;290;17/09/2012
2012023467;1;1;1;1;2;290;18/09/2012
2012023468;1;2;1;1;2;290;19/09/2012
2012023469;2;2;1;1;3;290;20/09/2012
2012023470;1;2;1;2;7;290;22/09/2012
2012023471;1;2;1;1;7;290;24/09/2012
2012023472;5;2;1;1;7;290;30/09/2012
2012023473;2;1;1;1;3;290;04/10/2012
2012023474;1;1;1;2;7;290;07/10/2012
2012023475;5;2;1;1;7;290;06/10/2012
2012023476;2;1;1;2;1;290;06/10/2012
2012023477;5;2;6;2;6;290;10/10/2012
2012023478;1;2;1;2;7;290;10/10/2012
2012023479;5;2;1;1;7;290;11/10/2012
2012023480;1;2;1;1;6;290;11/10/2012
2012023481;5;2;3;2;7;290;11/10/2012
2012023482;1;2;1;1;3;290;18/10/2012
2012023483;1;2;1;1;7;290;19/10/2012
2012023484;1;2;1;1;7;290;20/10/2012
2012023485;5;2;1;1;7;290;26/10/2012
2012023486;1;1;2;1;1;290;29/10/2012
2012023487;5;2;1;1;4;290;29/10/2012
2012023488;1;2;1;1;7;290;01/11/2012
2012023489;1;2;1;7;6;290;03/11/2012
2012023490;3;1;1;1;7;290;07/11/2012
2012023491;1;2;1;1;7;290;08/11/2012
2012023492;5;2;1;2;6;290;10/11/2012
2012023493;1;2;1;1;7;290;13/11/2012
2012023494;2;2;6;1;7;290;16/11/2012
2012023495;2;2;1;1;6;290;16/11/2012
2012023496;1;2;3;1;6;290;16/11/2012
2012023497;5;2;6;1;6;290;16/11/2012
2012023498;1;2;1;2;6;290;17/11/2012
2012023499;1;1;6;1;3;290;18/11/2012
2012023500;5;2;1;8;7;290;20/11/2012
2012023501;1;1;1;2;7;290;23/11/2012
2012023502;3;1;1;6;7;290;25/11/2012
2012023503;3;1;1;3;2;290;26/11/2012
2012023504;2;2;1;2;7;290;27/11/2012
2012023505;1;2;3;1;6;290;29/11/2012
2012023506;4;2;1;1;3;290;29/11/2012
2012023507;5;2;1;3;3;290;05/12/2012
2012023508;1;2;1;1;3;290;05/12/2012
2012023509;5;2;1;1;7;290;08/12/2012
2012023510;5;2;1;1;7;290;11/12/2012
2012023511;2;2;1;3;3;290;14/12/2012
2012023512;2;2;6;2;5;290;14/12/2012
2012023513;4;1;1;2;7;290;15/12/2012
2012023514;3;2;1;2;7;290;15/12/2012
2012023515;1;2;1;1;6;290;17/12/2012
2012023516;1;2;1;2;6;290;19/12/2012
2012023517;5;2;1;1;1;290;21/12/2012
2012023518;2;2;6;2;7;290;22/12/2012
2012023519;5;2;1;2;1;290;25/12/2012
2012023520;1;2;1;8;6;290;28/12/2012
2012023521;1;1;1;3;7;290;29/12/2012
2012023522;1;2;1;2;7;290;30/12/2012
2012023523;2;2;1;2;6;290;31/12/2012
2012023524;1;1;1;1;6;570;31/01/2012
2012023525;3;1;1;3;7;540;30/04/2012
2012023526;3;1;1;1;7;550;27/06/2012
2012023527;1;1;1;1;6;570;01/12/2012
2012023528;1;2;7;2;3;600;20/01/2012
2012023529;4;2;1;1;6;600;22/01/2012
2012023530;1;2;1;1;3;600;14/04/2012
2012023531;1;2;1;1;6;600;17/06/2012
2012023532;1;1;1;1;1;600;28/07/2012
2012023533;1;1;1;1;7;600;14/10/2012
2012023534;5;2;1;1;2;300;05/01/2012
2012023535;1;2;1;1;3;300;17/01/2012
2012023536;5;2;1;1;3;300;17/01/2012
2012023537;1;2;1;1;6;300;11/01/2012
2012023538;1;2;1;1;6;300;17/02/2012
2012023539;1;2;1;1;2;300;17/02/2012
2012023540;1;2;1;1;3;300;20/02/2012
2012023541;1;2;1;1;5;300;29/02/2012
2012023542;1;2;1;1;2;300;02/03/2012
2012023543;1;2;6;1;3;300;11/03/2012
2012023544;1;2;1;1;6;300;14/03/2012
2012023545;1;2;1;1;6;300;01/04/2012
2012023546;1;2;1;1;2;300;01/04/2012
2012023547;1;2;1;2;7;300;04/04/2012
2012023548;1;2;1;1;3;300;06/04/2012
2012023549;1;2;2;1;3;300;21/04/2012
2012023550;1;2;1;1;7;300;01/05/2012
2012023551;1;2;1;1;2;300;11/05/2012
2012023552;1;2;1;1;3;300;11/05/2012
2012023553;1;2;6;1;3;300;15/05/2012
2012023554;1;2;1;1;6;300;25/05/2012
2012023555;1;2;1;1;3;300;09/06/2012
2012023556;1;2;1;1;1;300;15/06/2012
2012023557;1;2;1;7;6;300;02/07/2012
2012023558;1;2;1;1;4;300;09/07/2012
2012023559;1;2;1;1;4;300;13/07/2012
2012023560;1;2;1;1;3;300;10/07/2012
2012023561;1;2;2;1;4;300;24/07/2012
2012023562;1;2;1;1;6;300;30/07/2012
2012023563;1;2;1;1;3;300;04/08/2012
2012023564;1;2;1;1;2;300;10/08/2012
2012023565;1;2;2;1;3;300;10/08/2012
2012023566;1;2;2;1;3;300;11/08/2012
2012023567;5;2;1;1;2;300;11/08/2012
2012023568;1;2;1;1;3;300;12/08/2012
2012023569;1;2;1;1;4;300;14/08/2012
2012023570;1;2;1;1;3;300;24/08/2012
2012023571;1;2;1;1;2;300;13/09/2012
2012023572;1;2;1;1;3;300;24/09/2012
2012023573;1;2;1;1;6;300;20/09/2012
2012023574;5;2;1;1;1;300;13/10/2012
2012023575;3;2;1;1;3;300;19/10/2012
2012023576;1;2;1;2;1;300;20/10/2012
2012023577;5;2;1;1;7;300;21/10/2012
2012023578;1;2;1;1;6;300;25/10/2012
2012023579;1;2;1;1;3;300;13/09/2012
2012023580;1;2;1;1;3;300;23/10/2012
2012023581;5;2;1;3;3;300;10/11/2012
2012023582;2;2;1;1;2;300;12/11/2012
2012023583;4;2;1;1;3;300;12/12/2012
2012023584;1;2;2;1;3;300;14/12/2012
2012023585;2;1;1;3;6;300;14/12/2012
2012023586;3;2;1;2;1;300;14/12/2012
2012023587;5;2;1;1;6;300;06/01/2012
2012023588;1;2;1;1;2;300;02/02/2012
2012023589;5;2;1;1;6;300;05/02/2012
2012023590;5;2;1;1;6;300;09/02/2012
2012023591;5;2;1;1;3;300;13/02/2012
2012023592;5;2;1;1;6;300;13/02/2012
2012023593;1;2;3;1;3;300;21/02/2012
2012023594;1;2;1;1;6;300;08/03/2012
2012023595;1;2;1;1;2;300;08/03/2012
2012023596;1;2;1;1;6;300;08/03/2012
2012023597;1;2;1;1;1;300;05/03/2012
2012023598;1;2;1;1;2;300;15/03/2012
2012023599;1;2;1;1;6;300;15/03/2012
2012023600;1;2;3;1;3;300;15/03/2012
2012023601;1;2;1;1;6;300;29/03/2012
2012023602;1;2;1;1;4;300;08/04/2012
2012023603;1;2;1;1;6;300;25/04/2012
2012023604;1;2;1;1;6;300;16/05/2012
2012023605;1;2;1;1;6;300;29/05/2012
2012023606;1;2;1;1;6;300;07/06/2012
2012023607;1;2;1;1;3;300;22/06/2012
2012023608;1;2;1;1;6;300;27/06/2012
2012023609;1;2;1;3;6;300;01/07/2012
2012023610;1;2;1;1;6;300;10/07/2012
2012023611;5;2;1;1;4;300;02/11/2012
2012023612;1;2;1;1;4;300;08/11/2012
2012023613;2;2;1;1;6;300;05/11/2012
2012023614;1;2;1;1;6;300;23/07/2012
2012023615;1;1;1;1;4;300;27/07/2012
2012023616;1;2;1;1;1;300;26/07/2012
2012023617;1;2;1;1;6;300;07/08/2012
2012023618;1;2;1;1;4;300;12/08/2012
2012023619;1;2;1;1;4;300;12/08/2012
2012023620;1;2;1;1;3;300;13/09/2012
2012023621;1;2;1;1;2;300;22/09/2012
2012023622;3;1;3;1;5;300;03/10/2012
2012023623;1;2;1;1;6;300;17/10/2012
2012023624;5;2;1;2;6;300;29/11/2012
2012023625;1;2;1;1;6;300;19/12/2012
2012023626;1;2;1;1;6;300;06/12/2012
2012023627;5;2;1;1;2;300;15/12/2012
2012023628;5;2;1;1;3;300;05/12/2012
2012023629;1;1;3;1;3;300;18/07/2012
2012023630;1;2;1;1;6;300;01/01/2012
2012023631;1;2;1;1;2;300;01/01/2012
2012023632;1;2;1;1;3;300;03/01/2012
2012023633;1;2;3;1;3;300;03/01/2012
2012023634;2;2;1;1;7;300;08/01/2012
2012023635;1;2;1;1;3;300;09/01/2012
2012023636;1;2;3;1;3;300;09/01/2012
2012023637;5;2;1;1;3;300;09/01/2012
2012023638;1;2;3;1;3;300;10/01/2012
2012023639;1;2;1;1;3;300;10/01/2012
2012023640;1;2;1;1;7;300;11/01/2012
2012023641;5;1;1;1;3;300;12/01/2012
2012023642;1;2;1;1;6;300;13/01/2012
2012023643;1;2;1;1;2;300;13/01/2012
2012023644;2;2;1;1;6;300;13/01/2012
2012023645;5;2;2;2;3;300;14/01/2012
2012023646;5;2;6;1;1;300;15/01/2012
2012023647;5;2;1;1;6;300;15/01/2012
2012023648;5;2;3;1;2;300;18/01/2012
2012023649;3;1;1;1;7;300;18/01/2012
2012023650;1;2;2;1;6;300;19/01/2012
2012023651;1;2;1;1;3;300;20/01/2012
2012023652;5;2;1;1;6;300;21/01/2012
2012023653;1;2;2;1;3;300;22/01/2012
2012023654;1;2;1;1;6;300;24/01/2012
2012023655;3;2;1;1;2;300;24/01/2012
2012023656;3;2;2;1;3;300;26/01/2012
2012023657;1;2;3;1;1;300;28/01/2012
2012023658;1;2;2;1;6;300;30/01/2012
2012023659;1;2;2;1;6;300;30/01/2012
2012023660;1;2;1;1;2;300;01/02/2012
2012023661;5;2;1;1;6;300;02/02/2012
2012023662;5;2;2;1;3;300;05/02/2012
2012023663;1;2;1;1;6;300;06/02/2012
2012023664;5;2;3;1;2;300;07/02/2012
2012023665;5;2;2;1;2;300;10/02/2012
2012023666;5;2;3;1;3;300;14/02/2012
2012023667;1;2;2;1;3;300;14/02/2012
2012023668;1;2;3;1;6;300;14/02/2012
2012023669;1;2;3;1;2;300;15/02/2012
2012023670;1;2;1;1;2;300;16/02/2012
2012023671;5;2;1;1;7;300;19/02/2012
2012023672;1;1;1;1;3;300;20/02/2012
2012023673;2;2;2;1;3;300;21/02/2012
2012023674;1;2;2;1;6;300;22/02/2012
2012023675;2;2;3;1;3;300;23/02/2012
2012023676;2;2;1;1;7;300;24/02/2012
2012023677;1;2;2;1;2;300;24/02/2012
2012023678;1;2;1;1;3;300;24/02/2012
2012023679;1;2;1;1;6;300;25/02/2012
2012023680;1;2;2;1;3;300;27/02/2012
2012023681;1;2;2;1;2;300;29/02/2012
2012023682;1;2;1;1;3;300;29/02/2012
2012023683;2;2;2;1;3;300;29/02/2012
2012023684;2;2;1;9;3;300;02/03/2012
2012023685;1;2;1;1;7;300;03/03/2012
2012023686;1;2;1;1;5;300;03/03/2012
2012023687;5;2;1;1;7;300;04/03/2012
2012023688;5;2;1;2;7;300;04/03/2012
2012023689;5;2;1;2;3;300;04/03/2012
2012023690;1;2;1;1;3;300;07/03/2012
2012023691;1;2;1;1;7;300;08/03/2012
2012023692;1;2;2;1;3;300;08/03/2012
2012023693;1;2;1;1;6;300;10/03/2012
2012023694;5;2;2;1;3;300;10/03/2012
2012023695;3;2;1;1;7;300;12/03/2012
2012023696;1;2;1;1;6;300;14/03/2012
2012023697;5;2;1;1;3;300;14/03/2012
2012023698;1;2;1;1;4;300;15/03/2012
2012023699;3;2;1;1;6;300;16/03/2012
2012023700;1;1;1;1;5;300;18/03/2012
2012023701;1;2;1;1;6;300;19/03/2012
2012023702;1;2;1;1;2;300;20/03/2012
2012023703;1;2;2;1;2;300;20/03/2012
2012023704;1;2;1;2;1;300;21/03/2012
2012023705;1;2;1;1;6;300;22/03/2012
2012023706;5;2;1;1;6;300;24/03/2012
2012023707;1;2;1;1;2;300;25/03/2012
2012023708;1;2;1;1;2;300;27/03/2012
2012023709;1;2;1;1;2;300;27/03/2012
2012023710;1;2;1;1;6;300;28/03/2012
2012023711;1;1;1;1;5;300;30/03/2012
2012023712;1;2;3;1;3;300;30/03/2012
2012023713;1;2;3;1;3;300;31/03/2012
2012023714;1;2;1;1;3;300;01/04/2012
2012023715;1;2;1;1;2;300;01/04/2012
2012023716;1;2;1;1;6;300;02/04/2012
2012023717;1;2;1;1;6;300;02/04/2012
2012023718;1;2;1;1;4;300;02/04/2012
2012023719;1;2;3;1;3;300;02/04/2012
2012023720;1;2;2;1;3;300;02/04/2012
2012023721;1;1;1;1;3;300;05/04/2012
2012023722;1;2;1;1;7;300;06/04/2012
2012023723;1;2;2;1;2;300;06/04/2012
2012023724;1;2;3;1;3;300;13/04/2012
2012023725;1;2;1;1;3;300;14/04/2012
2012023726;1;2;2;1;3;300;15/04/2012
2012023727;1;2;3;1;3;300;19/04/2012
2012023728;3;2;1;1;7;300;20/04/2012
2012023729;5;2;1;1;6;300;22/04/2012
2012023730;5;2;1;1;6;300;22/04/2012
2012023731;1;2;1;1;6;300;23/04/2012
2012023732;5;2;1;3;6;300;28/04/2012
2012023733;1;2;3;1;2;300;30/04/2012
2012023734;1;2;1;1;6;300;02/05/2012
2012023735;1;2;1;1;6;300;03/05/2012
2012023736;5;2;2;1;3;300;05/05/2012
2012023737;1;2;1;1;6;300;06/05/2012
2012023738;1;2;6;1;2;300;12/05/2012
2012023739;5;2;1;1;6;300;13/05/2012
2012023740;1;2;1;1;5;300;14/05/2012
2012023741;5;2;1;1;6;300;14/05/2012
2012023742;1;2;1;1;6;300;16/05/2012
2012023743;3;2;1;2;7;300;18/05/2012
2012023744;1;2;1;1;3;300;18/05/2012
2012023745;5;2;1;1;6;300;18/05/2012
2012023746;5;2;1;1;6;300;19/05/2012
2012023747;5;2;1;1;6;300;19/05/2012
2012023748;1;2;2;1;1;300;23/05/2012
2012023749;3;1;1;1;6;300;24/05/2012
2012023750;1;2;1;1;7;300;25/05/2012
2012023751;5;2;1;1;6;300;26/05/2012
2012023752;1;2;1;1;7;300;26/05/2012
2012023753;2;2;1;1;2;300;28/05/2012
2012023754;5;2;1;1;6;300;29/05/2012
2012023755;1;2;1;1;6;300;29/05/2012
2012023756;1;2;1;1;4;300;29/05/2012
2012023757;1;2;6;1;3;300;31/05/2012
2012023758;1;2;3;1;2;300;31/05/2012
2012023759;1;2;1;1;6;300;01/06/2012
2012023760;5;2;1;1;6;300;01/06/2012
2012023761;1;1;1;1;3;300;02/06/2012
2012023762;1;2;1;1;6;300;02/06/2012
2012023763;1;2;1;1;6;300;04/06/2012
2012023764;1;2;1;1;2;300;05/06/2012
2012023765;1;2;1;1;3;300;05/06/2012
2012023766;1;2;1;1;2;300;06/06/2012
2012023767;1;2;3;1;3;300;06/06/2012
2012023768;1;2;1;1;3;300;06/06/2012
2012023769;1;2;1;1;6;300;06/06/2012
2012023770;1;2;1;1;3;300;06/06/2012
2012023771;1;2;1;1;6;300;07/06/2012
2012023772;1;2;1;1;6;300;09/06/2012
2012023773;1;2;1;1;6;300;11/06/2012
2012023774;2;2;1;3;3;300;11/06/2012
2012023775;1;1;1;1;3;300;12/06/2012
2012023776;1;2;1;1;5;300;13/06/2012
2012023777;1;2;1;1;4;300;15/06/2012
2012023778;1;2;1;1;6;300;16/06/2012
2012023779;2;2;2;1;3;300;18/06/2012
2012023780;1;2;1;1;6;300;21/06/2012
2012023781;1;2;1;1;7;300;22/06/2012
2012023782;1;2;1;1;6;300;23/06/2012
2012023783;1;2;1;1;3;300;24/06/2012
2012023784;1;2;1;1;6;300;25/06/2012
2012023785;1;2;1;1;6;300;25/06/2012
2012023786;1;2;1;1;6;300;27/06/2012
2012023787;1;1;1;1;6;300;28/06/2012
2012023788;3;2;1;1;7;300;28/06/2012
2012023789;1;2;1;1;3;300;30/06/2012
2012023790;1;2;1;1;6;300;30/06/2012
2012023791;1;1;1;1;6;300;02/07/2012
2012023792;5;1;1;1;6;300;02/07/2012
2012023793;1;2;1;1;6;300;03/07/2012
2012023794;1;1;1;2;4;300;05/07/2012
2012023795;2;2;1;1;2;300;06/07/2012
2012023796;5;2;1;1;6;300;06/07/2012
2012023797;1;2;3;1;3;300;08/07/2012
2012023798;1;2;1;1;4;300;13/07/2012
2012023799;5;2;1;1;6;300;15/07/2012
2012023800;1;2;1;1;4;300;18/07/2012
2012023801;1;2;1;1;3;300;18/07/2012
2012023802;1;2;1;1;6;300;20/07/2012
2012023803;1;2;1;1;6;300;21/07/2012
2012023804;1;2;1;1;6;300;21/07/2012
2012023805;5;2;1;1;6;300;22/07/2012
2012023806;1;2;1;1;6;300;25/07/2012
2012023807;1;2;1;1;6;300;25/07/2012
2012023808;1;2;1;1;6;300;25/07/2012
2012023809;1;2;1;1;6;300;26/07/2012
2012023810;1;1;1;1;6;300;30/07/2012
2012023811;1;2;1;1;6;300;01/08/2012
2012023812;1;2;2;1;3;300;04/08/2012
2012023813;1;2;6;2;6;300;06/08/2012
2012023814;1;2;2;1;3;300;06/08/2012
2012023815;5;2;1;1;7;300;07/08/2012
2012023816;1;2;1;1;2;300;07/08/2012
2012023817;1;2;6;1;3;300;08/08/2012
2012023818;1;1;6;1;2;300;09/08/2012
2012023819;1;2;1;1;2;300;10/08/2012
2012023820;1;2;1;1;6;300;10/08/2012
2012023821;1;1;1;1;3;300;13/08/2012
2012023822;5;2;1;1;6;300;14/08/2012
2012023823;1;2;2;1;3;300;15/08/2012
2012023824;1;1;3;1;3;300;18/08/2012
2012023825;3;1;1;1;7;300;19/08/2012
2012023826;1;2;1;1;1;300;19/08/2012
2012023827;5;2;1;1;6;300;20/08/2012
2012023828;3;1;1;1;6;300;23/08/2012
2012023829;2;2;2;1;6;300;24/08/2012
2012023830;1;2;2;1;3;300;25/08/2012
2012023831;5;2;1;1;4;300;25/08/2012
2012023832;1;1;1;1;6;300;31/08/2012
2012023833;5;2;1;1;3;300;31/08/2012
2012023834;3;2;1;1;6;300;01/09/2012
2012023835;1;1;1;1;6;300;02/09/2012
2012023836;1;2;2;1;3;300;05/09/2012
2012023837;1;1;1;1;6;300;06/09/2012
2012023838;5;1;1;1;6;300;06/09/2012
2012023839;1;2;1;1;3;300;07/09/2012
2012023840;1;1;1;1;6;300;08/09/2012
2012023841;1;1;1;1;6;300;08/09/2012
2012023842;1;2;1;1;7;300;09/09/2012
2012023843;1;1;1;1;6;300;13/09/2012
2012023844;1;1;6;1;6;300;14/09/2012
2012023845;1;2;1;1;2;300;15/09/2012
2012023846;1;2;1;1;2;300;15/09/2012
2012023847;1;2;1;1;6;300;18/09/2012
2012023848;5;2;2;1;3;300;18/09/2012
2012023849;1;1;1;1;6;300;19/09/2012
2012023850;1;1;1;1;6;300;19/09/2012
2012023851;1;1;1;1;6;300;20/09/2012
2012023852;1;1;1;1;6;300;22/09/2012
2012023853;1;1;1;1;6;300;23/09/2012
2012023854;1;1;1;1;6;300;24/09/2012
2012023855;1;1;2;1;3;300;24/09/2012
2012023856;1;1;1;2;6;300;26/09/2012
2012023857;5;2;1;2;6;300;26/09/2012
2012023858;5;2;1;2;3;300;30/09/2012
2012023859;1;1;1;2;6;300;30/09/2012
2012023860;1;2;1;1;7;300;02/10/2012
2012023861;1;1;1;1;6;300;03/10/2012
2012023862;1;1;1;1;3;300;06/10/2012
2012023863;5;2;1;1;7;300;06/10/2012
2012023864;1;2;1;1;6;300;07/10/2012
2012023865;1;2;6;1;6;300;09/10/2012
2012023866;1;2;6;1;2;300;10/10/2012
2012023867;1;2;3;1;3;300;11/10/2012
2012023868;1;2;3;1;3;300;11/10/2012
2012023869;2;2;6;8;2;300;11/10/2012
2012023870;1;2;1;1;3;300;12/10/2012
2012023871;5;2;2;1;3;300;13/10/2012
2012023872;1;1;1;1;3;300;14/10/2012
2012023873;1;2;2;1;2;300;18/10/2012
2012023874;5;2;2;1;3;300;18/10/2012
2012023875;2;2;1;1;3;300;19/10/2012
2012023876;5;2;1;1;7;300;19/10/2012
2012023877;1;2;1;1;2;300;20/10/2012
2012023878;1;2;1;1;6;300;22/10/2012
2012023879;1;2;1;1;7;300;24/10/2012
2012023880;1;2;1;1;3;300;24/10/2012
2012023881;1;2;3;1;3;300;27/10/2012
2012023882;1;2;1;1;6;300;27/10/2012
2012023883;3;1;1;6;6;300;28/10/2012
2012023884;1;2;3;1;3;300;30/10/2012
2012023885;5;2;1;1;6;300;01/11/2012
2012023886;5;2;4;9;2;300;01/11/2012
2012023887;1;2;1;7;7;300;02/11/2012
2012023888;5;2;1;1;1;300;02/11/2012
2012023889;1;2;3;7;3;300;05/11/2012
2012023890;1;2;1;1;4;300;05/11/2012
2012023891;1;2;1;1;6;300;05/11/2012
2012023892;1;2;1;1;2;300;09/11/2012
2012023893;5;2;1;2;6;300;10/11/2012
2012023894;1;1;1;2;7;300;10/11/2012
2012023895;5;2;1;1;6;300;14/11/2012
2012023896;1;2;3;1;2;300;16/11/2012
2012023897;5;2;1;1;4;300;16/11/2012
2012023898;5;2;3;2;3;300;17/11/2012
2012023899;1;2;1;8;6;300;17/11/2012
2012023900;5;2;1;1;2;300;20/11/2012
2012023901;5;2;2;1;2;300;20/11/2012
2012023902;1;2;1;1;6;300;21/11/2012
2012023903;1;2;1;1;6;300;22/11/2012
2012023904;1;2;3;1;3;300;23/11/2012
2012023905;5;2;2;1;3;300;23/11/2012
2012023906;1;2;1;8;7;300;26/11/2012
2012023907;1;2;2;1;2;300;03/12/2012
2012023908;1;2;1;1;3;300;04/12/2012
2012023909;1;2;2;1;6;300;04/12/2012
2012023910;1;2;3;1;3;300;04/12/2012