num_acc;lum;agg;inter;atm;col;dep;date
2012025654;5;1;3;1;3;330;24/11/2012
2012025655;2;2;6;8;1;330;29/11/2012
2012025656;5;2;6;2;1;330;26/11/2012
2012025657;5;2;3;1;5;330;29/11/2012
2012025658;1;2;2;1;3;330;28/11/2012
2012025659;1;2;2;2;6;330;03/12/2012
2012025660;1;2;1;1;2;330;01/12/2012
2012025661;2;2;2;1;6;330;30/11/2012
2012025662;1;2;1;1;6;330;30/11/2012
2012025663;3;2;1;3;5;330;04/12/2012
2012025664;5;2;3;2;2;330;04/12/2012
2012025665;5;2;3;2;3;330;04/12/2012
2012025666;5;2;1;2;6;330;04/12/2012
2012025667;5;2;3;2;3;330;04/12/2012
2012025668;3;2;1;2;3;330;05/12/2012
2012025669;1;2;6;1;7;330;05/12/2012
2012025670;5;2;2;3;3;330;04/12/2012
2012025671;1;2;5;1;3;330;06/12/2012
2012025672;5;2;1;1;6;330;30/11/2012
2012025673;1;2;1;1;3;330;29/11/2012
2012025674;1;2;1;1;3;330;30/11/2012
2012025675;1;2;2;1;6;330;06/12/2012
2012025676;1;2;1;1;4;330;30/11/2012
2012025677;5;2;8;5;6;330;06/12/2012
2012025678;1;2;1;1;3;330;06/12/2012
2012025679;1;2;2;1;2;330;07/12/2012
2012025680;1;2;6;1;3;330;03/12/2012
2012025681;1;2;1;1;3;330;07/12/2012
2012025682;5;2;4;1;2;330;08/12/2012
2012025683;5;2;1;1;2;330;01/12/2012
2012025684;1;2;2;1;6;330;07/12/2012
2012025685;5;2;4;1;6;330;08/12/2012
2012025686;5;2;1;1;6;330;07/12/2012
2012025687;5;2;4;1;7;330;09/12/2012
2012025688;2;2;1;1;3;330;07/12/2012
2012025689;5;2;6;1;7;330;08/12/2012
2012025690;1;2;1;2;4;330;04/12/2012
2012025691;5;2;1;2;6;330;10/12/2012
2012025692;5;2;6;2;7;330;05/12/2012
2012025693;1;2;3;1;3;330;11/12/2012
2012025694;1;2;1;1;6;330;12/12/2012
2012025695;1;2;3;1;3;330;12/12/2012
2012025696;2;2;2;1;3;330;06/12/2012
2012025697;1;2;2;2;3;330;07/12/2012
2012025698;5;2;3;1;3;330;07/12/2012
2012025699;5;2;2;2;7;330;05/12/2012
2012025700;1;2;4;1;2;330;08/12/2012
2012025701;1;2;5;8;3;330;13/12/2012
2012025702;5;2;3;2;3;330;13/12/2012
2012025703;5;2;2;2;6;330;14/12/2012
2012025704;5;2;2;2;3;330;15/12/2012
2012025705;2;2;3;2;6;330;14/12/2012
2012025706;5;2;1;2;2;330;15/12/2012
2012025707;5;2;1;1;3;330;15/12/2012
2012025708;1;2;3;1;3;330;16/12/2012
2012025709;5;2;1;3;6;330;15/12/2012
2012025710;1;2;1;1;3;330;10/12/2012
2012025711;1;2;2;1;3;330;11/12/2012
2012025712;1;2;3;1;4;330;17/12/2012
2012025713;5;2;1;3;3;330;14/12/2012
2012025714;5;2;2;2;3;330;13/12/2012
2012025715;5;2;1;9;5;330;11/12/2012
2012025716;1;2;1;1;5;330;11/12/2012
2012025717;5;2;2;1;5;330;12/12/2012
2012025718;5;2;2;3;6;330;17/12/2012
2012025719;1;2;2;1;3;330;18/12/2012
2012025720;1;2;3;1;3;330;18/12/2012
2012025721;5;2;2;1;3;330;18/12/2012
2012025722;1;2;1;1;3;330;19/12/2012
2012025723;1;2;1;1;3;330;19/12/2012
2012025724;5;2;3;2;6;330;19/12/2012
2012025725;5;2;1;1;3;330;19/12/2012
2012025726;1;1;2;2;3;330;13/12/2012
2012025727;1;2;3;1;4;330;18/12/2012
2012025728;1;2;4;2;6;330;13/12/2012
2012025729;5;2;3;1;4;330;19/12/2012
2012025730;5;2;3;3;3;330;21/12/2012
2012025731;5;2;2;2;3;330;20/12/2012
2012025732;5;2;1;3;2;330;20/12/2012
2012025733;1;2;6;2;2;330;15/12/2012
2012025734;5;2;2;1;3;330;19/12/2012
2012025735;5;2;1;2;1;330;19/12/2012
2012025736;1;2;6;1;3;330;14/12/2012
2012025737;4;2;2;2;6;330;22/12/2012
2012025738;5;2;3;1;2;330;21/12/2012
2012025739;1;2;1;2;6;330;20/12/2012
2012025740;1;2;1;1;6;330;21/12/2012
2012025741;5;2;3;1;6;330;24/12/2012
2012025742;1;2;3;1;6;330;24/12/2012
2012025743;1;2;6;1;6;330;17/12/2012
2012025744;1;2;3;2;6;330;25/12/2012
2012025745;5;2;1;1;6;330;18/12/2012
2012025746;1;2;1;1;6;330;26/12/2012
2012025747;1;2;2;2;6;330;26/12/2012
2012025748;1;2;6;3;6;330;20/12/2012
2012025749;5;2;1;2;6;330;21/12/2012
2012025750;5;2;6;1;1;330;22/12/2012
2012025751;5;2;1;1;4;330;18/12/2012
2012025752;5;2;5;2;3;330;18/12/2012
2012025753;3;2;1;3;3;330;14/12/2012
2012025754;1;2;1;1;6;330;18/12/2012
2012025755;5;2;5;1;6;330;24/12/2012
2012025756;1;2;1;2;6;330;27/12/2012
2012025757;4;2;1;2;3;330;29/12/2012
2012025758;5;2;1;1;7;330;17/03/2012
2012025759;5;2;2;1;6;330;26/05/2012
2012025760;5;2;1;8;7;490;03/03/2012
2012025761;1;1;1;1;3;490;09/03/2012
2012025762;1;1;1;1;1;490;24/03/2012
2012025763;1;1;1;1;7;490;25/05/2012
2012025764;1;2;1;1;6;490;29/06/2012
2012025765;3;1;1;1;3;180;28/10/2012
2012025766;3;1;1;8;6;180;23/12/2012
2012025767;1;2;1;1;3;60;08/06/2012
2012025768;1;2;1;1;3;60;26/06/2012
2012025769;1;2;1;1;2;60;22/07/2012
2012025770;2;2;1;1;6;60;31/07/2012
2012025771;5;1;1;2;2;60;04/09/2012
2012025772;5;2;1;1;3;60;12/10/2012
2012025773;1;2;1;1;4;60;20/10/2012
2012025774;1;2;1;1;6;60;22/10/2012
2012025775;2;2;1;1;1;60;17/11/2012
2012025776;1;2;1;1;6;340;10/03/2012
2012025777;1;2;9;1;3;340;14/03/2012
2012025778;1;2;1;1;6;340;16/03/2012
2012025779;3;1;1;1;1;340;26/05/2012
2012025780;1;1;1;1;3;340;03/07/2012
2012025781;1;2;2;1;3;340;23/06/2012
2012025782;2;1;1;1;2;340;23/07/2012
2012025783;1;1;6;1;3;340;28/07/2012
2012025784;3;2;1;1;6;340;06/08/2012
2012025785;1;2;1;1;3;340;08/08/2012
2012025786;3;1;1;1;6;340;10/08/2012
2012025787;1;2;2;1;3;340;23/08/2012
2012025788;2;1;1;1;3;340;26/08/2012
2012025789;1;1;1;1;2;340;03/10/2012
2012025790;1;2;1;1;3;340;05/10/2012
2012025791;1;2;1;1;6;340;18/09/2012
2012025792;1;2;1;1;1;340;12/10/2012
2012025793;2;2;3;9;3;340;26/11/2012
2012025794;5;2;2;1;3;340;05/11/2012
2012025795;3;1;1;9;6;340;03/01/2012
2012025796;1;2;1;9;7;340;31/12/2012
2012025797;1;2;1;1;7;340;03/01/2012
2012025798;5;2;2;9;6;340;13/01/2012
2012025799;3;1;1;1;2;340;25/01/2012
2012025800;5;2;2;1;3;340;29/01/2012
2012025801;2;2;1;1;7;340;08/02/2012
2012025802;1;2;1;1;7;340;15/02/2012
2012025803;1;2;4;1;7;340;02/03/2012
2012025804;3;1;1;1;7;340;04/03/2012
2012025805;1;2;1;1;2;340;09/03/2012
2012025806;3;1;6;5;7;340;15/03/2012
2012025807;1;1;1;9;2;340;16/03/2012
2012025808;3;1;1;1;2;340;20/03/2012
2012025809;3;1;1;2;7;340;26/03/2012
2012025810;1;2;2;1;1;340;04/04/2012
2012025811;3;2;6;2;3;340;07/04/2012
2012025812;3;2;1;1;7;340;08/04/2012
2012025813;5;2;6;1;7;340;11/04/2012
2012025814;1;1;1;1;7;340;23/04/2012
2012025815;1;1;1;7;1;340;10/05/2012
2012025816;1;2;4;1;3;340;29/05/2012
2012025817;1;2;1;1;2;340;30/05/2012
2012025818;1;2;1;1;7;340;01/06/2012
2012025819;3;1;6;1;7;340;02/06/2012
2012025820;1;2;1;1;3;340;05/06/2012
2012025821;3;1;1;9;2;340;08/06/2012
2012025822;1;1;1;1;7;340;13/06/2012
2012025823;1;2;2;1;7;340;13/06/2012
2012025824;3;1;1;1;7;340;15/06/2012
2012025825;1;2;1;9;7;340;20/06/2012
2012025826;1;1;6;1;3;340;21/06/2012
2012025827;1;2;1;9;7;340;21/06/2012
2012025828;1;2;6;9;2;340;29/06/2012
2012025829;1;2;1;1;2;340;07/07/2012
2012025830;1;1;9;9;2;340;19/07/2012
2012025831;1;1;1;1;7;340;28/07/2012
2012025832;1;2;1;1;1;340;27/07/2012
2012025833;1;2;3;1;3;340;04/08/2012
2012025834;1;1;1;1;1;340;07/08/2012
2012025835;1;2;2;1;3;340;10/08/2012
2012025836;3;1;1;1;6;340;14/08/2012
2012025837;1;1;9;9;5;340;31/08/2012
2012025838;1;2;1;1;2;340;07/09/2012
2012025839;1;2;2;1;3;340;10/09/2012
2012025840;3;1;1;1;7;340;16/09/2012
2012025841;1;1;9;1;3;340;14/09/2012
2012025842;1;2;3;1;3;340;18/09/2012
2012025843;1;2;1;1;3;340;26/09/2012
2012025844;1;2;1;1;7;340;27/09/2012
2012025845;1;2;1;2;7;340;26/09/2012
2012025846;1;2;9;1;7;340;04/10/2012
2012025847;1;2;1;1;7;340;04/10/2012
2012025848;5;2;2;1;3;340;20/10/2012
2012025849;1;2;1;2;7;340;23/10/2012
2012025850;1;2;1;1;7;340;23/10/2012
2012025851;1;1;9;1;3;340;08/11/2012
2012025852;1;2;1;1;7;340;19/11/2012
2012025853;1;2;1;1;1;340;22/11/2012
2012025854;2;1;1;1;2;340;12/12/2012
2012025855;5;2;1;1;2;340;12/12/2012
2012025856;2;2;1;1;7;340;17/12/2012
2012025857;3;1;1;1;2;340;18/12/2012
2012025858;5;2;1;2;7;340;21/12/2012
2012025859;1;2;1;1;3;340;02/01/2012
2012025860;1;2;1;1;7;340;02/01/2012
2012025861;1;1;1;1;3;340;03/01/2012
2012025862;1;2;1;1;7;340;06/01/2012
2012025863;1;2;1;1;2;340;06/01/2012
2012025864;5;2;1;1;6;340;06/01/2012
2012025865;5;2;1;1;6;340;07/01/2012
2012025866;1;2;2;1;3;340;07/01/2012
2012025867;5;2;2;1;3;340;07/01/2012
2012025868;5;2;1;1;6;340;10/01/2012
2012025869;5;2;1;1;2;340;14/01/2012
2012025870;5;2;1;1;6;340;14/01/2012
2012025871;1;2;1;1;2;340;14/01/2012
2012025872;1;2;1;1;4;340;14/01/2012
2012025873;5;2;1;1;6;340;14/01/2012
2012025874;5;2;1;1;2;340;16/01/2012
2012025875;5;2;2;1;3;340;16/01/2012
2012025876;1;2;3;1;3;340;10/01/2012
2012025877;1;2;1;1;1;340;17/01/2012
2012025878;5;2;1;1;6;340;17/01/2012
2012025879;5;2;1;1;3;340;18/01/2012
2012025880;1;2;3;1;2;340;18/01/2012
2012025881;1;2;1;1;1;340;18/01/2012
2012025882;1;2;3;1;3;340;20/01/2012
2012025883;2;2;1;1;6;340;20/01/2012
2012025884;2;2;1;1;3;340;20/01/2012
2012025885;5;2;1;1;7;340;21/01/2012
2012025886;1;2;1;1;3;340;22/01/2012
2012025887;5;2;1;1;6;340;23/01/2012
2012025888;5;2;3;1;2;340;23/01/2012
2012025889;1;2;2;1;3;340;25/01/2012
2012025890;1;2;1;1;6;340;26/01/2012
2012025891;1;2;1;8;7;340;27/01/2012
2012025892;5;2;3;1;3;340;28/01/2012
2012025893;1;2;1;1;3;340;28/01/2012
2012025894;5;2;1;1;2;340;28/01/2012
2012025895;1;2;1;2;7;340;31/01/2012
2012025896;1;2;1;2;7;340;31/01/2012
2012025897;5;2;3;1;3;340;01/02/2012
2012025898;5;2;1;1;5;340;01/02/2012
2012025899;1;2;3;8;7;340;02/02/2012
2012025900;5;2;2;1;3;340;05/02/2012
2012025901;5;2;1;1;7;340;05/02/2012
2012025902;1;2;1;1;6;340;06/02/2012
2012025903;1;2;1;1;3;340;06/02/2012
2012025904;1;2;4;1;7;340;06/02/2012
2012025905;5;2;1;1;3;340;07/02/2012
2012025906;1;2;2;1;3;340;08/02/2012
2012025907;1;2;1;1;3;340;08/02/2012
2012025908;1;2;3;1;3;340;08/02/2012
2012025909;5;2;1;1;4;340;08/02/2012
2012025910;5;2;2;1;3;340;08/02/2012
2012025911;1;2;1;1;3;340;10/02/2012
2012025912;5;2;1;1;3;340;10/02/2012
2012025913;5;2;2;1;7;340;11/02/2012
2012025914;5;2;1;1;5;340;11/02/2012
2012025915;5;2;1;1;7;340;12/02/2012
2012025916;1;2;1;8;6;340;13/02/2012
2012025917;1;2;1;1;7;340;11/02/2012
2012025918;5;2;1;1;7;340;16/02/2012
2012025919;5;2;1;1;1;340;16/02/2012
2012025920;5;2;2;1;1;340;17/02/2012
2012025921;1;2;1;1;3;340;17/02/2012
2012025922;1;2;1;1;3;340;18/02/2012
2012025923;2;2;1;1;2;340;18/02/2012
2012025924;1;2;1;1;7;340;20/02/2012
2012025925;1;2;1;1;7;340;20/02/2012
2012025926;5;2;1;1;3;340;22/02/2012
2012025927;5;2;1;1;7;340;22/02/2012
2012025928;1;2;2;1;3;340;22/02/2012
2012025929;1;2;4;1;7;340;22/02/2012
2012025930;1;2;1;1;7;340;25/02/2012
2012025931;3;2;1;1;7;340;26/02/2012
2012025932;1;2;1;1;3;340;29/02/2012
2012025933;5;2;1;1;6;340;26/02/2012
2012025934;1;2;1;1;3;340;28/02/2012
2012025935;1;2;1;1;2;340;28/02/2012
2012025936;1;2;1;1;2;340;28/02/2012
2012025937;1;2;1;1;6;340;28/02/2012
2012025938;1;2;3;1;3;340;01/03/2012
2012025939;1;2;3;1;2;340;01/03/2012
2012025940;1;2;1;1;6;340;02/03/2012
2012025941;1;2;2;1;3;340;03/03/2012
2012025942;5;2;2;1;3;340;04/03/2012
2012025943;1;2;1;1;3;340;05/03/2012
2012025944;1;2;1;1;6;340;05/03/2012
2012025945;5;2;1;1;3;340;05/03/2012
2012025946;1;2;1;1;1;340;06/03/2012
2012025947;5;2;1;8;7;340;06/03/2012
2012025948;3;2;1;1;6;340;07/03/2012
2012025949;1;2;1;1;6;340;07/03/2012
2012025950;1;2;1;1;2;340;07/03/2012
2012025951;1;2;1;1;6;340;08/03/2012
2012025952;1;2;1;1;6;340;08/03/2012
2012025953;5;2;1;1;7;340;10/03/2012
2012025954;1;2;1;1;6;340;10/03/2012
2012025955;1;2;1;1;7;340;11/03/2012
2012025956;1;2;1;1;7;340;12/03/2012
2012025957;2;2;1;1;6;340;12/03/2012
2012025958;1;2;1;1;3;340;13/03/2012
2012025959;1;2;1;1;3;340;13/03/2012
2012025960;1;2;9;1;6;340;13/03/2012
2012025961;1;2;1;1;6;340;14/03/2012
2012025962;1;2;6;1;6;340;14/03/2012
2012025963;5;2;1;5;6;340;15/03/2012
2012025964;2;2;1;5;6;340;15/03/2012
2012025965;1;2;1;8;7;340;16/03/2012
2012025966;1;2;1;8;7;340;17/03/2012
2012025967;5;2;1;8;7;340;17/03/2012
2012025968;5;2;1;1;7;340;17/03/2012
2012025969;1;2;3;8;1;340;18/03/2012
2012025970;1;2;1;1;7;340;19/03/2012
2012025971;1;2;1;1;3;340;10/03/2012
2012025972;5;2;1;2;6;340;19/03/2012
2012025973;5;2;1;1;7;340;19/03/2012
2012025974;1;2;1;1;3;340;20/03/2012
2012025975;1;2;1;1;7;340;20/03/2012
2012025976;1;2;1;1;3;340;20/03/2012
2012025977;1;2;3;1;3;340;20/03/2012
2012025978;1;2;1;8;6;340;21/03/2012
2012025979;1;2;1;1;6;340;24/03/2012
2012025980;5;2;3;1;3;340;24/03/2012
2012025981;1;2;1;1;6;340;25/03/2012
2012025982;1;2;2;1;3;340;24/03/2012
2012025983;1;1;1;1;3;340;27/03/2012
2012025984;1;2;1;1;7;340;28/03/2012
2012025985;1;2;4;1;1;340;28/03/2012
2012025986;1;2;1;1;3;340;29/03/2012
2012025987;1;2;1;1;2;340;29/03/2012
2012025988;1;2;3;1;3;340;31/03/2012
2012025989;1;2;1;1;6;340;03/04/2012
2012025990;5;1;1;1;7;340;04/04/2012
2012025991;5;1;1;1;7;340;04/04/2012
2012025992;5;2;2;8;7;340;03/04/2012
2012025993;1;2;3;8;3;340;05/04/2012
2012025994;1;2;1;8;3;340;06/04/2012
2012025995;1;2;2;1;1;340;06/04/2012
2012025996;1;2;2;1;6;340;06/04/2012
2012025997;1;2;1;1;6;340;06/04/2012
2012025998;5;2;2;1;2;340;08/04/2012
2012025999;1;2;2;1;2;340;08/04/2012
2012026000;1;2;1;1;3;340;09/04/2012
2012026001;5;2;3;1;3;340;09/04/2012
2012026002;1;2;1;2;3;340;10/04/2012
2012026003;1;2;1;8;3;340;10/04/2012
2012026004;1;2;1;1;2;340;12/04/2012
2012026005;1;2;1;8;6;340;13/04/2012
2012026006;1;2;1;1;6;340;18/04/2012
2012026007;1;2;1;1;6;340;18/04/2012
2012026008;1;2;1;1;4;340;18/04/2012
2012026009;1;2;1;1;2;340;18/04/2012
2012026010;1;2;3;1;3;340;20/04/2012
2012026011;1;2;1;8;6;340;24/04/2012
2012026012;1;2;2;1;3;340;24/04/2012
2012026013;1;2;1;1;3;340;25/04/2012
2012026014;2;1;1;8;6;340;26/04/2012
2012026015;5;2;1;1;7;340;27/04/2012
2012026016;1;2;3;1;3;340;27/04/2012
2012026017;1;2;1;1;3;340;26/04/2012
2012026018;1;2;1;8;3;340;30/04/2012
2012026019;1;2;9;8;6;340;30/04/2012
2012026020;1;2;1;1;3;340;01/05/2012
2012026021;1;2;1;1;2;340;01/05/2012
2012026022;1;2;2;1;3;340;02/05/2012
2012026023;1;2;2;1;3;340;03/05/2012
2012026024;1;2;1;1;7;340;03/05/2012
2012026025;5;1;1;1;7;340;04/05/2012
2012026026;1;2;3;1;3;340;03/05/2012
2012026027;1;2;3;1;1;340;03/05/2012
2012026028;1;2;1;8;7;340;04/05/2012
2012026029;2;2;1;8;1;340;04/05/2012
2012026030;5;2;2;1;3;340;05/05/2012
2012026031;1;2;1;1;3;340;04/05/2012
2012026032;1;2;1;1;6;340;05/05/2012
2012026033;2;2;1;1;7;340;05/05/2012
2012026034;1;2;1;1;7;340;05/05/2012
2012026035;1;2;1;1;3;340;07/05/2012
2012026036;1;2;1;1;6;340;07/05/2012
2012026037;3;2;1;1;7;340;08/05/2012
2012026038;3;2;1;1;2;340;09/05/2012
2012026039;1;2;1;1;3;340;10/05/2012
2012026040;1;2;1;1;6;340;10/05/2012
2012026041;1;2;1;1;7;340;10/05/2012
2012026042;1;2;1;1;3;340;05/05/2012
2012026043;1;2;1;1;3;340;11/05/2012
2012026044;1;2;1;1;3;340;11/05/2012
2012026045;2;2;1;1;2;340;11/05/2012
2012026046;5;2;1;1;6;340;12/05/2012
2012026047;1;2;1;1;6;340;12/05/2012
2012026048;3;2;1;1;7;340;12/05/2012
2012026049;1;2;9;1;6;340;25/05/2012
2012026050;5;2;3;1;6;340;14/05/2012
2012026051;5;2;3;1;3;340;14/05/2012
2012026052;1;2;9;1;3;340;15/05/2012
2012026053;1;2;1;1;3;340;15/05/2012
2012026054;1;2;6;1;3;340;15/05/2012
2012026055;1;2;1;1;2;340;16/05/2012
2012026056;1;2;1;1;3;340;16/05/2012
2012026057;5;2;1;1;6;340;17/05/2012
2012026058;1;2;1;2;3;340;17/05/2012
2012026059;2;1;1;2;6;340;20/05/2012
2012026060;5;2;7;1;3;340;21/05/2012
2012026061;2;1;1;3;5;340;21/05/2012
2012026062;1;2;1;2;3;340;21/05/2012
2012026063;1;2;1;2;3;340;22/05/2012
2012026064;1;2;1;8;7;340;22/05/2012
2012026065;1;1;1;1;7;340;23/05/2012
2012026066;1;2;3;1;3;340;23/05/2012
2012026067;1;2;1;1;4;340;23/05/2012
2012026068;5;2;1;1;3;340;23/05/2012
2012026069;5;2;1;1;7;340;25/05/2012
2012026070;1;2;1;1;6;340;25/05/2012
2012026071;1;2;1;1;7;340;28/05/2012
2012026072;1;2;1;1;6;340;28/05/2012
2012026073;1;2;1;1;7;340;29/05/2012
2012026074;1;2;1;1;4;340;29/05/2012
2012026075;1;2;1;1;2;340;30/05/2012
2012026076;1;2;1;1;6;340;31/05/2012
2012026077;1;2;1;1;6;340;31/05/2012
2012026078;1;2;1;1;6;340;31/05/2012
2012026079;2;2;1;1;7;340;31/05/2012
2012026080;1;2;1;1;6;340;01/06/2012
2012026081;1;2;3;1;3;340;29/05/2012
2012026082;1;2;1;1;3;340;29/05/2012
2012026083;1;2;1;1;3;340;01/06/2012
2012026084;1;2;1;1;3;340;01/06/2012
2012026085;1;2;1;1;3;340;29/05/2012
2012026086;1;2;1;1;2;340;01/06/2012
2012026087;5;2;2;1;3;340;02/06/2012
2012026088;3;2;3;1;3;340;02/06/2012
2012026089;1;2;1;1;1;340;04/06/2012
2012026090;1;2;1;1;1;340;04/06/2012
2012026091;2;2;2;1;3;340;04/06/2012
2012026092;1;2;1;1;2;340;05/06/2012
2012026093;1;2;1;1;7;340;06/06/2012
2012026094;1;2;9;1;6;340;06/06/2012
2012026095;5;2;3;1;5;340;01/05/2012
2012026096;2;2;2;8;5;340;07/06/2012
2012026097;1;2;9;8;6;340;08/06/2012
2012026098;1;2;9;1;6;340;08/06/2012
2012026099;1;2;9;1;6;340;08/06/2012
2012026100;1;1;1;8;6;340;09/06/2012
2012026101;1;2;1;1;2;340;11/06/2012
2012026102;1;2;1;3;3;340;11/06/2012
2012026103;1;2;1;3;7;340;11/06/2012
2012026104;1;2;1;1;6;340;12/06/2012
2012026105;1;2;1;1;7;340;13/06/2012
2012026106;1;2;9;1;2;340;14/06/2012
2012026107;1;2;1;1;2;340;15/06/2012
2012026108;5;2;1;1;3;340;15/06/2012
2012026109;1;2;6;1;3;340;15/06/2012
2012026110;1;2;1;1;7;340;16/06/2012
2012026111;4;2;9;1;7;340;20/06/2012
2012026112;1;1;2;1;3;340;19/06/2012
2012026113;1;2;3;1;7;340;19/06/2012
2012026114;5;2;1;1;7;340;21/06/2012
2012026115;5;2;1;1;7;340;22/06/2012
2012026116;1;2;2;1;3;340;22/06/2012
2012026117;1;2;1;1;2;340;23/06/2012
2012026118;1;2;9;1;3;340;24/06/2012
2012026119;1;2;2;1;3;340;24/06/2012
2012026120;1;2;9;1;3;340;25/06/2012
2012026121;1;2;1;1;2;340;25/06/2012
2012026122;1;2;2;1;3;340;25/06/2012
2012026123;1;2;3;1;1;340;26/06/2012
2012026124;2;2;1;1;1;340;26/06/2012
2012026125;1;2;1;1;1;340;26/06/2012
2012026126;1;2;1;1;3;340;26/06/2012
2012026127;1;2;1;1;6;340;27/06/2012
2012026128;1;2;1;1;6;340;28/06/2012
2012026129;1;2;1;1;4;340;29/06/2012
2012026130;1;2;9;1;7;340;29/06/2012
2012026131;5;2;1;1;3;340;30/06/2012
2012026132;1;2;3;8;1;340;30/06/2012
2012026133;1;2;9;1;6;340;02/07/2012
2012026134;1;2;1;1;7;340;02/07/2012
2012026135;1;2;1;1;3;340;03/07/2012
2012026136;2;1;1;1;7;340;04/07/2012
2012026137;1;2;1;1;3;340;04/07/2012
2012026138;2;2;1;1;3;340;04/07/2012
2012026139;1;2;1;1;3;340;04/07/2012
2012026140;1;2;1;1;6;340;04/07/2012
2012026141;1;2;1;3;6;340;05/07/2012
2012026142;1;1;3;1;3;340;04/07/2012
2012026143;1;2;1;1;3;340;06/07/2012
2012026144;1;2;3;1;3;340;06/07/2012
2012026145;1;2;3;1;2;340;06/07/2012
2012026146;1;2;1;1;2;340;07/07/2012
2012026147;2;2;1;1;2;340;07/07/2012
2012026148;1;1;1;1;7;340;09/07/2012
2012026149;1;2;1;1;6;340;09/07/2012
2012026150;5;2;2;1;3;340;09/07/2012
2012026151;1;2;1;1;7;340;10/07/2012
2012026152;1;2;1;1;4;340;11/07/2012
2012026153;1;2;3;1;2;340;11/07/2012
2012026154;5;2;1;1;7;340;11/07/2012
2012026155;5;2;1;1;2;340;11/07/2012
2012026156;1;2;3;1;3;340;12/07/2012
2012026157;1;2;1;1;2;340;12/07/2012
2012026158;5;2;2;1;3;340;14/07/2012
2012026159;1;2;1;1;7;340;13/07/2012
2012026160;2;2;2;1;1;340;10/07/2012
2012026161;5;2;2;1;1;340;14/07/2012
2012026162;1;1;1;1;6;340;16/07/2012
2012026163;1;2;1;1;3;340;16/07/2012
2012026164;1;2;1;1;2;340;16/07/2012
2012026165;1;2;1;1;3;340;17/07/2012
2012026166;1;2;1;1;3;340;18/07/2012
2012026167;5;2;1;1;7;340;18/07/2012
2012026168;1;2;1;1;3;340;20/07/2012
2012026169;5;2;3;1;3;340;21/07/2012
2012026170;1;2;9;1;6;340;23/07/2012
2012026171;1;2;2;1;3;340;23/07/2012
2012026172;1;2;6;1;3;340;24/07/2012
2012026173;1;2;1;1;3;340;23/07/2012
2012026174;1;2;9;1;3;340;23/07/2012
2012026175;1;2;2;1;3;340;23/07/2012
2012026176;1;2;2;1;3;340;25/07/2012
2012026177;2;1;1;1;1;340;25/07/2012
2012026178;1;2;1;1;7;340;27/07/2012
2012026179;1;2;1;1;6;340;27/07/2012
2012026180;1;2;1;1;7;340;28/07/2012
2012026181;1;2;1;1;7;340;30/07/2012
2012026182;1;2;1;1;6;340;30/07/2012
2012026183;2;2;2;1;2;340;30/07/2012
2012026184;1;2;2;1;2;340;31/07/2012
2012026185;3;1;1;1;7;340;01/08/2012
2012026186;1;2;3;1;3;340;02/08/2012
2012026187;5;1;2;1;3;340;03/08/2012
2012026188;5;2;1;1;7;340;04/08/2012
2012026189;1;1;3;1;6;340;05/08/2012
2012026190;1;2;1;8;3;340;06/08/2012
2012026191;5;2;1;1;1;340;07/08/2012
2012026192;1;1;1;1;3;340;07/08/2012
2012026193;1;2;3;1;7;340;09/08/2012
2012026194;1;2;1;1;7;340;09/08/2012
2012026195;5;2;1;1;7;340;10/08/2012
2012026196;1;2;1;1;2;340;10/08/2012
2012026197;1;2;3;1;3;340;10/08/2012
2012026198;1;2;9;1;3;340;10/08/2012
2012026199;1;2;1;1;6;340;11/08/2012
2012026200;1;2;2;1;1;340;09/08/2012
2012026201;1;2;9;1;1;340;17/08/2012
2012026202;1;2;3;1;1;340;19/08/2012
2012026203;1;2;1;1;4;340;19/08/2012
2012026204;1;2;1;1;7;340;20/08/2012
2012026205;1;2;1;1;7;340;20/08/2012
2012026206;1;2;1;1;3;340;21/08/2012
2012026207;1;2;1;1;3;340;21/08/2012
2012026208;1;2;1;1;5;340;22/08/2012
2012026209;1;2;1;1;7;340;24/08/2012
2012026210;5;2;1;1;2;340;23/08/2012
2012026211;1;2;2;1;1;340;23/08/2012
2012026212;5;1;1;1;2;340;23/08/2012
2012026213;5;2;2;1;7;340;24/08/2012
2012026214;1;1;3;1;3;340;27/08/2012
2012026215;5;2;1;1;3;340;27/08/2012
2012026216;1;2;1;1;6;340;28/08/2012
2012026217;5;2;1;1;6;340;29/08/2012
2012026218;1;2;1;1;6;340;29/08/2012
2012026219;5;2;1;2;6;340;30/08/2012
2012026220;1;2;3;1;1;340;31/08/2012
2012026221;5;2;1;1;2;340;12/09/2012
2012026222;1;2;3;1;6;340;04/09/2012
2012026223;1;2;3;1;3;340;04/09/2012
2012026224;5;2;2;1;5;340;04/09/2012
2012026225;1;2;1;1;6;340;06/09/2012
2012026226;5;2;5;1;7;340;06/09/2012
2012026227;1;2;1;1;3;340;07/09/2012
2012026228;1;2;1;1;3;340;07/09/2012
2012026229;1;2;1;1;3;340;07/09/2012
2012026230;1;2;1;1;6;340;07/09/2012
2012026231;1;2;1;1;2;340;07/09/2012
2012026232;1;2;1;1;1;340;08/09/2012
2012026233;1;2;6;1;7;340;13/09/2012
2012026234;5;2;3;1;7;340;14/09/2012