num_acc;lum;agg;inter;atm;col;dep;date
2012026235;1;2;4;1;1;340;14/09/2012
2012026236;1;2;1;1;6;340;14/09/2012
2012026237;5;2;1;1;3;340;15/09/2012
2012026238;5;2;2;1;3;340;15/09/2012
2012026239;1;2;1;1;6;340;15/09/2012
2012026240;1;2;2;1;3;340;16/09/2012
2012026241;1;2;1;1;6;340;17/09/2012
2012026242;1;2;1;1;7;340;13/09/2012
2012026243;1;2;3;1;3;340;14/09/2012
2012026244;1;2;7;1;3;340;14/09/2012
2012026245;1;2;9;1;6;340;18/09/2012
2012026246;1;2;3;1;3;340;18/09/2012
2012026247;1;2;3;1;3;340;18/09/2012
2012026248;1;2;2;1;2;340;18/09/2012
2012026249;1;2;1;1;7;340;19/09/2012
2012026250;1;2;1;1;3;340;19/09/2012
2012026251;1;2;1;1;6;340;19/09/2012
2012026252;1;2;1;1;7;340;20/09/2012
2012026253;1;2;1;1;3;340;20/09/2012
2012026254;1;2;9;1;6;340;24/09/2012
2012026255;1;2;1;1;3;340;24/09/2012
2012026256;5;2;9;1;1;340;24/09/2012
2012026257;1;2;1;2;7;340;26/09/2012
2012026258;1;2;1;3;3;340;26/09/2012
2012026259;2;2;1;1;3;340;27/09/2012
2012026260;1;2;3;1;6;340;27/09/2012
2012026261;1;2;1;1;6;340;27/09/2012
2012026262;1;2;2;1;6;340;27/09/2012
2012026263;5;2;9;1;6;340;29/09/2012
2012026264;1;2;1;3;7;340;29/09/2012
2012026265;1;2;1;2;1;340;29/09/2012
2012026266;5;2;3;1;3;340;30/09/2012
2012026267;1;2;1;1;3;340;01/10/2012
2012026268;1;2;1;1;7;340;01/10/2012
2012026269;1;2;1;1;2;340;01/10/2012
2012026270;1;2;1;1;3;340;01/10/2012
2012026271;1;2;1;1;7;340;02/10/2012
2012026272;5;2;1;1;7;340;03/10/2012
2012026273;1;2;3;1;3;340;03/10/2012
2012026274;1;2;1;1;6;340;03/10/2012
2012026275;1;2;1;1;3;340;03/10/2012
2012026276;1;2;9;1;6;340;03/10/2012
2012026277;1;2;3;1;3;340;03/10/2012
2012026278;1;2;2;1;3;340;04/10/2012
2012026279;1;2;1;8;7;340;05/10/2012
2012026280;1;2;1;8;1;340;05/10/2012
2012026281;1;2;1;8;3;340;05/10/2012
2012026282;1;2;1;8;7;340;05/10/2012
2012026283;3;2;1;1;6;340;06/10/2012
2012026284;5;2;1;1;6;340;06/10/2012
2012026285;1;2;1;8;4;340;06/10/2012
2012026286;5;2;1;1;7;340;07/10/2012
2012026287;5;2;1;1;7;340;05/10/2012
2012026288;1;2;1;1;3;340;09/10/2012
2012026289;1;2;9;1;3;340;09/10/2012
2012026290;1;2;2;1;1;340;09/10/2012
2012026291;5;2;1;1;5;340;09/10/2012
2012026292;5;2;1;1;7;340;10/10/2012
2012026293;1;2;1;1;1;340;10/10/2012
2012026294;1;2;9;1;5;340;10/10/2012
2012026295;1;2;9;1;3;340;11/10/2012
2012026296;1;2;9;1;3;340;11/10/2012
2012026297;1;2;1;1;6;340;11/10/2012
2012026298;1;2;3;1;2;340;11/10/2012
2012026299;2;2;3;8;3;340;11/10/2012
2012026300;1;2;9;8;6;340;12/10/2012
2012026301;1;2;1;1;1;340;12/10/2012
2012026302;1;2;1;1;7;340;12/10/2012
2012026303;5;2;1;1;7;340;12/10/2012
2012026304;5;2;1;1;7;340;13/10/2012
2012026305;1;2;1;1;3;340;13/10/2012
2012026306;5;2;1;1;7;340;14/10/2012
2012026307;1;2;1;1;6;340;14/10/2012
2012026308;1;2;1;1;6;340;15/10/2012
2012026309;2;2;3;1;6;340;15/10/2012
2012026310;1;2;1;1;3;340;15/10/2012
2012026311;5;2;1;1;6;340;15/10/2012
2012026312;1;2;2;1;3;340;16/10/2012
2012026313;5;2;2;1;3;340;16/10/2012
2012026314;1;2;1;1;1;340;04/10/2012
2012026315;1;2;1;1;1;340;17/10/2012
2012026316;1;2;1;1;3;340;17/10/2012
2012026317;5;2;2;1;3;340;18/10/2012
2012026318;1;2;1;1;7;340;19/10/2012
2012026319;5;2;1;2;7;340;22/10/2012
2012026320;1;2;2;1;3;340;22/10/2012
2012026321;2;2;1;8;1;340;23/10/2012
2012026322;5;2;2;1;3;340;23/10/2012
2012026323;1;2;1;1;6;340;24/10/2012
2012026324;1;2;1;1;3;340;24/10/2012
2012026325;1;2;1;1;2;340;24/10/2012
2012026326;2;2;1;1;7;340;24/10/2012
2012026327;1;2;1;1;3;340;25/10/2012
2012026328;5;2;1;1;2;340;25/10/2012
2012026329;3;2;1;3;7;340;26/10/2012
2012026330;1;2;1;2;2;340;26/10/2012
2012026331;1;2;1;1;7;340;26/10/2012
2012026332;4;1;1;2;3;340;27/10/2012
2012026333;5;2;1;1;3;340;27/10/2012
2012026334;3;2;1;1;7;340;28/10/2012
2012026335;1;2;2;1;3;340;25/10/2012
2012026336;3;2;2;1;3;340;28/10/2012
2012026337;1;2;1;1;6;340;29/10/2012
2012026338;1;2;3;1;1;340;29/10/2012
2012026339;1;2;2;1;2;340;01/11/2012
2012026340;5;2;1;1;6;340;31/10/2012
2012026341;5;2;1;1;7;340;03/11/2012
2012026342;2;1;2;1;3;340;05/11/2012
2012026343;5;2;3;1;3;340;05/11/2012
2012026344;1;2;1;1;2;340;06/11/2012
2012026345;1;2;1;1;7;340;06/11/2012
2012026346;1;2;3;1;3;340;07/11/2012
2012026347;1;2;1;1;7;340;07/11/2012
2012026348;1;2;1;1;3;340;07/11/2012
2012026349;2;2;3;1;3;340;07/11/2012
2012026350;1;2;1;2;6;340;09/11/2012
2012026351;4;2;2;2;3;340;09/11/2012
2012026352;1;1;1;1;2;340;10/11/2012
2012026353;1;2;1;8;6;340;10/11/2012
2012026354;5;2;2;2;3;340;10/11/2012
2012026355;5;2;9;1;6;340;11/11/2012
2012026356;1;2;1;8;1;340;10/11/2012
2012026357;1;2;1;1;6;340;12/11/2012
2012026358;1;2;1;1;7;340;12/11/2012
2012026359;1;2;3;1;3;340;12/11/2012
2012026360;1;2;1;1;7;340;13/11/2012
2012026361;1;2;1;1;6;340;14/11/2012
2012026362;5;2;1;1;6;340;14/11/2012
2012026363;1;2;1;1;6;340;16/11/2012
2012026364;1;1;3;1;3;340;13/11/2012
2012026365;1;2;3;2;3;340;17/11/2012
2012026366;2;2;1;2;6;340;17/11/2012
2012026367;1;2;1;8;3;340;18/11/2012
2012026368;1;2;1;1;3;340;19/11/2012
2012026369;1;2;2;1;6;340;19/11/2012
2012026370;1;1;1;1;3;340;19/11/2012
2012026371;1;2;2;1;6;340;20/11/2012
2012026372;1;2;9;1;6;340;20/11/2012
2012026373;1;2;1;1;3;340;22/11/2012
2012026374;1;2;2;1;3;340;22/11/2012
2012026375;1;2;1;1;3;340;23/11/2012
2012026376;5;2;1;1;7;340;23/11/2012
2012026377;5;1;1;1;7;340;24/11/2012
2012026378;5;2;1;8;7;340;25/11/2012
2012026379;5;2;1;8;7;340;25/11/2012
2012026380;1;2;1;1;3;340;25/11/2012
2012026381;1;2;1;1;3;340;27/11/2012
2012026382;1;2;9;2;6;340;28/11/2012
2012026383;1;2;2;1;3;340;01/12/2012
2012026384;1;2;1;1;3;340;03/12/2012
2012026385;5;2;2;1;3;340;03/12/2012
2012026386;5;2;1;1;7;340;04/12/2012
2012026387;1;2;1;1;3;340;05/12/2012
2012026388;1;2;2;1;1;340;06/12/2012
2012026389;1;2;1;1;7;340;06/12/2012
2012026390;5;2;2;1;3;340;06/12/2012
2012026391;1;2;9;1;3;340;10/12/2012
2012026392;1;2;1;1;1;340;10/12/2012
2012026393;5;2;1;1;2;340;10/12/2012
2012026394;1;2;1;1;2;340;11/12/2012
2012026395;1;2;6;1;6;340;12/12/2012
2012026396;5;2;1;1;4;340;12/12/2012
2012026397;5;2;2;1;3;340;12/12/2012
2012026398;1;2;1;2;6;340;13/12/2012
2012026399;5;2;1;1;6;340;18/12/2012
2012026400;5;2;1;1;2;340;13/12/2012
2012026401;1;2;1;2;1;340;14/12/2012
2012026402;5;2;1;2;3;340;14/12/2012
2012026403;5;2;1;2;6;340;14/12/2012
2012026404;5;2;1;2;3;340;14/12/2012
2012026405;5;2;1;2;1;340;15/12/2012
2012026406;1;2;1;1;7;340;19/12/2012
2012026407;5;2;1;1;6;340;18/12/2012
2012026408;5;2;1;1;2;340;19/12/2012
2012026409;1;2;3;1;7;340;10/12/2012
2012026410;5;2;3;2;3;340;20/12/2012
2012026411;1;2;1;1;2;340;21/12/2012
2012026412;1;2;1;1;3;340;21/12/2012
2012026413;5;2;9;2;7;340;21/12/2012
2012026414;5;2;1;8;6;340;22/12/2012
2012026415;1;2;1;2;3;340;24/12/2012
2012026416;5;2;3;1;3;340;28/12/2012
2012026417;1;2;1;1;2;340;29/12/2012
2012026418;5;2;1;1;3;340;30/12/2012
2012026419;1;1;2;1;3;340;10/01/2012
2012026420;1;1;1;1;5;340;14/01/2012
2012026421;4;2;3;2;7;340;28/01/2012
2012026422;5;2;3;1;3;340;03/02/2012
2012026423;1;1;1;1;1;340;05/02/2012
2012026424;1;2;3;1;3;340;20/02/2012
2012026425;1;1;1;1;1;340;21/02/2012
2012026426;1;2;1;1;6;340;07/03/2012
2012026427;1;2;3;1;6;340;10/03/2012
2012026428;1;2;2;1;3;340;25/03/2012
2012026429;1;2;1;1;2;340;01/04/2012
2012026430;3;1;1;2;1;340;07/04/2012
2012026431;1;2;3;1;3;340;20/04/2012
2012026432;1;2;2;1;3;340;27/04/2012
2012026433;5;2;1;1;7;340;02/05/2012
2012026434;1;2;1;1;3;340;15/05/2012
2012026435;1;2;1;1;6;340;16/05/2012
2012026436;1;2;1;2;1;340;21/05/2012
2012026437;5;2;1;1;7;340;03/06/2012
2012026438;1;2;3;1;3;340;07/06/2012
2012026439;1;2;1;1;6;340;27/06/2012
2012026440;1;2;1;1;6;340;27/06/2012
2012026441;5;2;2;1;3;340;01/07/2012
2012026442;1;1;1;1;2;340;02/07/2012
2012026443;1;2;1;1;6;340;03/07/2012
2012026444;5;2;1;1;3;340;15/07/2012
2012026445;1;2;1;1;6;340;16/07/2012
2012026446;5;2;3;1;3;340;05/08/2012
2012026447;2;1;1;1;1;340;12/08/2012
2012026448;1;2;1;1;6;340;05/08/2012
2012026449;1;2;1;1;1;340;14/08/2012
2012026450;1;2;1;1;6;340;16/08/2012
2012026451;5;2;1;1;7;340;16/08/2012
2012026452;1;2;3;1;3;340;26/08/2012
2012026453;5;2;1;1;1;340;31/08/2012
2012026454;1;2;1;1;6;340;31/08/2012
2012026455;1;1;1;1;5;340;03/09/2012
2012026456;5;2;1;1;7;340;06/09/2012
2012026457;1;2;1;1;6;340;07/09/2012
2012026458;1;2;1;1;6;340;13/09/2012
2012026459;1;2;1;1;3;340;14/09/2012
2012026460;1;1;1;1;1;340;14/09/2012
2012026461;3;1;3;6;3;340;14/09/2012
2012026462;1;2;2;1;3;340;20/09/2012
2012026463;5;2;1;1;6;340;21/09/2012
2012026464;3;1;1;1;7;340;02/10/2012
2012026465;1;2;2;1;3;340;08/10/2012
2012026466;5;2;1;2;7;340;16/11/2012
2012026467;5;2;1;1;6;340;23/11/2012
2012026468;5;2;1;1;3;340;12/12/2012
2012026469;2;2;1;2;6;350;03/01/2012
2012026470;5;2;2;1;6;350;13/01/2012
2012026471;5;2;1;1;6;350;07/06/2012
2012026472;1;2;1;2;3;350;19/01/2012
2012026473;1;2;1;1;7;350;25/01/2012
2012026474;2;2;9;1;6;350;27/01/2012
2012026475;1;2;1;1;6;350;27/01/2012
2012026476;1;2;1;2;6;350;24/01/2012
2012026477;1;2;5;7;6;350;04/02/2012
2012026478;1;1;2;1;3;350;11/02/2012
2012026479;1;2;2;1;3;350;02/03/2012
2012026480;1;2;2;1;6;350;02/03/2012
2012026481;1;2;6;1;1;350;14/03/2012
2012026482;1;2;6;1;6;350;23/03/2012
2012026483;1;2;9;1;2;350;30/05/2012
2012026484;1;2;3;7;7;350;29/03/2012
2012026485;1;2;1;1;6;350;06/04/2012
2012026486;1;2;6;1;3;350;05/04/2012
2012026487;1;2;1;1;7;350;22/08/2012
2012026488;1;2;6;1;3;350;08/09/2012
2012026489;1;2;2;1;3;350;20/09/2012
2012026490;1;2;1;3;6;350;25/09/2012
2012026491;5;2;6;1;3;350;29/09/2012
2012026492;1;2;1;1;6;350;09/11/2012
2012026493;5;2;6;3;3;350;23/11/2012
2012026494;1;2;1;1;3;350;12/12/2012
2012026495;5;2;3;1;6;350;27/12/2012
2012026496;1;2;2;2;3;350;03/01/2012
2012026497;1;2;6;1;3;350;04/01/2012
2012026498;1;2;1;1;6;350;04/01/2012
2012026499;5;2;5;8;3;350;05/01/2012
2012026500;5;2;2;2;6;350;05/01/2012
2012026501;1;2;1;1;6;350;06/01/2012
2012026502;5;2;1;1;6;350;07/01/2012
2012026503;5;2;2;8;6;350;07/01/2012
2012026504;5;2;2;1;3;350;07/01/2012
2012026505;5;2;4;1;2;350;09/01/2012
2012026506;5;2;6;1;3;350;11/01/2012
2012026507;5;2;3;1;3;350;12/01/2012
2012026508;3;1;1;1;2;350;13/01/2012
2012026509;1;2;9;1;7;350;16/01/2012
2012026510;1;2;2;1;3;350;17/01/2012
2012026511;1;2;6;8;3;350;18/01/2012
2012026512;5;2;3;2;6;350;19/01/2012
2012026513;1;2;1;8;4;350;20/01/2012
2012026514;1;2;1;1;7;350;21/01/2012
2012026515;5;2;4;1;3;350;21/01/2012
2012026516;1;2;1;1;3;350;22/01/2012
2012026517;1;2;1;1;6;350;23/01/2012
2012026518;1;2;1;1;3;350;24/01/2012
2012026519;5;2;3;1;3;350;24/01/2012
2012026520;1;2;2;1;6;350;25/01/2012
2012026521;1;2;1;1;2;350;25/01/2012
2012026522;5;2;2;1;7;350;26/01/2012
2012026523;1;2;2;7;6;350;26/01/2012
2012026524;5;2;1;8;3;350;26/01/2012
2012026525;5;2;6;1;3;350;26/01/2012
2012026526;5;2;2;1;3;350;26/01/2012
2012026527;1;2;1;1;6;350;27/01/2012
2012026528;1;2;2;1;3;350;27/01/2012
2012026529;5;2;2;2;3;350;28/01/2012
2012026530;1;2;1;1;6;350;28/01/2012
2012026531;5;2;2;2;3;350;28/01/2012
2012026532;3;1;1;1;2;350;29/01/2012
2012026533;1;2;9;3;6;350;30/01/2012
2012026534;1;2;2;2;6;350;30/01/2012
2012026535;5;2;2;1;7;350;01/02/2012
2012026536;1;2;9;8;3;350;01/02/2012
2012026537;1;2;2;1;2;350;01/02/2012
2012026538;1;2;1;1;6;350;01/02/2012
2012026539;1;2;2;1;3;350;02/02/2012
2012026540;1;2;1;1;3;350;02/02/2012
2012026541;5;2;1;1;7;350;03/02/2012
2012026542;1;1;1;1;2;350;03/02/2012
2012026543;1;2;1;1;2;350;03/02/2012
2012026544;1;2;1;8;5;350;07/02/2012
2012026545;5;2;3;8;3;350;07/02/2012
2012026546;1;2;1;1;3;350;09/02/2012
2012026547;5;2;1;1;7;350;09/02/2012
2012026548;5;2;3;1;2;350;09/02/2012
2012026549;1;2;1;2;6;350;13/02/2012
2012026550;1;2;3;1;4;350;14/02/2012
2012026551;1;2;6;1;3;350;14/02/2012
2012026552;5;2;1;1;6;350;14/02/2012
2012026553;5;2;6;1;3;350;15/02/2012
2012026554;1;2;1;1;4;350;16/02/2012
2012026555;5;2;3;1;6;350;16/02/2012
2012026556;1;2;1;2;6;350;17/02/2012
2012026557;5;2;2;1;3;350;19/02/2012
2012026558;1;2;3;1;6;350;20/02/2012
2012026559;1;2;1;1;3;350;20/02/2012
2012026560;5;2;1;1;7;350;20/02/2012
2012026561;1;2;3;1;4;350;22/02/2012
2012026562;3;1;1;8;2;350;22/02/2012
2012026563;1;2;1;8;6;350;24/02/2012
2012026564;5;2;2;2;6;350;25/02/2012
2012026565;1;1;1;1;2;350;29/02/2012
2012026566;1;2;9;1;6;350;29/02/2012
2012026567;1;2;2;1;3;350;29/02/2012
2012026568;1;2;3;1;3;350;01/03/2012
2012026569;1;2;1;1;2;350;01/03/2012
2012026570;1;2;1;1;2;350;02/03/2012
2012026571;1;2;1;8;6;350;03/03/2012
2012026572;1;2;1;8;6;350;03/03/2012
2012026573;1;2;1;1;2;350;04/03/2012
2012026574;1;2;9;1;3;350;05/03/2012
2012026575;1;2;1;1;6;350;05/03/2012
2012026576;1;2;6;8;3;350;05/03/2012
2012026577;1;2;5;1;2;350;06/03/2012
2012026578;5;2;1;1;7;350;07/03/2012
2012026579;1;2;6;1;6;350;07/03/2012
2012026580;1;2;1;2;7;350;07/03/2012
2012026581;1;2;1;8;3;350;08/03/2012
2012026582;1;2;1;8;3;350;08/03/2012
2012026583;1;2;6;1;3;350;09/03/2012
2012026584;1;2;6;1;6;350;11/03/2012
2012026585;1;2;9;1;6;350;12/03/2012
2012026586;1;2;1;7;3;350;12/03/2012
2012026587;1;2;3;1;3;350;12/03/2012
2012026588;5;2;3;1;3;350;13/03/2012
2012026589;1;2;2;7;7;350;15/03/2012
2012026590;1;2;1;1;2;350;16/03/2012
2012026591;1;2;2;3;3;350;18/03/2012
2012026592;1;2;9;1;6;350;18/03/2012
2012026593;1;2;1;1;7;350;19/03/2012
2012026594;5;2;1;1;3;350;20/03/2012
2012026595;5;2;3;1;3;350;20/03/2012
2012026596;3;2;1;1;2;350;21/03/2012
2012026597;1;2;2;2;3;350;22/03/2012
2012026598;1;2;1;1;3;350;23/03/2012
2012026599;1;2;1;1;6;350;24/03/2012
2012026600;1;2;1;1;6;350;24/03/2012
2012026601;1;2;9;1;6;350;24/03/2012
2012026602;1;2;3;1;3;350;24/03/2012
2012026603;1;2;1;1;6;350;25/03/2012
2012026604;1;2;2;1;6;350;26/03/2012
2012026605;1;2;3;1;2;350;27/03/2012
2012026606;1;2;1;1;7;350;27/03/2012
2012026607;5;2;1;1;6;350;29/03/2012
2012026608;1;2;3;1;2;350;30/03/2012
2012026609;3;2;9;1;5;350;30/03/2012
2012026610;5;2;1;1;6;350;31/03/2012
2012026611;5;2;3;5;6;350;31/03/2012
2012026612;1;2;5;1;3;350;31/03/2012
2012026613;1;2;1;1;3;350;31/03/2012
2012026614;1;2;1;1;6;350;01/04/2012
2012026615;1;2;1;1;6;350;02/04/2012
2012026616;1;2;1;1;2;350;02/04/2012
2012026617;1;2;9;1;2;350;02/04/2012
2012026618;1;2;3;1;3;350;03/04/2012
2012026619;1;2;1;1;4;350;04/04/2012
2012026620;1;2;5;1;3;350;05/04/2012
2012026621;1;2;9;1;3;350;06/04/2012
2012026622;1;2;1;1;3;350;06/04/2012
2012026623;1;2;2;1;3;350;06/04/2012
2012026624;1;2;2;1;6;350;08/04/2012
2012026625;3;2;4;3;3;350;10/04/2012
2012026626;1;2;2;1;3;350;10/04/2012
2012026627;5;2;1;1;7;350;11/04/2012
2012026628;5;2;2;1;3;350;11/04/2012
2012026629;1;2;2;1;6;350;11/04/2012
2012026630;1;2;2;1;2;350;12/04/2012
2012026631;3;2;1;8;3;350;13/04/2012
2012026632;2;2;3;2;7;350;13/04/2012
2012026633;5;2;2;1;3;350;16/04/2012
2012026634;1;2;1;1;3;350;16/04/2012
2012026635;1;2;2;1;6;350;16/04/2012
2012026636;1;2;2;1;3;350;16/04/2012
2012026637;1;2;2;1;3;350;17/04/2012
2012026638;1;2;6;8;3;350;17/04/2012
2012026639;1;2;2;2;6;350;18/04/2012
2012026640;1;2;1;2;7;350;18/04/2012
2012026641;1;2;5;8;2;350;20/04/2012
2012026642;1;2;1;1;7;350;20/04/2012
2012026643;1;2;6;3;6;350;22/04/2012
2012026644;1;2;1;2;7;350;23/04/2012
2012026645;5;2;1;2;6;350;25/04/2012
2012026646;1;2;3;3;4;350;25/04/2012
2012026647;1;2;6;1;3;350;25/04/2012
2012026648;1;2;2;3;7;350;26/04/2012
2012026649;1;2;1;1;2;350;26/04/2012
2012026650;1;2;1;1;6;350;27/04/2012
2012026651;1;2;3;8;3;350;27/04/2012
2012026652;1;2;2;1;2;350;30/04/2012
2012026653;1;2;6;1;7;350;02/05/2012
2012026654;1;2;1;1;6;350;02/05/2012
2012026655;1;2;1;1;3;350;02/05/2012
2012026656;1;2;5;1;3;350;03/05/2012
2012026657;1;2;3;1;2;350;03/05/2012
2012026658;1;2;1;1;6;350;04/05/2012
2012026659;1;2;3;1;6;350;05/05/2012
2012026660;1;2;3;8;3;350;09/05/2012
2012026661;1;2;3;1;6;350;09/05/2012
2012026662;1;2;2;1;6;350;10/05/2012
2012026663;1;2;1;1;6;350;11/05/2012
2012026664;3;2;1;1;3;350;11/05/2012
2012026665;1;2;5;1;3;350;13/05/2012
2012026666;1;2;3;1;3;350;14/05/2012
2012026667;1;2;1;1;6;350;14/05/2012
2012026668;1;2;2;1;6;350;15/05/2012
2012026669;1;2;1;1;2;350;16/05/2012
2012026670;1;2;3;1;3;350;16/05/2012
2012026671;5;2;2;1;2;350;17/05/2012
2012026672;5;2;2;1;3;350;17/05/2012
2012026673;5;2;2;1;7;350;17/05/2012
2012026674;1;2;5;2;4;350;17/05/2012
2012026675;1;2;3;1;6;350;18/05/2012
2012026676;5;2;2;1;3;350;19/05/2012
2012026677;5;2;1;2;6;350;21/05/2012
2012026678;1;2;1;1;5;350;21/05/2012
2012026679;1;2;3;1;6;350;22/05/2012
2012026680;1;2;4;1;3;350;23/05/2012
2012026681;1;2;1;1;2;350;23/05/2012
2012026682;1;2;3;1;3;350;24/05/2012
2012026683;4;2;3;1;6;350;26/05/2012
2012026684;5;2;3;1;6;350;26/05/2012
2012026685;1;2;2;1;3;350;26/05/2012
2012026686;1;2;2;1;3;350;28/05/2012
2012026687;1;2;6;7;3;350;29/05/2012
2012026688;1;2;6;1;7;350;29/05/2012
2012026689;1;2;1;1;3;350;29/05/2012
2012026690;1;2;1;1;6;350;29/05/2012
2012026691;1;2;5;1;6;350;29/05/2012
2012026692;1;2;1;1;7;350;30/05/2012
2012026693;5;2;1;1;7;350;30/05/2012
2012026694;1;2;1;1;7;350;30/05/2012
2012026695;1;2;9;1;2;350;31/05/2012
2012026696;1;2;1;1;7;350;31/05/2012
2012026697;1;2;3;1;3;350;01/06/2012
2012026698;1;2;1;1;7;350;01/06/2012
2012026699;1;2;6;7;3;350;01/06/2012
2012026700;1;2;1;1;6;350;03/06/2012
2012026701;1;2;3;1;6;350;03/06/2012
2012026702;1;2;5;1;6;350;03/06/2012
2012026703;1;2;1;8;1;350;05/06/2012
2012026704;1;2;6;8;3;350;06/06/2012
2012026705;5;2;2;8;3;350;06/06/2012
2012026706;1;2;1;8;2;350;07/06/2012
2012026707;1;2;1;8;2;350;07/06/2012
2012026708;1;2;3;8;6;350;07/06/2012
2012026709;1;2;1;1;3;350;08/06/2012
2012026710;1;2;3;8;6;350;08/06/2012
2012026711;1;2;1;1;2;350;08/06/2012
2012026712;5;2;5;2;6;350;10/06/2012
2012026713;1;2;1;1;3;350;11/06/2012
2012026714;1;2;6;2;3;350;11/06/2012
2012026715;1;2;3;1;3;350;11/06/2012
2012026716;1;2;2;1;3;350;15/06/2012
2012026717;1;2;3;1;7;350;15/06/2012
2012026718;1;2;2;1;3;350;15/06/2012
2012026719;1;2;1;1;4;350;16/06/2012
2012026720;1;2;3;1;3;350;17/06/2012
2012026721;1;2;3;1;3;350;17/06/2012
2012026722;1;2;1;1;6;350;18/06/2012
2012026723;1;2;1;1;6;350;19/06/2012
2012026724;1;2;5;1;3;350;20/06/2012
2012026725;1;2;1;1;2;350;22/06/2012
2012026726;1;2;2;1;2;350;23/06/2012
2012026727;1;2;2;2;3;350;24/06/2012
2012026728;1;2;5;8;4;350;25/06/2012
2012026729;1;2;3;1;6;350;26/06/2012
2012026730;1;2;1;1;6;350;27/06/2012
2012026731;1;2;2;1;3;350;27/06/2012
2012026732;1;2;5;1;5;350;27/06/2012
2012026733;5;2;1;1;2;350;27/06/2012
2012026734;1;2;2;1;3;350;28/06/2012
2012026735;1;2;1;1;3;350;29/06/2012
2012026736;1;2;2;2;3;350;30/06/2012
2012026737;1;2;2;1;3;350;30/06/2012
2012026738;1;2;3;1;1;350;01/07/2012
2012026739;1;2;3;1;2;350;03/07/2012
2012026740;1;2;2;3;2;350;04/07/2012
2012026741;1;2;1;1;3;350;05/07/2012
2012026742;1;2;1;1;6;350;05/07/2012
2012026743;1;2;5;1;4;350;05/07/2012
2012026744;1;2;6;1;6;350;06/07/2012
2012026745;1;2;6;1;3;350;06/07/2012
2012026746;1;2;1;2;6;350;09/07/2012
2012026747;1;2;1;1;3;350;09/07/2012
2012026748;1;2;2;1;3;350;09/07/2012
2012026749;1;2;3;1;3;350;10/07/2012
2012026750;1;2;5;8;2;350;11/07/2012
2012026751;1;2;2;1;3;350;11/07/2012
2012026752;1;2;1;1;6;350;13/07/2012
2012026753;1;2;3;8;2;350;13/07/2012
2012026754;1;2;1;1;2;350;14/07/2012
2012026755;1;2;1;1;6;350;14/07/2012
2012026756;1;2;2;1;3;350;16/07/2012
2012026757;1;2;5;1;7;350;16/07/2012
2012026758;1;2;1;1;3;350;16/07/2012
2012026759;1;2;2;1;3;350;18/07/2012
2012026760;1;2;1;1;7;350;19/07/2012
2012026761;1;2;2;1;3;350;19/07/2012
2012026762;1;2;1;1;3;350;23/07/2012
2012026763;1;2;2;1;6;350;25/07/2012
2012026764;1;2;5;1;7;350;25/07/2012
2012026765;1;2;6;1;3;350;26/07/2012
2012026766;1;2;4;1;3;350;27/07/2012
2012026767;1;2;5;1;2;350;27/07/2012
2012026768;1;2;1;1;6;350;27/07/2012
2012026769;5;2;1;1;6;350;28/07/2012
2012026770;1;2;1;1;6;350;28/07/2012
2012026771;1;2;1;1;6;350;28/07/2012
2012026772;5;2;1;1;6;350;01/08/2012
2012026773;1;2;1;1;7;350;01/08/2012
2012026774;1;2;9;1;6;350;02/08/2012
2012026775;1;2;2;1;6;350;02/08/2012
2012026776;1;2;3;1;6;350;03/08/2012
2012026777;1;2;5;1;7;350;03/08/2012
2012026778;1;2;1;1;7;350;03/08/2012
2012026779;1;2;1;1;2;350;04/08/2012
2012026780;1;2;1;1;6;350;04/08/2012
2012026781;1;2;3;1;3;350;06/08/2012
2012026782;1;2;2;1;6;350;06/08/2012
2012026783;1;2;9;1;7;350;10/08/2012
2012026784;1;2;1;2;6;350;13/08/2012
2012026785;1;2;1;1;3;350;14/08/2012
2012026786;1;2;6;1;7;350;14/08/2012
2012026787;5;2;2;1;3;350;14/08/2012
2012026788;3;2;1;1;6;350;14/08/2012
2012026789;5;2;1;1;2;350;16/08/2012
2012026790;1;2;2;1;2;350;18/08/2012
2012026791;1;2;2;1;2;350;20/08/2012
2012026792;5;2;1;1;6;350;21/08/2012
2012026793;1;2;3;1;3;350;21/08/2012
2012026794;1;2;2;1;6;350;21/08/2012
2012026795;1;2;9;1;4;350;21/08/2012
2012026796;1;2;5;1;3;350;22/08/2012
2012026797;1;2;3;1;2;350;22/08/2012
2012026798;3;1;1;1;6;350;23/08/2012
2012026799;1;2;1;7;3;350;23/08/2012
2012026800;1;2;1;1;2;350;23/08/2012
2012026801;1;2;5;1;6;350;25/08/2012
2012026802;5;2;6;1;6;350;29/08/2012
2012026803;5;2;1;1;7;350;29/08/2012
2012026804;1;2;2;8;2;350;30/08/2012
2012026805;1;2;2;1;7;350;31/08/2012
2012026806;1;2;1;1;7;350;31/08/2012
2012026807;1;2;3;2;2;350;01/09/2012
2012026808;3;2;5;1;6;350;02/09/2012
2012026809;1;2;1;1;7;350;02/09/2012
2012026810;1;2;1;1;7;350;03/09/2012
2012026811;1;2;1;1;3;350;03/09/2012
2012026812;1;2;1;1;4;350;03/09/2012
2012026813;1;2;2;1;3;350;03/09/2012
2012026814;1;2;6;1;7;350;04/09/2012
2012026815;1;2;2;1;2;350;04/09/2012