num_acc;lum;agg;inter;atm;col;dep;date
2012026816;1;2;2;1;3;350;05/09/2012
2012026817;1;2;1;1;6;350;05/09/2012
2012026818;1;2;2;1;3;350;06/09/2012
2012026819;1;2;1;1;7;350;06/09/2012
2012026820;1;2;3;1;3;350;07/09/2012
2012026821;5;2;1;1;3;350;07/09/2012
2012026822;1;2;3;1;3;350;08/09/2012
2012026823;1;2;6;1;6;350;08/09/2012
2012026824;1;2;1;1;4;350;10/09/2012
2012026825;1;2;1;1;7;350;10/09/2012
2012026826;1;2;3;3;2;350;11/09/2012
2012026827;1;2;5;1;3;350;11/09/2012
2012026828;1;2;3;2;7;350;12/09/2012
2012026829;1;2;3;1;3;350;12/09/2012
2012026830;1;2;6;2;2;350;12/09/2012
2012026831;1;2;6;1;3;350;14/09/2012
2012026832;4;2;2;1;2;350;15/09/2012
2012026833;1;2;5;1;3;350;19/09/2012
2012026834;1;2;5;1;3;350;20/09/2012
2012026835;1;2;2;7;6;350;20/09/2012
2012026836;1;2;3;1;3;350;20/09/2012
2012026837;1;2;2;1;6;350;20/09/2012
2012026838;5;2;2;1;3;350;21/09/2012
2012026839;5;2;1;1;7;350;21/09/2012
2012026840;3;2;5;1;6;350;21/09/2012
2012026841;1;2;1;1;6;350;22/09/2012
2012026842;1;2;1;8;2;350;24/09/2012
2012026843;1;2;2;8;3;350;24/09/2012
2012026844;1;2;3;3;6;350;24/09/2012
2012026845;1;2;2;1;3;350;25/09/2012
2012026846;3;2;1;2;6;350;26/09/2012
2012026847;1;2;1;2;4;350;26/09/2012
2012026848;1;2;2;1;3;350;27/09/2012
2012026849;5;2;6;1;3;350;29/09/2012
2012026850;5;2;6;1;7;350;29/09/2012
2012026851;5;2;2;1;3;350;29/09/2012
2012026852;1;2;2;2;6;350;02/10/2012
2012026853;1;2;1;2;6;350;02/10/2012
2012026854;1;2;5;2;2;350;02/10/2012
2012026855;1;2;1;2;3;350;02/10/2012
2012026856;5;2;3;2;1;350;02/10/2012
2012026857;2;2;2;2;2;350;03/10/2012
2012026858;1;2;6;2;7;350;03/10/2012
2012026859;1;2;2;8;3;350;03/10/2012
2012026860;5;2;3;1;7;350;03/10/2012
2012026861;1;2;3;2;1;350;06/10/2012
2012026862;1;2;1;1;6;350;07/10/2012
2012026863;1;2;2;1;6;350;07/10/2012
2012026864;5;2;5;2;1;350;07/10/2012
2012026865;1;2;2;3;3;350;08/10/2012
2012026866;1;2;5;3;6;350;08/10/2012
2012026867;3;2;5;2;3;350;09/10/2012
2012026868;1;2;6;2;6;350;09/10/2012
2012026869;1;2;1;8;3;350;09/10/2012
2012026870;1;2;6;2;3;350;11/10/2012
2012026871;1;2;3;1;4;350;11/10/2012
2012026872;1;2;3;2;3;350;12/10/2012
2012026873;5;2;5;1;6;350;12/10/2012
2012026874;5;2;1;1;7;350;13/10/2012
2012026875;1;2;6;2;3;350;13/10/2012
2012026876;5;2;2;1;3;350;13/10/2012
2012026877;1;2;6;7;3;350;14/10/2012
2012026878;3;2;1;1;4;350;15/10/2012
2012026879;5;2;2;2;3;350;17/10/2012
2012026880;1;2;1;2;7;350;17/10/2012
2012026881;1;2;1;8;6;350;17/10/2012
2012026882;1;2;6;2;3;350;18/10/2012
2012026883;1;2;1;2;4;350;18/10/2012
2012026884;5;2;2;2;3;350;19/10/2012
2012026885;5;2;2;2;6;350;19/10/2012
2012026886;1;2;3;2;3;350;19/10/2012
2012026887;1;2;1;2;3;350;19/10/2012
2012026888;1;2;2;1;6;350;20/10/2012
2012026889;2;2;3;2;7;350;20/10/2012
2012026890;5;2;1;2;7;350;22/10/2012
2012026891;1;2;2;8;6;350;22/10/2012
2012026892;1;2;1;1;4;350;23/10/2012
2012026893;1;2;1;1;6;350;23/10/2012
2012026894;1;2;1;1;3;350;24/10/2012
2012026895;1;2;1;1;3;350;24/10/2012
2012026896;4;2;1;1;6;350;25/10/2012
2012026897;1;2;1;1;4;350;25/10/2012
2012026898;1;2;3;7;6;350;27/10/2012
2012026899;5;2;6;1;6;350;27/10/2012
2012026900;3;2;1;1;6;350;29/10/2012
2012026901;1;2;1;1;3;350;29/10/2012
2012026902;1;2;3;1;6;350;30/10/2012
2012026903;1;2;5;1;4;350;30/10/2012
2012026904;1;2;1;1;4;350;02/11/2012
2012026905;5;2;2;8;5;350;02/11/2012
2012026906;5;2;2;1;3;350;04/11/2012
2012026907;1;2;1;1;4;350;05/11/2012
2012026908;5;2;1;1;7;350;05/11/2012
2012026909;1;2;1;1;6;350;08/11/2012
2012026910;1;2;1;1;3;350;08/11/2012
2012026911;5;2;1;1;3;350;11/11/2012
2012026912;1;1;1;3;7;350;12/11/2012
2012026913;1;2;6;1;3;350;13/11/2012
2012026914;1;2;1;1;6;350;13/11/2012
2012026915;5;2;1;1;6;350;13/11/2012
2012026916;1;2;3;1;2;350;14/11/2012
2012026917;1;2;3;1;6;350;14/11/2012
2012026918;1;2;6;1;4;350;14/11/2012
2012026919;1;2;1;1;6;350;14/11/2012
2012026920;1;2;4;1;2;350;15/11/2012
2012026921;1;2;5;1;3;350;17/11/2012
2012026922;1;2;5;1;6;350;17/11/2012
2012026923;1;2;1;2;3;350;17/11/2012
2012026924;1;2;2;1;3;350;19/11/2012
2012026925;3;1;1;1;2;350;19/11/2012
2012026926;5;2;2;1;3;350;20/11/2012
2012026927;2;2;2;1;3;350;21/11/2012
2012026928;5;2;1;1;6;350;21/11/2012
2012026929;1;2;1;1;6;350;22/11/2012
2012026930;5;2;3;1;3;350;22/11/2012
2012026931;5;2;3;2;6;350;23/11/2012
2012026932;1;2;3;2;6;350;23/11/2012
2012026933;5;2;3;3;3;350;23/11/2012
2012026934;5;2;1;1;6;350;24/11/2012
2012026935;1;2;3;2;6;350;24/11/2012
2012026936;5;2;3;2;3;350;24/11/2012
2012026937;5;2;3;2;6;350;24/11/2012
2012026938;5;2;2;1;6;350;25/11/2012
2012026939;3;2;1;2;7;350;26/11/2012
2012026940;1;2;1;8;2;350;26/11/2012
2012026941;3;2;5;1;4;350;26/11/2012
2012026942;2;2;1;2;2;350;27/11/2012
2012026943;1;2;1;8;7;350;27/11/2012
2012026944;1;2;3;8;3;350;28/11/2012
2012026945;3;2;1;6;6;350;30/11/2012
2012026946;1;2;3;1;7;350;30/11/2012
2012026947;3;2;4;5;6;350;01/12/2012
2012026948;5;2;1;2;7;350;02/12/2012
2012026949;1;2;1;1;6;350;02/12/2012
2012026950;1;2;1;1;6;350;02/12/2012
2012026951;5;2;2;3;6;350;03/12/2012
2012026952;5;2;1;3;7;350;03/12/2012
2012026953;1;2;2;2;3;350;04/12/2012
2012026954;1;2;1;8;6;350;04/12/2012
2012026955;1;2;3;1;3;350;05/12/2012
2012026956;1;2;3;3;3;350;05/12/2012
2012026957;5;2;3;2;6;350;05/12/2012
2012026958;1;2;2;1;4;350;06/12/2012
2012026959;5;2;2;8;3;350;07/12/2012
2012026960;3;2;5;1;3;350;07/12/2012
2012026961;5;2;1;2;2;350;07/12/2012
2012026962;4;2;2;2;6;350;08/12/2012
2012026963;1;2;3;1;3;350;08/12/2012
2012026964;2;2;9;8;6;350;08/12/2012
2012026965;5;2;1;1;4;350;08/12/2012
2012026966;1;2;1;1;2;350;10/12/2012
2012026967;1;2;1;7;6;350;10/12/2012
2012026968;1;2;1;1;7;350;10/12/2012
2012026969;3;2;6;8;6;350;13/12/2012
2012026970;1;2;1;8;2;350;13/12/2012
2012026971;5;2;3;8;6;350;13/12/2012
2012026972;1;2;3;8;3;350;14/12/2012
2012026973;1;2;5;7;6;350;15/12/2012
2012026974;1;2;1;3;7;350;15/12/2012
2012026975;1;2;1;1;4;350;15/12/2012
2012026976;5;2;1;1;3;350;16/12/2012
2012026977;5;2;2;8;3;350;17/12/2012
2012026978;4;2;1;1;4;350;18/12/2012
2012026979;1;2;5;1;6;350;18/12/2012
2012026980;5;2;1;2;6;350;19/12/2012
2012026981;5;2;1;2;6;350;19/12/2012
2012026982;1;2;1;2;6;350;19/12/2012
2012026983;5;2;1;1;6;350;20/12/2012
2012026984;5;2;3;1;6;350;20/12/2012
2012026985;5;2;2;1;3;350;21/12/2012
2012026986;1;2;6;2;7;350;23/12/2012
2012026987;5;2;3;1;7;350;24/12/2012
2012026988;1;2;6;1;7;350;26/12/2012
2012026989;5;2;1;1;6;350;28/12/2012
2012026990;4;2;5;1;7;350;31/12/2012
2012026991;2;2;1;1;6;350;27/12/2012
2012026992;5;2;1;1;3;350;10/01/2012
2012026993;1;2;9;1;6;350;26/02/2012
2012026994;1;1;1;1;7;350;14/03/2012
2012026995;5;2;1;1;7;350;26/03/2012
2012026996;1;2;3;1;3;350;25/04/2012
2012026997;2;2;1;1;6;350;05/05/2012
2012026998;1;1;3;1;3;350;12/05/2012
2012026999;1;2;3;1;3;350;30/05/2012
2012027000;1;2;3;1;3;350;20/04/2012
2012027001;1;2;1;1;3;350;18/06/2012
2012027002;1;2;1;1;6;350;06/06/2012
2012027003;3;2;3;1;3;350;01/07/2012
2012027004;1;2;6;1;3;350;17/07/2012
2012027005;1;2;6;1;6;350;24/07/2012
2012027006;1;2;6;1;3;350;30/07/2012
2012027007;2;2;1;1;7;350;08/08/2012
2012027008;1;2;1;1;7;350;19/08/2012
2012027009;3;1;9;1;5;350;03/08/2012
2012027010;1;2;2;1;6;350;12/09/2012
2012027011;1;1;1;1;4;350;16/09/2012
2012027012;1;2;6;1;3;350;18/09/2012
2012027013;1;2;2;1;3;350;29/09/2012
2012027014;1;2;2;3;6;350;03/10/2012
2012027015;1;2;1;1;6;350;11/10/2012
2012027016;1;2;1;1;2;350;16/10/2012
2012027017;5;2;1;1;6;350;21/10/2012
2012027018;1;2;1;3;6;350;04/11/2012
2012027019;1;2;6;1;2;350;09/11/2012
2012027020;1;2;6;1;6;350;28/11/2012
2012027021;5;2;9;1;3;350;30/11/2012
2012027022;1;2;3;1;2;350;11/12/2012
2012027023;5;2;6;1;2;350;28/12/2012
2012027024;5;2;1;2;7;360;17/11/2012
2012027025;1;1;1;8;1;360;27/12/2012
2012027026;2;2;1;2;7;360;01/01/2012
2012027027;1;2;6;1;2;360;02/01/2012
2012027028;1;2;1;1;6;360;17/01/2012
2012027029;5;2;3;1;3;360;13/01/2012
2012027030;5;2;1;1;7;360;11/01/2012
2012027031;1;2;1;1;3;360;22/02/2012
2012027032;1;1;3;1;7;360;20/01/2012
2012027033;1;1;1;1;7;360;14/01/2012
2012027034;1;2;1;1;2;360;16/01/2012
2012027035;1;2;3;1;3;360;16/03/2012
2012027036;1;2;3;1;3;360;16/01/2012
2012027037;5;2;1;1;6;360;16/01/2012
2012027038;1;1;1;1;2;360;21/01/2012
2012027039;1;2;3;8;3;360;23/01/2012
2012027040;1;1;1;4;6;360;21/04/2012
2012027041;1;2;2;1;3;360;07/05/2012
2012027042;1;2;2;1;3;360;27/01/2012
2012027043;5;2;1;1;5;360;28/01/2012
2012027044;5;2;3;1;2;360;30/01/2012
2012027045;1;2;1;1;6;360;01/02/2012
2012027046;3;2;1;1;1;360;22/06/2012
2012027047;1;2;2;1;2;360;12/07/2012
2012027048;5;2;1;1;7;360;17/07/2012
2012027049;3;1;1;1;7;360;28/07/2012
2012027050;1;2;2;1;1;360;07/08/2012
2012027051;1;2;6;8;6;360;06/08/2012
2012027052;5;2;2;1;3;360;04/08/2012
2012027053;1;2;4;1;3;360;07/09/2012
2012027054;5;2;1;1;1;360;10/08/2012
2012027055;1;1;6;1;6;360;16/09/2012
2012027056;1;2;6;1;3;360;08/09/2012
2012027057;1;2;2;8;3;360;25/09/2012
2012027058;1;2;1;1;3;360;19/09/2012
2012027059;5;2;1;1;7;360;18/08/2012
2012027060;1;2;1;1;3;360;07/09/2012
2012027061;1;2;6;8;3;360;23/02/2012
2012027062;3;1;1;1;7;360;23/02/2012
2012027063;1;1;1;1;3;360;04/10/2012
2012027064;5;2;1;1;6;360;24/02/2012
2012027065;3;1;1;8;7;360;24/02/2012
2012027066;1;2;3;1;2;360;25/02/2012
2012027067;1;1;1;1;3;360;27/02/2012
2012027068;3;1;1;1;6;360;06/11/2012
2012027069;3;1;1;2;7;360;13/10/2012
2012027070;1;2;1;1;6;360;29/02/2012
2012027071;3;1;1;1;7;360;17/11/2012
2012027072;2;1;3;8;3;360;17/12/2012
2012027073;5;2;2;1;3;360;08/03/2012
2012027074;3;1;1;2;1;360;21/12/2012
2012027075;1;2;1;1;3;360;13/03/2012
2012027076;1;2;1;1;4;360;14/03/2012
2012027077;1;2;1;1;7;360;16/03/2012
2012027078;1;2;1;8;6;360;17/03/2012
2012027079;1;2;2;1;3;360;17/03/2012
2012027080;5;2;1;1;6;360;18/03/2012
2012027081;1;2;1;1;6;360;24/03/2012
2012027082;1;2;1;1;3;360;28/03/2012
2012027083;1;2;3;1;3;360;31/03/2012
2012027084;1;1;2;1;3;360;04/04/2012
2012027085;2;1;1;8;7;360;10/04/2012
2012027086;1;2;7;1;6;360;16/04/2012
2012027087;1;1;1;8;6;360;17/04/2012
2012027088;1;1;1;1;7;360;18/04/2012
2012027089;1;2;2;8;3;360;18/04/2012
2012027090;1;2;4;1;1;360;25/04/2012
2012027091;5;2;1;2;3;360;26/04/2012
2012027092;1;2;3;1;3;360;29/04/2012
2012027093;1;2;1;1;6;360;02/05/2012
2012027094;1;2;2;2;3;360;05/05/2012
2012027095;3;2;2;1;3;360;12/05/2012
2012027096;1;1;1;1;7;360;14/05/2012
2012027097;1;2;2;1;1;360;15/05/2012
2012027098;1;2;1;1;6;360;24/05/2012
2012027099;1;2;1;1;2;360;26/05/2012
2012027100;3;2;1;1;7;360;28/05/2012
2012027101;1;1;6;1;7;360;30/05/2012
2012027102;1;2;1;1;6;360;30/05/2012
2012027103;1;2;2;1;3;360;30/05/2012
2012027104;2;2;1;1;2;360;02/06/2012
2012027105;1;1;1;1;3;360;07/06/2012
2012027106;1;2;3;8;2;360;08/06/2012
2012027107;1;2;2;1;6;360;09/06/2012
2012027108;1;2;1;1;2;360;11/06/2012
2012027109;1;2;6;1;7;360;13/06/2012
2012027110;5;2;2;1;3;360;17/06/2012
2012027111;1;2;1;1;3;360;17/06/2012
2012027112;1;1;1;1;5;360;23/06/2012
2012027113;1;2;1;1;3;360;27/06/2012
2012027114;1;2;3;1;3;360;28/06/2012
2012027115;1;2;1;1;7;360;28/06/2012
2012027116;1;2;1;1;6;360;29/06/2012
2012027117;1;1;3;1;2;360;02/07/2012
2012027118;1;2;1;1;4;360;05/07/2012
2012027119;1;2;1;1;6;360;07/07/2012
2012027120;1;2;2;1;3;360;14/07/2012
2012027121;1;2;1;1;2;360;14/07/2012
2012027122;1;1;1;1;3;360;24/07/2012
2012027123;1;2;1;1;7;360;25/07/2012
2012027124;1;1;1;1;7;360;25/07/2012
2012027125;1;2;3;1;3;360;28/07/2012
2012027126;1;2;2;1;7;360;08/08/2012
2012027127;1;2;1;1;3;360;17/08/2012
2012027128;1;1;1;1;6;360;18/08/2012
2012027129;5;1;1;1;7;360;19/08/2012
2012027130;1;1;6;1;6;360;30/08/2012
2012027131;3;2;1;1;6;360;30/08/2012
2012027132;1;2;6;1;3;360;06/09/2012
2012027133;2;2;6;1;7;360;09/09/2012
2012027134;1;2;1;1;6;360;10/09/2012
2012027135;1;2;1;1;7;360;10/09/2012
2012027136;2;2;1;1;7;360;11/09/2012
2012027137;2;2;1;1;7;360;15/09/2012
2012027138;5;2;1;1;6;360;15/09/2012
2012027139;1;2;1;1;2;360;20/09/2012
2012027140;1;2;1;1;6;360;23/09/2012
2012027141;1;1;1;1;3;360;25/09/2012
2012027142;1;2;1;1;7;360;25/09/2012
2012027143;1;2;1;1;7;360;26/09/2012
2012027144;1;2;1;1;3;360;27/09/2012
2012027145;1;2;1;1;3;360;28/09/2012
2012027146;1;1;1;1;2;360;03/10/2012
2012027147;1;2;1;1;3;360;05/10/2012
2012027148;5;2;3;1;3;360;05/10/2012
2012027149;1;2;1;2;6;360;08/10/2012
2012027150;1;1;1;2;6;360;08/10/2012
2012027151;5;2;3;2;3;360;10/10/2012
2012027152;1;2;1;2;6;360;11/10/2012
2012027153;1;2;3;1;3;360;12/10/2012
2012027154;1;2;6;8;3;360;13/10/2012
2012027155;1;2;1;1;7;360;19/10/2012
2012027156;1;2;1;8;3;360;19/10/2012
2012027157;1;2;1;1;6;360;22/10/2012
2012027158;1;2;3;1;3;360;22/10/2012
2012027159;3;1;1;1;7;360;22/10/2012
2012027160;1;2;1;1;3;360;23/10/2012
2012027161;1;2;1;1;2;360;23/10/2012
2012027162;5;2;1;1;7;360;24/10/2012
2012027163;1;2;1;8;2;360;25/10/2012
2012027164;1;2;6;1;5;360;27/10/2012
2012027165;1;1;1;1;3;360;28/10/2012
2012027166;1;1;1;3;7;360;02/11/2012
2012027167;1;2;1;1;1;360;03/11/2012
2012027168;5;2;1;1;7;360;03/11/2012
2012027169;3;1;1;1;7;360;06/11/2012
2012027170;3;1;6;1;4;360;13/11/2012
2012027171;1;1;1;1;7;360;14/11/2012
2012027172;3;1;1;5;6;360;15/11/2012
2012027173;1;2;1;1;2;360;16/11/2012
2012027174;1;2;1;1;7;360;22/11/2012
2012027175;1;2;1;1;3;360;27/11/2012
2012027176;5;2;1;1;7;360;03/12/2012
2012027177;5;2;1;1;2;360;03/12/2012
2012027178;1;2;1;1;3;360;06/12/2012
2012027179;4;1;1;1;4;360;06/12/2012
2012027180;1;2;1;8;6;360;13/12/2012
2012027181;1;2;2;2;3;360;14/12/2012
2012027182;2;2;1;2;7;360;18/12/2012
2012027183;2;2;1;1;7;360;19/12/2012
2012027184;1;2;1;1;7;360;20/12/2012
2012027185;2;2;1;1;7;360;21/12/2012
2012027186;3;1;1;2;7;360;26/12/2012
2012027187;1;1;1;8;1;360;28/12/2012
2012027188;5;2;1;1;7;360;28/12/2012
2012027189;2;2;1;1;6;360;28/12/2012
2012027190;4;2;1;1;7;360;29/12/2012
2012027191;1;2;1;1;7;360;31/12/2012
2012027192;5;2;1;1;7;370;06/01/2012
2012027193;5;2;3;1;3;370;12/01/2012
2012027194;3;2;1;2;7;370;21/01/2012
2012027195;5;2;2;8;2;370;21/01/2012
2012027196;3;2;1;1;6;370;22/01/2012
2012027197;5;2;1;1;6;370;16/02/2012
2012027198;5;2;2;1;3;370;28/02/2012
2012027199;5;2;1;1;7;370;29/02/2012
2012027200;5;2;2;1;3;370;03/03/2012
2012027201;5;2;1;1;6;370;13/03/2012
2012027202;5;2;1;1;7;370;23/03/2012
2012027203;5;2;2;1;3;370;29/03/2012
2012027204;2;2;1;1;2;370;30/03/2012
2012027205;5;2;2;1;3;370;01/04/2012
2012027206;5;2;1;1;7;370;05/04/2012
2012027207;5;2;1;2;7;370;14/04/2012
2012027208;5;2;2;1;3;370;21/04/2012
2012027209;5;2;1;8;7;370;25/04/2012
2012027210;5;2;5;1;3;370;29/04/2012
2012027211;5;2;1;2;1;370;06/05/2012
2012027212;5;2;1;1;6;370;18/05/2012
2012027213;5;2;1;1;7;370;20/05/2012
2012027214;5;2;6;8;7;370;20/05/2012
2012027215;5;2;2;2;3;370;21/05/2012
2012027216;1;2;1;1;7;370;27/05/2012
2012027217;5;2;1;1;6;370;02/06/2012
2012027218;5;2;1;1;6;370;03/06/2012
2012027219;1;2;1;1;6;370;14/06/2012
2012027220;5;2;2;1;1;370;09/06/2012
2012027221;5;2;1;1;6;370;09/06/2012
2012027222;5;2;3;2;2;370;15/06/2012
2012027223;2;2;1;1;2;370;22/06/2012
2012027224;1;2;3;1;2;370;02/01/2012
2012027225;5;2;3;2;6;370;03/01/2012
2012027226;1;2;2;1;3;370;04/01/2012
2012027227;5;2;1;1;3;370;10/01/2012
2012027228;5;2;1;1;6;370;11/01/2012
2012027229;1;2;2;1;3;370;16/01/2012
2012027230;1;2;2;1;7;370;17/01/2012
2012027231;5;2;2;1;3;370;20/01/2012
2012027232;5;2;2;1;2;370;21/01/2012
2012027233;1;2;3;1;6;370;27/01/2012
2012027234;2;2;1;1;3;370;27/01/2012
2012027235;1;2;1;1;7;370;01/02/2012
2012027236;1;2;2;1;6;370;01/02/2012
2012027237;5;2;3;1;3;370;01/02/2012
2012027238;5;2;2;1;3;370;03/02/2012
2012027239;1;2;1;1;2;370;03/02/2012
2012027240;1;2;2;4;6;370;10/02/2012
2012027241;1;2;3;1;7;370;04/01/2012
2012027242;5;2;1;1;7;370;18/01/2012
2012027243;4;2;2;2;6;370;19/01/2012
2012027244;3;2;6;2;3;370;25/01/2012
2012027245;5;2;2;1;2;370;23/01/2012
2012027246;1;2;1;1;6;370;24/01/2012
2012027247;2;2;1;1;6;370;30/01/2012
2012027248;2;2;3;8;3;370;31/01/2012
2012027249;5;2;3;8;6;370;04/01/2012
2012027250;1;2;1;2;6;370;24/02/2012
2012027251;1;1;2;1;1;370;25/01/2012
2012027252;1;2;1;1;6;370;21/02/2012
2012027253;5;2;1;1;7;370;27/02/2012
2012027254;2;1;1;1;2;370;28/02/2012
2012027255;1;2;1;1;6;370;29/02/2012
2012027256;1;2;1;1;6;370;15/02/2012
2012027257;1;2;2;1;3;370;13/01/2012
2012027258;1;2;2;1;5;370;14/01/2012
2012027259;1;2;2;1;3;370;14/01/2012
2012027260;1;2;3;1;3;370;14/01/2012
2012027261;1;2;1;1;2;370;20/01/2012
2012027262;1;2;2;1;5;370;15/01/2012
2012027263;5;2;1;8;6;370;19/01/2012
2012027264;1;2;2;1;3;370;20/01/2012
2012027265;5;2;3;1;3;370;24/01/2012
2012027266;5;2;2;8;3;370;26/01/2012
2012027267;2;2;9;8;3;370;26/01/2012
2012027268;1;2;1;1;7;370;27/01/2012
2012027269;1;2;1;1;7;370;06/02/2012
2012027270;1;2;1;1;7;370;13/02/2012
2012027271;1;2;1;8;3;370;23/02/2012
2012027272;1;2;1;1;6;370;29/02/2012
2012027273;1;2;3;1;3;370;01/03/2012
2012027274;1;2;1;1;6;370;12/03/2012
2012027275;1;2;6;1;3;370;13/03/2012
2012027276;1;2;3;1;3;370;15/03/2012
2012027277;5;2;1;3;4;370;18/03/2012
2012027278;1;2;3;1;3;370;24/03/2012
2012027279;1;2;2;1;3;370;24/03/2012
2012027280;1;2;6;7;2;370;26/03/2012
2012027281;1;2;1;1;3;370;02/04/2012
2012027282;1;2;1;1;6;370;05/04/2012
2012027283;2;1;1;1;6;370;17/01/2012
2012027284;5;2;2;1;3;370;18/12/2012
2012027285;1;2;3;1;3;370;06/01/2012
2012027286;1;2;1;1;6;370;16/01/2012
2012027287;1;2;1;1;6;370;11/12/2012
2012027288;2;2;1;1;3;370;08/12/2012
2012027289;2;1;1;1;6;370;06/12/2012
2012027290;1;2;1;1;6;370;07/12/2012
2012027291;1;2;1;1;6;370;07/12/2012
2012027292;2;1;6;1;7;370;03/12/2012
2012027293;2;1;1;1;7;370;13/12/2012
2012027294;1;2;1;1;6;370;19/01/2012
2012027295;1;2;1;1;2;370;03/02/2012
2012027296;2;2;1;2;6;370;27/12/2012
2012027297;1;2;3;1;3;370;21/02/2012
2012027298;1;2;1;1;2;370;02/03/2012
2012027299;5;2;3;1;6;370;03/03/2012
2012027300;1;2;3;1;3;370;09/03/2012
2012027301;2;2;3;1;5;370;15/03/2012
2012027302;1;2;1;1;6;370;20/03/2012
2012027303;1;2;1;1;3;370;21/03/2012
2012027304;1;2;1;1;6;370;21/03/2012
2012027305;1;1;1;1;4;370;22/03/2012
2012027306;1;2;1;1;3;370;26/03/2012
2012027307;1;2;1;1;2;370;29/03/2012
2012027308;1;2;2;1;3;370;29/03/2012
2012027309;1;2;3;1;3;370;02/04/2012
2012027310;1;2;2;1;3;370;03/04/2012
2012027311;1;2;1;1;3;370;04/04/2012
2012027312;1;2;2;1;3;370;14/04/2012
2012027313;2;2;2;1;3;370;16/04/2012
2012027314;1;2;2;2;3;370;19/04/2012
2012027315;1;1;3;2;3;370;19/04/2012
2012027316;1;2;3;2;3;370;20/04/2012
2012027317;1;1;1;2;7;370;20/04/2012
2012027318;5;2;1;1;6;370;21/04/2012
2012027319;1;1;1;1;3;370;08/05/2012
2012027320;1;2;4;1;3;370;10/05/2012
2012027321;1;2;1;1;7;370;14/05/2012
2012027322;1;2;3;1;7;370;19/05/2012
2012027323;1;2;2;2;3;370;20/05/2012
2012027324;5;2;9;1;3;370;16/02/2012
2012027325;1;2;3;1;2;370;21/02/2012
2012027326;1;2;1;1;6;370;23/02/2012
2012027327;2;2;1;2;7;370;23/02/2012
2012027328;5;2;2;2;3;370;17/03/2012
2012027329;1;2;1;2;1;370;05/03/2012
2012027330;1;2;3;1;3;370;24/03/2012
2012027331;1;2;6;1;3;370;24/03/2012
2012027332;1;2;9;1;6;370;24/03/2012
2012027333;1;2;3;1;5;370;29/03/2012
2012027334;1;2;1;1;6;370;30/03/2012
2012027335;2;2;2;1;3;370;29/03/2012
2012027336;1;2;1;3;6;370;04/04/2012
2012027337;1;2;1;1;3;370;06/04/2012
2012027338;2;2;1;1;2;370;06/04/2012
2012027339;1;2;3;1;3;370;06/04/2012
2012027340;2;2;2;1;6;370;09/04/2012
2012027341;1;2;3;1;3;370;11/04/2012
2012027342;1;2;6;1;3;370;11/04/2012
2012027343;1;2;1;1;1;370;15/04/2012
2012027344;2;2;3;1;3;370;12/04/2012
2012027345;1;2;1;1;2;370;12/04/2012
2012027346;1;2;3;1;7;370;16/04/2012
2012027347;1;2;6;3;7;370;23/04/2012
2012027348;1;2;1;1;1;370;24/04/2012
2012027349;1;2;2;2;3;370;29/04/2012
2012027350;2;2;1;8;6;370;06/05/2012
2012027351;5;2;1;1;1;370;12/01/2012
2012027352;2;2;2;1;6;370;02/01/2012
2012027353;2;2;1;4;7;370;09/02/2012
2012027354;1;2;1;4;7;370;10/02/2012
2012027355;2;2;1;1;6;370;15/02/2012
2012027356;5;2;2;8;1;370;19/01/2012
2012027357;1;2;1;8;6;370;17/04/2012
2012027358;1;2;2;2;3;370;19/04/2012
2012027359;2;2;3;1;2;370;19/04/2012
2012027360;1;2;1;1;7;370;20/04/2012
2012027361;1;2;1;1;2;370;02/05/2012
2012027362;1;2;2;1;3;370;06/05/2012
2012027363;1;2;1;1;2;370;11/05/2012
2012027364;1;2;1;8;3;370;20/05/2012
2012027365;1;2;1;1;3;370;04/06/2012
2012027366;1;2;4;1;6;370;04/06/2012
2012027367;1;1;3;1;6;370;29/05/2012
2012027368;1;2;1;1;3;370;05/06/2012
2012027369;1;2;2;1;3;370;05/06/2012
2012027370;1;2;2;1;3;370;11/06/2012
2012027371;1;1;1;1;2;370;12/06/2012
2012027372;1;2;1;1;2;370;13/06/2012
2012027373;5;2;1;2;2;370;05/01/2012
2012027374;1;2;1;1;2;370;17/06/2012
2012027375;1;2;2;1;7;370;29/06/2012
2012027376;1;2;2;1;3;370;29/06/2012
2012027377;1;2;2;1;3;370;30/06/2012
2012027378;1;2;1;1;2;370;05/07/2012
2012027379;5;2;1;1;5;370;27/03/2012
2012027380;5;2;1;1;6;370;30/03/2012
2012027381;1;2;1;1;6;370;09/05/2012
2012027382;1;2;1;1;2;370;10/05/2012
2012027383;1;2;4;1;3;370;15/05/2012
2012027384;1;1;2;1;3;370;18/05/2012
2012027385;1;2;1;1;6;370;15/05/2012
2012027386;1;2;2;3;3;370;21/05/2012
2012027387;1;2;2;1;6;370;15/05/2012
2012027388;1;2;1;1;2;370;24/05/2012
2012027389;1;2;1;1;7;370;27/05/2012
2012027390;1;2;1;1;6;370;28/05/2012
2012027391;1;2;1;1;3;370;29/05/2012
2012027392;1;2;1;1;2;370;02/06/2012
2012027393;1;2;2;1;2;370;04/06/2012
2012027394;1;2;2;1;3;370;05/06/2012
2012027395;1;2;1;1;6;370;14/06/2012