num_acc;lum;agg;inter;atm;col;dep;date
2012027396;1;1;1;1;6;370;14/06/2012
2012027397;1;2;6;1;2;370;15/06/2012
2012027398;1;2;1;1;6;370;26/06/2012
2012027399;1;2;1;1;3;370;26/06/2012
2012027400;2;2;1;1;7;370;21/06/2012
2012027401;1;2;6;1;3;370;02/07/2012
2012027402;1;2;2;1;6;370;02/07/2012
2012027403;1;2;1;1;3;370;02/07/2012
2012027404;1;2;3;1;3;370;03/07/2012
2012027405;1;2;1;1;2;370;27/06/2012
2012027406;1;2;1;1;3;370;03/07/2012
2012027407;1;2;2;1;3;370;04/07/2012
2012027408;1;2;1;1;6;370;09/07/2012
2012027409;1;2;3;1;7;370;29/07/2012
2012027410;1;2;6;1;3;370;02/08/2012
2012027411;1;2;6;1;2;370;09/08/2012
2012027412;1;2;1;1;6;370;09/08/2012
2012027413;1;2;4;1;6;370;03/08/2012
2012027414;1;2;1;1;7;370;13/08/2012
2012027415;1;2;2;1;3;370;07/08/2012
2012027416;1;2;1;1;6;370;14/08/2012
2012027417;1;2;1;1;6;370;24/02/2012
2012027418;2;1;1;1;4;370;20/02/2012
2012027419;1;2;1;1;6;370;20/02/2012
2012027420;1;2;1;2;7;370;04/05/2012
2012027421;1;2;2;2;3;370;20/05/2012
2012027422;1;2;3;1;2;370;21/05/2012
2012027423;1;2;2;1;3;370;25/05/2012
2012027424;1;2;1;1;7;370;06/06/2012
2012027425;1;2;3;1;6;370;06/06/2012
2012027426;1;2;2;1;3;370;08/06/2012
2012027427;1;2;1;2;2;370;21/04/2012
2012027428;1;2;1;2;5;370;12/06/2012
2012027429;1;2;3;1;6;370;14/06/2012
2012027430;1;2;1;1;6;370;20/06/2012
2012027431;1;2;1;1;7;370;09/06/2012
2012027432;1;2;3;2;7;370;25/06/2012
2012027433;1;2;3;1;3;370;26/06/2012
2012027434;1;2;1;1;3;370;02/07/2012
2012027435;1;1;1;1;3;370;03/07/2012
2012027436;1;2;3;1;3;370;06/07/2012
2012027437;1;2;2;1;3;370;09/07/2012
2012027438;1;2;1;1;6;370;12/07/2012
2012027439;1;2;1;7;4;370;12/07/2012
2012027440;1;1;1;2;6;370;13/07/2012
2012027441;1;2;2;2;3;370;13/07/2012
2012027442;1;2;1;1;1;370;14/07/2012
2012027443;1;2;1;1;3;370;14/07/2012
2012027444;1;1;6;1;3;370;18/07/2012
2012027445;1;2;1;1;6;370;19/07/2012
2012027446;1;1;2;1;7;370;19/07/2012
2012027447;1;1;1;2;7;370;20/07/2012
2012027448;1;2;6;1;3;370;21/07/2012
2012027449;1;2;1;1;2;370;06/01/2012
2012027450;1;2;1;1;7;370;12/05/2012
2012027451;1;2;1;1;6;370;26/03/2012
2012027452;1;2;3;1;1;370;05/04/2012
2012027453;1;2;1;1;3;370;14/06/2012
2012027454;2;1;1;1;7;370;12/04/2012
2012027455;1;2;1;1;3;370;18/04/2012
2012027456;5;2;1;1;3;370;26/06/2012
2012027457;5;2;7;1;6;370;22/06/2012
2012027458;2;2;2;2;6;370;24/06/2012
2012027459;5;2;3;1;3;370;22/07/2012
2012027460;5;2;2;8;7;370;28/07/2012
2012027461;1;2;1;1;6;370;28/07/2012
2012027462;5;2;2;1;6;370;29/07/2012
2012027463;5;2;3;2;3;370;30/07/2012
2012027464;5;2;1;1;7;370;31/08/2012
2012027465;5;2;1;2;7;370;23/09/2012
2012027466;5;2;6;3;1;370;24/09/2012
2012027467;5;2;1;1;7;370;28/09/2012
2012027468;5;2;1;1;7;370;02/10/2012
2012027469;5;2;1;2;3;370;08/10/2012
2012027470;5;2;1;2;7;370;21/10/2012
2012027471;5;2;6;8;3;370;04/11/2012
2012027472;5;2;1;1;6;370;06/11/2012
2012027473;5;2;1;1;6;370;18/11/2012
2012027474;3;2;1;6;7;370;18/12/2012
2012027475;3;2;1;2;7;370;22/12/2012
2012027476;5;2;6;2;7;370;22/12/2012
2012027477;5;2;3;2;3;370;26/12/2012
2012027478;5;2;2;3;3;370;31/12/2012
2012027479;3;1;1;2;6;370;31/12/2012
2012027480;1;2;1;1;7;370;05/07/2012
2012027481;1;2;3;1;2;370;06/07/2012
2012027482;1;2;3;1;2;370;12/07/2012
2012027483;1;2;1;1;2;370;18/07/2012
2012027484;1;2;1;1;2;370;24/07/2012
2012027485;1;2;1;1;6;370;31/07/2012
2012027486;1;2;2;2;3;370;05/08/2012
2012027487;1;2;1;1;6;370;09/08/2012
2012027488;1;2;3;1;4;370;16/08/2012
2012027489;1;2;2;1;3;370;21/08/2012
2012027490;1;2;1;1;2;370;24/08/2012
2012027491;1;2;1;1;4;370;27/08/2012
2012027492;1;1;6;1;2;370;29/08/2012
2012027493;1;2;1;1;7;370;28/08/2012
2012027494;1;1;3;1;3;370;30/08/2012
2012027495;1;2;1;1;3;370;04/09/2012
2012027496;2;2;2;1;3;370;20/09/2012
2012027497;1;2;1;1;3;370;20/09/2012
2012027498;1;2;1;1;6;370;20/09/2012
2012027499;1;2;1;2;1;370;21/09/2012
2012027500;1;2;2;1;3;370;22/09/2012
2012027501;1;2;1;1;1;370;28/09/2012
2012027502;1;2;1;1;2;370;22/05/2012
2012027503;5;2;1;3;2;370;03/01/2012
2012027504;1;2;3;1;3;370;24/07/2012
2012027505;1;2;1;1;6;370;26/07/2012
2012027506;1;2;1;1;3;370;26/07/2012
2012027507;1;2;3;2;5;370;30/07/2012
2012027508;1;2;1;1;6;370;31/07/2012
2012027509;1;2;3;1;3;370;31/07/2012
2012027510;1;2;2;1;3;370;06/08/2012
2012027511;1;2;1;1;6;370;06/08/2012
2012027512;1;2;2;1;2;370;06/08/2012
2012027513;1;2;4;1;7;370;08/08/2012
2012027514;1;2;1;1;7;370;17/08/2012
2012027515;1;1;1;1;6;370;17/08/2012
2012027516;1;2;3;1;3;370;23/08/2012
2012027517;5;1;1;1;6;370;04/09/2012
2012027518;1;2;1;1;7;370;05/09/2012
2012027519;1;2;1;1;7;370;24/08/2012
2012027520;1;2;1;1;6;370;06/09/2012
2012027521;1;2;1;1;6;370;10/09/2012
2012027522;5;1;6;1;7;370;10/09/2012
2012027523;2;2;1;1;3;370;13/09/2012
2012027524;1;2;3;1;7;370;23/09/2012
2012027525;2;2;1;1;6;370;22/09/2012
2012027526;3;1;1;2;6;370;23/09/2012
2012027527;5;2;1;2;6;370;25/09/2012
2012027528;1;2;1;1;6;370;25/09/2012
2012027529;5;2;2;1;3;370;30/09/2012
2012027530;1;2;1;1;7;370;01/10/2012
2012027531;1;2;2;1;3;370;05/10/2012
2012027532;1;2;3;1;3;370;06/10/2012
2012027533;1;2;1;1;6;370;07/10/2012
2012027534;1;1;3;1;2;370;11/10/2012
2012027535;1;2;2;2;3;370;11/10/2012
2012027536;5;2;1;1;3;370;11/10/2012
2012027537;1;2;9;1;2;370;12/10/2012
2012027538;1;2;2;1;3;370;16/10/2012
2012027539;1;2;1;1;5;370;22/10/2012
2012027540;2;2;1;1;6;370;22/10/2012
2012027541;1;2;1;1;6;370;23/10/2012
2012027542;1;2;2;1;6;370;23/10/2012
2012027543;1;1;1;1;5;370;30/10/2012
2012027544;1;2;6;1;7;370;31/08/2012
2012027545;1;2;7;1;6;370;19/08/2012
2012027546;1;2;8;1;7;370;25/08/2012
2012027547;1;2;1;1;3;370;31/08/2012
2012027548;1;2;1;1;7;370;31/08/2012
2012027549;1;2;6;1;2;370;03/09/2012
2012027550;1;2;1;1;2;370;01/09/2012
2012027551;1;2;6;1;3;370;06/09/2012
2012027552;1;2;1;1;7;370;14/09/2012
2012027553;1;1;2;1;3;370;14/09/2012
2012027554;1;2;1;1;6;370;07/09/2012
2012027555;1;2;1;1;7;370;21/09/2012
2012027556;1;2;1;1;7;370;12/09/2012
2012027557;1;2;1;1;7;370;21/08/2012
2012027558;1;2;2;2;5;370;24/09/2012
2012027559;1;2;2;8;3;370;25/09/2012
2012027560;1;1;1;1;2;370;27/09/2012
2012027561;1;2;2;8;3;370;02/10/2012
2012027562;1;2;1;1;6;370;03/10/2012
2012027563;2;2;1;1;6;370;02/10/2012
2012027564;2;2;1;2;6;370;02/10/2012
2012027565;2;1;1;2;6;370;09/10/2012
2012027566;1;2;1;1;6;370;08/10/2012
2012027567;5;2;1;1;1;370;12/10/2012
2012027568;1;2;1;1;6;370;02/10/2012
2012027569;5;2;1;1;2;370;13/10/2012
2012027570;1;1;2;1;2;370;26/10/2012
2012027571;4;2;2;1;3;370;31/10/2012
2012027572;1;2;1;1;2;370;05/11/2012
2012027573;1;2;1;1;6;370;15/10/2012
2012027574;4;2;1;1;6;370;06/11/2012
2012027575;4;2;1;1;6;370;12/11/2012
2012027576;1;2;1;1;3;370;13/11/2012
2012027577;5;2;3;8;6;370;08/12/2012
2012027578;1;2;1;1;4;370;20/11/2012
2012027579;1;2;6;2;7;370;02/11/2012
2012027580;5;2;2;1;6;370;17/02/2012
2012027581;1;2;1;1;7;370;09/07/2012
2012027582;1;2;1;1;2;370;06/07/2012
2012027583;1;2;1;1;7;370;09/07/2012
2012027584;2;2;1;1;7;370;10/07/2012
2012027585;1;2;1;1;6;370;09/07/2012
2012027586;1;2;1;1;2;370;02/10/2012
2012027587;1;2;1;1;1;370;05/10/2012
2012027588;5;2;3;2;3;370;09/10/2012
2012027589;1;2;1;1;2;370;09/10/2012
2012027590;1;2;1;1;2;370;17/10/2012
2012027591;1;2;1;2;1;370;17/10/2012
2012027592;1;2;1;1;7;370;15/10/2012
2012027593;1;2;1;1;6;370;20/10/2012
2012027594;2;2;1;1;2;370;22/10/2012
2012027595;2;2;6;8;5;370;23/10/2012
2012027596;1;2;6;1;3;370;23/10/2012
2012027597;1;2;2;1;3;370;08/11/2012
2012027598;1;2;1;1;2;370;13/11/2012
2012027599;5;2;3;1;2;370;22/11/2012
2012027600;1;1;1;1;2;370;16/11/2012
2012027601;1;2;1;1;2;370;19/11/2012
2012027602;5;2;1;1;3;370;20/11/2012
2012027603;1;2;1;1;3;370;20/11/2012
2012027604;1;2;1;1;6;370;20/11/2012
2012027605;1;2;9;1;3;370;21/11/2012
2012027606;1;2;1;1;6;370;22/11/2012
2012027607;1;2;1;1;3;370;28/11/2012
2012027608;1;2;1;1;7;370;01/12/2012
2012027609;1;2;3;1;1;370;04/12/2012
2012027610;5;2;1;2;6;370;13/12/2012
2012027611;5;2;1;2;4;370;13/12/2012
2012027612;4;2;6;2;6;370;14/12/2012
2012027613;3;1;1;2;6;370;15/12/2012
2012027614;1;2;2;1;3;370;30/08/2012
2012027615;2;2;1;1;6;370;29/08/2012
2012027616;3;2;2;2;3;370;04/10/2012
2012027617;1;2;3;1;3;370;31/10/2012
2012027618;1;1;1;5;7;370;11/11/2012
2012027619;2;2;1;5;7;370;12/11/2012
2012027620;1;2;1;1;3;370;16/11/2012
2012027621;5;2;1;8;6;370;21/11/2012
2012027622;1;2;3;1;3;370;22/11/2012
2012027623;1;2;3;1;7;370;22/11/2012
2012027624;1;2;2;1;3;370;23/11/2012
2012027625;1;2;2;1;3;370;24/11/2012
2012027626;5;2;2;1;3;370;28/11/2012
2012027627;1;2;3;1;3;370;29/11/2012
2012027628;2;2;3;1;6;370;29/11/2012
2012027629;1;2;6;2;3;370;03/12/2012
2012027630;5;2;6;2;7;370;03/12/2012
2012027631;5;2;1;2;6;370;03/12/2012
2012027632;5;2;1;2;7;370;04/12/2012
2012027633;1;2;2;1;3;370;09/12/2012
2012027634;5;2;1;1;3;370;10/12/2012
2012027635;5;1;1;1;7;370;16/12/2012
2012027636;5;2;1;1;6;370;18/12/2012
2012027637;1;2;1;1;7;370;18/12/2012
2012027638;1;2;1;1;7;370;11/10/2012
2012027639;5;2;1;5;7;370;03/03/2012
2012027640;5;2;2;1;3;370;31/10/2012
2012027641;1;2;1;1;2;370;02/09/2012
2012027642;5;2;1;1;7;370;02/09/2012
2012027643;1;2;2;1;6;370;03/09/2012
2012027644;1;2;2;1;6;370;10/09/2012
2012027645;5;2;1;1;2;370;17/11/2012
2012027646;1;2;1;1;7;370;28/09/2012
2012027647;2;2;1;1;7;370;22/09/2012
2012027648;2;2;1;1;7;370;25/09/2012
2012027649;1;2;6;1;7;370;25/09/2012
2012027650;1;2;1;1;4;370;28/09/2012
2012027651;1;2;2;1;3;370;16/02/2012
2012027652;3;1;1;8;7;370;22/11/2012
2012027653;1;2;2;1;3;370;15/10/2012
2012027654;1;2;1;1;7;370;15/10/2012
2012027655;1;2;2;1;6;370;13/10/2012
2012027656;2;2;1;2;7;370;14/10/2012
2012027657;1;2;1;1;3;370;07/12/2012
2012027658;1;2;6;8;6;370;02/12/2012
2012027659;2;2;2;3;3;370;14/12/2012
2012027660;1;2;1;1;7;370;23/12/2012
2012027661;1;2;1;8;1;370;19/12/2012
2012027662;5;2;1;3;2;370;25/12/2012
2012027663;5;2;3;2;7;370;29/12/2012
2012027664;3;2;1;2;6;370;30/12/2012
2012027665;1;2;1;2;4;370;31/12/2012
2012027666;1;2;9;1;7;370;09/03/2012
2012027667;2;2;1;1;7;370;18/10/2012
2012027668;2;2;1;1;6;370;27/10/2012
2012027669;1;1;1;1;7;370;15/12/2012
2012027670;5;2;3;8;3;370;20/12/2012
2012027671;1;2;1;1;7;370;21/12/2012
2012027672;3;1;1;8;6;370;25/12/2012
2012027673;1;2;6;1;3;370;26/12/2012
2012027674;2;2;1;1;6;370;03/11/2012
2012027675;2;2;1;1;6;370;13/11/2012
2012027676;1;2;1;1;7;370;24/03/2012
2012027677;1;2;1;1;6;370;24/03/2012
2012027678;5;2;4;1;6;370;14/03/2012
2012027679;1;2;1;1;6;370;28/06/2012
2012027680;1;1;2;1;3;370;18/03/2012
2012027681;2;2;1;1;1;370;13/03/2012
2012027682;1;2;1;1;6;370;29/03/2012
2012027683;1;2;6;1;7;370;17/04/2012
2012027684;1;2;9;1;3;370;18/04/2012
2012027685;1;2;1;8;6;370;17/04/2012
2012027686;1;2;2;1;3;370;19/04/2012
2012027687;1;2;1;2;4;370;27/04/2012
2012027688;1;2;1;1;3;370;11/05/2012
2012027689;1;2;1;1;2;370;16/05/2012
2012027690;1;2;1;1;7;370;24/10/2012
2012027691;1;2;6;1;7;370;01/06/2012
2012027692;1;2;3;1;3;370;03/06/2012
2012027693;1;2;1;1;3;370;24/05/2012
2012027694;1;2;3;1;1;370;06/06/2012
2012027695;1;2;1;1;6;370;09/06/2012
2012027696;1;2;3;1;6;370;17/06/2012
2012027697;1;2;3;1;3;370;25/11/2012
2012027698;1;2;2;1;3;370;29/06/2012
2012027699;1;2;9;1;6;370;04/07/2012
2012027700;1;1;1;1;7;370;09/07/2012
2012027701;1;2;1;2;3;370;11/07/2012
2012027702;5;2;1;1;7;370;22/07/2012
2012027703;1;2;2;1;1;370;03/08/2012
2012027704;1;2;1;1;1;370;08/08/2012
2012027705;1;2;2;1;3;370;09/09/2012
2012027706;1;2;1;1;7;370;10/09/2012
2012027707;1;2;6;1;3;370;04/09/2012
2012027708;1;2;1;1;4;370;19/09/2012
2012027709;1;2;1;1;6;370;19/09/2012
2012027710;1;1;6;1;3;370;14/09/2012
2012027711;1;2;1;1;6;370;21/09/2012
2012027712;2;2;1;2;6;370;04/10/2012
2012027713;4;2;2;1;3;370;12/10/2012
2012027714;1;2;2;1;6;370;12/10/2012
2012027715;1;2;3;1;6;370;06/10/2012
2012027716;5;2;2;2;3;370;18/10/2012
2012027717;1;2;2;1;3;370;16/10/2012
2012027718;2;2;3;2;6;370;21/11/2012
2012027719;1;2;4;1;6;370;18/01/2012
2012027720;5;2;2;1;3;370;29/11/2012
2012027721;2;2;2;2;6;370;13/12/2012
2012027722;2;2;2;2;3;370;19/12/2012
2012027723;2;2;1;3;6;370;20/12/2012
2012027724;1;2;2;3;7;370;19/12/2012
2012027725;1;2;1;2;2;370;20/12/2012
2012027726;1;2;9;1;6;370;23/12/2012
2012027727;1;1;2;1;6;370;09/07/2012
2012027728;5;2;9;5;7;380;17/01/2012
2012027729;2;2;6;2;6;380;27/01/2012
2012027730;3;1;1;6;6;380;10/04/2012
2012027731;1;2;3;1;3;380;02/06/2012
2012027732;1;2;1;1;6;380;06/06/2012
2012027733;1;2;1;1;1;380;29/06/2012
2012027734;1;2;2;1;3;380;03/07/2012
2012027735;5;2;1;1;7;380;10/07/2012
2012027736;1;2;3;1;3;380;23/07/2012
2012027737;1;2;1;1;7;380;26/07/2012
2012027738;1;2;6;1;6;380;29/07/2012
2012027739;1;2;1;1;2;380;31/07/2012
2012027740;1;2;1;1;3;380;08/09/2012
2012027741;2;2;6;1;3;380;13/09/2012
2012027742;1;2;6;1;7;380;09/09/2012
2012027743;1;2;1;1;6;380;12/09/2012
2012027744;5;2;3;1;3;380;19/09/2012
2012027745;1;2;1;1;6;380;04/02/2012
2012027746;1;2;1;1;6;380;20/09/2012
2012027747;1;2;2;1;3;380;03/10/2012
2012027748;1;2;2;2;6;380;09/10/2012
2012027749;5;2;1;1;1;380;04/10/2012
2012027750;1;2;1;1;3;380;03/11/2012
2012027751;2;2;1;1;6;380;05/11/2012
2012027752;5;2;1;1;6;380;12/11/2012
2012027753;5;2;3;1;6;380;12/11/2012
2012027754;1;2;1;1;6;380;21/11/2012
2012027755;5;2;2;2;6;380;03/12/2012
2012027756;1;2;1;3;6;380;10/11/2012
2012027757;1;2;1;2;6;380;20/12/2012
2012027758;5;2;1;2;3;380;22/12/2012
2012027759;1;2;1;1;6;380;15/12/2012
2012027760;1;2;1;1;1;380;03/01/2012
2012027761;5;2;2;2;3;380;08/01/2012
2012027762;3;1;1;1;5;380;13/01/2012
2012027763;1;2;2;1;3;380;13/01/2012
2012027764;5;2;1;1;6;380;13/01/2012
2012027765;3;1;1;2;3;380;19/01/2012
2012027766;1;2;2;2;2;380;20/01/2012
2012027767;5;2;4;2;6;380;20/01/2012
2012027768;2;2;1;2;6;380;20/01/2012
2012027769;3;1;1;3;6;380;21/01/2012
2012027770;1;2;3;1;6;380;26/01/2012
2012027771;1;2;2;2;3;380;27/01/2012
2012027772;5;2;3;1;6;380;27/01/2012
2012027773;3;1;1;1;6;380;29/01/2012
2012027774;1;2;1;1;3;380;05/02/2012
2012027775;5;2;2;1;3;380;08/02/2012
2012027776;1;2;3;1;3;380;14/02/2012
2012027777;5;2;2;1;6;380;14/02/2012
2012027778;3;1;1;1;2;380;22/02/2012
2012027779;5;2;7;1;6;380;22/02/2012
2012027780;1;2;1;1;6;380;23/02/2012
2012027781;5;2;1;1;6;380;26/02/2012
2012027782;1;2;1;1;2;380;28/02/2012
2012027783;1;2;1;1;6;380;28/02/2012
2012027784;1;1;1;1;6;380;02/03/2012
2012027785;1;2;1;1;6;380;03/03/2012
2012027786;1;2;1;1;6;380;05/03/2012
2012027787;1;2;1;1;6;380;10/03/2012
2012027788;1;2;2;1;6;380;12/03/2012
2012027789;1;2;1;1;6;380;12/03/2012
2012027790;1;1;1;1;6;380;20/03/2012
2012027791;5;2;1;1;6;380;20/03/2012
2012027792;5;2;1;1;6;380;24/03/2012
2012027793;1;2;1;1;6;380;24/03/2012
2012027794;1;2;3;1;6;380;26/03/2012
2012027795;1;2;1;1;6;380;26/03/2012
2012027796;1;2;9;1;6;380;29/03/2012
2012027797;1;2;1;1;6;380;05/04/2012
2012027798;1;1;1;1;6;380;05/04/2012
2012027799;1;2;2;1;3;380;05/04/2012
2012027800;3;1;1;2;6;380;07/04/2012
2012027801;5;2;2;2;3;380;07/04/2012
2012027802;1;2;1;1;6;380;12/04/2012
2012027803;5;2;2;2;2;380;15/04/2012
2012027804;1;2;1;2;2;380;19/04/2012
2012027805;3;1;1;2;6;380;24/04/2012
2012027806;5;2;1;1;1;380;25/04/2012
2012027807;1;2;1;1;6;380;26/04/2012
2012027808;1;2;1;1;2;380;27/04/2012
2012027809;1;2;1;1;6;380;28/04/2012
2012027810;1;1;1;1;6;380;29/04/2012
2012027811;5;2;1;2;6;380;02/05/2012
2012027812;1;2;1;1;6;380;04/05/2012
2012027813;5;1;1;2;6;380;05/05/2012
2012027814;1;2;3;1;3;380;11/05/2012
2012027815;5;2;3;1;6;380;11/05/2012
2012027816;1;2;3;1;6;380;14/05/2012
2012027817;1;2;3;1;2;380;15/05/2012
2012027818;5;2;1;1;6;380;17/05/2012
2012027819;1;2;1;1;6;380;18/05/2012
2012027820;1;2;2;2;3;380;22/05/2012
2012027821;5;2;2;1;6;380;24/05/2012
2012027822;1;2;2;1;6;380;25/05/2012
2012027823;1;2;2;1;6;380;25/05/2012
2012027824;5;2;1;1;7;380;26/05/2012
2012027825;1;2;2;1;3;380;30/05/2012
2012027826;1;2;1;1;6;380;31/05/2012
2012027827;1;2;1;1;6;380;31/05/2012
2012027828;5;2;1;1;6;380;31/05/2012
2012027829;1;2;2;1;3;380;01/06/2012
2012027830;1;2;3;1;6;380;02/06/2012
2012027831;1;2;2;1;3;380;04/06/2012
2012027832;1;2;1;1;6;380;05/06/2012
2012027833;5;2;2;2;3;380;08/06/2012
2012027834;1;2;1;2;6;380;08/06/2012
2012027835;1;2;2;1;6;380;11/06/2012
2012027836;1;2;2;2;3;380;12/06/2012
2012027837;5;2;1;1;6;380;16/06/2012
2012027838;3;1;1;1;6;380;16/06/2012
2012027839;1;2;3;1;2;380;18/06/2012
2012027840;1;2;2;1;3;380;18/06/2012
2012027841;1;2;5;1;6;380;19/06/2012
2012027842;1;2;2;1;3;380;20/06/2012
2012027843;1;2;1;1;2;380;21/06/2012
2012027844;1;2;2;1;3;380;21/06/2012
2012027845;1;2;1;1;6;380;22/06/2012
2012027846;1;2;1;1;6;380;26/06/2012
2012027847;1;2;1;2;6;380;02/07/2012
2012027848;4;2;2;2;3;380;05/07/2012
2012027849;1;2;2;1;3;380;08/07/2012
2012027850;1;2;5;1;6;380;10/07/2012
2012027851;1;2;1;1;5;380;13/07/2012
2012027852;3;1;1;1;6;380;11/07/2012
2012027853;1;2;1;1;3;380;13/07/2012
2012027854;1;2;1;1;6;380;15/07/2012
2012027855;1;2;2;1;3;380;23/07/2012
2012027856;1;2;1;1;6;380;26/07/2012
2012027857;5;2;2;1;6;380;26/07/2012
2012027858;1;2;1;1;4;380;27/07/2012
2012027859;1;2;2;1;6;380;31/07/2012
2012027860;1;2;2;1;3;380;02/08/2012
2012027861;1;2;1;1;2;380;02/08/2012
2012027862;1;1;1;1;2;380;07/08/2012
2012027863;1;2;1;1;1;380;08/08/2012
2012027864;1;2;2;1;6;380;09/08/2012
2012027865;1;2;1;1;6;380;13/08/2012
2012027866;1;2;2;1;3;380;14/08/2012
2012027867;1;2;2;1;3;380;14/08/2012
2012027868;1;2;2;1;3;380;16/08/2012
2012027869;1;2;1;1;6;380;23/08/2012
2012027870;1;2;3;1;2;380;23/08/2012
2012027871;1;1;1;2;6;380;31/08/2012
2012027872;1;2;1;2;6;380;01/09/2012
2012027873;1;2;1;1;1;380;02/09/2012
2012027874;1;1;1;1;2;380;07/09/2012
2012027875;1;1;6;1;3;380;07/09/2012
2012027876;1;2;2;1;3;380;07/09/2012
2012027877;1;2;1;1;6;380;10/09/2012
2012027878;1;2;1;1;6;380;14/09/2012
2012027879;1;2;2;1;6;380;19/09/2012
2012027880;1;2;1;1;7;380;20/09/2012
2012027881;1;2;1;1;6;380;22/09/2012
2012027882;5;1;1;1;6;380;28/09/2012
2012027883;1;2;1;1;6;380;28/09/2012
2012027884;1;2;2;1;6;380;05/10/2012
2012027885;5;2;1;1;2;380;07/10/2012
2012027886;5;2;1;1;3;380;08/10/2012
2012027887;1;1;1;1;2;380;12/10/2012
2012027888;1;2;1;1;6;380;13/10/2012
2012027889;5;2;2;1;3;380;13/10/2012
2012027890;5;2;2;2;3;380;15/10/2012
2012027891;1;2;2;1;3;380;16/10/2012
2012027892;1;2;1;1;6;380;17/10/2012
2012027893;1;2;1;1;3;380;17/10/2012
2012027894;1;2;2;1;6;380;18/10/2012
2012027895;1;2;2;1;3;380;20/10/2012
2012027896;5;2;1;2;6;380;06/11/2012
2012027897;1;2;1;1;6;380;07/11/2012
2012027898;1;1;1;1;6;380;08/11/2012
2012027899;1;2;1;1;6;380;12/11/2012
2012027900;3;1;1;1;2;380;13/11/2012
2012027901;5;2;1;1;3;380;14/11/2012
2012027902;1;2;1;1;6;380;17/11/2012
2012027903;5;2;2;1;3;380;18/11/2012
2012027904;1;2;1;1;3;380;21/11/2012
2012027905;5;2;1;1;6;380;23/11/2012
2012027906;5;2;1;2;6;380;26/11/2012
2012027907;5;2;1;2;6;380;27/11/2012
2012027908;1;2;2;2;3;380;28/11/2012
2012027909;1;2;1;3;6;380;03/12/2012
2012027910;5;2;2;2;6;380;04/12/2012
2012027911;1;2;1;4;2;380;07/12/2012
2012027912;5;1;1;1;2;380;09/12/2012
2012027913;1;2;1;1;6;380;12/12/2012
2012027914;1;2;2;1;3;380;12/12/2012
2012027915;1;2;1;1;6;380;18/12/2012
2012027916;5;2;2;2;3;380;19/12/2012
2012027917;1;1;1;2;6;380;20/12/2012
2012027918;5;2;1;1;6;380;21/12/2012
2012027919;1;2;9;1;3;380;27/12/2012
2012027920;1;2;1;1;6;380;24/01/2012
2012027921;1;2;1;1;3;380;27/01/2012
2012027922;1;2;1;1;6;380;02/02/2012
2012027923;1;2;1;1;3;380;04/02/2012
2012027924;5;2;1;1;6;380;12/02/2012
2012027925;1;2;1;1;1;380;07/03/2012
2012027926;5;2;1;1;6;380;11/03/2012
2012027927;1;2;1;1;2;380;28/03/2012
2012027928;1;2;2;1;6;380;09/04/2012
2012027929;1;2;1;1;6;380;05/05/2012
2012027930;1;2;1;1;3;380;03/07/2012
2012027931;1;1;1;1;3;380;07/10/2012
2012027932;1;1;1;2;1;380;27/10/2012
2012027933;1;2;1;1;6;380;20/11/2012
2012027934;5;2;1;1;6;380;04/01/2012
2012027935;1;1;1;1;6;380;27/01/2012
2012027936;1;2;1;8;6;380;30/01/2012
2012027937;1;2;1;1;2;380;06/02/2012
2012027938;5;1;1;8;6;380;26/02/2012
2012027939;1;2;1;1;2;380;02/03/2012
2012027940;1;1;1;1;6;380;08/03/2012
2012027941;1;1;1;7;4;380;02/04/2012
2012027942;1;2;1;1;6;380;20/04/2012
2012027943;1;2;1;7;6;380;25/04/2012
2012027944;1;2;1;1;3;380;05/05/2012
2012027945;1;2;1;1;4;380;28/05/2012
2012027946;1;2;1;1;6;380;05/07/2012
2012027947;1;2;1;1;6;380;29/08/2012
2012027948;1;2;7;2;3;380;01/09/2012
2012027949;1;2;3;1;6;380;05/10/2012
2012027950;3;2;1;4;6;380;29/10/2012
2012027951;5;2;1;1;1;380;11/12/2012
2012027952;1;2;2;1;3;390;11/03/2012
2012027953;1;2;1;2;7;390;19/04/2012
2012027954;3;1;1;1;3;390;02/06/2012
2012027955;1;2;1;1;6;390;12/06/2012
2012027956;2;1;1;3;1;390;11/09/2012
2012027957;1;2;1;1;6;390;16/10/2012
2012027958;1;2;1;7;6;390;22/10/2012
2012027959;1;1;1;1;6;390;27/11/2012
2012027960;5;2;1;2;6;390;19/01/2012
2012027961;1;1;1;1;1;390;07/02/2012
2012027962;2;2;1;1;6;390;05/04/2012
2012027963;1;2;1;1;6;390;31/05/2012
2012027964;1;2;1;1;6;390;31/05/2012
2012027965;1;1;1;2;1;390;20/06/2012
2012027966;1;2;1;1;6;390;29/10/2012
2012027967;5;2;1;2;2;400;07/01/2012
2012027968;2;2;1;1;6;400;11/01/2012
2012027969;5;1;8;1;3;400;06/02/2012
2012027970;1;2;3;1;3;400;25/03/2012
2012027971;3;1;1;1;6;400;24/04/2012
2012027972;2;2;3;2;3;400;26/04/2012
2012027973;1;2;1;2;6;400;28/04/2012
2012027974;1;2;2;2;3;400;28/04/2012
2012027975;5;2;1;1;6;400;06/05/2012
2012027976;1;2;1;1;6;400;02/06/2012