num_acc;lum;agg;inter;atm;col;dep;date
2012029720;5;2;1;1;7;490;22/09/2012
2012029721;1;2;1;1;7;490;27/09/2012
2012029722;1;2;2;1;3;490;27/09/2012
2012029723;1;2;6;1;4;490;29/09/2012
2012029724;1;1;1;1;3;490;27/09/2012
2012029725;1;2;1;1;7;490;28/09/2012
2012029726;5;2;6;1;3;490;30/09/2012
2012029727;1;2;1;1;3;490;28/09/2012
2012029728;5;2;1;1;7;490;01/10/2012
2012029729;1;2;1;1;6;490;30/09/2012
2012029730;2;2;2;1;3;490;01/10/2012
2012029731;1;1;1;1;4;490;02/10/2012
2012029732;1;2;2;1;3;490;02/10/2012
2012029733;1;2;1;2;3;490;03/10/2012
2012029734;1;2;3;1;3;490;03/10/2012
2012029735;1;2;1;1;3;490;02/10/2012
2012029736;1;2;1;1;2;490;12/09/2012
2012029737;1;1;1;1;4;490;04/10/2012
2012029738;1;1;1;2;6;490;07/10/2012
2012029739;1;2;2;1;3;490;07/09/2012
2012029740;1;2;1;1;6;490;05/10/2012
2012029741;1;1;1;2;7;490;06/10/2012
2012029742;5;1;1;2;7;490;08/10/2012
2012029743;1;2;1;2;7;490;08/10/2012
2012029744;1;2;1;1;3;490;09/10/2012
2012029745;1;2;2;2;6;490;09/10/2012
2012029746;1;2;1;1;1;490;06/10/2012
2012029747;1;2;1;1;3;490;11/10/2012
2012029748;1;2;1;2;7;490;10/10/2012
2012029749;5;2;2;8;3;490;14/10/2012
2012029750;1;2;2;1;3;490;12/10/2012
2012029751;1;2;1;3;7;490;14/10/2012
2012029752;2;2;1;2;6;490;11/10/2012
2012029753;2;2;1;3;6;490;11/10/2012
2012029754;1;2;1;2;4;490;16/10/2012
2012029755;1;2;1;1;3;490;15/10/2012
2012029756;1;2;6;1;6;490;16/10/2012
2012029757;1;2;1;2;7;490;16/10/2012
2012029758;1;2;1;2;4;490;16/10/2012
2012029759;1;2;1;1;7;490;20/10/2012
2012029760;1;2;1;2;2;490;19/10/2012
2012029761;1;2;1;2;2;490;19/10/2012
2012029762;1;2;6;1;6;490;19/10/2012
2012029763;1;1;1;2;6;490;19/10/2012
2012029764;1;2;2;1;5;490;23/10/2012
2012029765;1;2;1;1;7;490;24/10/2012
2012029766;1;2;1;1;6;490;22/10/2012
2012029767;1;2;1;1;6;490;23/10/2012
2012029768;1;1;1;1;7;490;21/10/2012
2012029769;1;1;1;1;7;490;19/10/2012
2012029770;1;2;7;1;7;490;26/10/2012
2012029771;5;2;1;1;7;490;27/10/2012
2012029772;5;2;1;1;6;490;25/10/2012
2012029773;1;2;1;1;6;490;30/10/2012
2012029774;2;2;1;1;6;490;30/10/2012
2012029775;2;2;6;1;3;490;31/10/2012
2012029776;1;2;4;1;3;490;02/11/2012
2012029777;2;1;1;1;5;490;02/11/2012
2012029778;1;2;3;1;6;490;06/11/2012
2012029779;3;2;1;2;7;490;04/11/2012
2012029780;1;2;2;1;5;490;05/11/2012
2012029781;1;2;1;1;7;490;06/11/2012
2012029782;1;2;1;1;6;490;08/11/2012
2012029783;1;2;6;2;7;490;10/11/2012
2012029784;5;2;2;1;3;490;14/11/2012
2012029785;5;2;3;2;3;490;17/11/2012
2012029786;1;2;1;1;6;490;21/11/2012
2012029787;2;2;3;1;3;490;21/11/2012
2012029788;3;1;1;2;6;490;17/11/2012
2012029789;1;2;1;1;2;490;19/11/2012
2012029790;1;2;1;2;7;490;22/11/2012
2012029791;1;2;1;1;2;490;19/11/2012
2012029792;1;2;3;1;3;490;21/11/2012
2012029793;1;2;1;1;2;490;19/11/2012
2012029794;1;1;1;1;4;490;19/11/2012
2012029795;1;2;6;5;3;490;16/11/2012
2012029796;1;2;1;1;7;490;18/11/2012
2012029797;1;1;1;1;7;490;22/11/2012
2012029798;1;2;6;1;3;490;21/11/2012
2012029799;5;2;3;1;7;490;25/11/2012
2012029800;1;2;1;1;2;490;26/11/2012
2012029801;5;2;2;1;1;490;27/11/2012
2012029802;5;2;1;1;6;490;16/11/2012
2012029803;1;1;1;1;4;490;29/11/2012
2012029804;1;2;1;1;3;490;29/11/2012
2012029805;5;1;1;1;7;490;30/11/2012
2012029806;1;2;2;1;3;490;30/11/2012
2012029807;5;2;6;2;7;490;03/12/2012
2012029808;5;2;6;3;7;490;03/12/2012
2012029809;5;2;2;1;6;490;04/12/2012
2012029810;1;2;1;1;6;490;05/12/2012
2012029811;2;2;6;1;3;490;06/12/2012
2012029812;5;2;1;1;3;490;07/12/2012
2012029813;1;2;1;1;7;490;07/12/2012
2012029814;1;2;3;1;3;490;10/12/2012
2012029815;1;2;1;1;3;490;10/12/2012
2012029816;1;2;1;1;4;490;10/12/2012
2012029817;1;2;6;1;3;490;12/12/2012
2012029818;1;2;1;1;3;490;12/12/2012
2012029819;1;2;1;1;3;490;12/11/2012
2012029820;1;2;2;2;6;490;13/12/2012
2012029821;1;2;1;1;6;490;14/12/2012
2012029822;1;1;1;1;3;490;15/12/2012
2012029823;1;2;2;1;3;490;14/12/2012
2012029824;5;2;1;1;7;490;14/12/2012
2012029825;5;1;1;1;6;490;16/12/2012
2012029826;1;2;1;1;3;490;18/12/2012
2012029827;1;1;1;1;4;490;18/12/2012
2012029828;1;2;1;2;2;490;19/12/2012
2012029829;5;1;1;2;6;490;19/12/2012
2012029830;4;1;1;2;6;490;21/12/2012
2012029831;5;2;1;2;3;490;20/12/2012
2012029832;3;2;1;2;6;490;20/12/2012
2012029833;1;2;1;1;6;490;21/12/2012
2012029834;5;2;2;1;3;490;21/12/2012
2012029835;1;2;1;2;3;490;22/12/2012
2012029836;1;2;2;2;3;490;22/12/2012
2012029837;1;2;1;1;7;490;21/12/2012
2012029838;1;2;2;1;3;490;21/12/2012
2012029839;1;1;1;1;7;490;22/12/2012
2012029840;5;2;1;1;7;490;27/12/2012
2012029841;1;2;1;2;6;490;30/12/2012
2012029842;2;2;3;2;3;490;29/12/2012
2012029843;1;2;1;2;3;490;30/12/2012
2012029844;5;2;1;2;6;490;28/12/2012
2012029845;2;2;3;1;3;490;05/01/2012
2012029846;1;2;1;8;2;490;05/01/2012
2012029847;5;2;6;1;6;490;06/01/2012
2012029848;5;2;2;1;3;490;12/01/2012
2012029849;1;2;9;5;5;490;12/01/2012
2012029850;1;2;1;1;5;490;15/01/2012
2012029851;3;2;1;1;6;490;04/02/2012
2012029852;1;2;1;1;6;490;16/02/2012
2012029853;1;2;1;1;3;490;16/02/2012
2012029854;1;2;1;1;7;490;18/02/2012
2012029855;1;2;1;1;3;490;20/02/2012
2012029856;2;2;6;1;3;490;23/02/2012
2012029857;5;2;1;1;6;490;10/03/2012
2012029858;5;2;4;1;3;490;10/03/2012
2012029859;3;2;1;5;6;490;16/03/2012
2012029860;1;2;1;1;2;490;22/03/2012
2012029861;1;2;1;1;4;490;28/03/2012
2012029862;1;2;1;1;6;490;01/04/2012
2012029863;1;1;1;1;2;490;02/04/2012
2012029864;3;1;1;1;6;490;13/04/2012
2012029865;5;2;1;1;6;490;16/04/2012
2012029866;1;2;1;1;1;490;19/04/2012
2012029867;5;2;1;1;6;490;21/04/2012
2012029868;1;2;6;1;4;490;21/04/2012
2012029869;5;2;2;3;6;490;29/04/2012
2012029870;1;2;1;1;2;490;04/05/2012
2012029871;1;2;1;1;2;490;12/05/2012
2012029872;1;2;2;1;6;490;16/05/2012
2012029873;5;2;6;1;3;490;18/05/2012
2012029874;1;2;2;1;3;490;19/05/2012
2012029875;1;2;2;1;6;490;22/05/2012
2012029876;5;2;1;1;7;490;27/05/2012
2012029877;1;2;6;1;3;490;29/05/2012
2012029878;1;2;1;1;6;490;01/06/2012
2012029879;5;2;6;2;6;490;03/06/2012
2012029880;1;2;3;1;3;490;09/06/2012
2012029881;5;2;1;1;6;490;16/06/2012
2012029882;1;2;3;1;3;490;16/06/2012
2012029883;1;2;1;1;4;490;27/06/2012
2012029884;1;2;1;1;6;490;02/07/2012
2012029885;1;2;9;1;3;490;12/07/2012
2012029886;5;2;1;1;7;490;26/07/2012
2012029887;2;2;1;1;6;490;29/07/2012
2012029888;1;2;6;3;6;490;30/07/2012
2012029889;3;2;1;1;1;490;02/08/2012
2012029890;1;2;1;1;3;490;03/08/2012
2012029891;1;2;1;1;1;490;04/08/2012
2012029892;1;2;1;1;6;490;11/08/2012
2012029893;1;2;2;1;5;490;22/08/2012
2012029894;5;2;2;1;3;490;31/08/2012
2012029895;1;2;1;1;3;490;31/08/2012
2012029896;1;2;9;1;4;490;01/09/2012
2012029897;1;2;3;8;3;490;11/09/2012
2012029898;1;2;2;1;3;490;11/09/2012
2012029899;1;2;2;1;3;490;12/09/2012
2012029900;1;2;1;1;6;490;13/09/2012
2012029901;5;2;2;1;3;490;16/09/2012
2012029902;1;2;2;2;3;490;09/10/2012
2012029903;2;2;1;2;2;490;10/10/2012
2012029904;5;2;2;8;3;490;10/10/2012
2012029905;1;2;6;1;6;490;14/10/2012
2012029906;1;2;2;2;6;490;17/10/2012
2012029907;1;2;6;8;6;490;19/10/2012
2012029908;1;2;1;8;3;490;20/10/2012
2012029909;2;2;6;1;7;490;25/10/2012
2012029910;5;2;1;1;6;490;21/10/2012
2012029911;1;2;3;1;6;490;31/10/2012
2012029912;5;2;2;8;3;490;01/11/2012
2012029913;1;2;6;1;3;490;02/11/2012
2012029914;5;2;6;1;6;490;07/11/2012
2012029915;1;2;1;2;3;490;10/11/2012
2012029916;5;2;1;1;3;490;13/11/2012
2012029917;1;2;1;1;3;490;14/11/2012
2012029918;5;2;1;1;3;490;14/11/2012
2012029919;3;2;1;1;1;490;16/11/2012
2012029920;5;2;1;1;6;490;25/11/2012
2012029921;5;2;6;8;3;490;27/11/2012
2012029922;1;2;1;1;6;490;30/11/2012
2012029923;1;2;1;1;6;490;01/12/2012
2012029924;1;2;1;1;6;490;07/12/2012
2012029925;5;2;1;1;6;490;16/12/2012
2012029926;2;2;1;2;4;490;19/12/2012
2012029927;1;2;2;1;6;490;21/12/2012
2012029928;5;2;6;2;6;490;21/12/2012
2012029929;1;1;1;2;6;490;27/12/2012
2012029930;1;1;1;1;3;490;29/12/2012
2012029931;1;2;6;1;3;490;11/01/2012
2012029932;1;2;6;1;3;490;17/01/2012
2012029933;1;2;1;2;6;490;19/01/2012
2012029934;1;2;2;1;6;490;01/02/2012
2012029935;5;2;2;1;3;490;04/02/2012
2012029936;1;2;1;1;7;490;07/02/2012
2012029937;1;2;5;1;7;490;21/02/2012
2012029938;1;2;1;1;7;490;21/02/2012
2012029939;1;2;3;1;6;490;22/02/2012
2012029940;1;2;2;1;3;490;28/02/2012
2012029941;2;1;1;1;5;490;05/03/2012
2012029942;1;2;1;1;6;490;12/03/2012
2012029943;1;2;2;1;2;490;12/03/2012
2012029944;1;2;1;1;7;490;14/03/2012
2012029945;1;2;1;5;6;490;16/03/2012
2012029946;2;1;1;1;7;490;26/03/2012
2012029947;1;2;1;1;3;490;29/03/2012
2012029948;1;2;2;1;3;490;29/03/2012
2012029949;1;2;1;1;4;490;02/04/2012
2012029950;1;2;1;1;7;490;02/03/2012
2012029951;1;2;2;1;3;490;14/04/2012
2012029952;1;1;1;1;6;490;29/04/2012
2012029953;1;2;1;1;3;490;02/05/2012
2012029954;1;2;6;1;5;490;03/05/2012
2012029955;1;2;1;1;3;490;07/05/2012
2012029956;1;2;2;1;3;490;07/05/2012
2012029957;1;2;1;1;5;490;07/05/2012
2012029958;1;2;1;1;2;490;11/05/2012
2012029959;3;2;1;1;2;490;17/05/2012
2012029960;1;2;1;1;6;490;18/05/2012
2012029961;1;2;1;1;6;490;22/05/2012
2012029962;1;2;1;1;4;490;23/05/2012
2012029963;1;2;1;1;6;490;28/05/2012
2012029964;1;2;6;1;6;490;29/05/2012
2012029965;1;2;3;1;3;490;31/05/2012
2012029966;1;2;6;1;3;490;11/06/2012
2012029967;1;1;1;1;6;490;20/06/2012
2012029968;1;2;2;1;3;490;21/06/2012
2012029969;1;1;1;1;6;490;28/06/2012
2012029970;1;2;2;1;3;490;28/06/2012
2012029971;1;1;1;1;1;490;02/07/2012
2012029972;1;1;1;1;7;490;06/07/2012
2012029973;1;2;1;1;2;490;12/07/2012
2012029974;1;2;6;1;7;490;20/07/2012
2012029975;1;1;1;1;3;490;22/07/2012
2012029976;1;2;6;1;2;490;25/07/2012
2012029977;3;2;1;1;7;490;28/07/2012
2012029978;1;2;1;1;2;490;28/07/2012
2012029979;1;2;1;2;7;490;30/07/2012
2012029980;1;2;6;1;1;490;03/08/2012
2012029981;5;2;1;1;6;490;11/08/2012
2012029982;2;2;1;1;7;490;05/09/2012
2012029983;3;1;1;1;1;490;08/09/2012
2012029984;1;2;1;1;2;490;11/09/2012
2012029985;5;2;1;1;7;490;07/09/2012
2012029986;2;1;1;1;6;490;01/09/2012
2012029987;1;2;6;1;3;490;14/09/2012
2012029988;1;2;1;1;7;490;15/09/2012
2012029989;1;2;2;1;3;490;22/09/2012
2012029990;1;2;1;1;7;490;30/09/2012
2012029991;1;2;1;1;6;490;01/10/2012
2012029992;1;2;3;1;6;490;02/10/2012
2012029993;1;2;1;1;7;490;02/10/2012
2012029994;5;2;1;1;7;490;03/10/2012
2012029995;1;2;6;2;7;490;04/10/2012
2012029996;1;2;1;2;6;490;07/10/2012
2012029997;1;2;3;2;1;490;10/10/2012
2012029998;1;2;3;1;6;490;10/10/2012
2012029999;1;1;1;1;6;490;10/10/2012
2012030000;1;2;2;1;6;490;11/10/2012
2012030001;5;2;1;1;7;490;11/10/2012
2012030002;3;2;1;2;7;490;13/10/2012
2012030003;4;2;1;1;7;490;13/10/2012
2012030004;2;2;1;1;2;490;19/10/2012
2012030005;2;2;1;1;7;490;24/10/2012
2012030006;3;1;1;2;5;490;03/11/2012
2012030007;1;2;3;1;6;490;06/11/2012
2012030008;1;2;1;1;2;490;14/11/2012
2012030009;3;1;1;1;6;490;17/11/2012
2012030010;1;2;1;1;7;490;21/11/2012
2012030011;1;2;1;1;2;490;22/11/2012
2012030012;3;2;1;1;6;490;24/11/2012
2012030013;5;2;1;2;6;490;02/12/2012
2012030014;3;1;1;1;6;490;13/12/2012
2012030015;1;2;1;1;6;490;14/12/2012
2012030016;1;2;1;1;6;490;22/12/2012
2012030017;4;2;1;1;7;490;22/12/2012
2012030018;4;2;1;1;2;490;23/12/2012
2012030019;5;2;1;1;7;490;23/12/2012
2012030020;5;2;2;2;2;500;04/01/2012
2012030021;1;2;1;1;2;500;04/01/2012
2012030022;5;2;3;1;3;500;10/01/2012
2012030023;1;2;1;1;6;500;09/01/2012
2012030024;5;2;1;1;6;500;12/01/2012
2012030025;5;2;2;1;3;500;13/01/2012
2012030026;1;2;2;1;1;500;14/01/2012
2012030027;5;2;1;1;7;500;15/01/2012
2012030028;5;2;1;1;7;500;16/01/2012
2012030029;5;2;2;1;3;500;16/01/2012
2012030030;1;2;1;1;6;500;16/01/2012
2012030031;1;2;1;1;4;500;16/01/2012
2012030032;1;2;1;8;6;500;18/01/2012
2012030033;1;2;1;2;2;500;24/01/2012
2012030034;1;2;1;1;2;500;25/01/2012
2012030035;1;2;1;1;6;500;27/01/2012
2012030036;5;2;2;2;3;500;27/01/2012
2012030037;2;1;1;1;1;500;29/01/2012
2012030038;5;2;3;1;6;500;31/01/2012
2012030039;5;2;1;1;6;500;02/02/2012
2012030040;1;2;1;1;7;500;03/02/2012
2012030041;1;2;1;1;6;500;05/02/2012
2012030042;1;2;2;1;1;500;06/02/2012
2012030043;5;2;1;1;6;500;11/02/2012
2012030044;5;2;2;1;2;500;11/02/2012
2012030045;1;2;3;1;3;500;15/02/2012
2012030046;1;2;1;1;2;500;15/02/2012
2012030047;1;2;1;1;2;500;20/02/2012
2012030048;5;2;1;1;7;500;24/02/2012
2012030049;1;2;1;1;6;500;25/02/2012
2012030050;5;1;1;1;7;500;25/02/2012
2012030051;5;2;1;1;6;500;26/02/2012
2012030052;1;2;1;1;6;500;29/02/2012
2012030053;2;1;1;5;7;500;02/03/2012
2012030054;1;2;1;1;7;500;06/03/2012
2012030055;1;2;1;1;1;500;06/03/2012
2012030056;1;2;2;1;3;500;07/03/2012
2012030057;1;2;1;5;3;500;11/03/2012
2012030058;1;2;1;1;1;500;16/03/2012
2012030059;1;2;1;2;4;500;17/03/2012
2012030060;5;2;1;2;7;500;17/03/2012
2012030061;1;2;6;1;3;500;18/03/2012
2012030062;1;2;1;1;6;500;22/03/2012
2012030063;1;2;3;1;6;500;23/03/2012
2012030064;1;2;3;1;7;500;27/03/2012
2012030065;1;2;2;1;2;500;29/03/2012
2012030066;1;2;1;1;3;500;06/04/2012
2012030067;5;2;1;1;6;500;07/04/2012
2012030068;2;2;1;1;6;500;07/04/2012
2012030069;1;2;1;2;6;500;09/04/2012
2012030070;1;2;1;2;2;500;09/04/2012
2012030071;5;2;1;1;6;500;10/04/2012
2012030072;5;2;3;1;3;500;13/04/2012
2012030073;1;2;6;2;6;500;20/04/2012
2012030074;2;2;1;1;1;500;20/04/2012
2012030075;1;2;1;1;3;500;21/04/2012
2012030076;1;2;3;2;1;500;23/04/2012
2012030077;1;2;2;1;3;500;23/04/2012
2012030078;1;2;4;1;2;500;26/04/2012
2012030079;1;2;1;2;1;500;29/04/2012
2012030080;1;2;1;2;6;500;05/05/2012
2012030081;1;2;1;1;3;500;06/05/2012
2012030082;1;2;3;8;2;500;08/05/2012
2012030083;1;2;1;1;6;500;12/05/2012
2012030084;1;2;6;1;7;500;12/05/2012
2012030085;1;2;1;1;1;500;13/05/2012
2012030086;1;2;3;1;3;500;13/05/2012
2012030087;1;2;1;1;2;500;14/05/2012
2012030088;1;2;4;1;7;500;15/05/2012
2012030089;1;2;3;1;3;500;16/05/2012
2012030090;1;2;1;1;3;500;16/05/2012
2012030091;1;2;1;1;6;500;18/05/2012
2012030092;1;2;2;3;3;500;19/05/2012
2012030093;4;2;2;2;3;500;20/05/2012
2012030094;2;2;1;2;7;500;20/05/2012
2012030095;1;2;1;1;6;500;22/05/2012
2012030096;1;2;1;1;6;500;23/05/2012
2012030097;1;2;6;1;3;500;25/05/2012
2012030098;1;2;2;1;3;500;25/05/2012
2012030099;1;2;1;1;6;500;25/05/2012
2012030100;1;2;3;1;3;500;27/05/2012
2012030101;1;2;1;1;6;500;28/05/2012
2012030102;1;2;1;1;1;500;02/06/2012
2012030103;1;2;1;1;6;500;05/06/2012
2012030104;1;2;1;1;3;500;06/06/2012
2012030105;1;2;1;1;6;500;07/06/2012
2012030106;1;2;3;2;3;500;12/06/2012
2012030107;1;2;2;1;3;500;12/06/2012
2012030108;1;2;4;1;3;500;14/06/2012
2012030109;1;2;1;1;6;500;15/06/2012
2012030110;1;2;1;2;3;500;15/06/2012
2012030111;1;2;2;1;6;500;15/06/2012
2012030112;1;2;2;1;2;500;18/06/2012
2012030113;1;2;3;1;7;500;19/06/2012
2012030114;1;2;2;2;7;500;21/06/2012
2012030115;1;2;2;1;7;500;21/06/2012
2012030116;1;2;1;1;2;500;25/06/2012
2012030117;1;2;1;1;7;500;30/06/2012
2012030118;1;2;6;1;6;500;30/06/2012
2012030119;1;2;1;1;2;500;01/07/2012
2012030120;1;2;3;2;7;500;02/07/2012
2012030121;1;2;1;8;6;500;03/07/2012
2012030122;1;2;2;1;2;500;04/07/2012
2012030123;1;2;6;1;7;500;06/07/2012
2012030124;1;2;1;1;7;500;11/07/2012
2012030125;1;2;1;1;6;500;11/07/2012
2012030126;1;2;3;3;6;500;12/07/2012
2012030127;1;2;2;1;3;500;13/07/2012
2012030128;1;2;1;1;3;500;14/07/2012
2012030129;1;2;1;1;6;500;20/07/2012
2012030130;1;2;7;1;3;500;24/07/2012
2012030131;1;2;1;1;6;500;25/07/2012
2012030132;1;2;2;1;2;500;26/07/2012
2012030133;1;2;2;1;2;500;26/07/2012
2012030134;5;2;2;1;1;500;28/07/2012
2012030135;1;2;1;1;6;500;03/08/2012
2012030136;1;2;1;1;1;500;07/08/2012
2012030137;1;2;1;1;3;500;10/08/2012
2012030138;1;2;1;1;7;500;21/08/2012
2012030139;1;2;3;1;7;500;23/08/2012
2012030140;1;2;2;3;3;500;24/08/2012
2012030141;1;2;1;1;7;500;26/08/2012
2012030142;2;2;3;1;1;500;27/08/2012
2012030143;1;2;1;1;7;500;20/07/2012
2012030144;1;2;3;1;3;500;04/09/2012
2012030145;1;2;6;1;3;500;05/09/2012
2012030146;1;2;1;7;2;500;05/09/2012
2012030147;1;1;1;1;2;500;06/09/2012
2012030148;1;2;2;1;3;500;09/09/2012
2012030149;1;2;2;1;1;500;10/09/2012
2012030150;1;2;1;1;2;500;12/09/2012
2012030151;1;2;1;1;2;500;13/09/2012
2012030152;1;2;1;1;3;500;13/09/2012
2012030153;1;2;3;1;7;500;14/09/2012
2012030154;1;2;1;1;6;500;14/09/2012
2012030155;1;2;2;1;3;500;17/09/2012
2012030156;3;2;2;1;2;500;19/09/2012
2012030157;1;2;2;1;3;500;21/09/2012
2012030158;5;2;6;1;3;500;21/09/2012
2012030159;5;2;2;2;3;500;23/09/2012
2012030160;1;2;1;1;7;500;25/09/2012
2012030161;4;2;1;3;6;500;25/09/2012
2012030162;1;2;1;1;6;500;26/09/2012
2012030163;3;2;6;8;3;500;27/09/2012
2012030164;1;2;1;8;6;500;27/09/2012
2012030165;1;2;1;1;5;500;29/09/2012
2012030166;1;2;1;1;7;500;02/10/2012
2012030167;1;2;3;3;4;500;06/10/2012
2012030168;1;2;1;2;2;500;08/10/2012
2012030169;1;2;1;3;7;500;11/10/2012
2012030170;1;2;3;2;3;500;13/10/2012
2012030171;1;2;4;1;2;500;16/10/2012
2012030172;2;2;2;2;6;500;19/10/2012
2012030173;5;2;4;1;7;500;21/10/2012
2012030174;1;2;1;1;6;500;24/10/2012
2012030175;5;2;1;1;1;500;25/10/2012
2012030176;5;1;4;1;6;500;24/10/2012
2012030177;1;1;1;1;7;500;26/10/2012
2012030178;1;1;2;6;7;500;26/10/2012
2012030179;5;2;3;1;7;500;28/10/2012
2012030180;1;2;1;1;4;500;30/10/2012
2012030181;1;2;3;2;3;500;05/11/2012
2012030182;1;2;1;2;2;500;05/11/2012
2012030183;5;2;3;1;7;500;08/11/2012
2012030184;1;2;3;1;6;500;09/11/2012
2012030185;1;1;1;1;7;500;09/11/2012
2012030186;5;2;3;1;3;500;09/11/2012
2012030187;1;2;1;1;7;500;10/11/2012
2012030188;1;1;1;1;5;500;13/11/2012
2012030189;1;2;2;1;3;500;14/11/2012
2012030190;1;2;1;1;3;500;14/11/2012
2012030191;1;2;1;1;1;500;15/11/2012
2012030192;3;2;1;1;6;500;16/11/2012
2012030193;5;2;1;1;7;500;16/11/2012
2012030194;1;2;6;2;7;500;17/11/2012
2012030195;1;2;2;1;1;500;21/11/2012
2012030196;1;2;3;1;7;500;19/11/2012
2012030197;5;2;3;1;7;500;21/11/2012
2012030198;1;2;2;1;6;500;22/11/2012
2012030199;5;2;3;1;1;500;23/11/2012
2012030200;5;2;2;1;3;500;28/11/2012
2012030201;1;2;2;1;1;500;01/12/2012
2012030202;1;2;1;1;2;500;08/12/2012
2012030203;5;2;2;1;1;500;10/12/2012
2012030204;5;2;2;1;2;500;08/12/2012
2012030205;5;2;2;1;7;500;11/12/2012
2012030206;5;2;3;1;3;500;11/12/2012
2012030207;1;2;3;3;3;500;14/12/2012
2012030208;5;2;2;6;3;500;14/12/2012
2012030209;5;2;3;2;3;500;19/12/2012
2012030210;1;2;1;3;6;500;19/12/2012
2012030211;5;2;6;2;7;500;19/12/2012
2012030212;5;2;1;2;2;500;20/12/2012
2012030213;1;2;2;2;4;500;20/12/2012
2012030214;5;2;1;2;6;500;24/12/2012
2012030215;5;2;1;1;7;500;20/12/2012
2012030216;1;1;1;1;2;500;30/12/2012
2012030217;5;2;6;5;6;500;18/01/2012
2012030218;5;2;1;1;6;500;26/01/2012
2012030219;1;2;1;1;2;500;11/02/2012
2012030220;5;2;3;8;3;500;04/03/2012
2012030221;1;1;1;5;2;500;20/03/2012
2012030222;1;2;1;1;1;500;16/04/2012
2012030223;1;2;1;8;4;500;27/04/2012
2012030224;3;1;1;2;6;500;18/05/2012
2012030225;1;2;1;1;7;500;25/05/2012
2012030226;1;2;1;1;7;500;06/06/2012
2012030227;1;2;1;1;7;500;08/06/2012
2012030228;1;2;1;1;6;500;09/06/2012
2012030229;1;1;1;1;7;500;18/06/2012
2012030230;5;2;1;3;2;500;26/09/2012
2012030231;1;2;3;1;2;500;29/11/2012
2012030232;2;1;1;8;5;500;30/11/2012
2012030233;2;2;9;1;3;500;30/11/2012
2012030234;2;2;1;1;6;500;08/12/2012
2012030235;2;1;1;1;4;500;04/01/2012
2012030236;1;2;1;1;6;500;15/01/2012
2012030237;5;2;1;1;2;500;23/01/2012
2012030238;1;2;1;1;3;500;04/02/2012
2012030239;1;2;1;1;2;500;05/02/2012
2012030240;1;1;1;1;6;500;22/02/2012
2012030241;1;2;1;1;6;500;16/03/2012
2012030242;1;2;1;1;6;500;14/04/2012
2012030243;1;2;1;1;6;500;24/04/2012
2012030244;1;1;2;8;6;500;28/04/2012
2012030245;1;2;2;8;3;500;28/04/2012
2012030246;1;2;1;3;7;500;19/05/2012
2012030247;1;2;1;1;7;500;23/05/2012
2012030248;1;2;9;1;7;500;26/05/2012
2012030249;1;2;1;1;6;500;29/05/2012
2012030250;1;1;6;1;3;500;02/06/2012
2012030251;1;2;1;1;6;500;06/06/2012
2012030252;1;2;1;1;6;500;08/06/2012
2012030253;1;1;1;2;7;500;13/06/2012
2012030254;1;2;1;1;2;500;17/06/2012
2012030255;1;2;1;1;7;500;19/06/2012
2012030256;5;1;1;8;7;500;16/07/2012
2012030257;5;2;1;1;6;500;20/07/2012
2012030258;1;1;1;1;1;500;24/07/2012
2012030259;1;2;1;1;7;500;31/07/2012
2012030260;1;1;1;2;7;500;03/08/2012
2012030261;1;2;1;1;2;500;06/08/2012
2012030262;1;2;1;1;6;500;07/08/2012
2012030263;1;2;3;1;3;500;09/08/2012
2012030264;1;2;3;2;6;500;14/08/2012
2012030265;1;2;4;1;6;500;15/08/2012
2012030266;1;2;1;1;2;500;16/08/2012
2012030267;1;2;1;1;1;500;17/08/2012
2012030268;1;1;6;1;3;500;19/08/2012
2012030269;1;1;6;1;6;500;22/08/2012
2012030270;1;2;1;1;3;500;25/08/2012
2012030271;1;2;1;1;3;500;26/08/2012
2012030272;1;2;1;1;7;500;31/08/2012
2012030273;5;2;1;1;7;500;01/09/2012
2012030274;1;1;1;1;7;500;03/09/2012
2012030275;1;1;2;1;3;500;17/09/2012
2012030276;2;2;1;1;6;500;18/09/2012
2012030277;1;2;1;1;6;500;28/09/2012
2012030278;5;2;3;2;3;500;12/10/2012
2012030279;2;2;1;8;6;500;20/10/2012
2012030280;2;2;3;1;3;500;26/10/2012
2012030281;1;2;1;7;6;500;03/11/2012
2012030282;5;2;1;1;6;500;06/11/2012
2012030283;1;2;1;1;3;500;07/11/2012
2012030284;5;2;1;2;2;500;10/11/2012
2012030285;2;2;1;1;6;500;11/11/2012
2012030286;1;1;1;1;2;500;16/11/2012
2012030287;1;2;1;1;1;500;29/11/2012
2012030288;5;2;1;1;7;500;29/11/2012
2012030289;1;2;1;8;1;500;14/12/2012
2012030290;1;1;3;2;5;500;17/12/2012
2012030291;2;2;1;2;6;500;18/12/2012
2012030292;1;2;1;1;3;500;17/12/2012
2012030293;1;2;1;8;3;500;21/12/2012
2012030294;1;2;3;1;3;500;03/01/2012
2012030295;1;1;1;1;6;500;09/01/2012
2012030296;1;2;3;1;3;500;14/02/2012
2012030297;1;2;6;1;3;500;26/03/2012
2012030298;1;1;1;1;6;500;29/03/2012
2012030299;1;2;1;1;6;500;02/05/2012
2012030300;1;2;1;1;2;500;09/05/2012