num_acc;lum;agg;inter;atm;col;dep;date
2012031463;1;2;1;1;6;570;09/06/2012
2012031464;1;2;1;8;2;570;11/06/2012
2012031465;1;2;1;1;6;570;14/06/2012
2012031466;5;2;2;1;2;570;17/06/2012
2012031467;2;2;2;1;6;570;17/06/2012
2012031468;1;2;3;1;3;570;18/06/2012
2012031469;1;2;1;1;3;570;25/06/2012
2012031470;1;2;1;1;6;570;25/06/2012
2012031471;1;1;2;1;6;570;30/06/2012
2012031472;1;2;3;1;3;570;02/07/2012
2012031473;1;2;3;1;3;570;04/07/2012
2012031474;1;2;3;1;6;570;10/07/2012
2012031475;1;2;2;1;3;570;11/07/2012
2012031476;1;2;1;1;6;570;15/07/2012
2012031477;1;2;3;1;6;570;19/07/2012
2012031478;1;2;3;1;3;570;23/07/2012
2012031479;1;2;2;1;3;570;25/07/2012
2012031480;5;2;2;1;3;570;04/08/2012
2012031481;1;2;1;1;3;570;06/08/2012
2012031482;1;2;1;1;1;570;07/08/2012
2012031483;1;2;2;1;6;570;08/08/2012
2012031484;1;2;1;1;2;570;08/08/2012
2012031485;2;2;1;1;1;570;11/08/2012
2012031486;5;2;9;1;3;570;14/08/2012
2012031487;1;2;1;1;3;570;17/08/2012
2012031488;1;1;6;1;3;570;21/08/2012
2012031489;1;2;3;1;6;570;22/08/2012
2012031490;1;2;1;1;3;570;24/08/2012
2012031491;5;2;1;1;1;570;24/08/2012
2012031492;1;1;1;1;6;570;27/08/2012
2012031493;1;2;1;1;3;570;03/09/2012
2012031494;1;2;1;1;6;570;04/09/2012
2012031495;2;2;3;2;5;570;11/09/2012
2012031496;1;2;3;1;6;570;13/09/2012
2012031497;2;2;1;1;3;570;20/09/2012
2012031498;1;2;1;2;5;570;27/09/2012
2012031499;1;2;1;1;5;570;03/10/2012
2012031500;1;2;1;1;2;570;03/10/2012
2012031501;1;2;1;2;6;570;04/10/2012
2012031502;1;2;3;3;3;570;04/10/2012
2012031503;1;2;1;3;1;570;05/10/2012
2012031504;2;2;3;2;6;570;06/10/2012
2012031505;1;2;2;1;2;570;10/10/2012
2012031506;5;2;2;1;1;570;16/10/2012
2012031507;5;2;1;1;6;570;20/10/2012
2012031508;5;2;1;1;3;570;21/10/2012
2012031509;5;2;1;2;6;570;27/10/2012
2012031510;1;2;1;1;6;570;30/10/2012
2012031511;1;2;1;1;5;570;31/10/2012
2012031512;1;2;1;1;6;570;14/11/2012
2012031513;1;2;1;1;6;570;14/11/2012
2012031514;1;2;2;1;3;570;15/11/2012
2012031515;5;2;1;1;7;570;16/11/2012
2012031516;1;2;1;8;6;570;20/11/2012
2012031517;5;2;3;1;3;570;30/11/2012
2012031518;5;2;1;3;6;570;14/12/2012
2012031519;5;2;1;2;6;570;17/12/2012
2012031520;5;2;1;1;5;570;18/12/2012
2012031521;1;2;3;2;6;570;22/12/2012
2012031522;5;1;3;3;1;570;22/12/2012
2012031523;1;2;3;1;3;570;24/12/2012
2012031524;1;1;1;1;7;570;11/08/2012
2012031525;1;2;1;1;6;570;29/12/2012
2012031526;1;2;2;1;3;570;20/10/2012
2012031527;1;2;2;1;3;570;11/05/2012
2012031528;1;2;1;2;3;570;18/03/2012
2012031529;1;2;1;2;6;570;06/06/2012
2012031530;1;2;3;1;6;570;05/07/2012
2012031531;5;2;1;1;3;570;28/09/2012
2012031532;1;2;1;1;6;570;13/09/2012
2012031533;1;1;2;1;3;570;07/09/2012
2012031534;1;2;3;1;6;570;08/06/2012
2012031535;1;2;1;2;6;570;09/10/2012
2012031536;3;1;1;1;5;570;29/02/2012
2012031537;1;2;1;1;3;570;10/05/2012
2012031538;5;2;1;1;6;570;09/11/2012
2012031539;1;2;1;1;2;570;24/12/2012
2012031540;5;2;1;3;6;570;03/01/2012
2012031541;5;2;1;8;6;570;04/01/2012
2012031542;1;2;1;1;2;570;16/01/2012
2012031543;1;2;1;1;6;570;19/01/2012
2012031544;5;2;1;1;6;570;23/01/2012
2012031545;1;2;1;1;6;570;27/01/2012
2012031546;1;2;1;1;6;570;07/02/2012
2012031547;1;2;1;1;6;570;09/02/2012
2012031548;2;2;1;1;1;570;14/02/2012
2012031549;5;2;1;2;6;570;15/02/2012
2012031550;5;2;1;1;6;570;20/02/2012
2012031551;1;2;1;1;2;570;21/02/2012
2012031552;1;2;1;1;1;570;13/03/2012
2012031553;1;1;1;1;2;570;14/03/2012
2012031554;1;2;1;1;2;570;17/03/2012
2012031555;1;2;2;1;3;570;19/03/2012
2012031556;1;2;1;1;2;570;24/03/2012
2012031557;1;2;1;1;2;570;31/03/2012
2012031558;1;2;1;1;1;570;02/04/2012
2012031559;1;2;1;1;2;570;11/04/2012
2012031560;1;2;6;1;3;570;17/04/2012
2012031561;1;2;1;2;2;570;19/04/2012
2012031562;1;2;1;1;3;570;30/04/2012
2012031563;1;2;1;1;6;570;30/04/2012
2012031564;5;2;1;1;6;570;02/05/2012
2012031565;1;2;1;3;3;570;02/05/2012
2012031566;5;2;1;2;3;570;06/05/2012
2012031567;1;2;1;1;3;570;10/05/2012
2012031568;1;2;1;1;3;570;10/05/2012
2012031569;1;2;1;2;6;570;16/05/2012
2012031570;1;2;1;1;3;570;22/05/2012
2012031571;1;1;1;1;5;570;28/05/2012
2012031572;1;2;1;1;2;570;30/05/2012
2012031573;1;2;2;1;3;570;05/06/2012
2012031574;1;2;1;1;2;570;22/06/2012
2012031575;1;2;1;1;3;570;25/06/2012
2012031576;1;2;1;1;2;570;26/06/2012
2012031577;1;2;1;1;6;570;26/06/2012
2012031578;1;2;1;1;6;570;05/07/2012
2012031579;1;2;2;1;3;570;09/07/2012
2012031580;1;2;1;2;6;570;12/07/2012
2012031581;1;2;1;1;6;570;22/07/2012
2012031582;1;2;1;1;2;570;28/07/2012
2012031583;1;1;1;1;1;570;29/07/2012
2012031584;1;2;2;1;3;570;06/08/2012
2012031585;1;2;1;1;2;570;10/08/2012
2012031586;1;2;3;1;3;570;20/08/2012
2012031587;1;2;9;1;3;570;25/08/2012
2012031588;1;1;3;1;7;570;02/09/2012
2012031589;1;1;1;1;2;570;03/09/2012
2012031590;1;2;1;1;6;570;06/09/2012
2012031591;1;2;1;1;3;570;07/09/2012
2012031592;1;2;2;1;6;570;15/09/2012
2012031593;5;2;1;1;6;570;18/09/2012
2012031594;1;2;1;1;1;570;18/09/2012
2012031595;5;2;1;1;6;570;22/09/2012
2012031596;3;2;1;1;6;570;06/10/2012
2012031597;1;2;1;1;3;570;06/10/2012
2012031598;1;2;1;1;6;570;06/10/2012
2012031599;1;2;1;1;6;570;08/10/2012
2012031600;5;2;1;2;6;570;17/10/2012
2012031601;1;1;1;1;5;570;22/10/2012
2012031602;1;2;2;2;3;570;03/11/2012
2012031603;5;2;1;1;3;570;05/11/2012
2012031604;5;2;2;2;3;570;06/11/2012
2012031605;1;2;2;1;3;570;17/11/2012
2012031606;5;1;1;1;6;570;17/11/2012
2012031607;5;2;1;2;6;570;22/11/2012
2012031608;5;2;1;2;6;570;26/11/2012
2012031609;1;2;2;1;3;570;27/11/2012
2012031610;5;2;1;1;6;570;29/11/2012
2012031611;5;2;1;2;3;570;03/12/2012
2012031612;3;2;1;1;6;570;08/12/2012
2012031613;1;2;1;2;6;570;10/12/2012
2012031614;1;2;3;2;6;570;10/12/2012
2012031615;5;2;1;2;6;570;17/12/2012
2012031616;5;2;1;8;6;570;19/12/2012
2012031617;1;2;1;1;4;570;29/12/2012
2012031618;1;2;1;1;6;570;31/12/2012
2012031619;5;2;1;1;7;580;14/01/2012
2012031620;1;2;1;1;3;580;03/01/2012
2012031621;1;2;1;1;7;580;16/06/2012
2012031622;5;2;1;1;6;580;06/07/2012
2012031623;1;2;1;1;7;580;12/09/2012
2012031624;1;2;1;1;7;580;05/11/2012
2012031625;5;2;1;1;7;580;06/11/2012
2012031626;5;2;1;1;7;580;14/12/2012
2012031627;2;2;1;1;3;580;08/01/2012
2012031628;1;2;1;2;6;580;24/01/2012
2012031629;1;2;1;1;6;580;23/01/2012
2012031630;1;2;2;2;3;580;20/01/2012
2012031631;5;2;2;2;3;580;20/01/2012
2012031632;5;2;1;2;2;580;28/01/2012
2012031633;1;2;1;1;6;580;07/02/2012
2012031634;1;2;3;1;3;580;03/03/2012
2012031635;1;2;1;1;6;580;05/03/2012
2012031636;1;2;1;1;2;580;14/03/2012
2012031637;5;2;3;1;3;580;16/03/2012
2012031638;1;2;1;1;6;580;17/03/2012
2012031639;1;2;2;1;3;580;18/03/2012
2012031640;1;2;1;1;2;580;22/03/2012
2012031641;1;2;1;1;1;580;27/03/2012
2012031642;1;2;1;1;6;580;14/04/2012
2012031643;1;2;1;1;3;580;17/04/2012
2012031644;1;2;2;2;3;580;21/04/2012
2012031645;1;2;3;2;3;580;23/04/2012
2012031646;1;2;2;1;3;580;28/04/2012
2012031647;5;2;1;1;6;580;07/05/2012
2012031648;1;2;2;1;3;580;18/05/2012
2012031649;1;2;1;1;2;580;19/05/2012
2012031650;1;2;2;1;4;580;29/05/2012
2012031651;1;2;1;1;7;580;25/05/2012
2012031652;1;2;1;1;2;580;26/05/2012
2012031653;1;2;1;1;6;580;02/06/2012
2012031654;1;2;1;1;6;580;09/06/2012
2012031655;1;2;1;2;7;580;06/06/2012
2012031656;1;2;1;1;4;580;12/06/2012
2012031657;1;2;1;1;6;580;17/06/2012
2012031658;1;2;1;1;3;580;22/06/2012
2012031659;1;2;1;1;2;580;28/06/2012
2012031660;5;2;6;1;3;580;12/07/2012
2012031661;1;2;1;1;6;580;09/07/2012
2012031662;1;2;3;1;3;580;13/07/2012
2012031663;1;2;1;1;6;580;24/07/2012
2012031664;5;2;1;1;2;580;02/08/2012
2012031665;1;2;1;1;6;580;01/08/2012
2012031666;5;2;1;1;7;580;03/08/2012
2012031667;1;2;1;1;3;580;03/08/2012
2012031668;1;2;2;1;3;580;04/08/2012
2012031669;5;2;1;1;6;580;03/06/2012
2012031670;5;2;1;1;2;580;25/08/2012
2012031671;1;2;1;1;6;580;27/08/2012
2012031672;1;2;1;1;3;580;10/08/2012
2012031673;1;2;1;1;1;580;18/08/2012
2012031674;1;2;6;1;3;580;24/09/2012
2012031675;2;2;1;1;6;580;04/09/2012
2012031676;2;2;1;1;7;580;28/09/2012
2012031677;1;2;1;1;4;580;27/09/2012
2012031678;1;2;1;1;4;580;02/10/2012
2012031679;5;2;1;1;2;580;02/10/2012
2012031680;5;2;1;1;2;580;05/10/2012
2012031681;1;2;4;2;3;580;04/10/2012
2012031682;1;2;1;1;7;580;08/10/2012
2012031683;1;2;1;1;3;580;27/10/2012
2012031684;1;2;2;1;3;580;27/10/2012
2012031685;3;2;1;1;3;580;03/11/2012
2012031686;5;2;1;1;3;580;04/11/2012
2012031687;1;2;1;1;3;580;21/11/2012
2012031688;5;2;1;1;6;580;06/12/2012
2012031689;5;2;1;1;1;580;11/12/2012
2012031690;1;2;1;2;6;580;15/12/2012
2012031691;5;2;2;2;6;580;18/12/2012
2012031692;5;2;1;2;6;580;22/12/2012
2012031693;5;2;1;2;6;590;30/12/2012
2012031694;5;2;1;1;6;590;14/01/2012
2012031695;1;2;3;8;2;590;04/02/2012
2012031696;5;2;1;9;2;590;09/02/2012
2012031697;1;2;1;1;6;590;08/02/2012
2012031698;1;2;1;7;6;590;20/02/2012
2012031699;1;2;1;1;6;590;01/03/2012
2012031700;5;2;6;2;6;590;02/03/2012
2012031701;1;2;1;2;3;590;04/03/2012
2012031702;1;2;1;1;6;590;11/02/2012
2012031703;1;2;1;1;6;590;14/03/2012
2012031704;1;2;1;1;6;590;16/03/2012
2012031705;1;2;1;1;3;590;21/03/2012
2012031706;1;2;1;1;2;590;23/03/2012
2012031707;1;2;1;1;3;590;28/03/2012
2012031708;1;2;1;1;3;590;03/04/2012
2012031709;1;2;1;1;3;590;16/04/2012
2012031710;1;2;1;1;1;590;29/04/2012
2012031711;1;1;1;1;6;590;01/05/2012
2012031712;1;2;1;1;3;590;10/05/2012
2012031713;1;2;1;1;3;590;27/03/2012
2012031714;1;2;1;1;1;590;15/05/2012
2012031715;1;1;5;1;7;590;18/05/2012
2012031716;1;1;3;1;3;590;26/05/2012
2012031717;1;2;1;1;2;590;02/06/2012
2012031718;1;2;1;1;5;590;03/06/2012
2012031719;1;2;1;8;6;590;04/06/2012
2012031720;1;2;1;1;6;590;08/06/2012
2012031721;1;2;1;2;4;590;15/06/2012
2012031722;1;2;1;1;4;590;22/06/2012
2012031723;1;2;2;2;3;590;07/07/2012
2012031724;2;1;1;1;7;590;11/07/2012
2012031725;1;2;3;1;1;590;26/07/2012
2012031726;1;2;1;1;3;590;26/07/2012
2012031727;1;2;1;1;3;590;16/08/2012
2012031728;5;2;1;1;6;590;01/08/2012
2012031729;1;2;2;1;4;590;22/08/2012
2012031730;1;2;1;1;6;590;23/08/2012
2012031731;5;2;1;8;6;590;25/08/2012
2012031732;1;1;1;1;6;590;30/08/2012
2012031733;1;2;1;1;6;590;04/09/2012
2012031734;5;2;1;1;6;590;09/09/2012
2012031735;1;2;1;1;3;590;05/09/2012
2012031736;1;2;1;1;5;590;11/09/2012
2012031737;2;2;1;1;3;590;13/09/2012
2012031738;1;2;1;1;6;590;01/10/2012
2012031739;2;2;1;2;6;590;04/10/2012
2012031740;5;2;1;1;6;590;30/09/2012
2012031741;1;2;6;1;6;590;07/10/2012
2012031742;1;2;1;2;6;590;06/10/2012
2012031743;5;2;3;1;3;590;10/10/2012
2012031744;1;2;1;1;6;590;12/10/2012
2012031745;2;2;6;1;3;590;17/10/2012
2012031746;1;2;8;1;5;590;22/10/2012
2012031747;5;2;1;2;4;590;26/11/2012
2012031748;1;2;1;1;6;590;30/11/2012
2012031749;2;1;1;3;5;590;04/12/2012
2012031750;4;2;2;8;2;590;13/12/2012
2012031751;1;2;6;1;3;590;13/12/2012
2012031752;2;2;1;3;6;590;20/12/2012
2012031753;1;1;8;1;6;590;29/12/2012
2012031754;2;2;1;1;6;590;06/02/2012
2012031755;1;2;3;1;6;590;27/08/2012
2012031756;5;2;3;1;6;590;29/08/2012
2012031757;1;2;3;1;3;590;08/09/2012
2012031758;5;2;2;2;3;590;20/12/2012
2012031759;1;1;1;2;6;590;20/01/2012
2012031760;3;1;1;9;6;590;27/01/2012
2012031761;5;1;1;5;7;590;04/03/2012
2012031762;1;2;3;1;6;590;11/04/2012
2012031763;1;2;1;1;6;590;22/04/2012
2012031764;1;2;3;8;3;590;24/04/2012
2012031765;1;2;3;1;2;590;26/04/2012
2012031766;1;2;3;8;3;590;06/06/2012
2012031767;1;1;1;8;1;590;07/06/2012
2012031768;3;1;8;1;2;590;04/07/2012
2012031769;1;2;9;1;6;590;05/09/2012
2012031770;1;2;7;1;3;590;04/09/2012
2012031771;1;2;1;1;6;590;06/09/2012
2012031772;1;2;1;8;2;590;14/09/2012
2012031773;3;1;1;1;7;590;05/10/2012
2012031774;1;2;1;8;3;590;08/10/2012
2012031775;1;2;9;9;1;590;06/10/2012
2012031776;1;2;1;2;6;590;16/10/2012
2012031777;3;1;1;1;7;590;26/10/2012
2012031778;1;1;1;1;6;590;11/11/2012
2012031779;5;2;2;9;3;590;14/01/2012
2012031780;1;2;1;1;6;590;03/04/2012
2012031781;5;2;1;1;1;590;12/06/2012
2012031782;1;2;6;1;3;590;03/07/2012
2012031783;1;2;1;1;6;590;30/07/2012
2012031784;1;2;1;1;3;590;09/08/2012
2012031785;1;2;1;1;6;590;01/09/2012
2012031786;3;1;1;1;6;590;15/09/2012
2012031787;1;2;1;1;6;590;09/10/2012
2012031788;1;2;3;1;6;590;17/11/2012
2012031789;5;2;1;3;6;590;01/12/2012
2012031790;1;2;1;1;1;590;22/10/2012
2012031791;2;1;2;7;3;590;10/02/2012
2012031792;5;2;4;1;6;590;30/03/2012
2012031793;5;2;1;1;2;590;21/04/2012
2012031794;1;2;3;1;3;590;01/06/2012
2012031795;1;2;2;1;6;590;11/06/2012
2012031796;1;2;9;1;5;590;03/07/2012
2012031797;1;1;1;1;2;590;24/07/2012
2012031798;5;2;1;8;3;590;06/12/2012
2012031799;1;2;1;1;6;590;07/01/2012
2012031800;5;2;1;1;6;590;10/01/2012
2012031801;5;2;2;2;6;590;06/12/2012
2012031802;3;1;1;1;5;590;19/12/2012
2012031803;2;2;1;1;6;590;16/02/2012
2012031804;1;2;1;1;6;590;06/01/2012
2012031805;3;1;1;5;3;590;03/03/2012
2012031806;3;2;1;1;6;590;03/03/2012
2012031807;1;2;1;4;6;590;05/03/2012
2012031808;1;2;1;1;6;590;10/03/2012
2012031809;1;2;9;1;3;590;01/05/2012
2012031810;3;1;1;2;6;590;10/05/2012
2012031811;1;1;1;1;3;590;14/04/2012
2012031812;1;2;2;1;6;590;07/06/2012
2012031813;1;1;3;1;1;590;03/07/2012
2012031814;1;1;1;1;6;590;18/05/2012
2012031815;1;2;1;1;6;590;27/08/2012
2012031816;2;2;1;1;2;590;30/08/2012
2012031817;1;2;1;1;6;590;04/09/2012
2012031818;1;1;1;1;3;590;24/07/2012
2012031819;4;2;1;9;6;590;15/09/2012
2012031820;4;2;9;9;7;590;22/09/2012
2012031821;2;2;1;1;6;590;09/10/2012
2012031822;1;2;1;1;6;590;07/10/2012
2012031823;1;2;1;2;6;590;04/11/2012
2012031824;1;2;1;1;6;590;24/10/2012
2012031825;5;2;1;1;4;590;30/11/2012
2012031826;1;2;1;1;1;590;14/01/2012
2012031827;5;2;1;1;6;590;19/01/2012
2012031828;1;1;9;1;3;590;27/01/2012
2012031829;1;2;9;1;6;590;24/01/2012
2012031830;5;2;1;1;3;590;13/01/2012
2012031831;5;2;3;8;6;590;07/03/2012
2012031832;5;2;3;1;3;590;08/03/2012
2012031833;1;2;3;1;3;590;21/02/2012
2012031834;1;2;1;2;3;590;12/04/2012
2012031835;5;2;1;1;6;590;08/02/2012
2012031836;1;2;1;1;2;590;05/04/2012
2012031837;5;2;1;1;6;590;19/03/2012
2012031838;1;2;1;1;6;590;19/05/2012
2012031839;1;2;1;1;6;590;17/01/2012
2012031840;1;2;3;1;6;590;21/12/2012
2012031841;1;1;1;2;7;590;13/06/2012
2012031842;1;1;1;1;3;590;13/04/2012
2012031843;1;2;1;1;6;590;25/07/2012
2012031844;5;2;1;9;2;590;29/07/2012
2012031845;1;2;4;1;3;590;27/07/2012
2012031846;1;2;1;1;2;590;12/07/2012
2012031847;5;2;1;1;6;590;07/05/2012
2012031848;1;2;3;1;3;590;15/05/2012
2012031849;1;2;1;1;6;590;28/08/2012
2012031850;1;2;1;1;2;590;07/09/2012
2012031851;1;2;3;1;3;590;26/04/2012
2012031852;1;2;1;7;3;590;07/02/2012
2012031853;5;2;1;1;6;590;05/06/2012
2012031854;1;2;2;1;3;590;12/09/2012
2012031855;1;2;1;1;6;590;15/09/2012
2012031856;1;1;1;1;6;590;04/10/2012
2012031857;1;2;3;7;6;590;10/02/2012
2012031858;1;2;3;1;3;590;26/10/2012
2012031859;5;2;1;2;6;590;09/11/2012
2012031860;1;2;1;9;1;590;17/11/2012
2012031861;1;2;1;2;6;590;19/11/2012
2012031862;1;2;6;9;3;590;14/01/2012
2012031863;3;1;1;8;6;590;01/12/2012
2012031864;1;2;1;1;7;590;28/07/2012
2012031865;3;2;1;1;6;590;02/02/2012
2012031866;1;1;1;1;6;590;01/08/2012
2012031867;5;2;1;1;3;590;26/11/2012
2012031868;1;2;2;1;3;590;20/08/2012
2012031869;1;2;1;1;7;590;20/08/2012
2012031870;1;2;1;1;6;590;01/09/2012
2012031871;3;1;1;1;5;590;19/02/2012
2012031872;5;1;1;1;1;590;29/02/2012
2012031873;1;2;3;1;3;590;14/09/2012
2012031874;5;2;1;1;7;590;09/03/2012
2012031875;1;2;3;1;6;590;10/02/2012
2012031876;1;2;1;1;2;590;11/03/2012
2012031877;1;2;2;2;3;590;25/09/2012
2012031878;1;1;1;1;6;590;09/10/2012
2012031879;1;2;1;2;6;590;14/10/2012
2012031880;5;2;1;1;6;590;28/10/2012
2012031881;1;1;3;1;3;590;19/03/2012
2012031882;1;2;1;7;6;590;20/03/2012
2012031883;1;2;1;1;6;590;25/11/2012
2012031884;1;2;1;1;6;590;04/12/2012
2012031885;1;2;1;1;6;590;05/04/2012
2012031886;1;2;1;1;6;590;06/04/2012
2012031887;1;2;1;1;6;590;05/04/2012
2012031888;1;2;2;1;6;590;11/05/2012
2012031889;1;1;1;7;7;590;14/05/2012
2012031890;1;2;3;1;3;590;31/05/2012
2012031891;5;2;1;1;1;590;16/06/2012
2012031892;1;2;1;8;6;590;09/06/2012
2012031893;1;2;1;1;7;590;16/06/2012
2012031894;1;2;1;1;6;590;20/06/2012
2012031895;1;1;1;1;5;590;25/06/2012
2012031896;1;2;1;1;2;590;28/06/2012
2012031897;1;2;1;1;6;590;25/06/2012
2012031898;5;2;1;1;1;590;30/06/2012
2012031899;1;2;2;8;3;590;09/07/2012
2012031900;1;2;1;1;6;590;10/07/2012
2012031901;1;2;1;1;6;590;28/05/2012
2012031902;5;2;3;1;3;590;19/08/2012
2012031903;1;2;1;1;6;590;22/08/2012
2012031904;1;2;1;1;2;590;20/07/2012
2012031905;5;2;2;1;3;590;14/09/2012
2012031906;1;2;1;1;6;590;07/08/2012
2012031907;1;1;1;1;6;590;09/08/2012
2012031908;1;2;1;7;6;590;16/08/2012
2012031909;1;2;1;1;2;590;23/08/2012
2012031910;1;2;3;1;3;590;08/09/2012
2012031911;2;2;3;2;7;590;18/09/2012
2012031912;1;2;3;2;1;590;18/09/2012
2012031913;1;2;3;1;3;590;05/10/2012
2012031914;3;1;1;8;6;590;03/12/2012
2012031915;1;2;1;2;7;590;21/11/2012
2012031916;2;2;1;1;6;590;27/11/2012
2012031917;1;2;2;1;6;590;30/11/2012
2012031918;5;2;1;1;2;590;03/12/2012
2012031919;4;2;1;9;6;590;06/12/2012
2012031920;1;2;1;1;6;590;10/12/2012
2012031921;1;2;1;1;6;590;11/12/2012
2012031922;5;2;1;1;1;590;13/12/2012
2012031923;5;2;2;1;3;590;03/01/2012
2012031924;5;2;1;2;6;590;09/01/2012
2012031925;1;2;9;1;3;590;11/01/2012
2012031926;5;2;9;1;3;590;12/01/2012
2012031927;5;2;1;1;4;590;15/01/2012
2012031928;1;2;9;1;6;590;16/01/2012
2012031929;5;2;9;1;3;590;18/01/2012
2012031930;1;2;1;1;2;590;13/01/2012
2012031931;5;2;1;2;6;590;29/01/2012
2012031932;1;2;9;1;6;590;03/02/2012
2012031933;5;2;1;1;6;590;06/02/2012
2012031934;3;1;1;1;6;590;10/03/2012
2012031935;1;2;1;1;6;590;10/03/2012
2012031936;1;2;1;1;2;590;12/03/2012
2012031937;1;2;1;1;6;590;14/03/2012
2012031938;1;2;9;1;3;590;20/03/2012
2012031939;1;2;1;1;1;590;24/03/2012
2012031940;1;2;1;1;3;590;24/03/2012
2012031941;2;2;2;5;3;590;25/03/2012
2012031942;1;2;1;1;6;590;30/03/2012
2012031943;1;2;1;1;7;590;30/03/2012
2012031944;3;2;1;1;6;590;06/04/2012
2012031945;1;2;1;1;6;590;07/04/2012
2012031946;1;2;1;1;3;590;28/03/2012
2012031947;1;2;1;1;6;590;14/04/2012
2012031948;1;2;2;1;3;590;15/04/2012
2012031949;5;2;1;1;6;590;28/04/2012
2012031950;2;2;1;2;6;590;28/04/2012
2012031951;1;2;1;2;3;590;02/05/2012
2012031952;1;2;2;1;3;590;07/05/2012
2012031953;1;2;1;1;3;590;02/05/2012
2012031954;1;2;1;1;6;590;21/05/2012
2012031955;1;2;1;1;6;590;11/05/2012
2012031956;1;2;1;1;6;590;29/05/2012
2012031957;5;2;1;2;6;590;02/06/2012
2012031958;1;2;1;1;3;590;04/06/2012
2012031959;1;2;9;1;7;590;07/06/2012
2012031960;1;2;1;1;6;590;09/06/2012
2012031961;1;2;1;1;6;590;08/06/2012
2012031962;1;2;1;1;6;590;19/06/2012
2012031963;1;2;1;1;6;590;25/06/2012
2012031964;1;2;9;1;3;590;28/06/2012
2012031965;4;2;1;1;6;590;30/06/2012
2012031966;1;2;9;1;6;590;02/07/2012
2012031967;1;2;1;7;6;590;02/07/2012
2012031968;1;2;9;1;6;590;03/07/2012
2012031969;5;2;2;1;3;590;04/07/2012
2012031970;1;2;9;1;6;590;14/04/2012
2012031971;1;2;1;1;2;590;05/07/2012
2012031972;1;2;1;3;1;590;06/07/2012
2012031973;2;2;9;1;6;590;15/07/2012
2012031974;5;2;9;1;6;590;12/07/2012
2012031975;1;2;1;1;6;590;20/07/2012
2012031976;1;2;1;1;6;590;24/07/2012
2012031977;1;2;9;1;6;590;30/07/2012
2012031978;1;2;1;1;3;590;01/08/2012
2012031979;1;2;1;1;3;590;07/08/2012
2012031980;1;2;9;1;6;590;10/08/2012
2012031981;1;1;1;1;3;590;22/08/2012
2012031982;1;2;1;1;6;590;04/09/2012
2012031983;5;2;9;1;6;590;08/09/2012
2012031984;1;2;1;1;6;590;12/09/2012
2012031985;1;2;9;1;2;590;10/09/2012
2012031986;1;2;9;1;2;590;14/09/2012
2012031987;1;2;2;1;5;590;18/09/2012
2012031988;5;2;3;1;3;590;22/09/2012
2012031989;5;2;3;1;3;590;27/09/2012
2012031990;3;1;1;1;6;590;01/10/2012
2012031991;5;2;2;1;3;590;30/09/2012
2012031992;1;1;8;1;3;590;02/10/2012
2012031993;5;2;1;1;6;590;23/09/2012
2012031994;1;2;1;2;6;590;06/10/2012
2012031995;1;2;1;1;6;590;03/10/2012
2012031996;1;2;2;1;6;590;22/10/2012
2012031997;1;2;9;1;6;590;24/10/2012
2012031998;5;2;2;1;3;590;22/10/2012
2012031999;1;1;1;2;6;590;10/11/2012
2012032000;3;2;1;1;1;590;10/11/2012
2012032001;5;2;1;1;6;590;10/11/2012
2012032002;5;2;1;2;6;590;12/11/2012
2012032003;5;2;1;1;6;590;17/11/2012
2012032004;1;2;1;1;6;590;22/11/2012
2012032005;4;2;9;1;5;590;22/11/2012
2012032006;1;2;2;2;3;590;21/11/2012
2012032007;1;2;1;1;6;590;12/12/2012
2012032008;1;2;1;1;6;590;12/12/2012
2012032009;5;2;1;1;6;590;18/12/2012
2012032010;2;2;1;2;6;590;20/12/2012
2012032011;5;2;1;2;7;590;27/12/2012
2012032012;5;2;1;3;6;590;29/12/2012
2012032013;1;1;6;1;3;590;11/11/2012
2012032014;5;1;1;1;1;590;15/03/2012
2012032015;1;2;1;1;6;590;16/05/2012
2012032016;1;2;1;1;3;590;08/08/2012
2012032017;3;1;1;1;7;590;29/08/2012
2012032018;3;1;1;2;2;590;07/12/2012
2012032019;5;1;1;1;7;590;04/03/2012
2012032020;1;2;1;1;6;590;20/03/2012
2012032021;1;2;3;2;3;590;10/04/2012
2012032022;1;2;6;1;3;590;19/05/2012
2012032023;1;2;6;2;3;590;03/10/2012
2012032024;1;1;1;1;3;590;25/11/2012
2012032025;3;1;1;8;6;590;30/11/2012
2012032026;2;2;1;8;6;590;01/12/2012
2012032027;2;2;1;2;6;590;24/12/2012
2012032028;1;1;1;1;7;590;02/06/2012
2012032029;2;1;1;3;7;590;15/06/2012
2012032030;1;1;1;1;7;590;03/08/2012
2012032031;1;2;3;1;3;590;10/08/2012
2012032032;1;2;3;1;2;590;14/08/2012
2012032033;5;2;1;1;6;590;20/09/2012
2012032034;1;2;1;2;6;590;02/11/2012
2012032035;1;2;1;1;6;590;02/01/2012
2012032036;5;2;1;1;3;590;02/01/2012
2012032037;2;2;2;1;6;590;03/01/2012
2012032038;5;2;1;1;3;590;04/01/2012
2012032039;1;2;1;1;6;590;04/01/2012
2012032040;5;2;2;2;6;590;05/01/2012
2012032041;1;2;1;1;3;590;06/01/2012
2012032042;1;2;1;1;6;590;09/01/2012
2012032043;5;2;1;2;7;590;09/01/2012