num_acc;lum;agg;inter;atm;col;dep;date
2012032625;1;2;1;1;3;590;24/12/2012
2012032626;1;2;1;1;3;590;24/12/2012
2012032627;1;2;1;1;6;590;26/12/2012
2012032628;1;2;2;1;3;590;26/12/2012
2012032629;1;2;1;3;2;590;24/12/2012
2012032630;5;2;1;2;6;590;27/12/2012
2012032631;5;2;2;1;1;590;27/12/2012
2012032632;5;2;1;2;1;590;28/12/2012
2012032633;1;2;2;1;6;590;29/12/2012
2012032634;2;2;2;1;6;590;30/12/2012
2012032635;1;2;2;1;6;590;26/12/2012
2012032636;1;2;1;1;6;590;31/12/2012
2012032637;5;1;3;1;3;590;15/01/2012
2012032638;3;1;1;1;6;590;16/04/2012
2012032639;1;1;1;1;1;590;05/07/2012
2012032640;5;2;2;1;3;590;12/07/2012
2012032641;1;2;2;1;3;590;30/08/2012
2012032642;2;2;1;2;6;590;17/10/2012
2012032643;1;2;1;1;6;590;19/10/2012
2012032644;1;1;1;2;5;590;01/01/2012
2012032645;1;2;3;2;3;590;01/01/2012
2012032646;1;2;6;1;5;590;02/01/2012
2012032647;5;2;3;3;2;590;05/01/2012
2012032648;1;2;1;1;6;590;06/01/2012
2012032649;1;2;1;1;6;590;07/01/2012
2012032650;1;2;2;1;3;590;07/01/2012
2012032651;5;2;1;1;6;590;08/01/2012
2012032652;5;2;4;1;3;590;08/01/2012
2012032653;1;2;2;1;6;590;13/01/2012
2012032654;5;2;2;1;6;590;13/01/2012
2012032655;1;2;3;1;6;590;14/01/2012
2012032656;1;2;1;1;1;590;14/01/2012
2012032657;5;2;1;1;6;590;09/01/2012
2012032658;5;2;2;1;6;590;15/01/2012
2012032659;1;2;1;1;6;590;16/01/2012
2012032660;5;2;2;1;3;590;18/01/2012
2012032661;3;2;1;1;6;590;17/01/2012
2012032662;5;2;4;2;1;590;18/01/2012
2012032663;2;2;2;2;6;590;19/01/2012
2012032664;3;2;8;1;3;590;19/01/2012
2012032665;1;1;1;2;6;590;21/01/2012
2012032666;1;2;1;1;6;590;23/01/2012
2012032667;5;2;2;1;3;590;23/01/2012
2012032668;5;2;3;2;1;590;23/01/2012
2012032669;5;2;1;1;6;590;09/11/2012
2012032670;3;2;1;1;6;590;21/12/2012
2012032671;5;2;2;1;3;590;27/01/2012
2012032672;1;2;1;1;6;590;27/01/2012
2012032673;5;2;3;1;3;590;30/01/2012
2012032674;5;2;1;1;6;590;26/11/2012
2012032675;1;2;2;1;3;590;02/02/2012
2012032676;1;2;2;1;6;590;02/02/2012
2012032677;5;2;1;1;6;590;07/02/2012
2012032678;1;2;2;1;6;590;09/02/2012
2012032679;1;2;1;1;2;590;09/02/2012
2012032680;1;2;3;1;6;590;10/02/2012
2012032681;1;2;3;1;6;590;09/02/2012
2012032682;5;2;6;1;6;590;17/02/2012
2012032683;5;2;2;2;3;590;18/02/2012
2012032684;5;2;1;1;2;590;19/02/2012
2012032685;1;2;2;1;6;590;20/02/2012
2012032686;1;2;1;1;6;590;20/02/2012
2012032687;5;2;2;1;3;590;20/02/2012
2012032688;1;2;1;1;6;590;21/02/2012
2012032689;5;2;2;1;3;590;23/02/2012
2012032690;1;2;1;1;6;590;23/02/2012
2012032691;1;2;1;1;6;590;20/01/2012
2012032692;1;2;1;1;1;590;26/02/2012
2012032693;1;2;2;1;6;590;27/02/2012
2012032694;1;2;1;1;1;590;27/02/2012
2012032695;1;2;3;1;2;590;28/02/2012
2012032696;5;2;1;2;6;590;01/03/2012
2012032697;5;2;3;1;1;590;29/02/2012
2012032698;1;2;2;1;5;590;01/03/2012
2012032699;1;2;1;1;2;590;28/02/2012
2012032700;2;2;1;2;6;590;07/03/2012
2012032701;1;2;2;1;3;590;12/03/2012
2012032702;1;2;9;1;6;590;15/03/2012
2012032703;1;2;1;1;6;590;16/03/2012
2012032704;1;1;1;1;4;590;28/02/2012
2012032705;1;2;3;1;5;590;21/03/2012
2012032706;1;2;1;1;6;590;22/03/2012
2012032707;1;2;3;1;7;590;22/03/2012
2012032708;1;2;1;1;3;590;24/03/2012
2012032709;1;2;2;1;3;590;27/03/2012
2012032710;1;2;3;1;6;590;28/03/2012
2012032711;1;2;1;1;6;590;29/03/2012
2012032712;1;2;1;1;6;590;29/03/2012
2012032713;1;2;2;1;3;590;30/03/2012
2012032714;1;2;2;1;1;590;02/04/2012
2012032715;1;2;2;1;3;590;02/04/2012
2012032716;1;2;1;1;2;590;05/04/2012
2012032717;1;2;1;1;6;590;03/04/2012
2012032718;1;2;1;1;6;590;07/04/2012
2012032719;5;2;6;2;3;590;10/04/2012
2012032720;1;1;1;3;2;590;10/04/2012
2012032721;1;2;1;1;2;590;11/04/2012
2012032722;1;2;1;8;6;590;11/04/2012
2012032723;1;2;1;1;6;590;12/04/2012
2012032724;1;2;1;1;6;590;16/04/2012
2012032725;5;2;3;8;7;590;18/04/2012
2012032726;1;2;2;2;6;590;19/04/2012
2012032727;1;2;1;2;3;590;19/04/2012
2012032728;1;2;2;1;3;590;20/04/2012
2012032729;1;2;3;1;3;590;21/04/2012
2012032730;1;2;1;3;6;590;22/04/2012
2012032731;1;2;2;1;3;590;21/04/2012
2012032732;1;2;1;1;1;590;27/04/2012
2012032733;5;2;1;1;3;590;10/04/2012
2012032734;5;2;1;2;6;590;02/05/2012
2012032735;1;2;2;1;6;590;06/05/2012
2012032736;1;1;1;1;6;590;06/05/2012
2012032737;5;2;2;1;3;590;07/05/2012
2012032738;1;2;2;1;6;590;09/05/2012
2012032739;1;2;1;1;6;590;09/05/2012
2012032740;1;2;1;1;6;590;10/05/2012
2012032741;5;2;2;1;6;590;06/04/2012
2012032742;1;2;1;1;6;590;11/05/2012
2012032743;5;2;1;1;6;590;11/05/2012
2012032744;1;2;2;1;1;590;12/05/2012
2012032745;1;2;1;1;6;590;13/05/2012
2012032746;1;2;2;1;1;590;14/05/2012
2012032747;1;2;2;1;3;590;15/05/2012
2012032748;1;2;1;1;5;590;03/05/2012
2012032749;1;2;1;2;6;590;15/05/2012
2012032750;5;2;2;2;7;590;16/05/2012
2012032751;1;2;1;1;7;590;17/05/2012
2012032752;1;2;3;1;3;590;19/05/2012
2012032753;1;2;2;1;6;590;21/05/2012
2012032754;1;2;4;1;1;590;22/05/2012
2012032755;1;2;1;1;6;590;22/05/2012
2012032756;1;2;2;1;3;590;23/05/2012
2012032757;5;2;1;2;6;590;24/01/2012
2012032758;1;2;3;1;1;590;24/05/2012
2012032759;1;2;1;1;3;590;26/05/2012
2012032760;1;2;1;1;3;590;25/05/2012
2012032761;1;2;2;1;3;590;28/05/2012
2012032762;1;2;1;1;6;590;29/05/2012
2012032763;1;2;2;1;3;590;29/05/2012
2012032764;1;2;3;1;6;590;30/05/2012
2012032765;3;2;3;1;3;590;01/06/2012
2012032766;5;2;1;2;6;590;03/06/2012
2012032767;5;2;3;8;6;590;03/06/2012
2012032768;1;2;1;1;6;590;04/06/2012
2012032769;1;2;2;1;3;590;31/05/2012
2012032770;1;2;1;1;7;590;07/06/2012
2012032771;5;2;6;1;3;590;08/06/2012
2012032772;5;2;1;1;1;590;09/06/2012
2012032773;5;2;1;1;7;590;09/06/2012
2012032774;1;2;1;1;6;590;08/06/2012
2012032775;1;2;1;1;6;590;10/06/2012
2012032776;5;2;2;9;3;590;10/06/2012
2012032777;1;2;1;1;6;590;12/06/2012
2012032778;1;2;1;1;2;590;12/06/2012
2012032779;1;2;1;1;6;590;12/06/2012
2012032780;1;2;2;1;3;590;08/06/2012
2012032781;5;2;3;1;3;590;13/06/2012
2012032782;1;2;1;1;6;590;14/06/2012
2012032783;1;2;1;1;3;590;14/06/2012
2012032784;1;2;3;1;3;590;15/06/2012
2012032785;1;1;1;1;6;590;02/06/2012
2012032786;1;2;2;1;3;590;16/06/2012
2012032787;1;2;6;1;3;590;18/06/2012
2012032788;1;2;2;1;3;590;01/05/2012
2012032789;1;2;1;1;6;590;21/06/2012
2012032790;2;2;2;1;3;590;25/06/2012
2012032791;1;2;1;1;3;590;27/06/2012
2012032792;1;2;2;3;6;590;30/06/2012
2012032793;5;2;1;1;3;590;02/07/2012
2012032794;1;2;1;1;3;590;02/07/2012
2012032795;1;2;3;1;3;590;02/07/2012
2012032796;1;2;1;1;6;590;05/07/2012
2012032797;1;2;1;1;6;590;05/07/2012
2012032798;1;2;2;3;3;590;08/07/2012
2012032799;1;2;1;1;6;590;01/07/2012
2012032800;1;2;1;1;6;590;11/07/2012
2012032801;1;2;1;9;3;590;12/07/2012
2012032802;1;2;1;1;3;590;12/07/2012
2012032803;1;2;1;1;6;590;13/07/2012
2012032804;5;2;2;1;3;590;14/07/2012
2012032805;1;2;2;1;3;590;17/07/2012
2012032806;1;2;4;1;6;590;18/07/2012
2012032807;1;2;3;1;3;590;20/07/2012
2012032808;1;2;1;1;6;590;21/07/2012
2012032809;5;2;1;1;6;590;23/07/2012
2012032810;1;2;2;1;4;590;23/07/2012
2012032811;1;2;1;1;3;590;23/07/2012
2012032812;1;2;3;1;2;590;02/08/2012
2012032813;1;2;2;1;3;590;04/08/2012
2012032814;1;2;2;1;3;590;06/08/2012
2012032815;5;2;3;1;3;590;06/08/2012
2012032816;1;2;2;1;3;590;07/08/2012
2012032817;1;2;1;1;3;590;08/08/2012
2012032818;1;2;1;1;6;590;10/08/2012
2012032819;1;2;1;1;6;590;13/08/2012
2012032820;1;2;2;1;3;590;15/08/2012
2012032821;1;2;1;1;3;590;17/08/2012
2012032822;1;2;5;1;3;590;17/08/2012
2012032823;1;2;3;1;6;590;17/08/2012
2012032824;5;2;1;1;6;590;18/08/2012
2012032825;1;2;1;1;3;590;20/08/2012
2012032826;3;2;1;1;6;590;20/08/2012
2012032827;1;1;1;1;2;590;21/08/2012
2012032828;1;2;2;1;3;590;21/08/2012
2012032829;1;2;2;1;3;590;07/08/2012
2012032830;5;2;1;1;6;590;27/08/2012
2012032831;1;2;6;1;3;590;28/08/2012
2012032832;1;2;8;7;6;590;30/08/2012
2012032833;1;2;6;1;3;590;29/08/2012
2012032834;1;2;8;1;6;590;31/08/2012
2012032835;1;2;4;2;3;590;03/09/2012
2012032836;1;2;2;1;3;590;04/09/2012
2012032837;1;2;1;1;3;590;01/09/2012
2012032838;1;2;1;1;2;590;08/09/2012
2012032839;2;2;1;1;6;590;08/09/2012
2012032840;1;2;1;1;6;590;11/09/2012
2012032841;1;2;2;1;3;590;13/09/2012
2012032842;1;2;1;8;3;590;13/09/2012
2012032843;1;2;2;1;3;590;14/09/2012
2012032844;1;2;3;1;6;590;15/09/2012
2012032845;1;2;1;1;2;590;11/09/2012
2012032846;1;2;1;1;3;590;18/09/2012
2012032847;1;2;1;1;1;590;18/09/2012
2012032848;1;2;1;1;2;590;07/09/2012
2012032849;1;2;1;1;5;590;20/09/2012
2012032850;1;2;1;1;6;590;20/09/2012
2012032851;4;2;2;1;4;590;21/09/2012
2012032852;5;2;1;1;6;590;23/09/2012
2012032853;1;2;3;1;6;590;25/09/2012
2012032854;1;2;1;1;3;590;25/09/2012
2012032855;5;2;1;8;6;590;25/09/2012
2012032856;1;2;1;1;3;590;27/09/2012
2012032857;1;2;2;1;3;590;27/09/2012
2012032858;1;2;1;1;6;590;28/09/2012
2012032859;2;2;2;2;3;590;01/10/2012
2012032860;1;2;2;1;3;590;01/10/2012
2012032861;1;2;2;2;1;590;01/10/2012
2012032862;1;2;1;2;6;590;03/10/2012
2012032863;1;2;1;2;3;590;05/10/2012
2012032864;1;2;2;2;3;590;05/10/2012
2012032865;1;2;3;2;3;590;05/10/2012
2012032866;1;2;1;1;3;590;04/10/2012
2012032867;5;2;2;2;1;590;06/10/2012
2012032868;1;2;1;1;3;590;07/10/2012
2012032869;1;2;2;1;3;590;09/10/2012
2012032870;1;2;1;1;3;590;10/10/2012
2012032871;1;2;2;1;1;590;10/10/2012
2012032872;1;2;1;1;6;590;12/10/2012
2012032873;1;2;1;2;6;590;15/10/2012
2012032874;2;2;1;2;2;590;17/10/2012
2012032875;1;2;2;2;3;590;17/10/2012
2012032876;1;2;1;2;6;590;18/10/2012
2012032877;1;2;1;1;3;590;16/10/2012
2012032878;1;2;1;1;6;590;19/10/2012
2012032879;1;2;2;1;2;590;20/10/2012
2012032880;1;2;2;8;6;590;21/10/2012
2012032881;1;2;2;1;6;590;21/10/2012
2012032882;1;2;1;2;3;590;22/10/2012
2012032883;5;2;1;2;4;590;18/10/2012
2012032884;5;2;1;1;2;590;23/10/2012
2012032885;1;2;1;1;6;590;24/10/2012
2012032886;1;2;3;2;3;590;26/10/2012
2012032887;5;2;3;2;3;590;30/10/2012
2012032888;1;2;1;2;6;590;02/11/2012
2012032889;5;2;1;2;7;590;02/11/2012
2012032890;1;2;1;1;6;590;12/10/2012
2012032891;1;2;1;1;6;590;06/11/2012
2012032892;1;2;3;1;6;590;07/11/2012
2012032893;1;2;1;1;6;590;07/11/2012
2012032894;5;2;3;1;3;590;07/11/2012
2012032895;3;2;1;2;1;590;10/11/2012
2012032896;5;2;1;1;1;590;15/11/2012
2012032897;1;2;1;1;2;590;16/11/2012
2012032898;1;2;2;8;3;590;17/11/2012
2012032899;5;2;2;2;6;590;18/11/2012
2012032900;1;2;1;1;3;590;19/11/2012
2012032901;5;2;2;1;3;590;19/11/2012
2012032902;1;2;2;1;3;590;24/10/2012
2012032903;5;2;2;1;3;590;20/11/2012
2012032904;5;2;3;1;3;590;21/11/2012
2012032905;1;2;1;1;2;590;14/11/2012
2012032906;1;2;1;1;6;590;09/10/2012
2012032907;5;2;3;1;6;590;22/11/2012
2012032908;1;1;6;2;3;590;23/11/2012
2012032909;1;2;1;1;6;590;15/11/2012
2012032910;1;1;1;1;3;590;14/11/2012
2012032911;5;2;1;1;2;590;12/11/2012
2012032912;5;2;1;1;6;590;09/11/2012
2012032913;5;2;2;1;3;590;28/11/2012
2012032914;2;2;3;2;3;590;29/11/2012
2012032915;1;2;2;1;6;590;30/11/2012
2012032916;5;2;1;1;3;590;30/11/2012
2012032917;5;2;2;2;3;590;30/11/2012
2012032918;1;2;1;1;3;590;03/12/2012
2012032919;1;2;3;2;3;590;03/12/2012
2012032920;2;2;1;1;6;590;04/12/2012
2012032921;5;2;2;3;1;590;04/12/2012
2012032922;5;2;1;2;6;590;05/12/2012
2012032923;4;2;6;2;3;590;05/12/2012
2012032924;5;2;1;1;6;590;06/12/2012
2012032925;1;2;2;4;3;590;07/12/2012
2012032926;5;2;1;2;6;590;07/12/2012
2012032927;5;2;1;1;3;590;07/12/2012
2012032928;1;2;2;1;6;590;09/12/2012
2012032929;1;2;1;1;6;590;09/12/2012
2012032930;5;2;1;1;2;590;10/12/2012
2012032931;1;2;1;1;6;590;12/12/2012
2012032932;1;2;1;1;3;590;12/12/2012
2012032933;1;2;1;1;3;590;12/12/2012
2012032934;5;2;2;1;6;590;12/12/2012
2012032935;5;2;3;9;3;590;15/12/2012
2012032936;5;2;1;2;6;590;16/12/2012
2012032937;1;2;3;2;6;590;17/12/2012
2012032938;5;2;3;1;3;590;17/12/2012
2012032939;5;2;1;1;6;590;17/12/2012
2012032940;1;2;1;3;6;590;18/12/2012
2012032941;5;2;2;3;6;590;20/12/2012
2012032942;1;2;2;9;7;590;11/12/2012
2012032943;2;2;1;8;6;590;21/12/2012
2012032944;5;2;1;2;3;590;21/12/2012
2012032945;5;2;2;1;6;590;21/12/2012
2012032946;3;1;1;8;3;590;26/12/2012
2012032947;5;2;2;2;3;590;27/12/2012
2012032948;1;2;1;3;3;590;28/12/2012
2012032949;5;2;6;2;7;590;28/12/2012
2012032950;1;1;3;1;3;590;11/05/2012
2012032951;1;2;1;1;1;590;25/06/2012
2012032952;1;2;1;1;2;590;26/08/2012
2012032953;1;2;1;1;6;590;25/09/2012
2012032954;3;1;1;3;1;590;04/10/2012
2012032955;1;2;6;1;6;590;24/10/2012
2012032956;1;2;3;1;6;590;13/11/2012
2012032957;5;2;1;1;3;590;10/01/2012
2012032958;5;2;1;1;3;590;04/01/2012
2012032959;3;2;1;3;6;590;04/01/2012
2012032960;1;2;1;1;6;590;06/01/2012
2012032961;5;2;1;1;2;590;07/01/2012
2012032962;2;2;2;9;3;590;17/01/2012
2012032963;2;2;1;1;6;590;17/01/2012
2012032964;5;2;3;2;2;590;24/01/2012
2012032965;5;2;3;1;3;590;17/01/2012
2012032966;5;2;3;2;3;590;19/01/2012
2012032967;5;2;2;1;3;590;21/01/2012
2012032968;5;2;1;2;5;590;24/01/2012
2012032969;5;2;1;2;6;590;25/01/2012
2012032970;1;2;1;2;6;590;25/01/2012
2012032971;2;2;1;2;7;590;27/01/2012
2012032972;1;2;2;1;3;590;27/01/2012
2012032973;1;2;2;1;3;590;22/01/2012
2012032974;5;2;1;1;3;590;30/01/2012
2012032975;1;2;2;1;3;590;30/01/2012
2012032976;1;2;1;1;1;590;03/02/2012
2012032977;5;2;1;9;6;590;05/02/2012
2012032978;1;2;1;1;2;590;09/02/2012
2012032979;1;2;1;1;6;590;10/02/2012
2012032980;1;2;1;1;6;590;10/02/2012
2012032981;1;2;1;1;6;590;10/02/2012
2012032982;1;2;1;1;6;590;10/02/2012
2012032983;5;2;1;9;6;590;10/02/2012
2012032984;5;2;3;1;3;590;11/02/2012
2012032985;5;2;3;2;6;590;14/02/2012
2012032986;1;2;1;1;6;590;15/02/2012
2012032987;5;2;1;8;6;590;16/02/2012
2012032988;1;2;1;1;2;590;20/02/2012
2012032989;1;2;1;1;2;590;23/02/2012
2012032990;5;2;1;1;6;590;11/02/2012
2012032991;1;2;1;1;3;590;25/02/2012
2012032992;1;2;3;1;1;590;26/02/2012
2012032993;5;2;2;1;1;590;26/02/2012
2012032994;1;2;2;1;3;590;01/03/2012
2012032995;5;2;2;1;3;590;03/03/2012
2012032996;1;2;1;1;7;590;10/03/2012
2012032997;5;2;1;1;6;590;11/03/2012
2012032998;1;2;3;1;6;590;12/03/2012
2012032999;5;2;3;1;3;590;13/03/2012
2012033000;1;2;3;1;3;590;14/03/2012
2012033001;1;2;3;1;7;590;19/03/2012
2012033002;1;2;2;1;3;590;19/03/2012
2012033003;1;2;1;1;3;590;28/03/2012
2012033004;5;2;6;1;3;590;29/03/2012
2012033005;1;2;2;1;6;590;29/03/2012
2012033006;1;2;1;1;6;590;29/03/2012
2012033007;1;1;1;1;3;590;30/03/2012
2012033008;1;2;1;1;2;590;04/04/2012
2012033009;5;2;2;1;3;590;16/04/2012
2012033010;1;2;1;2;6;590;21/04/2012
2012033011;1;2;1;1;6;590;21/04/2012
2012033012;5;2;3;1;6;590;21/04/2012
2012033013;1;2;1;1;2;590;23/04/2012
2012033014;1;2;1;2;3;590;24/04/2012
2012033015;2;2;2;1;3;590;29/04/2012
2012033016;5;2;1;1;6;590;01/05/2012
2012033017;1;2;1;1;6;590;04/05/2012
2012033018;1;2;2;1;3;590;09/05/2012
2012033019;5;2;3;1;3;590;11/05/2012
2012033020;1;2;3;1;3;590;12/05/2012
2012033021;1;2;1;1;3;590;25/05/2012
2012033022;1;2;3;1;5;590;25/05/2012
2012033023;1;2;3;1;2;590;26/05/2012
2012033024;1;2;1;1;6;590;29/05/2012
2012033025;1;2;1;1;6;590;30/05/2012
2012033026;1;2;3;1;3;590;31/05/2012
2012033027;1;2;1;1;2;590;05/06/2012
2012033028;1;2;1;2;3;590;08/06/2012
2012033029;1;2;1;1;2;590;09/06/2012
2012033030;5;2;1;9;3;590;15/06/2012
2012033031;1;2;1;1;6;590;16/06/2012
2012033032;1;2;2;1;3;590;05/08/2012
2012033033;1;2;2;1;7;590;16/06/2012
2012033034;1;2;1;1;3;590;18/06/2012
2012033035;1;2;2;1;6;590;20/06/2012
2012033036;1;2;1;1;3;590;20/06/2012
2012033037;1;2;3;1;1;590;22/06/2012
2012033038;1;1;1;1;3;590;26/06/2012
2012033039;1;2;1;1;6;590;29/06/2012
2012033040;1;2;1;2;6;590;03/07/2012
2012033041;1;2;2;3;5;590;04/07/2012
2012033042;1;2;2;1;3;590;05/07/2012
2012033043;1;2;1;1;3;590;06/07/2012
2012033044;1;1;6;1;3;590;07/07/2012
2012033045;5;2;1;8;7;590;08/07/2012
2012033046;1;1;3;1;1;590;11/07/2012
2012033047;1;2;3;1;1;590;11/07/2012
2012033048;1;2;1;1;2;590;17/07/2012
2012033049;1;2;2;1;3;590;19/07/2012
2012033050;1;2;1;1;1;590;30/07/2012
2012033051;1;2;1;1;3;590;31/07/2012
2012033052;1;2;1;1;2;590;03/08/2012
2012033053;1;2;1;1;7;590;09/08/2012
2012033054;1;2;1;1;7;590;18/08/2012
2012033055;5;2;1;1;1;590;19/08/2012
2012033056;1;1;6;1;3;590;22/08/2012
2012033057;5;2;3;2;2;590;24/08/2012
2012033058;1;2;1;1;6;590;25/08/2012
2012033059;3;2;1;2;6;590;30/08/2012
2012033060;1;2;3;5;3;590;04/09/2012
2012033061;1;2;1;1;3;590;14/11/2012
2012033062;1;2;1;1;3;590;06/09/2012
2012033063;1;2;2;1;3;590;07/09/2012
2012033064;1;2;1;1;3;590;07/09/2012
2012033065;1;2;1;1;6;590;06/09/2012
2012033066;1;2;1;1;6;590;07/09/2012
2012033067;1;2;1;1;6;590;07/09/2012
2012033068;1;2;2;1;3;590;07/09/2012
2012033069;1;2;1;1;3;590;10/09/2012
2012033070;1;2;1;1;7;590;14/09/2012
2012033071;1;2;1;1;6;590;15/09/2012
2012033072;5;2;1;1;1;590;16/09/2012
2012033073;1;2;1;1;6;590;19/09/2012
2012033074;1;2;3;1;3;590;19/09/2012
2012033075;5;2;3;1;3;590;19/09/2012
2012033076;1;2;1;1;6;590;20/09/2012
2012033077;1;2;1;8;6;590;24/09/2012
2012033078;1;2;1;2;4;590;25/09/2012
2012033079;2;2;6;1;6;590;25/09/2012
2012033080;1;2;3;1;3;590;30/09/2012
2012033081;5;1;2;1;3;590;02/10/2012
2012033082;1;2;1;8;6;590;05/10/2012
2012033083;1;2;1;1;6;590;09/10/2012
2012033084;1;2;1;1;2;590;10/10/2012
2012033085;1;2;2;1;5;590;12/10/2012
2012033086;5;2;3;2;3;590;16/10/2012
2012033087;5;2;2;2;3;590;16/10/2012
2012033088;1;2;2;1;6;590;16/10/2012
2012033089;1;2;1;2;6;590;21/10/2012
2012033090;1;2;3;1;1;590;24/10/2012
2012033091;1;2;1;1;6;590;24/10/2012
2012033092;1;2;6;1;3;590;28/10/2012
2012033093;1;1;1;1;3;590;30/10/2012
2012033094;1;1;9;1;3;590;04/11/2012
2012033095;2;2;1;2;6;590;05/11/2012
2012033096;1;1;1;1;6;590;06/11/2012
2012033097;5;2;1;2;7;590;06/11/2012
2012033098;5;2;1;1;3;590;07/11/2012
2012033099;1;2;1;1;3;590;13/11/2012
2012033100;5;2;1;1;2;590;13/11/2012
2012033101;1;2;1;1;2;590;15/11/2012
2012033102;1;2;1;1;3;590;17/11/2012
2012033103;5;2;2;8;3;590;17/11/2012
2012033104;1;2;2;1;3;590;19/11/2012
2012033105;1;2;1;1;3;590;19/11/2012
2012033106;1;2;1;8;7;590;19/11/2012
2012033107;1;2;2;1;6;590;22/11/2012
2012033108;1;2;3;1;6;590;26/11/2012
2012033109;1;1;1;1;3;590;28/11/2012
2012033110;2;2;1;1;4;590;12/12/2012
2012033111;1;2;3;2;3;590;29/11/2012
2012033112;1;2;1;1;6;590;24/11/2012
2012033113;1;2;1;1;5;590;30/11/2012
2012033114;1;2;1;1;6;590;30/11/2012
2012033115;5;2;2;2;6;590;01/12/2012
2012033116;5;2;1;2;6;590;01/12/2012
2012033117;5;2;2;1;3;590;02/12/2012
2012033118;1;2;2;1;3;590;01/12/2012
2012033119;1;2;1;7;6;590;04/12/2012
2012033120;5;1;2;2;3;590;04/12/2012
2012033121;5;2;1;2;6;590;10/12/2012
2012033122;1;2;1;7;1;590;12/12/2012
2012033123;5;2;1;1;6;590;13/12/2012
2012033124;3;2;1;2;6;590;13/12/2012
2012033125;5;2;3;9;3;590;16/12/2012
2012033126;1;2;9;3;3;590;18/12/2012
2012033127;1;2;1;3;3;590;20/12/2012
2012033128;1;2;4;1;6;590;26/12/2012
2012033129;3;1;1;1;1;590;01/01/2012
2012033130;1;2;1;1;6;590;09/01/2012
2012033131;1;2;1;1;6;590;05/12/2012
2012033132;1;2;2;1;6;590;05/12/2012
2012033133;5;2;1;3;3;590;22/12/2012
2012033134;5;2;1;1;2;590;29/12/2012
2012033135;1;2;1;1;6;590;14/12/2012
2012033136;2;2;1;1;6;590;20/12/2012
2012033137;1;2;2;1;3;590;08/01/2012
2012033138;1;2;1;1;6;590;05/01/2012
2012033139;5;2;3;1;3;590;12/01/2012
2012033140;1;2;5;1;7;590;13/01/2012
2012033141;1;2;1;1;6;590;16/01/2012
2012033142;5;2;1;2;6;590;20/01/2012
2012033143;1;2;1;1;1;590;13/02/2012
2012033144;1;1;1;1;6;590;14/02/2012
2012033145;1;2;6;1;6;590;20/02/2012
2012033146;3;1;1;1;6;590;07/03/2012
2012033147;1;2;1;1;4;590;26/01/2012
2012033148;1;2;1;1;6;590;27/01/2012
2012033149;1;2;1;1;6;590;07/03/2012
2012033150;1;2;2;1;3;590;09/03/2012
2012033151;1;2;1;1;5;590;16/03/2012
2012033152;5;2;6;1;6;590;25/03/2012
2012033153;1;2;3;1;6;590;27/03/2012
2012033154;1;2;1;1;6;590;21/03/2012
2012033155;1;2;1;1;6;590;02/04/2012
2012033156;1;2;1;1;6;590;15/03/2012
2012033157;1;2;1;1;1;590;06/04/2012
2012033158;5;2;2;1;3;590;07/04/2012
2012033159;5;2;3;1;3;590;14/04/2012
2012033160;1;2;1;1;6;590;24/03/2012
2012033161;1;2;1;1;6;590;05/04/2012
2012033162;1;2;1;1;6;590;14/04/2012
2012033163;5;2;1;2;6;590;21/04/2012
2012033164;1;2;1;1;6;590;20/04/2012
2012033165;1;2;1;1;4;590;20/04/2012
2012033166;1;2;1;2;3;590;25/04/2012
2012033167;1;2;1;1;6;590;06/05/2012
2012033168;1;2;3;1;2;590;12/05/2012
2012033169;1;2;5;1;3;590;14/05/2012
2012033170;1;2;1;1;6;590;19/05/2012
2012033171;1;1;9;1;1;590;25/05/2012
2012033172;1;2;1;1;6;590;30/04/2012
2012033173;1;2;1;6;6;590;25/04/2012
2012033174;1;2;1;1;6;590;23/04/2012
2012033175;1;2;3;1;3;590;27/05/2012
2012033176;1;2;1;1;6;590;25/05/2012
2012033177;1;2;1;1;2;590;18/05/2012
2012033178;1;2;1;1;6;590;18/05/2012
2012033179;1;2;1;1;6;590;18/05/2012
2012033180;1;2;1;1;6;590;18/05/2012
2012033181;1;2;1;1;6;590;01/06/2012
2012033182;1;2;1;1;6;590;03/06/2012
2012033183;2;2;1;1;6;590;09/06/2012
2012033184;5;2;1;2;6;590;11/06/2012
2012033185;5;2;1;1;6;590;13/06/2012
2012033186;1;2;1;1;6;590;30/03/2012
2012033187;1;2;1;1;6;590;09/06/2012
2012033188;1;2;1;1;6;590;16/06/2012
2012033189;1;2;1;1;1;590;20/06/2012
2012033190;1;2;1;1;2;590;17/05/2012
2012033191;1;2;1;1;6;590;25/05/2012
2012033192;1;2;1;1;2;590;19/06/2012
2012033193;1;1;1;1;6;590;25/06/2012
2012033194;5;2;1;1;6;590;28/06/2012
2012033195;5;1;3;1;3;590;27/06/2012
2012033196;1;2;1;1;4;590;03/07/2012
2012033197;5;2;1;1;2;590;01/07/2012
2012033198;5;2;2;1;3;590;22/07/2012
2012033199;5;2;6;1;6;590;25/07/2012
2012033200;1;2;1;1;6;590;31/07/2012
2012033201;1;2;1;1;6;590;20/07/2012
2012033202;1;2;1;1;2;590;15/07/2012
2012033203;5;2;1;1;1;590;01/08/2012
2012033204;1;2;1;1;6;590;04/08/2012