num_acc;lum;agg;inter;atm;col;dep;date
2012033786;5;2;1;2;6;620;05/12/2012
2012033787;5;2;1;3;6;620;20/12/2012
2012033788;1;2;1;1;6;620;29/01/2012
2012033789;1;2;1;1;3;620;21/03/2012
2012033790;3;2;1;1;2;620;29/04/2012
2012033791;1;2;6;1;2;620;16/05/2012
2012033792;1;2;1;1;6;620;16/06/2012
2012033793;1;2;1;1;6;620;02/09/2012
2012033794;5;1;6;1;1;620;15/09/2012
2012033795;1;2;1;1;3;620;18/09/2012
2012033796;3;2;1;3;1;620;10/11/2012
2012033797;5;2;1;1;2;620;07/11/2012
2012033798;3;1;1;3;3;620;26/12/2012
2012033799;2;1;9;1;3;620;13/01/2012
2012033800;1;2;3;1;6;620;19/02/2012
2012033801;1;1;1;1;6;620;14/03/2012
2012033802;1;2;1;8;6;620;13/04/2012
2012033803;1;2;1;1;7;620;09/05/2012
2012033804;4;2;6;1;7;620;20/07/2012
2012033805;1;1;1;1;6;620;22/06/2012
2012033806;1;2;1;1;6;620;23/07/2012
2012033807;1;2;6;1;7;620;01/08/2012
2012033808;5;2;6;1;2;620;30/10/2012
2012033809;5;2;1;3;7;620;30/12/2012
2012033810;5;2;3;8;6;620;30/01/2012
2012033811;1;2;1;1;6;620;19/03/2012
2012033812;1;2;1;8;6;620;21/04/2012
2012033813;1;1;3;1;3;620;28/04/2012
2012033814;1;2;3;1;6;620;30/08/2012
2012033815;1;1;1;1;6;620;04/10/2012
2012033816;1;2;1;7;6;620;16/10/2012
2012033817;5;2;3;1;1;620;26/11/2012
2012033818;5;2;1;2;6;620;05/12/2012
2012033819;1;2;1;2;6;620;20/12/2012
2012033820;1;2;6;7;1;620;16/01/2012
2012033821;1;2;1;2;2;620;08/04/2012
2012033822;1;2;1;3;6;620;23/04/2012
2012033823;1;2;1;1;3;620;17/05/2012
2012033824;1;2;2;1;7;620;28/05/2012
2012033825;1;2;6;7;3;620;29/05/2012
2012033826;1;2;2;1;3;620;02/06/2012
2012033827;1;2;1;1;1;620;04/07/2012
2012033828;1;2;1;1;6;620;17/07/2012
2012033829;1;2;1;1;3;620;08/08/2012
2012033830;5;2;1;1;7;620;18/08/2012
2012033831;1;2;1;1;6;620;10/09/2012
2012033832;5;2;1;1;6;630;02/01/2012
2012033833;5;2;1;1;6;630;03/01/2012
2012033834;1;2;1;1;2;630;04/01/2012
2012033835;1;2;3;1;3;630;04/01/2012
2012033836;5;2;1;1;2;630;07/01/2012
2012033837;3;2;1;1;6;630;07/01/2012
2012033838;1;2;3;1;6;630;10/01/2012
2012033839;5;2;1;1;6;630;11/01/2012
2012033840;2;2;1;1;6;630;11/01/2012
2012033841;1;2;1;1;6;630;12/01/2012
2012033842;5;2;1;1;6;630;13/01/2012
2012033843;5;2;3;1;3;630;14/01/2012
2012033844;1;2;1;1;6;630;13/01/2012
2012033845;5;2;1;1;6;630;13/01/2012
2012033846;1;2;1;1;3;630;16/01/2012
2012033847;1;2;1;1;3;630;17/01/2012
2012033848;1;2;2;1;6;630;17/01/2012
2012033849;1;2;1;1;6;630;17/01/2012
2012033850;5;2;1;1;1;630;18/01/2012
2012033851;1;2;1;1;6;630;20/01/2012
2012033852;1;2;1;1;7;630;20/01/2012
2012033853;5;1;1;2;6;630;20/01/2012
2012033854;1;2;6;1;5;630;21/01/2012
2012033855;1;2;1;1;3;630;21/01/2012
2012033856;5;2;1;1;3;630;21/01/2012
2012033857;5;2;1;1;3;630;23/01/2012
2012033858;5;2;1;1;6;630;23/01/2012
2012033859;1;2;1;1;3;630;23/01/2012
2012033860;5;2;1;1;6;630;24/01/2012
2012033861;1;2;1;1;6;630;24/01/2012
2012033862;1;2;1;1;6;630;24/01/2012
2012033863;5;2;1;1;2;630;25/01/2012
2012033864;1;2;2;1;3;630;27/01/2012
2012033865;1;2;1;1;6;630;28/01/2012
2012033866;1;2;1;1;6;630;28/01/2012
2012033867;3;1;1;1;6;630;30/01/2012
2012033868;1;2;1;1;2;630;30/01/2012
2012033869;2;2;1;1;6;630;31/01/2012
2012033870;1;2;1;8;4;630;01/02/2012
2012033871;1;2;1;1;3;630;02/02/2012
2012033872;1;2;1;1;6;630;02/02/2012
2012033873;1;2;1;1;6;630;03/02/2012
2012033874;5;2;1;1;6;630;04/02/2012
2012033875;5;2;1;8;6;630;04/02/2012
2012033876;1;2;1;1;6;630;04/02/2012
2012033877;1;2;1;1;6;630;05/02/2012
2012033878;1;2;1;8;6;630;06/02/2012
2012033879;1;2;3;1;6;630;06/02/2012
2012033880;1;2;1;4;1;630;06/02/2012
2012033881;3;1;1;1;5;630;07/02/2012
2012033882;5;2;1;1;2;630;08/02/2012
2012033883;1;2;1;1;6;630;08/02/2012
2012033884;1;2;1;1;6;630;08/02/2012
2012033885;4;2;6;1;3;630;08/02/2012
2012033886;5;2;1;1;6;630;09/02/2012
2012033887;1;2;1;1;6;630;09/02/2012
2012033888;1;2;1;1;6;630;10/02/2012
2012033889;5;2;1;1;6;630;11/02/2012
2012033890;1;2;1;1;6;630;12/02/2012
2012033891;1;2;1;1;6;630;12/02/2012
2012033892;5;2;2;2;3;630;14/02/2012
2012033893;1;2;4;1;6;630;17/02/2012
2012033894;2;1;1;1;6;630;17/02/2012
2012033895;5;2;1;1;6;630;18/02/2012
2012033896;1;2;1;1;6;630;18/02/2012
2012033897;1;2;1;1;3;630;18/02/2012
2012033898;1;2;3;1;1;630;16/02/2012
2012033899;1;2;1;1;5;630;18/02/2012
2012033900;1;2;1;1;3;630;20/02/2012
2012033901;1;2;1;1;3;630;21/02/2012
2012033902;5;2;1;1;7;630;22/02/2012
2012033903;1;2;1;1;6;630;27/02/2012
2012033904;1;2;1;1;3;630;27/02/2012
2012033905;1;2;1;1;6;630;27/02/2012
2012033906;1;1;2;1;6;630;28/02/2012
2012033907;1;2;1;1;6;630;02/03/2012
2012033908;1;2;6;1;6;630;02/03/2012
2012033909;1;2;1;1;3;630;02/03/2012
2012033910;1;1;1;1;3;630;02/03/2012
2012033911;1;2;1;1;6;630;03/03/2012
2012033912;1;2;1;1;6;630;03/03/2012
2012033913;5;2;1;1;6;630;03/03/2012
2012033914;5;2;9;1;6;630;03/03/2012
2012033915;5;2;1;1;6;630;04/03/2012
2012033916;1;2;1;1;6;630;05/03/2012
2012033917;1;2;1;1;6;630;07/03/2012
2012033918;1;2;1;1;3;630;08/03/2012
2012033919;1;2;1;1;6;630;09/03/2012
2012033920;1;2;1;1;6;630;10/03/2012
2012033921;1;2;1;1;6;630;10/03/2012
2012033922;1;2;1;1;6;630;10/03/2012
2012033923;1;2;1;1;6;630;12/03/2012
2012033924;1;2;1;1;2;630;14/03/2012
2012033925;1;2;1;1;6;630;14/03/2012
2012033926;1;2;1;1;6;630;15/03/2012
2012033927;1;2;1;1;6;630;15/03/2012
2012033928;1;2;1;1;6;630;15/03/2012
2012033929;1;2;3;1;3;630;17/03/2012
2012033930;1;2;1;1;6;630;19/03/2012
2012033931;1;2;1;1;6;630;20/03/2012
2012033932;1;2;1;2;6;630;20/03/2012
2012033933;1;2;1;8;3;630;20/03/2012
2012033934;1;2;1;2;6;630;20/03/2012
2012033935;1;2;1;1;6;630;20/03/2012
2012033936;2;2;1;1;3;630;20/03/2012
2012033937;5;2;1;1;6;630;21/03/2012
2012033938;1;2;1;1;6;630;22/03/2012
2012033939;1;2;1;1;6;630;22/03/2012
2012033940;1;2;1;1;6;630;22/03/2012
2012033941;1;2;1;1;6;630;22/03/2012
2012033942;1;2;1;1;2;630;23/03/2012
2012033943;2;2;1;1;6;630;23/03/2012
2012033944;1;2;1;1;6;630;24/03/2012
2012033945;1;2;1;1;4;630;24/03/2012
2012033946;1;2;9;1;6;630;27/03/2012
2012033947;1;2;1;2;3;630;28/03/2012
2012033948;1;2;9;1;3;630;29/03/2012
2012033949;1;2;1;1;6;630;30/03/2012
2012033950;1;2;1;1;7;630;31/03/2012
2012033951;1;1;1;1;7;630;31/03/2012
2012033952;1;2;1;2;7;630;02/04/2012
2012033953;1;2;1;1;6;630;03/04/2012
2012033954;1;2;1;1;6;630;03/04/2012
2012033955;5;1;1;8;3;630;03/04/2012
2012033956;5;2;2;1;3;630;04/04/2012
2012033957;1;2;1;1;6;630;05/04/2012
2012033958;1;2;1;1;6;630;04/04/2012
2012033959;1;2;1;1;3;630;06/04/2012
2012033960;1;2;1;1;6;630;06/04/2012
2012033961;1;2;1;1;3;630;06/04/2012
2012033962;1;2;2;2;3;630;06/04/2012
2012033963;1;2;1;2;6;630;10/04/2012
2012033964;1;2;2;1;3;630;10/04/2012
2012033965;1;2;2;8;5;630;10/04/2012
2012033966;1;2;1;1;7;630;11/04/2012
2012033967;1;2;1;1;6;630;14/04/2012
2012033968;1;2;1;1;6;630;19/04/2012
2012033969;1;2;2;1;3;630;19/04/2012
2012033970;1;2;1;1;6;630;18/04/2012
2012033971;1;2;1;1;6;630;19/04/2012
2012033972;1;2;1;1;6;630;21/04/2012
2012033973;1;2;1;1;6;630;24/04/2012
2012033974;5;2;1;1;6;630;23/04/2012
2012033975;1;2;1;1;3;630;24/04/2012
2012033976;1;2;1;1;6;630;25/04/2012
2012033977;1;2;1;1;6;630;25/04/2012
2012033978;1;2;1;1;6;630;29/04/2012
2012033979;1;2;1;1;6;630;30/04/2012
2012033980;1;2;1;1;2;630;30/04/2012
2012033981;1;2;1;1;3;630;01/05/2012
2012033982;1;2;1;1;6;630;01/05/2012
2012033983;1;2;2;1;6;630;01/05/2012
2012033984;1;2;3;1;6;630;02/05/2012
2012033985;1;2;3;1;3;630;02/05/2012
2012033986;1;2;1;1;5;630;03/05/2012
2012033987;5;1;1;1;6;630;06/05/2012
2012033988;1;2;1;1;6;630;04/05/2012
2012033989;1;2;1;1;6;630;04/05/2012
2012033990;1;2;3;1;3;630;09/05/2012
2012033991;5;2;6;9;6;630;12/05/2012
2012033992;1;2;1;1;3;630;12/05/2012
2012033993;1;2;1;1;4;630;14/05/2012
2012033994;5;2;1;1;7;630;14/05/2012
2012033995;2;2;1;1;6;630;15/05/2012
2012033996;1;2;1;1;3;630;15/05/2012
2012033997;1;2;1;1;6;630;17/05/2012
2012033998;5;2;2;2;3;630;18/05/2012
2012033999;1;2;1;1;6;630;21/05/2012
2012034000;1;2;1;1;6;630;21/05/2012
2012034001;1;2;1;8;6;630;21/05/2012
2012034002;1;2;1;1;2;630;21/05/2012
2012034003;1;2;6;2;3;630;21/05/2012
2012034004;1;2;1;1;6;630;21/05/2012
2012034005;1;2;1;2;6;630;21/05/2012
2012034006;1;2;1;1;6;630;22/05/2012
2012034007;1;2;1;8;6;630;22/05/2012
2012034008;1;2;1;2;6;630;22/05/2012
2012034009;1;2;2;2;3;630;22/05/2012
2012034010;1;2;1;1;6;630;23/05/2012
2012034011;1;2;9;1;6;630;23/05/2012
2012034012;1;2;1;1;6;630;24/05/2012
2012034013;1;2;1;1;2;630;24/05/2012
2012034014;1;2;1;1;2;630;24/05/2012
2012034015;1;2;2;1;3;630;26/05/2012
2012034016;1;2;1;1;6;630;27/05/2012
2012034017;1;2;1;1;6;630;29/05/2012
2012034018;1;2;1;1;2;630;29/05/2012
2012034019;1;2;1;1;2;630;31/05/2012
2012034020;1;2;1;1;2;630;01/06/2012
2012034021;1;2;1;1;6;630;01/06/2012
2012034022;1;2;1;1;6;630;01/06/2012
2012034023;1;2;1;1;4;630;02/06/2012
2012034024;1;2;1;1;6;630;04/06/2012
2012034025;5;2;3;1;3;630;05/06/2012
2012034026;1;2;1;1;2;630;05/06/2012
2012034027;1;2;1;1;6;630;06/06/2012
2012034028;1;2;1;1;6;630;06/06/2012
2012034029;1;2;1;1;6;630;07/06/2012
2012034030;1;2;1;1;6;630;06/06/2012
2012034031;1;2;2;1;3;630;08/06/2012
2012034032;1;2;1;1;6;630;08/06/2012
2012034033;1;2;1;2;6;630;11/06/2012
2012034034;1;2;1;1;6;630;10/06/2012
2012034035;1;1;1;1;6;630;11/06/2012
2012034036;1;2;3;1;6;630;12/06/2012
2012034037;1;2;1;1;1;630;12/06/2012
2012034038;1;2;1;1;2;630;14/06/2012
2012034039;5;2;1;1;6;630;14/06/2012
2012034040;5;2;1;1;6;630;16/06/2012
2012034041;2;2;1;1;1;630;15/06/2012
2012034042;1;2;2;1;3;630;16/06/2012
2012034043;1;2;1;1;6;630;17/06/2012
2012034044;1;2;1;1;6;630;18/06/2012
2012034045;1;1;1;1;2;630;19/06/2012
2012034046;1;2;2;1;6;630;19/06/2012
2012034047;1;2;1;1;3;630;19/06/2012
2012034048;1;2;1;1;6;630;21/06/2012
2012034049;1;2;2;1;3;630;21/06/2012
2012034050;1;2;2;1;3;630;23/06/2012
2012034051;1;2;1;1;6;630;23/06/2012
2012034052;1;2;1;1;3;630;26/06/2012
2012034053;1;2;2;1;6;630;28/06/2012
2012034054;1;2;1;1;6;630;29/06/2012
2012034055;1;2;1;1;6;630;29/06/2012
2012034056;1;2;1;1;6;;30/06/2012
2012034057;1;2;1;1;6;630;03/07/2012
2012034058;1;2;1;1;6;630;03/07/2012
2012034059;1;2;1;1;6;630;03/07/2012
2012034060;1;2;1;1;6;630;03/07/2012
2012034061;1;2;1;1;6;;04/07/2012
2012034062;1;2;1;1;6;630;04/07/2012
2012034063;1;2;1;3;6;630;05/07/2012
2012034064;1;2;1;2;6;630;05/07/2012
2012034065;1;2;1;1;6;630;05/07/2012
2012034066;1;2;1;2;6;630;05/07/2012
2012034067;1;2;1;1;2;630;09/07/2012
2012034068;1;2;1;1;6;630;09/07/2012
2012034069;1;2;1;1;6;630;11/07/2012
2012034070;1;2;6;1;2;630;12/07/2012
2012034071;1;2;6;1;6;630;12/07/2012
2012034072;1;2;1;1;6;630;13/07/2012
2012034073;1;2;1;1;6;630;13/07/2012
2012034074;1;2;1;1;6;630;15/07/2012
2012034075;1;2;1;1;6;630;15/07/2012
2012034076;1;2;1;1;3;630;15/07/2012
2012034077;1;2;1;1;6;630;16/07/2012
2012034078;1;2;1;1;6;630;17/07/2012
2012034079;1;2;1;1;7;630;18/07/2012
2012034080;1;2;1;1;6;630;18/07/2012
2012034081;1;2;1;1;6;630;19/07/2012
2012034082;1;2;2;1;3;630;20/07/2012
2012034083;1;2;1;1;3;630;21/07/2012
2012034084;5;2;1;1;6;630;22/07/2012
2012034085;5;2;1;1;6;630;23/07/2012
2012034086;1;1;1;1;7;630;23/07/2012
2012034087;1;2;1;1;6;630;24/07/2012
2012034088;1;2;1;1;2;630;24/07/2012
2012034089;1;2;1;1;6;630;26/07/2012
2012034090;1;2;6;1;6;630;26/07/2012
2012034091;1;2;6;1;3;630;26/07/2012
2012034092;1;2;2;1;3;630;28/07/2012
2012034093;1;2;1;1;3;630;29/07/2012
2012034094;1;2;2;1;6;630;30/07/2012
2012034095;1;2;1;1;6;630;31/07/2012
2012034096;1;2;1;7;7;630;06/08/2012
2012034097;1;2;1;1;2;630;08/08/2012
2012034098;5;2;1;1;2;630;08/08/2012
2012034099;1;2;1;1;3;630;09/08/2012
2012034100;1;2;1;1;4;630;09/08/2012
2012034101;1;2;1;1;2;630;09/08/2012
2012034102;1;2;1;1;6;630;09/08/2012
2012034103;1;2;2;1;3;630;10/08/2012
2012034104;1;2;1;1;4;630;10/08/2012
2012034105;1;2;1;1;3;630;11/08/2012
2012034106;1;2;1;1;3;630;11/08/2012
2012034107;1;2;6;1;2;630;13/08/2012
2012034108;1;2;1;1;6;630;14/08/2012
2012034109;1;2;1;1;3;630;14/08/2012
2012034110;1;2;1;1;6;630;14/08/2012
2012034111;1;2;1;1;3;630;14/08/2012
2012034112;1;2;1;1;6;630;15/08/2012
2012034113;1;2;1;1;2;630;16/08/2012
2012034114;1;2;1;1;6;630;18/08/2012
2012034115;1;2;3;1;3;630;19/08/2012
2012034116;1;2;9;1;3;630;20/08/2012
2012034117;1;2;1;1;6;630;20/08/2012
2012034118;1;2;1;1;6;630;22/08/2012
2012034119;1;2;1;1;2;630;22/08/2012
2012034120;5;2;6;1;6;630;23/08/2012
2012034121;1;2;1;1;6;630;24/08/2012
2012034122;1;2;1;1;6;630;27/08/2012
2012034123;1;2;1;2;2;630;28/08/2012
2012034124;1;2;1;2;7;630;28/08/2012
2012034125;1;2;1;1;6;630;30/08/2012
2012034126;1;2;2;1;3;630;30/08/2012
2012034127;1;2;1;1;2;630;31/08/2012
2012034128;1;2;1;1;6;630;03/09/2012
2012034129;1;2;1;1;1;630;03/09/2012
2012034130;1;2;1;1;6;630;04/09/2012
2012034131;1;2;1;1;6;630;05/09/2012
2012034132;1;2;1;1;1;630;05/09/2012
2012034133;1;2;1;1;6;630;06/09/2012
2012034134;1;1;1;1;6;630;06/09/2012
2012034135;1;2;1;1;3;630;07/09/2012
2012034136;1;2;1;1;6;630;07/09/2012
2012034137;1;2;1;1;6;630;11/09/2012
2012034138;1;2;1;8;6;630;12/09/2012
2012034139;1;2;1;1;3;630;12/09/2012
2012034140;1;2;1;1;6;630;13/09/2012
2012034141;1;2;1;1;6;630;13/09/2012
2012034142;5;2;1;1;1;630;13/09/2012
2012034143;5;2;1;1;2;630;14/09/2012
2012034144;1;2;1;1;6;630;16/09/2012
2012034145;1;2;1;1;6;630;16/09/2012
2012034146;5;2;1;9;3;630;18/09/2012
2012034147;1;2;1;1;2;630;19/09/2012
2012034148;4;2;1;2;6;630;20/09/2012
2012034149;1;2;1;1;6;630;19/09/2012
2012034150;5;2;2;1;3;630;20/09/2012
2012034151;1;2;1;1;3;630;20/09/2012
2012034152;1;2;1;1;4;630;20/09/2012
2012034153;1;2;1;1;6;630;20/09/2012
2012034154;1;2;1;1;1;630;20/09/2012
2012034155;5;2;1;1;6;630;21/09/2012
2012034156;1;2;2;1;1;630;21/09/2012
2012034157;1;2;1;1;6;630;24/09/2012
2012034158;1;2;3;8;5;630;24/09/2012
2012034159;1;2;1;1;6;630;24/09/2012
2012034160;1;2;1;2;2;630;24/09/2012
2012034161;1;2;1;1;4;630;24/09/2012
2012034162;1;2;1;1;6;630;24/09/2012
2012034163;1;2;1;1;7;630;25/09/2012
2012034164;1;2;2;1;3;630;25/09/2012
2012034165;1;2;1;1;3;630;25/09/2012
2012034166;1;2;1;1;6;630;25/09/2012
2012034167;1;2;1;1;6;630;25/09/2012
2012034168;1;2;1;1;3;630;26/09/2012
2012034169;1;2;1;1;2;630;28/09/2012
2012034170;1;2;1;2;2;630;28/09/2012
2012034171;1;2;1;1;6;630;28/09/2012
2012034172;1;2;1;1;6;630;29/09/2012
2012034173;1;2;1;8;2;630;29/09/2012
2012034174;1;2;1;1;4;630;29/09/2012
2012034175;2;2;1;1;6;630;29/09/2012
2012034176;1;2;1;2;2;630;29/09/2012
2012034177;1;2;1;1;6;630;01/10/2012
2012034178;5;2;1;1;1;630;03/10/2012
2012034179;2;2;3;1;3;630;02/10/2012
2012034180;4;2;1;1;2;630;03/10/2012
2012034181;1;2;1;1;6;630;03/10/2012
2012034182;1;2;1;1;6;630;04/10/2012
2012034183;1;2;2;1;3;630;04/10/2012
2012034184;1;2;2;1;3;630;05/10/2012
2012034185;1;2;1;1;6;630;05/10/2012
2012034186;1;2;1;1;2;630;05/10/2012
2012034187;1;2;1;1;6;630;05/10/2012
2012034188;1;2;1;1;6;630;07/10/2012
2012034189;2;2;1;9;7;630;08/10/2012
2012034190;1;1;1;1;6;630;08/10/2012
2012034191;1;2;1;1;3;630;08/10/2012
2012034192;5;2;1;1;6;630;08/10/2012
2012034193;1;2;1;1;6;630;09/10/2012
2012034194;2;2;1;2;6;630;10/10/2012
2012034195;1;2;1;1;2;630;10/10/2012
2012034196;1;2;1;1;3;630;11/10/2012
2012034197;1;2;1;1;6;630;11/10/2012
2012034198;1;2;1;1;6;630;12/10/2012
2012034199;1;2;1;1;6;630;12/10/2012
2012034200;1;2;1;1;4;630;12/10/2012
2012034201;1;2;1;1;6;630;12/10/2012
2012034202;1;2;1;1;2;630;13/10/2012
2012034203;1;2;1;1;3;630;15/10/2012
2012034204;1;2;1;1;7;630;16/10/2012
2012034205;1;1;1;1;6;630;17/10/2012
2012034206;1;2;1;1;3;630;19/10/2012
2012034207;1;2;1;1;6;630;19/10/2012
2012034208;1;2;1;1;1;630;19/10/2012
2012034209;1;2;1;1;3;630;19/10/2012
2012034210;1;2;1;1;6;630;20/10/2012
2012034211;1;2;1;1;2;630;20/10/2012
2012034212;1;2;1;1;6;630;22/10/2012
2012034213;1;2;1;1;3;630;22/10/2012
2012034214;1;2;1;1;3;630;23/10/2012
2012034215;1;2;1;1;6;630;25/10/2012
2012034216;1;2;1;1;6;630;26/10/2012
2012034217;1;2;1;2;4;630;26/10/2012
2012034218;1;2;1;1;1;630;26/10/2012
2012034219;1;2;1;1;3;630;27/10/2012
2012034220;1;2;1;1;3;630;31/10/2012
2012034221;5;2;1;8;7;630;01/11/2012
2012034222;5;2;1;1;2;630;01/11/2012
2012034223;5;2;2;1;3;630;01/11/2012
2012034224;5;2;1;1;2;630;02/11/2012
2012034225;1;2;1;1;3;630;02/11/2012
2012034226;1;2;3;1;3;630;02/11/2012
2012034227;1;2;1;2;6;630;04/11/2012
2012034228;1;2;1;1;2;630;05/11/2012
2012034229;4;2;1;1;6;630;05/11/2012
2012034230;1;2;1;2;6;630;06/11/2012
2012034231;1;2;1;1;3;630;07/11/2012
2012034232;1;2;1;1;3;630;07/11/2012
2012034233;1;2;1;1;6;630;07/11/2012
2012034234;5;2;1;1;6;630;07/11/2012
2012034235;1;2;1;1;6;630;08/11/2012
2012034236;1;2;1;1;6;630;08/11/2012
2012034237;5;2;1;1;3;630;08/11/2012
2012034238;1;2;2;1;3;630;09/11/2012
2012034239;1;2;1;1;6;630;09/11/2012
2012034240;1;2;1;1;6;630;10/11/2012
2012034241;5;2;1;1;6;630;10/11/2012
2012034242;1;2;1;1;6;630;12/11/2012
2012034243;1;2;1;1;6;630;12/11/2012
2012034244;1;2;1;1;6;630;13/11/2012
2012034245;1;2;1;1;6;630;13/11/2012
2012034246;1;2;1;1;3;630;13/11/2012
2012034247;5;2;6;1;3;630;13/11/2012
2012034248;1;2;1;1;6;630;14/11/2012
2012034249;3;2;1;1;6;630;16/11/2012
2012034250;5;2;1;1;3;630;16/11/2012
2012034251;5;2;3;1;3;630;18/11/2012
2012034252;5;2;1;1;6;630;18/11/2012
2012034253;1;2;1;1;2;630;19/11/2012
2012034254;1;2;6;1;3;630;20/11/2012
2012034255;1;2;1;1;6;630;20/11/2012
2012034256;1;2;1;1;6;630;21/11/2012
2012034257;1;1;6;8;2;630;21/11/2012
2012034258;1;2;1;1;3;630;22/11/2012
2012034259;1;2;1;1;3;630;22/11/2012
2012034260;1;2;1;1;6;630;23/11/2012
2012034261;1;2;1;1;6;630;23/11/2012
2012034262;1;2;1;1;6;630;24/11/2012
2012034263;5;2;1;1;7;630;24/11/2012
2012034264;1;2;1;1;6;630;27/11/2012
2012034265;5;2;1;1;6;630;28/11/2012
2012034266;5;2;1;1;3;630;29/11/2012
2012034267;1;2;1;1;6;630;29/11/2012
2012034268;1;2;1;1;3;630;29/11/2012
2012034269;1;1;1;1;6;630;01/12/2012
2012034270;1;2;1;8;6;630;02/12/2012
2012034271;1;2;1;1;5;630;02/12/2012
2012034272;1;2;1;1;2;630;03/12/2012
2012034273;1;2;1;1;3;630;03/12/2012
2012034274;5;2;1;1;6;630;04/12/2012
2012034275;5;2;1;8;2;630;04/12/2012
2012034276;1;2;1;1;2;630;04/12/2012
2012034277;1;2;1;1;6;630;04/12/2012
2012034278;5;2;1;2;6;630;04/12/2012
2012034279;5;2;1;1;6;630;05/12/2012
2012034280;1;2;1;8;3;630;07/12/2012
2012034281;5;2;1;1;6;630;07/12/2012
2012034282;1;2;1;1;4;630;10/12/2012
2012034283;1;2;1;1;6;630;10/12/2012
2012034284;5;2;1;1;6;630;11/12/2012
2012034285;1;2;1;1;6;630;11/12/2012
2012034286;1;2;1;1;1;630;11/12/2012
2012034287;5;2;1;1;6;630;12/12/2012
2012034288;3;1;1;1;6;630;13/12/2012
2012034289;1;2;1;1;1;630;13/12/2012
2012034290;1;2;1;1;6;630;13/12/2012
2012034291;1;2;1;1;2;630;14/12/2012
2012034292;1;2;1;1;3;630;14/12/2012
2012034293;1;2;1;1;6;630;15/12/2012
2012034294;5;2;1;1;6;630;15/12/2012
2012034295;5;2;1;1;1;630;15/12/2012
2012034296;5;2;1;1;6;630;14/12/2012
2012034297;2;2;1;1;6;630;17/12/2012
2012034298;1;2;1;1;3;630;18/12/2012
2012034299;1;2;1;1;1;630;19/12/2012
2012034300;1;2;1;1;6;630;19/12/2012
2012034301;5;2;1;1;6;630;19/12/2012
2012034302;3;2;1;1;1;630;19/12/2012
2012034303;1;2;3;1;3;630;20/12/2012
2012034304;5;2;1;1;6;630;20/12/2012
2012034305;5;2;1;1;3;630;20/12/2012
2012034306;1;2;1;8;6;630;21/12/2012
2012034307;2;2;1;1;2;630;21/12/2012
2012034308;5;2;1;8;3;630;21/12/2012
2012034309;1;2;1;1;5;630;23/12/2012
2012034310;1;2;6;1;3;630;23/12/2012
2012034311;5;2;1;1;3;630;26/12/2012
2012034312;1;2;3;1;3;630;27/12/2012
2012034313;5;2;1;1;6;630;29/12/2012
2012034314;5;2;2;1;6;630;30/12/2012
2012034315;5;2;1;1;3;630;01/01/2012
2012034316;5;2;1;1;6;630;01/01/2012
2012034317;5;2;1;1;6;630;17/08/2012
2012034318;5;2;6;8;6;630;07/01/2012
2012034319;5;2;1;1;6;630;07/01/2012
2012034320;1;2;4;1;1;630;04/04/2012
2012034321;1;2;1;1;6;630;30/04/2012
2012034322;1;2;4;1;6;630;09/05/2012
2012034323;1;1;1;1;2;630;09/05/2012
2012034324;1;1;1;1;2;630;11/05/2012
2012034325;1;2;1;1;6;630;08/06/2012
2012034326;1;2;1;8;1;630;11/06/2012
2012034327;1;2;2;1;6;630;21/07/2012
2012034328;1;2;6;1;3;630;04/08/2012
2012034329;1;2;2;1;3;630;06/08/2012
2012034330;1;2;2;1;3;630;18/08/2012
2012034331;1;2;2;1;3;630;17/09/2012
2012034332;1;2;1;1;4;630;21/09/2012
2012034333;1;1;1;1;6;630;14/10/2012
2012034334;1;2;1;1;3;630;17/10/2012
2012034335;3;1;1;5;6;630;26/10/2012
2012034336;1;2;1;1;4;630;26/10/2012
2012034337;1;2;1;8;1;630;11/01/2012
2012034338;4;2;1;1;6;630;26/01/2012
2012034339;2;2;1;1;2;630;01/03/2012
2012034340;1;2;3;1;3;630;14/03/2012
2012034341;1;1;6;1;2;630;21/03/2012
2012034342;1;2;6;1;3;630;26/03/2012
2012034343;1;2;1;2;6;630;26/04/2012
2012034344;1;2;3;1;3;630;09/07/2012
2012034345;1;2;1;1;6;630;24/09/2012
2012034346;1;2;2;1;2;630;04/10/2012
2012034347;1;2;1;1;6;630;20/10/2012
2012034348;2;2;1;1;6;630;16/10/2012
2012034349;1;2;1;8;6;630;15/02/2012
2012034350;1;2;1;7;6;630;21/02/2012
2012034351;1;1;2;1;3;630;01/03/2012
2012034352;2;1;1;8;1;630;21/03/2012
2012034353;3;1;1;1;1;630;26/03/2012
2012034354;1;2;9;1;6;630;27/06/2012
2012034355;1;1;1;1;1;630;16/07/2012
2012034356;1;1;1;1;7;630;17/08/2012
2012034357;5;2;1;1;6;630;10/09/2012
2012034358;1;2;1;1;6;630;14/09/2012
2012034359;2;2;3;1;1;630;16/09/2012
2012034360;1;2;3;1;6;630;18/09/2012
2012034361;1;2;1;1;6;630;19/09/2012
2012034362;1;1;1;1;6;630;04/10/2012
2012034363;5;2;1;1;1;630;01/12/2012
2012034364;1;2;3;2;3;630;04/12/2012
2012034365;3;1;1;1;6;630;07/12/2012
2012034366;1;2;1;1;6;630;29/12/2012