num_acc;lum;agg;inter;atm;col;dep;date
2012034948;1;2;1;1;3;640;24/08/2012
2012034949;1;1;1;8;7;640;25/08/2012
2012034950;1;2;1;1;5;640;27/08/2012
2012034951;3;1;1;1;1;640;29/08/2012
2012034952;1;1;1;8;6;640;13/09/2012
2012034953;1;1;1;1;3;640;22/09/2012
2012034954;1;1;1;1;1;640;29/09/2012
2012034955;1;2;1;1;6;640;29/09/2012
2012034956;1;2;3;1;3;640;01/10/2012
2012034957;1;1;1;1;1;640;05/10/2012
2012034958;1;2;1;8;2;640;11/10/2012
2012034959;5;1;9;1;4;640;13/10/2012
2012034960;1;2;1;1;2;640;18/10/2012
2012034961;5;2;9;1;2;640;07/11/2012
2012034962;1;2;1;1;3;640;13/11/2012
2012034963;3;1;1;1;1;640;19/11/2012
2012034964;5;1;1;2;2;640;29/11/2012
2012034965;1;2;1;1;4;640;06/12/2012
2012034966;2;1;1;1;1;640;11/12/2012
2012034967;1;2;1;1;2;640;13/12/2012
2012034968;2;2;3;1;3;640;18/12/2012
2012034969;5;2;1;3;6;640;17/12/2012
2012034970;1;2;1;1;2;640;23/12/2012
2012034971;3;1;1;1;6;640;11/02/2012
2012034972;1;2;1;1;3;640;11/02/2012
2012034973;1;2;6;1;3;640;11/01/2012
2012034974;2;2;3;8;3;640;25/02/2012
2012034975;5;2;1;1;7;640;01/03/2012
2012034976;1;1;1;1;1;640;22/03/2012
2012034977;1;2;1;1;3;640;28/03/2012
2012034978;1;1;1;1;2;640;30/03/2012
2012034979;1;2;3;8;3;640;03/04/2012
2012034980;1;1;3;1;3;640;04/04/2012
2012034981;1;1;1;1;5;640;16/04/2012
2012034982;1;2;1;2;6;640;13/04/2012
2012034983;5;2;1;1;7;640;25/05/2012
2012034984;5;1;1;1;6;640;07/06/2012
2012034985;1;2;1;1;1;640;14/06/2012
2012034986;1;2;1;1;6;640;22/06/2012
2012034987;3;1;1;1;7;640;23/06/2012
2012034988;1;2;1;8;6;640;01/07/2012
2012034989;1;1;1;1;3;640;02/07/2012
2012034990;1;2;3;1;3;640;10/07/2012
2012034991;1;1;1;1;7;640;10/07/2012
2012034992;3;1;1;1;1;640;13/07/2012
2012034993;3;1;1;1;7;640;19/07/2012
2012034994;1;2;1;1;3;640;18/07/2012
2012034995;5;1;1;1;3;640;22/07/2012
2012034996;1;1;1;1;3;640;26/07/2012
2012034997;1;1;1;1;3;640;30/07/2012
2012034998;1;2;1;1;3;640;03/08/2012
2012034999;2;1;1;1;2;640;08/08/2012
2012035000;1;2;1;1;3;640;09/08/2012
2012035001;5;2;1;2;3;640;15/08/2012
2012035002;5;1;1;1;1;640;17/08/2012
2012035003;1;1;1;1;5;640;05/09/2012
2012035004;5;2;1;1;6;640;08/09/2012
2012035005;1;1;1;1;7;640;10/09/2012
2012035006;5;2;1;1;7;640;11/09/2012
2012035007;1;1;1;8;1;640;18/09/2012
2012035008;1;2;2;1;1;640;18/09/2012
2012035009;1;2;1;1;6;640;16/09/2012
2012035010;1;2;1;1;3;640;06/10/2012
2012035011;5;2;1;3;3;640;26/10/2012
2012035012;5;2;1;1;6;640;05/11/2012
2012035013;1;1;1;1;1;640;04/11/2012
2012035014;1;2;1;1;2;640;11/11/2012
2012035015;1;2;1;1;6;640;30/11/2012
2012035016;3;1;1;8;3;640;17/12/2012
2012035017;5;2;1;1;3;640;27/12/2012
2012035018;1;2;1;1;3;640;28/12/2012
2012035019;1;1;1;1;5;650;23/02/2012
2012035020;5;2;1;1;1;650;01/04/2012
2012035021;1;2;3;8;3;650;04/07/2012
2012035022;1;2;1;1;6;650;16/07/2012
2012035023;1;2;2;1;3;650;10/09/2012
2012035024;1;2;3;2;3;650;26/09/2012
2012035025;1;2;3;2;6;650;12/10/2012
2012035026;1;2;7;1;6;650;15/10/2012
2012035027;1;2;3;1;3;650;23/10/2012
2012035028;1;2;3;2;3;650;23/10/2012
2012035029;1;2;4;3;3;650;26/10/2012
2012035030;3;1;1;2;5;650;18/11/2012
2012035031;5;2;4;1;3;650;22/12/2012
2012035032;3;1;1;1;2;650;01/01/2012
2012035033;1;2;1;1;2;650;03/01/2012
2012035034;1;2;1;1;6;650;04/01/2012
2012035035;1;2;6;1;3;650;04/01/2012
2012035036;1;2;2;1;1;650;04/01/2012
2012035037;2;2;1;1;1;650;13/01/2012
2012035038;5;2;1;1;6;650;16/01/2012
2012035039;1;2;6;1;3;650;17/01/2012
2012035040;1;2;1;1;3;650;20/01/2012
2012035041;5;2;1;1;6;650;20/01/2012
2012035042;5;2;6;1;3;650;28/01/2012
2012035043;1;1;1;1;6;650;11/02/2012
2012035044;1;2;1;2;1;650;04/03/2012
2012035045;1;2;1;1;6;650;10/03/2012
2012035046;1;2;1;1;3;650;14/03/2012
2012035047;1;2;1;1;6;650;14/03/2012
2012035048;5;2;2;3;1;650;22/03/2012
2012035049;5;2;3;1;3;650;25/03/2012
2012035050;5;2;1;2;1;650;15/04/2012
2012035051;1;2;1;1;6;650;25/04/2012
2012035052;5;2;1;1;6;650;27/04/2012
2012035053;5;2;2;3;3;650;28/04/2012
2012035054;1;1;1;1;2;650;09/05/2012
2012035055;1;2;2;2;3;650;22/05/2012
2012035056;1;1;1;1;6;650;29/05/2012
2012035057;1;2;1;1;6;650;03/06/2012
2012035058;1;2;3;1;6;650;07/06/2012
2012035059;1;2;2;1;3;650;07/06/2012
2012035060;1;2;1;3;7;650;12/06/2012
2012035061;1;2;2;1;6;650;15/06/2012
2012035062;1;1;1;1;6;650;20/06/2012
2012035063;1;1;1;1;1;650;22/06/2012
2012035064;5;2;1;1;6;650;24/06/2012
2012035065;1;1;2;1;3;650;25/06/2012
2012035066;1;2;3;1;3;650;26/06/2012
2012035067;1;2;1;1;4;650;29/06/2012
2012035068;1;2;1;1;2;650;30/06/2012
2012035069;1;2;3;1;3;650;02/07/2012
2012035070;1;1;1;1;2;650;03/07/2012
2012035071;5;2;3;2;3;650;11/07/2012
2012035072;1;2;2;1;3;650;25/07/2012
2012035073;1;2;1;1;6;650;25/07/2012
2012035074;1;2;3;1;3;650;26/07/2012
2012035075;1;2;6;1;3;650;29/07/2012
2012035076;1;2;1;1;2;650;31/07/2012
2012035077;1;2;2;1;3;650;01/08/2012
2012035078;1;2;1;8;4;650;03/08/2012
2012035079;1;2;1;1;6;650;06/08/2012
2012035080;1;2;1;1;3;650;07/08/2012
2012035081;1;2;6;1;3;650;08/08/2012
2012035082;5;1;1;1;6;650;10/08/2012
2012035083;1;2;2;1;3;650;14/08/2012
2012035084;1;2;1;1;6;650;24/08/2012
2012035085;1;2;2;1;6;650;27/08/2012
2012035086;2;2;2;1;3;650;30/08/2012
2012035087;1;1;1;1;5;650;31/08/2012
2012035088;1;1;2;1;5;650;07/09/2012
2012035089;1;2;1;1;3;650;07/09/2012
2012035090;1;2;1;1;2;650;08/09/2012
2012035091;1;2;1;1;4;650;10/09/2012
2012035092;1;2;1;1;3;650;10/09/2012
2012035093;5;2;3;1;3;650;16/09/2012
2012035094;1;2;6;1;3;650;19/09/2012
2012035095;1;2;2;1;3;650;22/09/2012
2012035096;1;1;1;1;2;650;22/09/2012
2012035097;1;2;1;1;6;650;25/09/2012
2012035098;1;1;1;2;3;650;29/09/2012
2012035099;1;1;1;1;4;650;30/09/2012
2012035100;1;2;2;1;6;650;02/10/2012
2012035101;1;2;2;1;3;650;03/10/2012
2012035102;1;2;1;1;6;650;05/10/2012
2012035103;1;2;1;1;6;650;09/10/2012
2012035104;1;2;1;1;4;650;10/10/2012
2012035105;1;2;1;1;4;650;12/10/2012
2012035106;1;1;1;3;6;650;14/10/2012
2012035107;1;2;1;1;5;650;15/10/2012
2012035108;1;2;1;1;6;650;17/10/2012
2012035109;1;2;1;1;2;650;19/10/2012
2012035110;1;2;1;1;6;650;21/10/2012
2012035111;1;2;2;1;3;650;21/10/2012
2012035112;2;2;1;1;6;650;22/10/2012
2012035113;1;1;1;1;2;650;26/10/2012
2012035114;1;2;1;1;3;650;29/10/2012
2012035115;1;1;1;1;3;650;29/10/2012
2012035116;1;1;1;1;3;650;31/10/2012
2012035117;5;2;1;2;6;650;31/10/2012
2012035118;1;2;1;1;3;650;02/11/2012
2012035119;5;2;1;1;6;650;03/11/2012
2012035120;5;2;1;1;6;650;09/11/2012
2012035121;5;2;1;2;7;650;10/11/2012
2012035122;1;2;6;1;3;650;12/11/2012
2012035123;2;2;1;1;4;650;12/11/2012
2012035124;1;2;1;1;2;650;14/11/2012
2012035125;1;2;1;1;3;650;15/11/2012
2012035126;5;2;2;1;3;650;17/11/2012
2012035127;1;2;6;1;1;650;18/11/2012
2012035128;1;2;3;1;3;650;18/11/2012
2012035129;5;2;1;1;3;650;19/11/2012
2012035130;1;2;1;1;2;650;19/11/2012
2012035131;1;2;1;1;2;650;22/11/2012
2012035132;5;2;2;1;1;650;24/11/2012
2012035133;1;2;1;1;3;650;29/11/2012
2012035134;1;2;1;1;2;650;30/11/2012
2012035135;1;2;2;1;6;650;01/12/2012
2012035136;1;2;1;2;4;650;04/12/2012
2012035137;3;1;3;2;3;650;04/12/2012
2012035138;2;2;1;2;2;650;04/12/2012
2012035139;1;2;1;2;6;650;05/12/2012
2012035140;1;2;1;1;6;650;09/12/2012
2012035141;1;2;1;1;6;650;10/12/2012
2012035142;1;2;2;1;3;650;12/12/2012
2012035143;1;2;6;1;3;650;18/12/2012
2012035144;3;1;1;1;2;650;19/12/2012
2012035145;1;2;1;1;6;650;23/12/2012
2012035146;5;2;1;1;6;650;26/12/2012
2012035147;1;2;1;1;3;650;26/12/2012
2012035148;5;2;1;1;6;660;04/01/2012
2012035149;5;2;1;1;6;660;07/01/2012
2012035150;1;2;1;1;6;660;09/01/2012
2012035151;1;1;1;1;2;660;12/01/2012
2012035152;5;1;1;1;5;660;13/01/2012
2012035153;1;2;1;1;6;660;17/01/2012
2012035154;1;2;1;1;3;660;18/01/2012
2012035155;1;2;1;1;3;660;19/01/2012
2012035156;1;2;1;1;6;660;20/01/2012
2012035157;5;2;2;1;3;660;22/01/2012
2012035158;1;2;1;1;3;660;24/01/2012
2012035159;1;1;1;1;3;660;26/01/2012
2012035160;1;2;3;1;3;660;27/01/2012
2012035161;1;2;1;1;5;660;30/01/2012
2012035162;1;1;1;1;2;660;02/02/2012
2012035163;5;2;1;1;5;660;04/02/2012
2012035164;1;2;1;1;6;660;06/02/2012
2012035165;1;2;1;1;6;660;06/02/2012
2012035166;1;2;1;1;6;660;07/02/2012
2012035167;1;2;1;1;1;660;08/02/2012
2012035168;5;2;2;1;1;660;07/02/2012
2012035169;1;2;2;1;3;660;09/02/2012
2012035170;1;2;1;1;6;660;11/02/2012
2012035171;3;1;1;1;2;660;13/02/2012
2012035172;5;2;6;1;3;660;14/02/2012
2012035173;1;2;1;1;3;660;17/02/2012
2012035174;1;1;1;1;2;660;18/02/2012
2012035175;2;2;1;1;3;660;21/02/2012
2012035176;1;2;1;1;6;660;23/02/2012
2012035177;2;2;1;1;3;660;26/02/2012
2012035178;1;2;1;7;6;660;27/02/2012
2012035179;1;2;1;1;3;660;29/02/2012
2012035180;1;2;1;1;6;660;02/03/2012
2012035181;1;2;2;1;3;660;02/03/2012
2012035182;1;2;2;1;3;660;05/03/2012
2012035183;1;1;1;1;2;660;06/03/2012
2012035184;1;2;1;1;4;660;06/03/2012
2012035185;1;2;1;1;6;660;08/03/2012
2012035186;1;2;2;1;3;660;09/03/2012
2012035187;1;2;1;1;3;660;12/03/2012
2012035188;1;2;1;1;3;660;12/03/2012
2012035189;5;2;1;1;6;660;09/03/2012
2012035190;1;2;1;1;6;660;12/03/2012
2012035191;1;2;1;1;3;660;16/03/2012
2012035192;1;2;2;1;1;660;20/03/2012
2012035193;1;1;1;2;3;660;21/03/2012
2012035194;3;1;1;8;1;660;22/03/2012
2012035195;1;1;1;1;3;660;29/03/2012
2012035196;1;2;1;1;1;660;28/03/2012
2012035197;1;1;1;1;4;660;29/03/2012
2012035198;1;2;1;1;6;660;31/03/2012
2012035199;1;2;1;1;6;660;30/03/2012
2012035200;3;1;1;1;4;660;03/04/2012
2012035201;1;2;1;1;3;660;05/04/2012
2012035202;1;2;1;1;6;660;06/04/2012
2012035203;1;2;1;1;6;660;06/04/2012
2012035204;2;2;1;1;6;660;12/04/2012
2012035205;1;1;1;1;6;660;14/04/2012
2012035206;1;2;1;1;2;660;16/04/2012
2012035207;1;2;1;1;3;660;18/04/2012
2012035208;1;2;2;1;3;660;18/04/2012
2012035209;1;2;1;1;3;660;19/04/2012
2012035210;1;2;1;1;3;660;19/04/2012
2012035211;1;2;2;1;6;660;23/04/2012
2012035212;1;2;2;1;3;660;20/04/2012
2012035213;1;2;2;1;3;660;20/04/2012
2012035214;5;2;2;1;3;660;21/04/2012
2012035215;1;2;1;1;6;660;22/04/2012
2012035216;1;2;1;1;5;660;24/04/2012
2012035217;1;2;1;1;2;660;10/05/2012
2012035218;5;2;1;1;6;660;13/05/2012
2012035219;1;2;1;1;3;660;11/05/2012
2012035220;1;2;3;1;3;660;14/05/2012
2012035221;1;2;1;1;6;660;15/05/2012
2012035222;1;2;1;1;6;660;15/05/2012
2012035223;1;2;1;1;6;660;18/05/2012
2012035224;1;2;1;1;6;660;22/05/2012
2012035225;1;2;1;1;3;660;23/05/2012
2012035226;1;1;1;1;1;660;25/05/2012
2012035227;1;1;1;1;3;660;25/05/2012
2012035228;1;2;1;1;6;660;29/05/2012
2012035229;3;1;1;1;6;660;03/06/2012
2012035230;1;2;1;1;2;660;09/06/2012
2012035231;1;2;2;1;3;660;09/06/2012
2012035232;1;2;2;1;1;660;13/06/2012
2012035233;1;2;1;1;6;660;01/06/2012
2012035234;1;2;1;1;3;660;13/06/2012
2012035235;1;2;1;1;3;660;14/06/2012
2012035236;1;2;1;1;6;660;15/06/2012
2012035237;1;2;1;1;6;660;15/06/2012
2012035238;1;2;2;1;3;660;16/06/2012
2012035239;3;1;1;1;2;660;24/06/2012
2012035240;1;2;1;1;1;660;22/06/2012
2012035241;1;2;1;1;2;660;23/06/2012
2012035242;1;2;3;1;3;660;27/06/2012
2012035243;2;2;1;1;3;660;27/06/2012
2012035244;1;2;1;1;3;660;04/07/2012
2012035245;1;2;2;1;6;660;05/07/2012
2012035246;1;2;1;1;6;660;03/07/2012
2012035247;1;2;1;1;4;660;05/07/2012
2012035248;1;2;1;1;2;660;06/07/2012
2012035249;1;2;2;1;3;660;10/07/2012
2012035250;1;1;1;1;2;660;12/07/2012
2012035251;1;1;1;1;2;660;13/07/2012
2012035252;1;2;1;1;3;660;15/07/2012
2012035253;1;2;1;1;2;660;19/07/2012
2012035254;1;2;1;1;3;660;20/07/2012
2012035255;1;2;1;1;2;660;21/07/2012
2012035256;1;2;1;1;3;660;21/07/2012
2012035257;1;2;1;1;3;660;24/07/2012
2012035258;1;2;1;1;6;660;26/07/2012
2012035259;1;2;1;1;1;660;27/07/2012
2012035260;1;1;1;1;5;660;06/08/2012
2012035261;1;1;1;1;5;660;07/08/2012
2012035262;1;2;1;1;6;660;08/08/2012
2012035263;1;2;1;1;3;660;08/08/2012
2012035264;1;2;1;1;3;660;09/08/2012
2012035265;1;1;1;1;1;660;10/08/2012
2012035266;5;2;1;1;6;660;10/08/2012
2012035267;1;2;1;1;1;660;10/08/2012
2012035268;1;1;1;1;6;660;19/08/2012
2012035269;1;2;1;1;1;660;20/08/2012
2012035270;1;2;1;1;6;660;20/08/2012
2012035271;1;2;1;1;2;660;21/08/2012
2012035272;1;2;1;1;6;660;23/08/2012
2012035273;5;2;1;1;1;660;27/08/2012
2012035274;2;2;1;1;2;660;27/08/2012
2012035275;1;2;1;1;6;660;21/08/2012
2012035276;3;1;1;1;2;660;31/08/2012
2012035277;1;2;1;1;6;660;06/09/2012
2012035278;5;2;1;1;3;660;08/09/2012
2012035279;1;2;1;1;2;660;08/09/2012
2012035280;2;2;1;1;6;660;13/09/2012
2012035281;1;1;1;1;4;660;13/09/2012
2012035282;1;2;1;1;3;660;16/09/2012
2012035283;5;2;1;1;3;660;15/09/2012
2012035284;1;2;1;1;3;660;18/09/2012
2012035285;1;2;1;1;6;660;18/09/2012
2012035286;2;2;1;1;3;660;20/09/2012
2012035287;1;1;1;1;2;660;21/09/2012
2012035288;1;2;1;1;6;660;23/09/2012
2012035289;1;2;2;1;3;660;21/09/2012
2012035290;1;2;1;1;6;660;27/09/2012
2012035291;2;2;1;1;3;660;02/10/2012
2012035292;5;2;1;1;6;660;03/10/2012
2012035293;1;2;1;1;2;660;03/10/2012
2012035294;1;2;1;1;6;660;05/10/2012
2012035295;1;2;1;1;3;660;04/10/2012
2012035296;1;2;1;1;3;660;04/10/2012
2012035297;1;1;1;1;3;660;09/10/2012
2012035298;1;2;1;1;6;660;09/10/2012
2012035299;1;2;2;1;6;660;10/10/2012
2012035300;1;1;1;1;2;660;12/10/2012
2012035301;1;2;1;1;1;660;15/10/2012
2012035302;1;2;3;1;3;660;13/10/2012
2012035303;1;2;2;1;3;660;14/10/2012
2012035304;3;2;1;2;6;660;21/10/2012
2012035305;1;1;1;1;2;660;17/10/2012
2012035306;5;2;1;1;3;660;23/10/2012
2012035307;1;2;1;1;3;660;15/10/2012
2012035308;1;2;2;1;3;660;24/10/2012
2012035309;4;2;1;1;3;660;24/10/2012
2012035310;1;2;2;1;1;660;12/11/2012
2012035311;1;2;1;1;5;660;12/11/2012
2012035312;2;2;1;1;2;660;12/11/2012
2012035313;1;2;1;1;3;660;13/11/2012
2012035314;1;2;1;1;6;660;13/11/2012
2012035315;5;2;1;1;2;660;15/11/2012
2012035316;1;1;1;1;3;660;15/11/2012
2012035317;1;1;1;1;3;660;17/11/2012
2012035318;1;2;1;1;3;660;19/11/2012
2012035319;2;2;1;1;6;660;16/11/2012
2012035320;1;2;2;1;3;660;22/11/2012
2012035321;5;2;1;1;6;660;20/11/2012
2012035322;2;1;1;1;4;660;23/11/2012
2012035323;2;1;1;1;4;660;25/11/2012
2012035324;1;2;1;1;6;660;14/11/2012
2012035325;5;2;1;1;6;660;02/12/2012
2012035326;3;2;3;1;3;660;04/12/2012
2012035327;5;1;1;1;6;660;07/12/2012
2012035328;1;2;1;1;1;660;09/12/2012
2012035329;1;2;1;1;6;660;11/12/2012
2012035330;1;1;1;1;3;660;08/12/2012
2012035331;1;2;3;1;3;660;12/12/2012
2012035332;1;2;1;1;3;660;14/12/2012
2012035333;1;1;1;1;2;660;18/12/2012
2012035334;1;2;1;1;3;660;26/12/2012
2012035335;3;1;1;1;1;670;13/01/2012
2012035336;2;2;1;2;6;670;19/01/2012
2012035337;3;1;1;9;6;670;16/02/2012
2012035338;1;1;1;8;5;670;24/02/2012
2012035339;2;2;1;1;3;670;01/03/2012
2012035340;3;1;1;1;1;670;14/04/2012
2012035341;1;2;3;1;6;670;15/05/2012
2012035342;1;2;1;1;6;670;23/05/2012
2012035343;1;2;1;2;6;670;13/06/2012
2012035344;1;2;3;1;6;670;14/06/2012
2012035345;1;2;1;1;6;670;13/07/2012
2012035346;1;2;8;1;3;670;19/07/2012
2012035347;1;1;3;1;3;670;25/07/2012
2012035348;1;2;3;7;3;670;01/09/2012
2012035349;1;2;3;1;3;670;07/09/2012
2012035350;1;1;1;1;3;670;02/10/2012
2012035351;5;2;2;1;6;670;31/10/2012
2012035352;3;1;1;2;1;670;20/11/2012
2012035353;5;2;3;8;3;670;03/01/2012
2012035354;1;2;1;1;6;670;09/01/2012
2012035355;5;2;1;1;6;670;29/02/2012
2012035356;1;2;2;1;6;670;27/05/2012
2012035357;1;2;4;1;3;670;08/06/2012
2012035358;1;1;1;1;1;670;05/07/2012
2012035359;1;1;1;1;6;670;01/08/2012
2012035360;5;2;5;1;3;670;16/09/2012
2012035361;1;2;2;1;3;670;05/12/2012
2012035362;5;2;1;2;6;670;01/01/2012
2012035363;1;2;2;1;6;670;03/01/2012
2012035364;5;2;2;1;3;670;03/01/2012
2012035365;1;2;2;1;3;670;04/01/2012
2012035366;2;2;3;2;6;670;05/01/2012
2012035367;2;2;1;2;6;670;06/01/2012
2012035368;3;2;2;2;6;670;07/01/2012
2012035369;5;2;1;1;7;670;06/01/2012
2012035370;1;2;1;2;2;670;09/01/2012
2012035371;1;2;2;1;3;670;10/01/2012
2012035372;5;2;3;1;6;670;11/01/2012
2012035373;1;2;1;8;6;670;11/01/2012
2012035374;5;2;1;1;3;670;11/01/2012
2012035375;5;2;1;1;2;670;11/01/2012
2012035376;1;2;3;1;3;670;12/01/2012
2012035377;2;2;1;1;2;670;12/01/2012
2012035378;1;2;2;1;3;670;13/01/2012
2012035379;1;2;1;1;7;670;13/01/2012
2012035380;5;2;1;1;2;670;14/01/2012
2012035381;1;2;2;1;3;670;16/01/2012
2012035382;1;2;1;1;2;670;16/01/2012
2012035383;5;2;1;1;3;670;16/01/2012
2012035384;1;2;1;1;6;670;18/01/2012
2012035385;1;2;1;8;2;670;19/01/2012
2012035386;5;2;2;2;3;670;19/01/2012
2012035387;5;2;1;2;6;670;20/01/2012
2012035388;1;2;3;1;6;670;21/01/2012
2012035389;5;2;6;2;2;670;21/01/2012
2012035390;5;2;1;2;6;670;22/01/2012
2012035391;5;2;1;2;6;670;22/01/2012
2012035392;1;2;1;2;6;670;23/01/2012
2012035393;1;2;1;1;3;670;24/01/2012
2012035394;5;2;1;1;3;670;24/01/2012
2012035395;5;1;1;1;4;670;25/01/2012
2012035396;5;2;1;8;6;670;27/01/2012
2012035397;5;2;2;1;3;670;30/01/2012
2012035398;5;2;1;1;4;670;30/01/2012
2012035399;5;2;1;1;6;670;31/01/2012
2012035400;5;2;3;1;6;670;31/01/2012
2012035401;1;2;1;1;6;670;01/02/2012
2012035402;5;2;3;9;6;670;06/02/2012
2012035403;5;2;3;1;6;670;07/02/2012
2012035404;1;2;1;1;3;670;07/02/2012
2012035405;5;2;2;1;3;670;08/02/2012
2012035406;1;2;1;1;6;670;08/02/2012
2012035407;5;2;1;1;3;670;08/02/2012
2012035408;5;2;1;1;6;670;09/02/2012
2012035409;1;2;1;1;6;670;11/02/2012
2012035410;1;2;2;1;6;670;12/02/2012
2012035411;1;2;1;4;6;670;14/02/2012
2012035412;5;2;2;2;3;670;14/02/2012
2012035413;5;2;3;4;5;670;14/02/2012
2012035414;5;2;2;2;3;670;15/02/2012
2012035415;5;2;2;1;3;670;15/02/2012
2012035416;1;2;1;1;6;670;16/02/2012
2012035417;1;2;2;1;3;670;16/02/2012
2012035418;5;2;1;1;1;670;16/02/2012
2012035419;5;2;1;1;3;670;17/02/2012
2012035420;5;2;3;1;3;670;19/02/2012
2012035421;1;2;1;1;6;670;21/02/2012
2012035422;1;2;1;1;3;670;21/02/2012
2012035423;1;2;1;1;3;670;21/02/2012
2012035424;1;2;1;1;3;670;22/02/2012
2012035425;1;2;1;1;3;670;22/02/2012
2012035426;1;2;1;2;6;670;25/02/2012
2012035427;1;2;3;2;3;670;25/02/2012
2012035428;5;2;1;1;6;670;26/02/2012
2012035429;1;2;1;1;4;670;27/02/2012
2012035430;1;2;1;1;2;670;28/02/2012
2012035431;1;2;1;1;6;670;01/03/2012
2012035432;5;2;3;5;3;670;01/03/2012
2012035433;5;2;1;1;3;670;05/03/2012
2012035434;1;2;1;1;2;670;06/03/2012
2012035435;1;2;1;1;6;670;06/03/2012
2012035436;1;2;3;1;3;670;06/03/2012
2012035437;1;2;2;1;1;670;07/03/2012
2012035438;1;2;2;1;3;670;08/03/2012
2012035439;2;2;3;1;3;670;08/03/2012
2012035440;5;1;1;1;7;670;08/03/2012
2012035441;1;2;2;1;3;670;09/03/2012
2012035442;5;2;2;1;1;670;10/03/2012
2012035443;5;2;1;1;1;670;11/03/2012
2012035444;1;2;3;1;6;670;12/03/2012
2012035445;5;2;1;1;3;670;13/03/2012
2012035446;1;2;1;1;6;670;14/03/2012
2012035447;5;2;3;1;2;670;14/03/2012
2012035448;1;2;1;1;6;670;15/03/2012
2012035449;1;2;1;1;3;670;15/03/2012
2012035450;1;2;1;1;3;670;16/03/2012
2012035451;2;2;1;1;1;670;16/03/2012
2012035452;4;2;1;1;6;670;16/03/2012
2012035453;1;2;2;1;3;670;17/03/2012
2012035454;1;2;1;2;4;670;18/03/2012
2012035455;1;2;2;1;3;670;19/03/2012
2012035456;1;2;1;1;3;670;19/03/2012
2012035457;5;2;1;1;6;670;19/03/2012
2012035458;1;2;1;1;6;670;20/03/2012
2012035459;1;2;1;1;2;670;22/03/2012
2012035460;1;2;1;1;6;670;22/03/2012
2012035461;1;2;1;1;6;670;22/03/2012
2012035462;1;2;1;1;6;670;23/03/2012
2012035463;1;2;2;1;3;670;25/03/2012
2012035464;1;2;1;1;6;670;26/03/2012
2012035465;1;2;1;1;3;670;26/03/2012
2012035466;1;2;1;1;3;670;26/03/2012
2012035467;1;2;1;7;6;670;27/03/2012
2012035468;1;2;1;1;3;670;27/03/2012
2012035469;1;2;1;1;4;670;28/03/2012
2012035470;1;2;1;1;6;670;28/03/2012
2012035471;5;2;1;1;1;670;28/03/2012
2012035472;1;2;3;1;3;670;29/03/2012
2012035473;1;2;2;1;3;670;30/03/2012
2012035474;5;2;3;1;3;670;31/03/2012
2012035475;1;2;1;1;3;670;02/04/2012
2012035476;1;2;1;1;3;670;04/04/2012
2012035477;1;2;3;8;6;670;05/04/2012
2012035478;1;2;2;3;3;670;05/04/2012
2012035479;1;2;1;3;6;670;05/04/2012
2012035480;5;2;2;2;3;670;05/04/2012
2012035481;5;2;3;1;3;670;08/04/2012
2012035482;1;2;3;1;3;670;08/04/2012
2012035483;2;2;1;1;3;670;08/04/2012
2012035484;1;2;2;1;3;670;09/04/2012
2012035485;1;2;1;1;6;670;10/04/2012
2012035486;1;2;2;1;3;670;10/04/2012
2012035487;1;2;2;1;5;670;10/04/2012
2012035488;1;2;3;2;6;670;10/04/2012
2012035489;1;2;2;1;3;670;12/04/2012
2012035490;1;2;1;1;3;670;14/04/2012
2012035491;1;2;3;1;3;670;15/04/2012
2012035492;2;2;2;2;6;670;16/04/2012
2012035493;1;2;1;8;6;670;16/04/2012
2012035494;1;2;1;1;6;670;16/04/2012
2012035495;1;2;3;1;3;670;17/04/2012
2012035496;1;2;1;1;6;670;18/04/2012
2012035497;1;2;1;1;2;670;18/04/2012
2012035498;1;2;2;1;3;670;19/04/2012
2012035499;1;2;1;1;5;670;19/04/2012
2012035500;1;2;2;2;3;670;20/04/2012
2012035501;1;2;1;1;6;670;20/04/2012
2012035502;1;2;1;1;5;670;20/04/2012
2012035503;1;2;1;1;6;670;22/04/2012
2012035504;1;2;1;1;4;670;23/04/2012
2012035505;1;2;3;1;3;670;23/04/2012
2012035506;5;2;2;3;3;670;23/04/2012
2012035507;5;2;2;2;2;670;24/04/2012
2012035508;1;2;1;1;6;670;26/04/2012
2012035509;5;2;3;1;6;670;27/04/2012
2012035510;1;2;1;1;6;670;27/04/2012
2012035511;1;2;2;1;3;670;27/04/2012
2012035512;1;2;1;1;3;670;27/04/2012
2012035513;1;2;1;1;3;670;27/04/2012
2012035514;1;2;1;1;3;670;27/04/2012
2012035515;1;2;1;1;3;670;28/04/2012
2012035516;1;2;1;1;6;670;28/04/2012
2012035517;1;2;3;1;3;670;30/04/2012
2012035518;1;2;2;1;3;670;01/05/2012
2012035519;1;2;3;1;3;670;02/05/2012
2012035520;1;2;3;1;3;670;02/05/2012
2012035521;1;2;1;1;3;670;03/05/2012
2012035522;1;2;1;1;6;670;04/05/2012
2012035523;1;2;2;1;3;670;04/05/2012
2012035524;1;2;2;2;3;670;06/05/2012
2012035525;1;2;1;1;3;670;07/05/2012
2012035526;1;2;2;1;6;670;07/05/2012
2012035527;1;2;2;1;3;670;07/05/2012
2012035528;1;2;1;1;3;670;07/05/2012