num_acc;lum;agg;inter;atm;col;dep;date
2012035529;1;2;3;1;3;670;08/05/2012
2012035530;1;2;3;2;3;670;08/05/2012
2012035531;1;2;1;1;6;670;09/05/2012
2012035532;1;2;1;1;2;670;11/05/2012
2012035533;5;2;3;1;3;670;11/05/2012
2012035534;1;2;1;7;3;670;13/05/2012
2012035535;1;2;1;1;6;670;13/05/2012
2012035536;1;2;1;1;3;670;13/05/2012
2012035537;1;2;3;1;2;670;14/05/2012
2012035538;1;2;2;1;6;670;14/05/2012
2012035539;1;2;2;1;3;670;14/05/2012
2012035540;1;2;1;1;6;670;14/05/2012
2012035541;1;2;5;1;2;670;15/05/2012
2012035542;3;2;1;3;1;670;15/05/2012
2012035543;1;2;1;8;6;670;16/05/2012
2012035544;1;2;1;1;6;670;16/05/2012
2012035545;1;2;1;1;2;670;16/05/2012
2012035546;1;2;2;1;3;670;17/05/2012
2012035547;5;2;2;2;3;670;19/05/2012
2012035548;2;2;1;1;7;670;19/05/2012
2012035549;5;2;1;2;6;670;20/05/2012
2012035550;1;2;2;1;3;670;20/05/2012
2012035551;5;2;2;1;3;670;20/05/2012
2012035552;1;2;1;1;6;670;21/05/2012
2012035553;2;2;1;3;6;670;21/05/2012
2012035554;5;2;1;2;7;670;22/05/2012
2012035555;1;2;1;1;6;670;22/05/2012
2012035556;1;2;3;1;3;670;22/05/2012
2012035557;1;2;1;1;3;670;23/05/2012
2012035558;1;2;2;1;3;670;24/05/2012
2012035559;1;2;3;1;3;670;24/05/2012
2012035560;1;2;1;1;2;670;25/05/2012
2012035561;1;2;1;1;2;670;25/05/2012
2012035562;1;2;1;1;3;670;25/05/2012
2012035563;5;2;1;1;6;670;26/05/2012
2012035564;1;2;2;1;3;670;26/05/2012
2012035565;1;2;1;1;6;670;26/05/2012
2012035566;5;2;1;1;6;670;28/05/2012
2012035567;1;2;2;1;3;670;29/05/2012
2012035568;1;2;3;1;6;670;29/05/2012
2012035569;1;2;1;1;1;670;01/06/2012
2012035570;5;2;1;1;6;670;01/06/2012
2012035571;1;2;2;1;3;670;02/06/2012
2012035572;1;2;1;1;1;670;02/06/2012
2012035573;1;2;2;1;3;670;03/06/2012
2012035574;1;2;2;2;1;670;03/06/2012
2012035575;1;2;1;1;2;670;05/06/2012
2012035576;1;2;3;1;3;670;05/06/2012
2012035577;1;2;1;3;7;670;06/06/2012
2012035578;1;2;1;1;1;670;07/06/2012
2012035579;1;2;1;1;3;670;07/06/2012
2012035580;1;2;2;1;3;670;09/06/2012
2012035581;1;2;1;1;6;670;10/06/2012
2012035582;1;2;1;1;2;670;11/06/2012
2012035583;1;2;1;1;2;670;11/06/2012
2012035584;1;2;1;1;4;670;11/06/2012
2012035585;1;2;1;1;3;670;11/06/2012
2012035586;1;2;1;2;2;670;12/06/2012
2012035587;1;2;1;3;2;670;12/06/2012
2012035588;5;2;1;2;7;670;12/06/2012
2012035589;2;2;1;2;2;670;12/06/2012
2012035590;1;2;1;1;6;670;13/06/2012
2012035591;1;2;3;2;3;670;13/06/2012
2012035592;1;2;1;1;3;670;14/06/2012
2012035593;1;2;1;1;4;670;14/06/2012
2012035594;1;2;1;1;6;670;15/06/2012
2012035595;1;2;3;2;3;670;15/06/2012
2012035596;1;2;2;1;5;670;17/06/2012
2012035597;1;2;1;1;6;670;19/06/2012
2012035598;5;2;1;2;6;670;20/06/2012
2012035599;1;2;1;1;6;670;22/06/2012
2012035600;1;2;1;1;4;670;22/06/2012
2012035601;5;2;3;1;6;670;23/06/2012
2012035602;1;2;1;1;6;670;23/06/2012
2012035603;1;2;1;1;6;670;23/06/2012
2012035604;1;2;3;1;2;670;25/06/2012
2012035605;2;2;3;1;3;670;26/06/2012
2012035606;1;2;6;1;3;670;26/06/2012
2012035607;1;2;1;2;3;670;26/06/2012
2012035608;1;2;2;1;4;670;27/06/2012
2012035609;2;2;2;1;3;670;27/06/2012
2012035610;1;2;2;1;3;670;28/06/2012
2012035611;1;2;1;1;6;670;29/06/2012
2012035612;1;2;1;1;6;670;26/06/2012
2012035613;1;2;1;1;6;670;30/06/2012
2012035614;5;2;1;3;6;670;30/06/2012
2012035615;1;2;3;1;3;670;01/07/2012
2012035616;1;2;1;8;3;670;02/07/2012
2012035617;1;2;2;1;3;670;02/07/2012
2012035618;5;2;3;1;3;670;02/07/2012
2012035619;1;2;1;1;4;670;04/07/2012
2012035620;5;2;1;1;3;670;05/07/2012
2012035621;1;2;1;1;2;670;09/07/2012
2012035622;1;2;1;1;6;670;08/07/2012
2012035623;1;2;3;1;3;670;09/07/2012
2012035624;1;2;1;1;3;670;09/07/2012
2012035625;1;2;2;1;3;670;09/07/2012
2012035626;1;2;1;2;2;670;10/07/2012
2012035627;1;2;1;1;6;670;12/07/2012
2012035628;1;2;1;2;2;670;13/07/2012
2012035629;1;2;1;8;6;670;13/07/2012
2012035630;5;2;3;1;6;670;15/07/2012
2012035631;1;1;4;1;6;670;18/07/2012
2012035632;1;2;1;1;3;670;18/07/2012
2012035633;1;2;5;1;3;670;19/07/2012
2012035634;1;2;1;2;6;670;20/07/2012
2012035635;1;2;2;1;6;670;23/07/2012
2012035636;1;2;3;1;3;670;21/07/2012
2012035637;1;2;1;1;3;670;21/07/2012
2012035638;5;2;3;1;3;670;21/07/2012
2012035639;5;2;1;1;6;670;21/07/2012
2012035640;5;2;3;1;1;670;22/07/2012
2012035641;1;2;1;1;6;670;22/07/2012
2012035642;1;1;1;1;6;670;25/07/2012
2012035643;1;2;2;1;3;670;26/07/2012
2012035644;1;2;1;1;2;670;27/07/2012
2012035645;1;2;1;1;3;670;30/07/2012
2012035646;2;2;1;1;6;670;31/07/2012
2012035647;2;2;2;1;2;670;31/07/2012
2012035648;2;2;1;1;2;670;01/08/2012
2012035649;1;2;2;1;3;670;01/08/2012
2012035650;1;2;2;7;3;670;02/08/2012
2012035651;1;2;1;1;3;670;02/08/2012
2012035652;5;2;1;1;3;670;02/08/2012
2012035653;1;2;1;1;3;670;03/08/2012
2012035654;1;2;3;1;3;670;04/08/2012
2012035655;1;2;2;1;2;670;04/08/2012
2012035656;5;2;2;2;3;670;05/08/2012
2012035657;5;2;1;1;6;670;05/08/2012
2012035658;1;2;3;1;6;670;06/08/2012
2012035659;1;2;3;1;3;670;09/08/2012
2012035660;1;2;1;1;3;670;11/08/2012
2012035661;5;2;1;1;2;670;12/08/2012
2012035662;1;2;2;1;3;670;13/08/2012
2012035663;5;2;1;1;3;670;13/08/2012
2012035664;1;2;1;1;3;670;14/08/2012
2012035665;5;2;2;2;6;670;15/08/2012
2012035666;1;2;1;1;3;670;17/08/2012
2012035667;1;2;1;1;3;670;17/08/2012
2012035668;5;2;1;1;6;670;18/08/2012
2012035669;1;2;2;1;3;670;19/08/2012
2012035670;1;2;1;1;6;670;21/08/2012
2012035671;1;2;1;1;1;670;21/08/2012
2012035672;1;2;1;1;2;670;21/08/2012
2012035673;5;2;1;1;6;670;21/08/2012
2012035674;1;2;1;1;3;670;22/08/2012
2012035675;1;2;1;2;3;670;24/08/2012
2012035676;2;2;1;8;3;670;24/08/2012
2012035677;4;2;1;1;6;670;25/08/2012
2012035678;4;2;2;1;6;670;27/08/2012
2012035679;1;2;2;1;6;670;27/08/2012
2012035680;1;2;1;1;3;670;27/08/2012
2012035681;1;2;3;1;6;670;27/08/2012
2012035682;1;2;2;1;3;670;29/08/2012
2012035683;1;2;1;1;3;670;30/08/2012
2012035684;1;2;1;2;2;670;31/08/2012
2012035685;1;2;1;1;6;670;31/08/2012
2012035686;1;1;1;1;1;670;31/08/2012
2012035687;2;2;3;1;3;670;31/08/2012
2012035688;5;2;2;2;3;670;31/08/2012
2012035689;1;2;2;1;3;670;02/09/2012
2012035690;1;2;2;1;3;670;01/09/2012
2012035691;1;2;1;1;2;670;03/09/2012
2012035692;1;1;1;1;2;670;03/09/2012
2012035693;4;2;1;1;7;670;03/09/2012
2012035694;5;2;2;1;6;670;04/09/2012
2012035695;1;2;1;1;3;670;05/09/2012
2012035696;1;2;1;1;2;670;05/09/2012
2012035697;1;2;2;1;2;670;05/09/2012
2012035698;1;2;1;1;5;670;05/09/2012
2012035699;1;2;1;1;6;670;05/09/2012
2012035700;1;2;1;1;3;670;05/09/2012
2012035701;1;2;3;1;3;670;07/09/2012
2012035702;1;2;1;1;6;670;07/09/2012
2012035703;1;2;3;1;2;670;08/09/2012
2012035704;1;2;3;1;6;670;10/09/2012
2012035705;1;2;3;8;6;670;11/09/2012
2012035706;2;2;1;8;4;670;11/09/2012
2012035707;1;2;5;1;3;670;12/09/2012
2012035708;4;2;2;1;3;670;12/09/2012
2012035709;1;2;1;1;6;670;13/09/2012
2012035710;5;2;2;1;3;670;13/09/2012
2012035711;1;2;2;1;1;670;15/09/2012
2012035712;1;2;1;1;6;670;15/09/2012
2012035713;5;2;2;1;7;670;16/09/2012
2012035714;1;2;3;1;3;670;17/09/2012
2012035715;1;2;2;1;3;670;17/09/2012
2012035716;1;2;1;1;1;670;17/09/2012
2012035717;2;2;1;1;3;670;17/09/2012
2012035718;1;2;1;1;6;670;18/09/2012
2012035719;1;2;2;1;3;670;18/09/2012
2012035720;1;2;2;1;3;670;20/09/2012
2012035721;1;2;2;1;3;670;21/09/2012
2012035722;1;2;1;2;1;670;22/09/2012
2012035723;1;2;1;1;3;670;23/09/2012
2012035724;1;2;4;1;3;670;24/09/2012
2012035725;1;2;2;1;3;670;25/09/2012
2012035726;1;2;1;2;6;670;25/09/2012
2012035727;1;2;3;1;6;670;26/09/2012
2012035728;2;2;1;1;2;670;27/09/2012
2012035729;1;2;2;3;3;670;27/09/2012
2012035730;5;2;2;2;3;670;27/09/2012
2012035731;1;2;3;2;3;670;27/09/2012
2012035732;1;2;2;1;3;670;28/09/2012
2012035733;1;2;1;1;7;670;28/09/2012
2012035734;1;2;2;1;3;670;29/09/2012
2012035735;1;2;2;1;2;670;30/09/2012
2012035736;1;2;2;1;3;670;02/10/2012
2012035737;5;2;2;1;6;670;01/10/2012
2012035738;1;2;3;1;1;670;02/10/2012
2012035739;1;2;6;1;3;670;02/10/2012
2012035740;1;2;2;1;3;670;03/10/2012
2012035741;1;2;2;1;3;670;03/10/2012
2012035742;1;2;1;1;5;670;03/10/2012
2012035743;5;2;1;1;2;670;03/10/2012
2012035744;2;2;1;2;3;670;04/10/2012
2012035745;2;2;3;1;3;670;06/10/2012
2012035746;5;2;4;2;7;670;06/10/2012
2012035747;1;2;7;1;2;670;08/10/2012
2012035748;1;2;1;1;3;670;10/10/2012
2012035749;4;2;1;1;6;670;11/10/2012
2012035750;1;2;2;1;6;670;15/10/2012
2012035751;1;2;2;1;3;670;16/10/2012
2012035752;1;2;1;1;6;670;16/10/2012
2012035753;2;1;1;1;3;670;17/10/2012
2012035754;1;2;5;1;3;670;18/10/2012
2012035755;2;2;1;1;3;670;18/10/2012
2012035756;5;2;2;1;3;670;18/10/2012
2012035757;5;2;3;1;3;670;18/10/2012
2012035758;1;2;1;1;6;670;20/10/2012
2012035759;5;2;2;1;6;670;20/10/2012
2012035760;5;2;3;1;3;670;20/10/2012
2012035761;5;2;1;1;6;670;21/10/2012
2012035762;5;2;1;1;6;670;21/10/2012
2012035763;5;2;2;1;3;670;21/10/2012
2012035764;1;2;2;1;3;670;24/10/2012
2012035765;5;2;2;1;1;670;25/10/2012
2012035766;1;2;1;1;6;670;25/10/2012
2012035767;1;2;2;2;3;670;27/10/2012
2012035768;5;2;1;2;6;670;27/10/2012
2012035769;5;2;1;1;1;670;28/10/2012
2012035770;1;2;3;1;6;670;28/10/2012
2012035771;1;2;2;1;3;670;30/10/2012
2012035772;5;2;1;1;3;670;30/10/2012
2012035773;1;2;3;1;3;670;31/10/2012
2012035774;4;2;1;1;6;670;31/10/2012
2012035775;5;2;2;1;3;670;01/11/2012
2012035776;2;2;1;2;3;670;02/11/2012
2012035777;1;2;1;1;5;670;05/11/2012
2012035778;1;2;3;1;1;670;06/11/2012
2012035779;1;2;2;1;6;670;06/11/2012
2012035780;5;2;1;1;7;670;06/11/2012
2012035781;1;2;2;2;3;670;07/11/2012
2012035782;5;2;2;1;3;670;07/11/2012
2012035783;1;2;1;3;3;670;10/11/2012
2012035784;1;2;1;2;6;670;10/11/2012
2012035785;5;2;2;2;6;670;10/11/2012
2012035786;1;2;3;1;3;670;12/11/2012
2012035787;1;2;3;1;6;670;12/11/2012
2012035788;1;2;2;1;3;670;14/11/2012
2012035789;1;2;1;1;6;670;14/11/2012
2012035790;5;2;1;1;1;670;14/11/2012
2012035791;4;2;2;1;3;670;15/11/2012
2012035792;1;2;2;1;3;670;17/11/2012
2012035793;5;2;2;5;3;670;19/11/2012
2012035794;1;2;2;5;3;670;19/11/2012
2012035795;5;2;3;1;6;670;19/11/2012
2012035796;5;2;3;1;3;670;19/11/2012
2012035797;5;2;1;1;3;670;21/11/2012
2012035798;1;2;3;1;3;670;22/11/2012
2012035799;5;2;2;1;3;670;22/11/2012
2012035800;1;2;2;1;3;670;23/11/2012
2012035801;1;1;1;1;3;670;23/11/2012
2012035802;2;2;2;1;3;670;23/11/2012
2012035803;5;2;1;1;7;670;26/11/2012
2012035804;5;2;3;3;3;670;26/11/2012
2012035805;5;2;2;1;6;670;27/11/2012
2012035806;3;2;2;2;3;670;27/11/2012
2012035807;1;2;1;2;3;670;28/11/2012
2012035808;5;2;3;2;1;670;28/11/2012
2012035809;5;2;2;2;3;670;29/11/2012
2012035810;1;2;1;2;3;670;29/11/2012
2012035811;5;2;1;1;6;670;29/11/2012
2012035812;1;2;2;1;3;670;29/11/2012
2012035813;2;1;6;2;2;670;30/11/2012
2012035814;5;2;1;1;3;670;30/11/2012
2012035815;1;2;2;2;3;670;02/12/2012
2012035816;1;2;1;1;6;670;03/12/2012
2012035817;5;2;1;8;6;670;04/12/2012
2012035818;1;2;1;1;6;670;06/12/2012
2012035819;5;2;3;1;3;670;06/12/2012
2012035820;5;2;1;4;6;670;07/12/2012
2012035821;5;2;3;2;6;670;08/12/2012
2012035822;1;2;1;1;6;670;08/12/2012
2012035823;5;2;3;2;3;670;09/12/2012
2012035824;5;2;1;1;6;670;11/12/2012
2012035825;5;2;2;2;6;670;12/12/2012
2012035826;1;2;1;1;2;670;12/12/2012
2012035827;5;2;1;1;6;670;12/12/2012
2012035828;1;2;2;8;3;670;13/12/2012
2012035829;5;2;1;2;6;670;13/12/2012
2012035830;1;2;1;1;6;670;14/12/2012
2012035831;1;2;3;1;6;670;14/12/2012
2012035832;5;2;2;2;6;670;14/12/2012
2012035833;1;2;1;2;6;670;15/12/2012
2012035834;5;2;3;3;3;670;16/12/2012
2012035835;5;2;1;2;3;670;16/12/2012
2012035836;1;2;3;2;3;670;17/12/2012
2012035837;1;2;2;3;3;670;17/12/2012
2012035838;5;2;1;2;3;670;17/12/2012
2012035839;5;2;2;3;6;670;17/12/2012
2012035840;1;2;2;1;3;670;18/12/2012
2012035841;1;2;1;1;6;670;19/12/2012
2012035842;1;2;2;1;6;670;20/12/2012
2012035843;1;2;1;1;6;670;22/12/2012
2012035844;5;2;1;2;6;670;22/12/2012
2012035845;5;2;1;3;6;670;22/12/2012
2012035846;5;2;2;2;3;670;27/12/2012
2012035847;5;2;2;2;3;670;28/12/2012
2012035848;1;2;3;1;3;670;29/12/2012
2012035849;5;2;1;1;6;670;29/12/2012
2012035850;1;2;3;1;6;680;17/01/2012
2012035851;1;2;2;1;6;680;18/01/2012
2012035852;5;1;9;1;3;680;15/01/2012
2012035853;1;1;6;1;3;680;23/01/2012
2012035854;1;2;2;1;6;680;30/01/2012
2012035855;1;2;2;1;6;680;24/02/2012
2012035856;5;2;2;1;1;680;07/03/2012
2012035857;1;2;1;1;6;680;21/03/2012
2012035858;1;2;1;1;3;680;24/03/2012
2012035859;1;2;1;1;6;680;30/03/2012
2012035860;1;1;6;1;3;680;17/04/2012
2012035861;1;2;2;1;3;680;25/04/2012
2012035862;1;2;3;1;6;680;07/05/2012
2012035863;5;2;1;1;6;680;28/12/2012
2012035864;1;2;2;1;6;680;06/06/2012
2012035865;1;2;1;2;6;680;12/06/2012
2012035866;2;2;1;1;5;680;17/06/2012
2012035867;5;2;2;1;6;680;23/06/2012
2012035868;1;2;1;1;2;680;23/06/2012
2012035869;2;1;2;1;3;680;29/06/2012
2012035870;1;2;1;1;6;680;09/07/2012
2012035871;2;2;2;2;3;680;13/07/2012
2012035872;1;1;1;1;6;680;18/07/2012
2012035873;1;2;2;1;3;680;22/07/2012
2012035874;1;2;2;1;6;680;26/07/2012
2012035875;1;2;2;1;6;680;01/08/2012
2012035876;2;2;1;1;1;680;03/08/2012
2012035877;2;2;1;1;6;680;04/08/2012
2012035878;1;2;3;1;6;680;07/08/2012
2012035879;1;2;1;1;5;680;08/08/2012
2012035880;1;2;1;1;6;680;09/08/2012
2012035881;5;2;2;1;3;680;26/08/2012
2012035882;1;2;1;1;6;680;09/09/2012
2012035883;1;2;2;1;6;680;13/09/2012
2012035884;2;2;2;1;6;680;16/09/2012
2012035885;5;2;1;1;6;680;25/09/2012
2012035886;1;2;2;1;6;680;25/09/2012
2012035887;2;2;1;2;6;680;27/09/2012
2012035888;2;2;3;2;3;680;10/10/2012
2012035889;2;2;2;1;4;680;20/10/2012
2012035890;1;2;1;1;6;680;24/09/2012
2012035891;1;2;2;1;3;680;31/10/2012
2012035892;1;2;1;1;3;680;18/11/2012
2012035893;1;1;1;2;6;680;19/11/2012
2012035894;1;2;3;1;6;680;23/11/2012
2012035895;1;2;2;1;3;680;21/11/2012
2012035896;1;2;2;1;6;680;29/11/2012
2012035897;1;2;3;1;6;680;28/11/2012
2012035898;1;2;1;1;2;680;30/11/2012
2012035899;5;2;1;3;6;680;17/12/2012
2012035900;1;2;1;1;2;680;21/12/2012
2012035901;1;2;1;1;6;680;02/03/2012
2012035902;1;2;2;1;3;680;23/04/2012
2012035903;1;2;8;1;2;680;26/06/2012
2012035904;1;2;1;7;1;680;18/07/2012
2012035905;5;2;2;1;3;680;27/07/2012
2012035906;1;2;1;1;6;680;16/01/2012
2012035907;2;2;1;9;6;680;18/01/2012
2012035908;5;2;1;2;6;680;20/01/2012
2012035909;5;2;1;1;6;680;23/01/2012
2012035910;5;1;2;2;6;680;25/01/2012
2012035911;1;2;1;2;6;680;28/01/2012
2012035912;5;2;3;1;6;680;06/02/2012
2012035913;1;1;1;1;1;680;12/02/2012
2012035914;1;2;2;1;6;680;17/02/2012
2012035915;2;2;1;1;6;680;23/02/2012
2012035916;3;2;1;1;6;680;24/02/2012
2012035917;5;2;2;1;6;680;08/03/2012
2012035918;1;2;1;1;3;680;14/03/2012
2012035919;1;2;2;1;3;680;10/04/2012
2012035920;1;2;2;1;3;680;13/04/2012
2012035921;2;2;1;1;6;680;09/05/2012
2012035922;1;2;3;1;6;680;14/05/2012
2012035923;1;2;1;1;6;680;17/05/2012
2012035924;1;2;1;2;6;680;18/05/2012
2012035925;1;2;6;1;3;680;19/05/2012
2012035926;1;2;1;1;6;680;24/05/2012
2012035927;1;2;1;1;6;680;31/05/2012
2012035928;1;2;1;1;2;680;06/06/2012
2012035929;5;2;1;1;6;680;07/06/2012
2012035930;1;2;1;2;6;680;13/06/2012
2012035931;1;2;1;2;6;680;13/06/2012
2012035932;1;2;1;1;6;680;15/06/2012
2012035933;1;2;1;1;6;680;19/06/2012
2012035934;1;2;1;1;6;680;22/06/2012
2012035935;1;2;3;1;6;680;29/06/2012
2012035936;1;2;1;1;6;680;16/07/2012
2012035937;1;1;1;1;6;680;25/07/2012
2012035938;1;2;3;1;6;680;25/07/2012
2012035939;2;2;3;1;3;680;04/08/2012
2012035940;1;2;1;1;6;680;13/08/2012
2012035941;2;2;1;1;2;680;18/08/2012
2012035942;1;2;1;1;3;680;20/08/2012
2012035943;5;2;4;1;6;680;15/09/2012
2012035944;1;2;3;1;2;680;19/09/2012
2012035945;5;2;3;1;6;680;28/09/2012
2012035946;1;2;1;1;1;680;03/10/2012
2012035947;1;2;1;1;6;680;14/10/2012
2012035948;1;2;1;1;6;680;17/10/2012
2012035949;1;2;1;1;6;680;21/10/2012
2012035950;1;2;2;2;6;680;23/10/2012
2012035951;5;2;2;1;3;680;08/11/2012
2012035952;5;2;2;1;3;680;09/11/2012
2012035953;1;2;1;2;3;680;10/11/2012
2012035954;1;1;1;2;3;680;28/11/2012
2012035955;1;2;1;1;6;680;13/12/2012
2012035956;5;2;1;1;6;680;15/12/2012
2012035957;5;2;1;1;6;680;17/12/2012
2012035958;5;1;1;1;3;680;18/12/2012
2012035959;1;2;3;2;6;680;22/12/2012
2012035960;1;2;1;1;6;680;31/12/2012
2012035961;5;2;3;1;3;680;26/01/2012
2012035962;1;2;1;1;6;680;28/03/2012
2012035963;1;2;3;1;3;680;02/05/2012
2012035964;1;2;3;1;6;680;25/08/2012
2012035965;1;2;1;1;6;680;30/08/2012
2012035966;1;2;1;1;6;680;09/08/2012
2012035967;2;2;3;1;3;680;10/09/2012
2012035968;1;2;3;1;3;680;28/09/2012
2012035969;1;2;1;1;6;680;28/08/2012
2012035970;1;2;3;1;3;680;08/09/2012
2012035971;1;2;1;1;4;680;21/12/2012
2012035972;1;2;2;1;3;680;21/10/2012
2012035973;1;2;1;1;6;680;16/01/2012
2012035974;5;2;9;8;3;680;24/01/2012
2012035975;1;2;1;1;3;680;16/03/2012
2012035976;1;2;1;1;6;680;27/03/2012
2012035977;1;1;1;1;2;680;19/05/2012
2012035978;1;2;1;1;1;680;25/05/2012
2012035979;1;2;1;8;3;680;07/10/2012
2012035980;3;1;1;3;2;680;04/11/2012
2012035981;5;2;3;1;6;690;04/01/2012
2012035982;1;2;1;1;6;690;17/01/2012
2012035983;5;2;1;2;2;690;19/01/2012
2012035984;5;2;2;1;6;690;20/01/2012
2012035985;1;2;2;1;1;690;29/01/2012
2012035986;1;2;1;1;6;690;23/02/2012
2012035987;1;2;9;1;3;690;24/02/2012
2012035988;1;2;3;1;6;690;23/02/2012
2012035989;1;2;1;1;3;690;15/02/2012
2012035990;5;2;2;1;4;690;18/02/2012
2012035991;1;2;2;1;1;690;28/02/2012
2012035992;5;1;6;2;3;690;06/03/2012
2012035993;1;1;1;8;1;690;06/03/2012
2012035994;5;2;3;1;6;690;16/03/2012
2012035995;1;2;3;1;6;690;22/03/2012
2012035996;1;1;1;7;7;690;30/03/2012
2012035997;1;2;3;1;6;690;12/04/2012
2012035998;1;2;2;8;3;690;20/04/2012
2012035999;1;2;1;1;6;690;28/04/2012
2012036000;1;2;1;1;6;690;10/05/2012
2012036001;1;2;1;8;6;690;22/05/2012
2012036002;1;2;6;1;6;690;29/05/2012
2012036003;5;2;6;1;6;690;02/06/2012
2012036004;1;2;6;3;6;690;07/06/2012
2012036005;3;1;1;1;6;690;04/07/2012
2012036006;1;2;2;2;6;690;02/07/2012
2012036007;1;2;1;1;4;690;11/07/2012
2012036008;1;2;3;1;6;690;10/07/2012
2012036009;2;2;6;1;3;690;20/07/2012
2012036010;1;2;6;9;2;690;18/07/2012
2012036011;1;2;3;1;3;690;27/07/2012
2012036012;1;2;3;1;6;690;30/07/2012
2012036013;1;2;1;1;2;690;08/08/2012
2012036014;1;2;2;1;6;690;09/08/2012
2012036015;1;2;3;1;2;690;09/09/2012
2012036016;1;2;2;1;6;690;28/09/2012
2012036017;1;2;1;1;4;690;20/09/2012
2012036018;1;2;2;8;3;690;10/10/2012
2012036019;1;2;9;1;7;690;16/10/2012
2012036020;5;2;2;1;6;690;24/10/2012
2012036021;5;2;2;1;1;690;02/11/2012
2012036022;5;2;3;1;1;690;06/12/2012
2012036023;5;2;4;2;1;690;14/12/2012
2012036024;1;2;2;8;3;690;17/12/2012
2012036025;5;2;1;1;2;690;20/12/2012
2012036026;5;2;1;2;6;690;22/12/2012
2012036027;1;2;2;1;3;690;29/12/2012
2012036028;1;2;1;1;6;690;17/01/2012
2012036029;5;2;3;1;6;690;18/01/2012
2012036030;1;2;1;1;2;690;28/01/2012
2012036031;2;2;1;2;6;690;27/01/2012
2012036032;1;2;1;1;6;690;03/02/2012
2012036033;2;2;1;1;6;690;08/02/2012
2012036034;1;2;3;1;4;690;13/02/2012
2012036035;1;2;3;2;6;690;15/02/2012
2012036036;1;2;1;1;6;690;25/02/2012
2012036037;1;2;1;1;6;690;28/02/2012
2012036038;5;2;1;1;6;690;06/02/2012
2012036039;1;2;4;1;6;690;28/02/2012
2012036040;5;2;1;1;6;690;09/03/2012
2012036041;5;2;1;1;6;690;16/03/2012
2012036042;5;2;6;2;7;690;18/03/2012
2012036043;1;2;1;1;6;690;06/05/2012
2012036044;1;2;3;1;6;690;20/03/2012
2012036045;1;2;1;1;6;690;25/03/2012
2012036046;5;2;1;1;7;690;31/03/2012
2012036047;1;2;3;1;6;690;04/04/2012
2012036048;1;2;2;1;7;690;06/04/2012
2012036049;1;2;2;1;6;690;19/04/2012
2012036050;1;2;1;1;6;690;23/04/2012
2012036051;1;2;1;1;2;690;02/05/2012
2012036052;1;2;1;1;6;690;06/05/2012
2012036053;1;2;1;1;3;690;12/05/2012
2012036054;1;2;3;1;3;690;14/05/2012
2012036055;1;2;1;1;6;690;14/05/2012
2012036056;1;2;1;1;1;690;27/05/2012
2012036057;1;2;1;1;6;690;30/05/2012
2012036058;5;2;1;2;2;690;02/06/2012
2012036059;1;2;3;1;3;690;02/06/2012
2012036060;1;2;1;1;6;690;07/06/2012
2012036061;1;2;4;8;3;690;12/06/2012
2012036062;1;2;1;1;3;690;18/06/2012
2012036063;1;2;2;1;1;690;28/06/2012
2012036064;1;2;1;1;2;690;04/07/2012
2012036065;1;2;1;1;6;690;09/07/2012
2012036066;1;2;1;1;6;690;18/07/2012
2012036067;1;2;1;1;6;690;21/07/2012
2012036068;1;2;1;1;2;690;30/07/2012
2012036069;5;2;1;1;2;690;31/07/2012
2012036070;1;2;6;1;2;690;03/08/2012
2012036071;5;2;1;2;6;690;05/08/2012
2012036072;1;2;1;1;6;690;08/08/2012
2012036073;2;2;1;1;7;690;15/08/2012
2012036074;1;2;1;1;6;690;27/08/2012
2012036075;1;2;3;1;3;690;07/09/2012
2012036076;1;2;1;2;3;690;12/09/2012
2012036077;1;2;1;1;3;690;08/09/2012
2012036078;1;2;1;1;6;690;16/09/2012
2012036079;5;2;1;1;5;690;17/09/2012
2012036080;1;2;9;1;3;690;18/09/2012
2012036081;1;2;1;8;7;690;18/09/2012
2012036082;1;2;1;1;6;690;19/09/2012
2012036083;1;2;1;1;3;690;28/09/2012
2012036084;1;2;1;1;3;690;01/10/2012
2012036085;2;2;1;1;6;690;17/09/2012
2012036086;1;2;2;8;3;690;12/10/2012
2012036087;1;2;1;1;6;690;13/10/2012
2012036088;1;2;1;1;6;690;20/10/2012
2012036089;1;2;1;1;3;690;19/10/2012
2012036090;1;2;1;1;2;690;20/10/2012
2012036091;5;2;3;2;5;690;04/11/2012
2012036092;1;2;1;1;3;690;07/11/2012
2012036093;5;1;1;3;7;690;10/11/2012
2012036094;5;2;1;8;6;690;10/11/2012
2012036095;5;2;1;1;6;690;11/11/2012
2012036096;5;2;4;8;6;690;13/11/2012
2012036097;1;2;1;1;1;690;17/11/2012
2012036098;3;2;1;5;4;690;20/11/2012
2012036099;5;2;1;1;6;690;23/11/2012
2012036100;2;2;1;1;6;690;04/12/2012
2012036101;5;2;1;8;3;690;24/11/2012
2012036102;5;2;1;3;6;690;26/11/2012
2012036103;2;2;1;1;2;690;28/11/2012
2012036104;1;2;1;2;3;690;28/11/2012
2012036105;1;2;2;1;3;690;29/11/2012
2012036106;1;2;3;1;1;690;30/11/2012
2012036107;5;2;3;1;1;690;04/12/2012
2012036108;3;2;1;9;6;690;05/12/2012
2012036109;5;2;2;2;6;690;05/12/2012