num_acc;lum;agg;inter;atm;col;dep;date
2012036110;2;2;1;2;2;690;17/12/2012
2012036111;5;2;3;1;3;690;19/12/2012
2012036112;1;2;1;1;6;690;19/12/2012
2012036113;1;2;1;1;4;690;23/12/2012
2012036114;5;2;1;1;3;690;24/12/2012
2012036115;1;2;1;1;5;690;31/12/2012
2012036116;1;2;1;8;6;690;04/01/2012
2012036117;1;2;3;1;3;690;17/01/2012
2012036118;1;2;1;2;2;690;27/01/2012
2012036119;1;2;1;1;2;690;08/03/2012
2012036120;5;2;1;1;7;690;18/03/2012
2012036121;1;2;3;1;3;690;29/03/2012
2012036122;1;2;1;1;6;690;02/04/2012
2012036123;1;2;4;3;6;690;12/04/2012
2012036124;1;2;1;1;6;690;17/04/2012
2012036125;1;2;2;2;3;690;21/04/2012
2012036126;1;1;1;1;7;690;24/04/2012
2012036127;1;2;1;1;3;690;03/05/2012
2012036128;1;2;2;8;3;690;06/05/2012
2012036129;1;2;1;1;3;690;13/06/2012
2012036130;1;2;1;1;1;690;14/06/2012
2012036131;1;2;1;1;6;690;14/06/2012
2012036132;1;2;1;1;4;690;16/06/2012
2012036133;1;1;1;1;2;690;18/06/2012
2012036134;1;2;1;1;6;690;24/06/2012
2012036135;1;2;1;3;6;690;02/07/2012
2012036136;1;2;3;2;3;690;05/07/2012
2012036137;1;2;1;8;6;690;05/07/2012
2012036138;1;2;1;1;6;690;10/07/2012
2012036139;1;2;6;1;6;690;11/07/2012
2012036140;1;2;2;1;3;690;11/07/2012
2012036141;5;2;2;1;3;690;12/07/2012
2012036142;1;2;2;1;3;690;21/07/2012
2012036143;5;2;1;1;3;690;24/07/2012
2012036144;1;2;1;1;6;690;05/08/2012
2012036145;1;1;1;1;1;690;06/08/2012
2012036146;1;2;1;8;2;690;25/08/2012
2012036147;1;2;1;3;1;690;31/08/2012
2012036148;2;2;2;3;6;690;12/09/2012
2012036149;1;2;1;1;6;690;16/09/2012
2012036150;1;2;3;1;6;690;21/09/2012
2012036151;1;2;3;1;6;690;22/09/2012
2012036152;1;2;4;1;3;690;24/09/2012
2012036153;1;2;1;1;6;690;18/09/2012
2012036154;5;2;1;6;6;690;26/09/2012
2012036155;1;2;1;3;2;690;26/09/2012
2012036156;1;2;1;1;2;690;28/09/2012
2012036157;1;2;1;1;6;690;28/09/2012
2012036158;1;2;1;1;3;690;27/09/2012
2012036159;1;2;1;1;2;690;24/10/2012
2012036160;1;1;1;2;6;690;22/10/2012
2012036161;5;2;1;1;1;690;23/11/2012
2012036162;1;2;1;8;3;690;23/11/2012
2012036163;1;2;2;1;3;690;12/12/2012
2012036164;1;2;1;3;6;690;14/12/2012
2012036165;2;2;1;1;2;690;16/12/2012
2012036166;1;2;1;1;1;690;18/12/2012
2012036167;1;1;1;1;6;690;22/12/2012
2012036168;1;2;1;2;6;690;05/01/2012
2012036169;2;2;1;8;6;690;03/01/2012
2012036170;5;2;1;1;7;690;10/01/2012
2012036171;5;2;3;8;1;690;13/01/2012
2012036172;1;2;1;1;6;690;03/01/2012
2012036173;1;2;1;8;2;690;18/01/2012
2012036174;1;2;3;1;4;690;09/02/2012
2012036175;1;2;1;1;3;690;03/02/2012
2012036176;2;2;1;1;6;690;10/02/2012
2012036177;1;2;3;1;3;690;01/03/2012
2012036178;1;2;1;1;6;690;02/03/2012
2012036179;1;2;1;1;6;690;13/03/2012
2012036180;1;2;1;1;6;690;17/03/2012
2012036181;1;2;1;2;3;690;18/03/2012
2012036182;5;2;1;1;4;690;12/03/2012
2012036183;1;2;4;1;6;690;21/03/2012
2012036184;1;2;1;1;6;690;13/04/2012
2012036185;1;2;1;1;2;690;21/03/2012
2012036186;1;2;1;1;4;690;02/04/2012
2012036187;1;2;1;1;2;690;31/03/2012
2012036188;1;2;1;8;5;690;10/04/2012
2012036189;1;2;2;1;6;690;08/05/2012
2012036190;1;2;9;1;4;690;15/05/2012
2012036191;1;2;1;1;3;690;15/05/2012
2012036192;1;2;1;1;7;690;16/05/2012
2012036193;1;2;1;1;6;690;21/05/2012
2012036194;1;2;1;1;3;690;25/05/2012
2012036195;1;2;1;1;6;690;26/05/2012
2012036196;1;2;2;1;3;690;30/05/2012
2012036197;1;2;1;1;6;690;30/05/2012
2012036198;5;2;1;1;7;690;01/06/2012
2012036199;1;2;1;8;6;690;04/06/2012
2012036200;5;2;1;1;6;690;12/06/2012
2012036201;1;2;1;1;6;690;21/06/2012
2012036202;1;2;3;1;1;690;25/06/2012
2012036203;1;2;1;1;6;690;11/07/2012
2012036204;1;2;3;1;1;690;03/07/2012
2012036205;1;2;2;1;3;690;06/07/2012
2012036206;1;2;3;1;3;690;20/07/2012
2012036207;1;2;1;1;6;690;17/07/2012
2012036208;1;2;1;1;6;690;22/07/2012
2012036209;1;2;2;1;3;690;17/08/2012
2012036210;1;2;2;1;3;690;29/08/2012
2012036211;1;2;3;8;6;690;04/09/2012
2012036212;1;2;1;1;1;690;04/09/2012
2012036213;5;2;1;2;6;690;22/09/2012
2012036214;1;2;2;3;1;690;26/09/2012
2012036215;2;2;1;1;6;690;01/10/2012
2012036216;2;2;1;1;6;690;22/10/2012
2012036217;1;2;1;1;3;690;28/10/2012
2012036218;1;2;1;1;6;690;06/11/2012
2012036219;5;2;1;1;6;690;14/11/2012
2012036220;1;2;1;1;2;690;19/11/2012
2012036221;1;2;1;1;7;690;23/11/2012
2012036222;5;2;1;1;3;690;23/11/2012
2012036223;2;2;1;1;6;690;22/11/2012
2012036224;5;2;3;2;6;690;26/11/2012
2012036225;2;2;1;2;6;690;03/12/2012
2012036226;1;2;1;8;1;690;28/12/2012
2012036227;5;2;1;1;3;690;06/12/2012
2012036228;5;2;1;3;5;690;13/12/2012
2012036229;5;2;3;2;6;690;13/12/2012
2012036230;1;2;1;3;6;690;14/12/2012
2012036231;2;2;1;8;7;690;17/12/2012
2012036232;1;2;1;2;6;690;18/12/2012
2012036233;1;2;1;8;3;690;21/12/2012
2012036234;3;2;3;2;3;690;20/01/2012
2012036235;1;2;7;1;6;690;23/01/2012
2012036236;5;2;1;1;6;690;23/01/2012
2012036237;1;2;1;1;3;690;14/02/2012
2012036238;5;2;1;1;6;690;04/03/2012
2012036239;5;2;2;8;3;690;04/03/2012
2012036240;5;2;4;1;6;690;08/03/2012
2012036241;1;2;1;1;3;690;12/03/2012
2012036242;1;2;1;1;2;690;17/03/2012
2012036243;1;2;3;1;6;690;21/03/2012
2012036244;1;2;3;1;6;690;22/03/2012
2012036245;1;2;2;1;6;690;29/03/2012
2012036246;1;2;6;1;3;690;29/03/2012
2012036247;1;2;2;1;3;690;23/04/2012
2012036248;1;2;2;1;3;690;09/05/2012
2012036249;1;2;3;1;3;690;11/05/2012
2012036250;5;2;2;1;3;690;13/05/2012
2012036251;1;2;2;1;3;690;16/05/2012
2012036252;1;2;2;1;2;690;18/05/2012
2012036253;1;2;1;3;4;690;10/06/2012
2012036254;1;2;2;1;3;690;27/06/2012
2012036255;1;2;2;1;3;690;14/07/2012
2012036256;1;2;3;1;3;690;17/07/2012
2012036257;1;2;3;1;6;690;24/07/2012
2012036258;1;2;6;1;6;690;24/07/2012
2012036259;5;2;2;1;3;690;25/07/2012
2012036260;1;2;3;1;6;690;10/07/2012
2012036261;1;2;1;1;6;690;30/07/2012
2012036262;5;2;1;1;6;690;31/07/2012
2012036263;1;2;2;1;6;690;03/08/2012
2012036264;1;2;3;1;6;690;31/08/2012
2012036265;1;2;1;1;4;690;03/09/2012
2012036266;4;2;1;1;6;690;13/09/2012
2012036267;1;2;3;1;3;690;16/09/2012
2012036268;1;2;3;1;3;690;17/09/2012
2012036269;1;2;3;1;6;690;24/09/2012
2012036270;1;2;1;1;3;690;28/09/2012
2012036271;1;2;1;2;1;690;30/09/2012
2012036272;5;2;3;1;6;690;01/10/2012
2012036273;1;2;1;1;6;690;05/10/2012
2012036274;1;2;3;1;6;690;05/10/2012
2012036275;1;2;1;2;7;690;09/10/2012
2012036276;1;2;2;1;6;690;12/10/2012
2012036277;5;2;6;1;6;690;01/11/2012
2012036278;5;2;2;1;3;690;02/11/2012
2012036279;5;2;3;8;6;690;28/11/2012
2012036280;1;2;1;1;3;690;05/11/2012
2012036281;1;2;3;1;6;690;20/11/2012
2012036282;4;2;3;2;6;690;13/12/2012
2012036283;5;2;1;2;6;690;18/12/2012
2012036284;5;2;1;2;2;690;18/12/2012
2012036285;5;2;2;2;6;690;20/12/2012
2012036286;2;2;2;2;3;690;18/12/2012
2012036287;5;2;2;8;6;690;03/12/2012
2012036288;5;2;1;1;6;690;09/01/2012
2012036289;1;2;1;1;6;690;12/01/2012
2012036290;1;1;1;1;6;690;16/01/2012
2012036291;1;2;3;1;6;690;17/01/2012
2012036292;1;2;1;8;2;690;17/01/2012
2012036293;5;2;2;2;6;690;20/01/2012
2012036294;5;2;1;2;6;690;20/01/2012
2012036295;5;2;1;8;6;690;21/01/2012
2012036296;4;2;3;1;2;690;23/01/2012
2012036297;5;2;1;2;6;690;23/01/2012
2012036298;1;2;1;1;6;690;25/01/2012
2012036299;1;2;2;1;3;690;23/01/2012
2012036300;5;2;3;1;1;690;28/01/2012
2012036301;5;2;3;1;6;690;28/01/2012
2012036302;1;2;3;1;6;690;25/01/2012
2012036303;1;2;1;1;4;690;31/01/2012
2012036304;1;2;1;1;3;690;07/02/2012
2012036305;1;2;1;1;3;690;08/02/2012
2012036306;1;2;1;1;6;690;11/02/2012
2012036307;1;2;1;1;6;690;13/02/2012
2012036308;1;2;1;7;3;690;18/02/2012
2012036309;1;2;1;1;1;690;27/02/2012
2012036310;1;2;3;1;3;690;27/02/2012
2012036311;1;2;1;1;6;690;01/03/2012
2012036312;5;2;1;1;6;690;06/03/2012
2012036313;1;2;3;1;3;690;11/03/2012
2012036314;5;2;1;1;6;690;28/02/2012
2012036315;5;2;4;1;2;690;10/03/2012
2012036316;5;2;3;1;6;690;17/03/2012
2012036317;5;2;3;3;3;690;19/03/2012
2012036318;1;2;6;1;2;690;14/03/2012
2012036319;1;2;1;1;6;690;25/03/2012
2012036320;1;2;1;1;6;690;22/03/2012
2012036321;1;2;1;1;6;690;22/03/2012
2012036322;4;2;1;1;3;690;25/03/2012
2012036323;1;2;1;1;2;690;27/03/2012
2012036324;5;2;1;1;7;690;31/03/2012
2012036325;1;2;1;1;6;690;02/04/2012
2012036326;1;2;1;8;6;690;12/04/2012
2012036327;1;2;3;1;3;690;02/04/2012
2012036328;1;2;2;1;7;690;14/04/2012
2012036329;1;2;1;3;6;690;24/04/2012
2012036330;1;2;2;3;6;690;10/04/2012
2012036331;1;2;2;6;3;690;26/04/2012
2012036332;1;2;1;1;6;690;09/04/2012
2012036333;5;2;1;2;6;690;19/04/2012
2012036334;1;2;3;1;2;690;07/04/2012
2012036335;5;2;1;8;3;690;04/04/2012
2012036336;1;2;2;1;3;690;05/04/2012
2012036337;1;2;1;1;6;690;28/04/2012
2012036338;1;2;1;1;6;690;03/05/2012
2012036339;1;2;1;1;6;690;07/05/2012
2012036340;1;2;3;2;3;690;08/05/2012
2012036341;4;2;3;2;6;690;08/05/2012
2012036342;1;2;1;1;1;690;11/05/2012
2012036343;1;2;1;1;6;690;12/05/2012
2012036344;1;2;2;1;3;690;14/05/2012
2012036345;1;2;2;1;3;690;17/05/2012
2012036346;5;2;1;1;1;690;20/05/2012
2012036347;1;2;1;1;3;690;24/05/2012
2012036348;1;2;1;1;3;690;22/05/2012
2012036349;1;2;1;1;6;690;31/05/2012
2012036350;1;2;3;1;3;690;29/05/2012
2012036351;1;2;1;1;6;690;31/05/2012
2012036352;1;2;1;1;6;690;31/05/2012
2012036353;1;2;1;1;2;690;04/06/2012
2012036354;1;2;1;2;6;690;06/06/2012
2012036355;1;2;1;1;3;690;07/06/2012
2012036356;1;2;1;1;2;690;14/06/2012
2012036357;4;2;1;1;3;690;16/06/2012
2012036358;1;2;1;8;6;690;19/06/2012
2012036359;1;2;1;1;6;690;21/06/2012
2012036360;1;2;1;1;6;690;27/06/2012
2012036361;1;2;1;1;3;690;26/06/2012
2012036362;1;2;1;3;6;690;01/07/2012
2012036363;1;2;1;1;1;690;06/07/2012
2012036364;1;2;2;1;6;690;07/07/2012
2012036365;1;2;3;1;3;690;11/07/2012
2012036366;1;2;2;1;3;690;16/07/2012
2012036367;1;2;3;1;3;690;18/07/2012
2012036368;1;2;1;1;2;690;23/07/2012
2012036369;1;2;2;1;1;690;23/07/2012
2012036370;1;2;3;1;3;690;21/07/2012
2012036371;1;2;1;1;2;690;07/08/2012
2012036372;1;1;3;1;6;690;27/07/2012
2012036373;1;2;1;1;6;690;26/07/2012
2012036374;3;2;1;1;7;690;28/07/2012
2012036375;1;2;1;1;6;690;28/07/2012
2012036376;1;2;9;1;6;690;24/09/2012
2012036377;1;2;1;1;2;690;01/08/2012
2012036378;5;1;1;1;1;690;04/08/2012
2012036379;4;2;3;3;3;690;05/08/2012
2012036380;1;2;1;1;2;690;10/08/2012
2012036381;1;2;1;1;6;690;10/08/2012
2012036382;5;2;9;1;3;690;12/08/2012
2012036383;1;2;6;1;6;690;13/08/2012
2012036384;5;2;1;1;6;690;15/08/2012
2012036385;1;2;1;1;6;690;17/08/2012
2012036386;1;2;1;1;6;690;19/08/2012
2012036387;5;2;2;3;3;690;29/08/2012
2012036388;1;2;9;1;3;690;03/09/2012
2012036389;1;2;1;1;6;690;07/09/2012
2012036390;1;2;1;1;6;690;10/09/2012
2012036391;1;2;1;1;6;690;13/09/2012
2012036392;1;2;3;1;3;690;17/09/2012
2012036393;1;2;2;1;3;690;21/09/2012
2012036394;5;2;2;1;3;690;22/09/2012
2012036395;5;2;1;1;6;690;27/09/2012
2012036396;1;2;3;1;1;690;27/09/2012
2012036397;1;2;1;1;3;690;04/09/2012
2012036398;4;2;1;1;3;690;01/10/2012
2012036399;1;2;1;1;6;690;04/10/2012
2012036400;1;2;2;1;3;690;05/10/2012
2012036401;1;2;2;1;3;690;06/10/2012
2012036402;2;2;1;2;5;690;08/10/2012
2012036403;2;2;3;1;6;690;11/10/2012
2012036404;5;2;1;2;6;690;12/10/2012
2012036405;1;2;1;1;3;690;12/10/2012
2012036406;1;2;2;1;6;690;13/10/2012
2012036407;1;2;2;1;1;690;16/10/2012
2012036408;4;2;2;6;3;690;17/10/2012
2012036409;2;2;1;1;6;690;18/10/2012
2012036410;5;2;1;1;2;690;19/10/2012
2012036411;5;2;8;1;6;690;18/10/2012
2012036412;1;2;1;1;3;690;19/10/2012
2012036413;2;2;2;8;3;690;25/10/2012
2012036414;3;2;1;1;3;690;25/10/2012
2012036415;1;2;1;2;6;690;26/10/2012
2012036416;5;2;1;1;6;690;30/10/2012
2012036417;1;2;1;1;4;690;03/11/2012
2012036418;1;2;9;1;3;690;03/11/2012
2012036419;1;2;1;1;6;690;07/11/2012
2012036420;5;2;3;1;6;690;11/11/2012
2012036421;5;2;1;1;6;690;16/11/2012
2012036422;1;2;1;1;2;690;08/11/2012
2012036423;1;2;1;1;6;690;17/11/2012
2012036424;1;2;1;1;2;690;20/11/2012
2012036425;1;2;1;1;6;690;24/11/2012
2012036426;1;2;1;8;3;690;25/11/2012
2012036427;1;2;2;1;2;690;26/11/2012
2012036428;1;2;1;3;6;690;28/11/2012
2012036429;5;2;1;1;6;690;30/11/2012
2012036430;5;2;1;1;6;690;29/11/2012
2012036431;1;2;9;8;3;690;02/12/2012
2012036432;5;1;1;1;5;690;30/11/2012
2012036433;5;2;1;2;6;690;05/12/2012
2012036434;5;2;1;2;6;690;07/12/2012
2012036435;1;2;2;1;6;690;09/12/2012
2012036436;5;2;1;2;5;690;07/12/2012
2012036437;5;2;1;3;2;690;14/12/2012
2012036438;5;2;1;3;7;690;14/12/2012
2012036439;1;2;2;1;3;690;15/12/2012
2012036440;3;2;1;1;6;690;16/12/2012
2012036441;5;2;1;1;6;690;26/12/2012
2012036442;1;2;1;1;3;690;10/12/2012
2012036443;1;2;1;1;6;690;21/12/2012
2012036444;1;2;1;2;2;690;27/12/2012
2012036445;1;2;2;1;3;690;26/12/2012
2012036446;1;2;1;1;6;690;17/01/2012
2012036447;5;2;3;1;3;690;04/02/2012
2012036448;5;2;1;1;6;690;05/02/2012
2012036449;1;1;1;1;6;690;30/04/2012
2012036450;5;2;3;1;3;690;25/03/2012
2012036451;1;2;3;1;3;690;02/04/2012
2012036452;1;2;3;1;3;690;11/06/2012
2012036453;1;2;1;1;6;690;12/05/2012
2012036454;1;2;1;1;2;690;17/05/2012
2012036455;1;2;1;1;3;690;04/06/2012
2012036456;1;2;3;1;6;690;06/03/2012
2012036457;1;2;1;1;6;690;07/06/2012
2012036458;1;2;6;1;3;690;15/06/2012
2012036459;1;2;1;1;6;690;07/06/2012
2012036460;1;2;3;1;3;690;29/06/2012
2012036461;1;2;1;1;4;690;23/07/2012
2012036462;1;2;4;1;3;690;05/09/2012
2012036463;2;1;1;1;3;690;09/09/2012
2012036464;5;2;1;1;6;690;08/09/2012
2012036465;1;2;6;1;6;690;29/06/2012
2012036466;1;2;1;1;6;690;21/10/2012
2012036467;5;2;1;1;5;690;25/10/2012
2012036468;1;1;1;2;3;690;02/11/2012
2012036469;1;2;1;1;6;690;29/10/2012
2012036470;5;2;1;1;6;690;01/12/2012
2012036471;1;2;1;1;6;690;28/12/2012
2012036472;5;2;1;1;2;690;14/01/2012
2012036473;2;2;1;8;6;690;19/01/2012
2012036474;1;1;1;1;6;690;15/01/2012
2012036475;5;2;1;1;1;690;25/01/2012
2012036476;1;2;1;1;2;690;10/02/2012
2012036477;5;2;1;1;6;690;12/02/2012
2012036478;1;2;3;1;3;690;18/01/2012
2012036479;4;2;1;1;6;690;09/02/2012
2012036480;1;2;2;1;6;690;06/02/2012
2012036481;5;2;6;1;7;690;08/02/2012
2012036482;1;2;2;2;3;690;15/02/2012
2012036483;1;2;1;1;6;690;17/02/2012
2012036484;1;2;1;1;6;690;17/02/2012
2012036485;1;2;1;8;7;690;18/02/2012
2012036486;1;2;1;1;1;690;21/02/2012
2012036487;5;2;7;1;6;690;25/02/2012
2012036488;1;2;1;1;6;690;28/02/2012
2012036489;5;2;1;1;3;690;01/03/2012
2012036490;1;2;1;1;6;690;12/03/2012
2012036491;1;2;1;7;3;690;15/03/2012
2012036492;1;2;2;1;6;690;19/03/2012
2012036493;1;2;1;1;6;690;24/03/2012
2012036494;5;2;3;1;6;690;24/03/2012
2012036495;1;2;1;1;6;690;27/03/2012
2012036496;4;2;7;1;3;690;29/03/2012
2012036497;1;2;2;1;6;690;03/04/2012
2012036498;1;2;3;1;2;690;28/03/2012
2012036499;1;2;1;1;6;690;04/04/2012
2012036500;1;2;1;1;6;690;04/04/2012
2012036501;1;2;3;1;4;690;10/04/2012
2012036502;5;2;1;2;6;690;19/04/2012
2012036503;4;2;3;3;6;690;29/04/2012
2012036504;5;2;2;6;3;690;25/04/2012
2012036505;1;2;3;1;6;690;09/05/2012
2012036506;5;2;1;1;7;690;12/05/2012
2012036507;1;2;2;1;1;690;26/05/2012
2012036508;2;2;1;1;3;690;28/05/2012
2012036509;1;2;1;1;6;690;29/05/2012
2012036510;1;2;3;1;3;690;29/05/2012
2012036511;1;2;3;1;3;690;01/06/2012
2012036512;1;2;1;1;2;690;04/06/2012
2012036513;1;2;2;2;6;690;10/06/2012
2012036514;1;2;1;1;6;690;14/06/2012
2012036515;1;2;2;1;3;690;15/06/2012
2012036516;1;2;1;1;1;690;17/06/2012
2012036517;1;2;2;1;6;690;21/06/2012
2012036518;1;2;1;1;5;690;22/06/2012
2012036519;1;2;1;1;6;690;22/06/2012
2012036520;1;2;3;1;6;690;22/06/2012
2012036521;5;2;2;1;1;690;25/06/2012
2012036522;1;2;3;8;3;690;26/06/2012
2012036523;1;2;1;1;6;690;05/07/2012
2012036524;1;2;1;1;3;690;03/07/2012
2012036525;1;2;6;1;3;690;09/07/2012
2012036526;1;2;3;1;6;690;14/07/2012
2012036527;1;2;1;1;6;690;20/07/2012
2012036528;1;2;2;1;6;690;23/07/2012
2012036529;1;2;1;1;3;690;19/07/2012
2012036530;1;2;1;1;6;690;05/08/2012
2012036531;1;2;3;1;6;690;06/08/2012
2012036532;5;2;1;1;6;690;11/08/2012
2012036533;5;2;1;1;6;690;20/08/2012
2012036534;1;2;2;1;6;690;27/08/2012
2012036535;5;2;3;3;3;690;31/08/2012
2012036536;5;2;2;1;3;690;07/09/2012
2012036537;5;2;2;1;3;690;08/09/2012
2012036538;1;2;5;1;3;690;13/09/2012
2012036539;1;2;1;1;6;690;15/09/2012
2012036540;5;2;2;1;3;690;22/09/2012
2012036541;5;2;3;1;3;690;12/10/2012
2012036542;5;2;1;1;6;690;02/10/2012
2012036543;1;2;1;1;6;690;05/10/2012
2012036544;5;2;1;2;3;690;08/10/2012
2012036545;1;2;2;1;3;690;10/10/2012
2012036546;5;2;3;2;3;690;10/10/2012
2012036547;1;2;4;1;6;690;12/10/2012
2012036548;1;2;1;1;3;690;13/10/2012
2012036549;1;2;3;1;6;690;19/10/2012
2012036550;5;2;6;1;1;690;23/10/2012
2012036551;5;2;1;1;6;690;25/10/2012
2012036552;5;2;2;2;3;690;27/10/2012
2012036553;5;2;1;1;7;690;27/10/2012
2012036554;5;2;2;2;3;690;04/11/2012
2012036555;1;2;1;2;6;690;05/11/2012
2012036556;5;2;3;5;3;690;08/11/2012
2012036557;1;2;3;1;3;690;08/11/2012
2012036558;2;2;3;1;3;690;12/11/2012
2012036559;1;2;1;1;3;690;12/11/2012
2012036560;5;2;1;1;1;690;16/11/2012
2012036561;5;2;2;1;3;690;17/11/2012
2012036562;4;2;1;3;6;690;26/11/2012
2012036563;5;2;8;8;6;690;29/11/2012
2012036564;1;2;2;1;6;690;01/12/2012
2012036565;4;2;6;1;3;690;01/12/2012
2012036566;1;2;2;2;6;690;03/12/2012
2012036567;3;2;1;8;2;690;15/12/2012
2012036568;5;2;1;1;6;690;11/12/2012
2012036569;2;2;2;2;6;690;10/12/2012
2012036570;2;2;3;1;6;690;20/12/2012
2012036571;1;2;2;1;3;690;21/12/2012
2012036572;1;2;2;1;6;690;26/12/2012
2012036573;1;2;1;1;1;690;27/12/2012
2012036574;1;2;1;1;3;690;14/01/2012
2012036575;1;2;2;1;3;690;14/05/2012
2012036576;1;2;1;1;2;690;21/05/2012
2012036577;1;2;1;1;2;690;27/05/2012
2012036578;1;2;1;1;6;690;31/05/2012
2012036579;1;2;1;1;3;690;31/05/2012
2012036580;1;2;2;1;3;690;28/05/2012
2012036581;1;2;3;2;6;690;31/08/2012
2012036582;1;2;2;2;3;690;26/09/2012
2012036583;5;2;6;1;2;690;29/09/2012
2012036584;1;2;1;1;6;690;29/10/2012
2012036585;1;1;1;1;7;690;23/10/2012
2012036586;1;2;2;1;3;690;30/10/2012
2012036587;1;2;3;1;6;690;07/11/2012
2012036588;1;2;1;1;6;690;14/11/2012
2012036589;5;2;2;5;3;690;21/11/2012
2012036590;4;2;4;1;1;690;20/11/2012
2012036591;5;2;1;1;6;690;23/11/2012
2012036592;1;2;1;1;6;690;17/01/2012
2012036593;1;2;2;1;6;690;15/03/2012
2012036594;1;2;3;1;6;690;06/05/2012
2012036595;1;2;1;1;4;690;17/05/2012
2012036596;1;2;1;1;3;690;22/06/2012
2012036597;1;2;1;1;3;690;10/07/2012
2012036598;1;2;3;1;3;690;16/07/2012
2012036599;1;2;2;1;6;690;20/06/2012
2012036600;1;2;3;1;7;690;10/09/2012
2012036601;5;2;2;2;2;690;26/10/2012
2012036602;1;2;1;8;3;690;19/01/2012
2012036603;1;2;1;9;6;690;04/02/2012
2012036604;1;2;6;1;3;690;03/02/2012
2012036605;1;2;3;9;3;690;10/02/2012
2012036606;1;2;1;1;6;690;06/03/2012
2012036607;1;2;3;1;1;690;15/03/2012
2012036608;1;2;1;1;1;690;24/04/2012
2012036609;1;2;3;1;3;690;02/05/2012
2012036610;1;2;2;1;3;690;15/05/2012
2012036611;1;2;3;3;6;690;21/05/2012
2012036612;1;2;1;1;6;690;29/05/2012
2012036613;1;2;1;3;3;690;08/06/2012
2012036614;1;2;1;1;3;690;24/07/2012
2012036615;5;2;1;1;3;690;22/07/2012
2012036616;1;2;1;1;1;690;07/08/2012
2012036617;1;2;1;1;6;690;14/08/2012
2012036618;1;2;3;8;3;690;24/09/2012
2012036619;1;2;1;5;3;690;11/10/2012
2012036620;1;2;2;1;6;690;29/10/2012
2012036621;2;2;1;1;6;690;30/10/2012
2012036622;1;2;1;1;2;690;02/11/2012
2012036623;1;2;2;1;1;690;17/11/2012
2012036624;1;2;1;8;2;690;18/12/2012
2012036625;1;2;1;1;5;690;26/12/2012
2012036626;2;2;1;1;6;690;23/12/2012
2012036627;1;2;1;1;6;690;10/01/2012
2012036628;1;2;1;3;6;690;20/01/2012
2012036629;1;2;2;2;3;690;21/01/2012
2012036630;1;2;1;2;3;690;21/01/2012
2012036631;1;2;1;1;6;690;25/01/2012
2012036632;5;2;1;1;2;690;16/01/2012
2012036633;1;2;2;1;3;690;08/02/2012
2012036634;1;2;1;1;3;690;11/02/2012
2012036635;1;2;2;1;6;690;24/02/2012
2012036636;5;2;6;2;6;690;04/03/2012
2012036637;1;2;3;1;6;690;05/03/2012
2012036638;1;2;3;1;3;690;12/03/2012
2012036639;1;2;1;1;6;690;06/04/2012
2012036640;1;2;1;1;7;690;09/04/2012
2012036641;1;2;1;1;6;690;02/04/2012
2012036642;1;2;2;1;2;690;05/04/2012
2012036643;1;2;3;6;6;690;25/04/2012
2012036644;1;2;2;1;1;690;26/04/2012
2012036645;5;2;1;1;6;690;30/04/2012
2012036646;1;2;2;2;3;690;02/05/2012
2012036647;1;2;1;1;3;690;02/05/2012
2012036648;5;2;1;1;6;690;07/05/2012
2012036649;1;2;1;3;6;690;21/05/2012
2012036650;1;2;1;2;7;690;21/05/2012
2012036651;5;2;1;1;4;690;24/05/2012
2012036652;1;2;1;2;7;690;27/05/2012
2012036653;1;2;3;1;3;690;31/05/2012
2012036654;1;2;1;1;4;690;01/06/2012
2012036655;1;2;1;1;3;690;04/06/2012
2012036656;1;2;2;1;1;690;07/06/2012
2012036657;1;2;1;1;1;690;09/06/2012
2012036658;1;2;1;1;6;690;15/06/2012
2012036659;1;2;3;1;3;690;18/06/2012
2012036660;1;2;1;1;2;690;21/06/2012
2012036661;1;2;3;1;2;690;24/06/2012
2012036662;1;2;1;1;6;690;03/07/2012
2012036663;1;2;2;3;3;690;01/07/2012
2012036664;5;1;1;1;6;690;06/07/2012
2012036665;1;2;1;1;6;690;23/07/2012
2012036666;1;2;1;1;4;690;20/07/2012
2012036667;1;2;3;1;3;690;20/07/2012
2012036668;1;2;1;1;6;690;17/07/2012
2012036669;1;2;1;1;7;690;29/07/2012
2012036670;1;2;1;1;6;690;30/07/2012
2012036671;1;2;2;1;3;690;31/07/2012
2012036672;1;2;2;1;6;690;31/07/2012
2012036673;1;2;1;1;2;690;07/08/2012
2012036674;1;2;2;1;3;690;09/08/2012
2012036675;1;2;2;1;3;690;29/08/2012
2012036676;1;2;1;1;2;690;06/09/2012
2012036677;1;2;3;1;6;690;15/09/2012
2012036678;1;2;1;8;2;690;18/09/2012
2012036679;1;2;1;1;3;690;20/09/2012
2012036680;1;2;6;1;6;690;27/09/2012
2012036681;3;2;1;1;1;690;03/10/2012
2012036682;1;2;3;1;6;690;08/10/2012
2012036683;1;2;1;2;3;690;08/10/2012
2012036684;1;2;1;1;6;690;16/10/2012
2012036685;2;2;2;1;6;690;22/10/2012
2012036686;5;2;2;1;3;690;29/10/2012
2012036687;3;2;1;1;1;690;30/10/2012
2012036688;1;2;3;1;3;690;02/11/2012
2012036689;1;2;2;8;6;690;06/11/2012
2012036690;3;2;1;1;1;690;13/11/2012