num_acc;lum;agg;inter;atm;col;dep;date
2012037272;1;2;1;1;1;760;17/08/2012
2012037273;1;2;3;1;2;760;17/08/2012
2012037274;1;2;1;1;7;760;17/08/2012
2012037275;1;1;1;1;1;760;21/08/2012
2012037276;1;2;3;1;3;760;24/08/2012
2012037277;1;2;1;1;3;760;30/08/2012
2012037278;1;2;4;1;7;760;31/08/2012
2012037279;1;2;1;1;6;760;01/09/2012
2012037280;1;1;1;1;7;760;01/09/2012
2012037281;1;2;1;2;7;760;03/09/2012
2012037282;1;2;1;1;7;760;07/09/2012
2012037283;1;1;1;1;2;760;07/09/2012
2012037284;1;2;1;1;2;760;08/09/2012
2012037285;1;2;1;1;6;760;08/09/2012
2012037286;2;2;1;1;7;760;09/09/2012
2012037287;1;2;1;1;6;760;12/09/2012
2012037288;5;2;2;1;3;760;15/09/2012
2012037289;1;2;3;1;3;760;15/09/2012
2012037290;1;2;2;1;3;760;18/09/2012
2012037291;1;2;5;1;3;760;19/09/2012
2012037292;5;2;2;1;3;760;20/09/2012
2012037293;1;2;7;1;7;760;23/09/2012
2012037294;1;2;1;2;6;760;27/09/2012
2012037295;1;1;6;1;2;760;28/09/2012
2012037296;1;2;1;1;2;760;29/09/2012
2012037297;1;2;1;1;6;760;08/10/2012
2012037298;1;2;1;3;6;760;09/10/2012
2012037299;1;2;2;2;3;760;11/10/2012
2012037300;2;2;1;3;7;760;11/10/2012
2012037301;5;2;2;2;2;760;12/10/2012
2012037302;1;2;1;1;6;760;12/10/2012
2012037303;5;2;4;2;3;760;14/10/2012
2012037304;5;2;1;1;7;760;15/10/2012
2012037305;3;1;4;2;6;760;16/10/2012
2012037306;5;2;1;1;7;760;17/10/2012
2012037307;1;2;5;1;6;760;19/10/2012
2012037308;5;2;2;1;3;760;22/10/2012
2012037309;1;2;1;1;2;760;24/10/2012
2012037310;1;2;2;1;7;760;25/10/2012
2012037311;1;2;3;1;2;760;26/10/2012
2012037312;5;2;1;3;7;760;25/10/2012
2012037313;1;2;2;1;6;760;27/10/2012
2012037314;5;2;1;2;6;760;27/10/2012
2012037315;5;2;2;2;2;760;28/10/2012
2012037316;1;1;1;1;6;760;29/10/2012
2012037317;5;2;1;2;7;760;01/11/2012
2012037318;1;2;3;1;3;760;02/11/2012
2012037319;5;2;1;2;1;760;03/11/2012
2012037320;1;1;1;1;6;760;03/11/2012
2012037321;1;2;1;1;6;760;06/11/2012
2012037322;2;2;3;1;3;760;06/11/2012
2012037323;5;2;2;1;3;760;06/11/2012
2012037324;5;2;2;1;3;760;09/11/2012
2012037325;1;2;1;2;6;760;11/11/2012
2012037326;5;2;2;1;3;760;12/11/2012
2012037327;1;2;2;1;6;760;13/11/2012
2012037328;1;2;2;1;6;760;18/11/2012
2012037329;5;2;3;1;3;760;21/11/2012
2012037330;5;2;2;1;6;760;22/11/2012
2012037331;1;1;1;2;7;760;23/11/2012
2012037332;5;2;2;1;3;760;24/11/2012
2012037333;5;2;2;1;3;760;25/11/2012
2012037334;5;2;1;2;3;760;28/11/2012
2012037335;5;2;2;1;3;760;29/11/2012
2012037336;5;2;4;1;1;760;29/11/2012
2012037337;1;2;1;1;6;760;30/11/2012
2012037338;5;2;2;1;4;760;02/12/2012
2012037339;5;2;3;2;6;760;04/12/2012
2012037340;1;2;2;1;3;760;07/12/2012
2012037341;5;1;1;1;3;760;08/12/2012
2012037342;5;1;1;1;6;760;08/12/2012
2012037343;5;2;2;3;3;760;09/12/2012
2012037344;1;2;1;1;6;760;11/12/2012
2012037345;5;1;1;4;7;760;12/12/2012
2012037346;1;2;2;4;7;760;13/12/2012
2012037347;5;2;1;1;6;760;17/12/2012
2012037348;1;2;1;1;7;760;17/12/2012
2012037349;1;2;1;1;2;760;17/12/2012
2012037350;2;2;3;1;3;760;19/12/2012
2012037351;5;2;3;2;3;760;19/12/2012
2012037352;1;2;5;2;6;760;20/12/2012
2012037353;5;2;3;2;6;760;20/12/2012
2012037354;5;2;1;1;6;760;21/12/2012
2012037355;5;2;1;1;6;760;23/12/2012
2012037356;1;2;1;1;7;760;24/12/2012
2012037357;5;2;1;3;6;760;24/12/2012
2012037358;1;1;1;3;3;760;27/12/2012
2012037359;5;2;1;1;7;760;28/12/2012
2012037360;5;2;1;1;7;760;29/12/2012
2012037361;1;1;1;1;7;760;30/12/2012
2012037362;5;2;1;1;3;760;30/12/2012
2012037363;5;2;1;1;7;760;22/12/2012
2012037364;5;2;1;1;7;760;24/12/2012
2012037365;5;2;1;3;6;760;22/12/2012
2012037366;5;2;2;2;3;760;01/01/2012
2012037367;5;2;1;2;4;760;04/01/2012
2012037368;1;2;1;1;4;760;06/01/2012
2012037369;5;2;1;1;5;760;10/01/2012
2012037370;1;2;1;1;2;760;06/01/2012
2012037371;1;2;1;3;2;760;29/11/2012
2012037372;5;2;2;9;6;760;27/12/2012
2012037373;5;2;1;2;7;760;29/12/2012
2012037374;1;2;3;1;3;760;11/01/2012
2012037375;1;2;1;2;7;760;07/01/2012
2012037376;1;2;1;1;1;760;11/01/2012
2012037377;1;2;1;1;3;760;14/01/2012
2012037378;1;1;1;1;4;760;13/01/2012
2012037379;5;2;3;2;6;760;18/01/2012
2012037380;5;2;1;1;6;760;19/01/2012
2012037381;5;2;2;1;6;760;20/01/2012
2012037382;2;2;1;1;6;760;20/01/2012
2012037383;5;2;2;2;6;760;20/01/2012
2012037384;3;2;1;2;6;760;24/01/2012
2012037385;5;2;1;2;6;760;05/01/2012
2012037386;1;1;1;3;2;760;24/01/2012
2012037387;2;2;1;1;6;760;24/01/2012
2012037388;1;2;3;1;3;760;25/01/2012
2012037389;4;1;1;2;7;760;25/01/2012
2012037390;2;2;1;2;1;760;27/01/2012
2012037391;5;2;3;9;3;760;28/01/2012
2012037392;1;2;6;1;3;760;29/01/2012
2012037393;1;1;3;1;1;760;02/02/2012
2012037394;5;2;1;1;7;760;03/02/2012
2012037395;1;2;3;1;6;760;02/02/2012
2012037396;1;2;1;1;6;760;03/02/2012
2012037397;1;2;1;1;2;760;01/02/2012
2012037398;1;2;1;1;1;760;14/02/2012
2012037399;5;2;1;2;3;760;19/02/2012
2012037400;1;1;3;1;3;760;18/02/2012
2012037401;1;2;1;1;2;760;21/02/2012
2012037402;5;1;2;1;3;760;22/02/2012
2012037403;5;2;1;1;3;760;22/02/2012
2012037404;5;2;6;1;7;760;05/02/2012
2012037405;1;2;1;2;6;760;23/02/2012
2012037406;1;1;2;8;2;760;27/02/2012
2012037407;5;2;1;2;7;760;29/02/2012
2012037408;5;2;1;1;7;760;27/02/2012
2012037409;1;1;1;3;3;760;03/03/2012
2012037410;1;2;3;3;4;760;06/03/2012
2012037411;1;2;2;3;3;760;04/03/2012
2012037412;5;2;2;1;3;760;06/03/2012
2012037413;1;1;1;1;7;760;05/03/2012
2012037414;1;2;1;1;7;760;15/03/2012
2012037415;5;1;1;1;3;760;16/03/2012
2012037416;1;2;1;1;3;760;19/03/2012
2012037417;1;2;1;1;4;760;21/03/2012
2012037418;1;2;3;1;3;760;20/03/2012
2012037419;2;1;1;1;6;760;24/03/2012
2012037420;1;2;3;1;3;760;27/03/2012
2012037421;1;2;1;1;6;760;28/03/2012
2012037422;1;2;1;1;2;760;29/03/2012
2012037423;1;2;2;1;7;760;31/03/2012
2012037424;1;2;1;1;6;760;27/03/2012
2012037425;1;2;1;1;7;760;31/03/2012
2012037426;5;2;3;1;3;760;31/03/2012
2012037427;1;2;1;1;7;760;30/03/2012
2012037428;1;2;2;1;3;760;03/04/2012
2012037429;1;1;1;1;7;760;03/04/2012
2012037430;1;2;1;1;3;760;08/03/2012
2012037431;5;2;7;1;6;760;05/04/2012
2012037432;1;2;1;1;3;760;30/03/2012
2012037433;1;2;1;1;7;760;06/04/2012
2012037434;1;2;4;5;3;760;12/04/2012
2012037435;3;1;1;1;2;760;14/04/2012
2012037436;1;2;6;1;6;760;15/04/2012
2012037437;1;2;2;1;7;760;16/04/2012
2012037438;5;2;1;1;4;760;12/04/2012
2012037439;1;1;6;1;1;760;15/04/2012
2012037440;1;1;1;9;6;760;21/04/2012
2012037441;1;2;1;2;2;760;22/04/2012
2012037442;1;2;1;1;4;760;19/04/2012
2012037443;3;1;1;3;7;760;28/04/2012
2012037444;5;2;1;1;6;760;08/03/2012
2012037445;1;2;3;1;3;760;02/05/2012
2012037446;1;2;1;1;6;760;06/05/2012
2012037447;5;2;1;1;6;760;27/04/2012
2012037448;5;2;1;1;7;760;06/05/2012
2012037449;1;2;6;1;7;760;09/05/2012
2012037450;1;2;1;1;7;760;10/05/2012
2012037451;1;1;2;1;3;760;12/05/2012
2012037452;1;2;1;1;3;760;12/05/2012
2012037453;1;1;1;1;3;760;14/05/2012
2012037454;1;2;1;1;2;760;14/05/2012
2012037455;1;2;3;1;3;760;18/04/2012
2012037456;1;2;2;1;3;760;14/05/2012
2012037457;1;2;1;1;3;760;15/05/2012
2012037458;1;2;1;1;3;760;18/05/2012
2012037459;1;2;1;1;6;760;23/04/2012
2012037460;1;2;2;1;3;760;23/05/2012
2012037461;1;2;2;1;6;760;25/05/2012
2012037462;1;2;2;1;6;760;27/05/2012
2012037463;1;2;1;1;6;760;18/05/2012
2012037464;1;2;2;1;3;760;30/05/2012
2012037465;1;2;2;1;6;760;29/05/2012
2012037466;1;2;2;1;3;760;25/05/2012
2012037467;1;2;3;1;7;760;02/06/2012
2012037468;3;2;2;1;6;760;02/06/2012
2012037469;1;1;1;3;1;760;07/06/2012
2012037470;1;2;2;1;3;760;03/05/2012
2012037471;1;2;3;1;3;760;19/05/2012
2012037472;1;2;3;1;6;760;28/05/2012
2012037473;1;2;1;1;6;760;12/06/2012
2012037474;1;2;2;1;1;760;12/06/2012
2012037475;1;2;1;1;6;760;11/06/2012
2012037476;1;2;2;1;3;760;14/05/2012
2012037477;1;1;1;2;5;760;12/06/2012
2012037478;1;2;1;1;3;760;15/06/2012
2012037479;1;2;4;1;1;760;22/06/2012
2012037480;1;2;2;1;2;760;25/06/2012
2012037481;1;2;2;1;3;760;22/06/2012
2012037482;1;2;1;1;6;760;25/05/2012
2012037483;1;2;2;1;4;760;17/06/2012
2012037484;1;2;6;1;7;760;15/06/2012
2012037485;1;2;3;2;2;760;15/06/2012
2012037486;1;2;1;1;6;760;19/06/2012
2012037487;1;2;3;1;3;760;22/06/2012
2012037488;1;1;2;2;5;760;24/06/2012
2012037489;5;2;1;1;6;760;28/06/2012
2012037490;5;2;1;1;7;760;21/06/2012
2012037491;1;2;1;1;4;760;11/05/2012
2012037492;1;2;3;1;7;760;27/06/2012
2012037493;1;2;1;1;7;760;27/06/2012
2012037494;1;2;1;1;3;760;02/07/2012
2012037495;5;2;2;1;6;760;01/07/2012
2012037496;1;2;1;1;1;760;03/07/2012
2012037497;1;2;1;1;3;760;03/07/2012
2012037498;1;1;1;1;3;760;04/07/2012
2012037499;1;1;6;1;3;760;21/06/2012
2012037500;1;2;1;1;4;760;08/06/2012
2012037501;1;2;4;1;6;760;13/07/2012
2012037502;1;2;1;1;2;760;05/07/2012
2012037503;1;2;1;1;3;760;07/07/2012
2012037504;1;1;1;1;2;760;15/07/2012
2012037505;1;2;2;2;6;760;04/07/2012
2012037506;5;2;4;1;3;760;17/07/2012
2012037507;1;2;1;1;6;760;20/07/2012
2012037508;1;1;6;1;6;760;21/07/2012
2012037509;1;2;3;1;6;760;21/07/2012
2012037510;5;1;6;1;7;760;23/07/2012
2012037511;1;2;1;1;6;760;25/07/2012
2012037512;1;2;2;1;5;760;28/07/2012
2012037513;2;2;2;1;1;760;27/07/2012
2012037514;1;2;1;1;1;760;01/08/2012
2012037515;1;2;1;8;6;760;04/06/2012
2012037516;1;2;2;1;6;760;31/07/2012
2012037517;1;2;1;1;3;760;02/08/2012
2012037518;1;2;1;1;2;760;06/08/2012
2012037519;1;1;6;1;7;760;03/08/2012
2012037520;1;2;1;1;7;760;08/08/2012
2012037521;1;2;1;1;2;760;12/08/2012
2012037522;1;2;9;1;3;760;11/08/2012
2012037523;5;2;1;1;1;760;14/08/2012
2012037524;1;2;1;1;1;760;14/08/2012
2012037525;3;1;1;1;1;760;14/08/2012
2012037526;1;2;1;1;3;760;06/07/2012
2012037527;1;2;1;1;1;760;16/08/2012
2012037528;1;2;2;1;3;760;28/08/2012
2012037529;5;2;1;1;3;760;17/08/2012
2012037530;1;2;2;1;3;760;10/08/2012
2012037531;1;1;1;1;6;760;01/08/2012
2012037532;5;2;1;2;6;760;25/08/2012
2012037533;1;1;1;1;6;760;29/08/2012
2012037534;1;2;2;1;3;760;08/09/2012
2012037535;1;2;1;1;6;760;07/09/2012
2012037536;1;1;1;1;4;760;05/09/2012
2012037537;1;2;1;1;7;760;06/09/2012
2012037538;1;2;2;1;3;760;10/09/2012
2012037539;1;2;1;1;6;760;13/09/2012
2012037540;1;2;3;1;3;760;03/09/2012
2012037541;1;2;1;1;6;760;14/09/2012
2012037542;2;2;2;2;6;760;11/09/2012
2012037543;3;1;1;1;2;760;16/09/2012
2012037544;1;2;1;1;3;760;14/09/2012
2012037545;1;1;1;1;3;760;15/09/2012
2012037546;1;2;2;1;3;760;16/09/2012
2012037547;2;2;1;1;3;760;12/09/2012
2012037548;2;2;3;1;3;760;19/09/2012
2012037549;1;2;1;2;7;760;25/09/2012
2012037550;1;2;2;1;3;760;26/09/2012
2012037551;1;2;1;1;6;760;27/09/2012
2012037552;5;2;1;1;1;760;22/09/2012
2012037553;1;2;1;1;5;760;02/10/2012
2012037554;1;2;1;1;6;760;01/10/2012
2012037555;1;2;2;1;3;760;02/10/2012
2012037556;5;2;1;2;7;760;03/10/2012
2012037557;1;1;1;1;3;760;05/10/2012
2012037558;1;2;1;1;6;760;03/10/2012
2012037559;2;2;6;9;7;760;27/09/2012
2012037560;1;2;1;9;6;760;09/10/2012
2012037561;5;2;3;1;6;760;05/10/2012
2012037562;1;2;1;1;1;760;09/10/2012
2012037563;1;1;1;1;2;760;11/10/2012
2012037564;1;2;1;9;2;760;11/09/2012
2012037565;5;2;1;1;1;760;14/10/2012
2012037566;1;2;3;1;3;760;11/10/2012
2012037567;5;2;2;1;6;760;15/10/2012
2012037568;1;2;2;1;6;760;02/10/2012
2012037569;1;2;1;9;2;760;10/10/2012
2012037570;1;2;1;1;2;760;17/10/2012
2012037571;1;2;1;2;6;760;09/10/2012
2012037572;5;2;1;1;3;760;22/10/2012
2012037573;1;2;1;9;3;760;20/10/2012
2012037574;2;2;1;1;6;760;19/10/2012
2012037575;1;2;1;1;6;760;22/10/2012
2012037576;1;2;2;2;3;760;17/10/2012
2012037577;5;2;2;2;3;760;01/11/2012
2012037578;5;2;1;2;6;760;01/11/2012
2012037579;5;2;2;2;3;760;04/11/2012
2012037580;1;2;1;1;1;760;03/11/2012
2012037581;1;2;1;9;6;760;27/09/2012
2012037582;1;2;2;1;3;760;15/10/2012
2012037583;1;2;6;2;3;760;03/10/2012
2012037584;1;2;2;2;3;760;18/10/2012
2012037585;1;2;3;1;3;760;23/10/2012
2012037586;5;2;1;1;6;760;01/11/2012
2012037587;1;2;2;2;6;760;05/11/2012
2012037588;5;2;1;1;3;760;24/10/2012
2012037589;5;2;3;2;3;760;08/10/2012
2012037590;5;2;1;1;6;760;08/11/2012
2012037591;1;2;3;1;3;760;03/11/2012
2012037592;1;2;2;3;3;760;05/11/2012
2012037593;5;2;2;2;3;760;07/11/2012
2012037594;3;1;1;1;4;760;08/11/2012
2012037595;5;2;1;2;6;760;09/11/2012
2012037596;1;2;1;2;1;760;09/11/2012
2012037597;5;2;3;1;6;760;11/11/2012
2012037598;1;2;2;1;3;760;08/11/2012
2012037599;5;2;2;2;3;760;27/10/2012
2012037600;1;2;2;1;2;760;02/10/2012
2012037601;1;2;2;1;3;760;26/10/2012
2012037602;1;2;1;1;6;760;07/11/2012
2012037603;5;2;1;2;2;760;10/11/2012
2012037604;1;2;1;1;3;760;13/11/2012
2012037605;1;2;2;1;3;760;15/09/2012
2012037606;1;2;1;1;6;760;17/09/2012
2012037607;1;2;1;1;3;760;28/09/2012
2012037608;1;2;1;1;4;760;16/11/2012
2012037609;4;2;1;1;6;760;20/11/2012
2012037610;5;2;1;1;7;760;24/11/2012
2012037611;5;2;1;9;7;760;29/11/2012
2012037612;1;2;3;1;6;760;13/11/2012
2012037613;5;2;3;1;3;760;22/11/2012
2012037614;5;2;1;1;6;760;22/11/2012
2012037615;5;2;2;1;3;760;17/11/2012
2012037616;5;2;1;1;6;760;26/11/2012
2012037617;1;2;1;1;3;760;27/11/2012
2012037618;5;2;3;2;3;760;28/11/2012
2012037619;1;2;1;1;6;760;29/11/2012
2012037620;5;2;1;1;6;760;07/11/2012
2012037621;5;2;1;8;6;760;29/11/2012
2012037622;5;2;1;3;3;760;10/11/2012
2012037623;4;2;2;1;6;760;21/11/2012
2012037624;5;2;2;3;7;760;04/12/2012
2012037625;1;2;1;1;4;760;09/11/2012
2012037626;3;1;1;3;2;760;08/12/2012
2012037627;5;2;2;9;3;760;15/12/2012
2012037628;2;2;2;1;3;760;25/10/2012
2012037629;1;2;1;1;2;760;27/10/2012
2012037630;1;2;1;2;6;760;15/12/2012
2012037631;1;2;2;1;7;760;12/12/2012
2012037632;1;1;2;1;3;760;10/12/2012
2012037633;5;2;1;1;6;760;18/12/2012
2012037634;1;2;6;2;3;760;21/12/2012
2012037635;1;1;1;1;1;760;02/12/2012
2012037636;2;2;1;1;2;760;05/12/2012
2012037637;1;2;2;2;3;760;17/12/2012
2012037638;2;2;1;1;6;760;19/12/2012
2012037639;5;2;4;1;3;760;28/12/2012
2012037640;2;2;1;1;1;770;12/01/2012
2012037641;5;2;2;1;3;770;16/01/2012
2012037642;1;2;3;2;1;770;20/01/2012
2012037643;5;2;2;1;3;770;23/01/2012
2012037644;5;2;3;1;6;770;27/01/2012
2012037645;5;2;1;1;6;770;28/01/2012
2012037646;1;2;1;1;6;770;29/02/2012
2012037647;1;2;3;1;1;770;08/03/2012
2012037648;1;2;1;1;6;770;16/03/2012
2012037649;1;2;1;1;6;770;21/03/2012
2012037650;1;2;6;2;3;770;10/04/2012
2012037651;1;2;1;1;6;770;21/04/2012
2012037652;1;2;1;2;6;770;24/04/2012
2012037653;1;2;1;1;3;770;10/05/2012
2012037654;1;2;1;1;3;770;28/05/2012
2012037655;5;2;1;2;6;770;03/06/2012
2012037656;1;2;2;1;3;770;29/06/2012
2012037657;5;2;1;1;6;770;12/07/2012
2012037658;1;2;1;1;3;770;29/07/2012
2012037659;5;2;1;1;7;770;12/08/2012
2012037660;1;2;1;1;6;770;29/08/2012
2012037661;1;2;1;1;1;770;20/09/2012
2012037662;2;2;1;2;2;770;23/09/2012
2012037663;1;2;1;1;6;770;04/10/2012
2012037664;1;2;1;2;6;770;04/10/2012
2012037665;1;2;1;1;6;770;10/10/2012
2012037666;1;2;1;2;6;770;16/10/2012
2012037667;5;2;2;1;5;770;07/11/2012
2012037668;2;2;1;2;1;770;01/11/2012
2012037669;3;1;1;1;6;770;05/12/2012
2012037670;5;1;3;1;5;770;08/01/2012
2012037671;3;1;1;1;1;770;08/04/2012
2012037672;5;2;2;1;3;770;10/03/2012
2012037673;1;2;1;1;5;770;20/09/2012
2012037674;1;2;1;1;3;770;30/08/2012
2012037675;1;2;3;1;5;770;22/09/2012
2012037676;5;2;1;8;6;770;04/01/2012
2012037677;2;1;1;2;6;770;09/01/2012
2012037678;1;2;3;9;2;770;10/01/2012
2012037679;1;2;3;1;3;770;13/01/2012
2012037680;1;2;9;1;6;770;18/01/2012
2012037681;1;2;1;8;2;770;24/01/2012
2012037682;2;2;2;2;1;770;26/01/2012
2012037683;1;2;3;1;3;770;06/02/2012
2012037684;1;2;6;1;7;770;09/02/2012
2012037685;5;1;2;2;3;770;18/02/2012
2012037686;1;2;1;9;7;770;19/02/2012
2012037687;1;2;1;1;6;770;22/02/2012
2012037688;1;1;3;1;3;770;27/02/2012
2012037689;1;2;1;1;5;770;06/03/2012
2012037690;1;2;1;9;7;770;08/03/2012
2012037691;3;1;1;1;7;770;09/03/2012
2012037692;3;1;1;1;7;770;09/03/2012
2012037693;1;2;1;7;6;770;16/03/2012
2012037694;3;1;1;1;7;770;19/03/2012
2012037695;1;1;1;1;2;770;20/03/2012
2012037696;1;1;1;1;3;770;21/03/2012
2012037697;2;2;1;8;2;770;06/04/2012
2012037698;3;1;1;2;6;770;09/04/2012
2012037699;2;1;1;1;7;770;17/04/2012
2012037700;1;2;1;1;6;770;22/04/2012
2012037701;1;1;1;8;2;770;28/04/2012
2012037702;1;2;1;1;7;770;10/05/2012
2012037703;1;2;1;1;6;770;10/05/2012
2012037704;1;1;1;1;3;770;19/05/2012
2012037705;1;2;1;1;3;770;23/05/2012
2012037706;1;2;2;3;3;770;07/06/2012
2012037707;1;2;1;8;7;770;15/06/2012
2012037708;1;2;1;1;7;770;20/06/2012
2012037709;1;2;1;1;7;770;22/06/2012
2012037710;1;2;1;1;7;770;25/06/2012
2012037711;1;2;3;1;5;770;27/06/2012
2012037712;1;2;1;1;6;770;30/06/2012
2012037713;1;2;3;1;3;770;03/07/2012
2012037714;1;2;2;1;3;770;07/07/2012
2012037715;1;2;1;2;6;770;07/07/2012
2012037716;1;2;1;1;4;770;18/07/2012
2012037717;3;1;1;1;7;770;21/07/2012
2012037718;1;2;1;1;4;770;26/07/2012
2012037719;2;2;1;1;6;770;18/08/2012
2012037720;1;1;2;1;3;770;21/08/2012
2012037721;1;2;1;1;7;770;30/08/2012
2012037722;1;1;1;1;2;770;02/09/2012
2012037723;1;1;1;1;5;770;03/09/2012
2012037724;1;2;9;1;3;770;08/09/2012
2012037725;1;2;1;1;7;770;08/09/2012
2012037726;5;2;2;2;3;770;11/09/2012
2012037727;1;2;1;1;6;770;19/09/2012
2012037728;1;2;3;1;3;770;22/09/2012
2012037729;1;2;1;1;7;770;28/09/2012
2012037730;1;2;1;1;6;770;30/09/2012
2012037731;1;2;3;1;2;770;03/11/2012
2012037732;2;2;1;1;6;770;07/11/2012
2012037733;1;1;1;2;7;770;10/11/2012
2012037734;5;2;1;1;4;770;28/11/2012
2012037735;5;2;4;1;3;770;02/12/2012
2012037736;5;2;3;1;5;770;08/12/2012
2012037737;5;2;3;2;3;770;19/01/2012
2012037738;2;1;2;1;3;770;11/02/2012
2012037739;1;2;1;1;1;770;06/04/2012
2012037740;1;1;1;1;1;770;30/04/2012
2012037741;1;2;3;1;3;770;29/07/2012
2012037742;1;2;1;1;2;770;02/09/2012
2012037743;1;2;1;1;6;770;18/09/2012
2012037744;3;1;1;2;1;770;03/01/2012
2012037745;5;2;3;1;3;770;12/01/2012
2012037746;1;1;1;2;6;770;29/01/2012
2012037747;1;1;1;1;6;770;21/02/2012
2012037748;2;1;1;1;7;770;26/02/2012
2012037749;1;2;1;1;6;770;02/03/2012
2012037750;1;1;2;1;3;770;21/03/2012
2012037751;1;1;1;1;2;770;28/03/2012
2012037752;3;1;1;1;1;770;07/04/2012
2012037753;3;1;1;8;7;770;12/04/2012
2012037754;1;1;1;1;7;770;21/05/2012
2012037755;1;1;1;1;6;770;25/05/2012
2012037756;1;1;2;1;5;770;31/05/2012
2012037757;1;1;6;1;6;770;23/06/2012
2012037758;5;2;1;1;3;770;24/06/2012
2012037759;1;1;2;1;3;770;29/07/2012
2012037760;1;1;1;1;6;770;30/07/2012
2012037761;3;1;1;1;7;770;01/08/2012
2012037762;1;1;2;1;5;770;18/08/2012
2012037763;1;1;1;1;7;770;14/09/2012
2012037764;1;1;1;1;7;770;29/09/2012
2012037765;1;2;2;2;6;770;03/10/2012
2012037766;1;1;1;1;3;770;17/10/2012
2012037767;4;1;1;2;2;770;19/10/2012
2012037768;1;1;2;1;3;770;21/10/2012
2012037769;1;2;6;1;6;770;27/10/2012
2012037770;3;1;1;1;7;770;20/11/2012
2012037771;5;2;1;1;6;770;28/11/2012
2012037772;1;2;9;1;3;770;30/11/2012
2012037773;5;2;2;2;6;770;13/12/2012
2012037774;1;1;1;1;7;770;18/12/2012
2012037775;1;2;1;1;6;770;30/12/2012
2012037776;5;2;6;1;6;770;26/01/2012
2012037777;1;2;3;1;3;770;23/02/2012
2012037778;1;2;7;1;3;770;14/02/2012
2012037779;1;2;1;1;7;770;16/03/2012
2012037780;2;2;1;1;3;770;29/03/2012
2012037781;1;2;1;1;6;770;18/04/2012
2012037782;3;1;1;1;1;770;08/05/2012
2012037783;1;1;1;1;7;770;07/05/2012
2012037784;1;2;6;7;6;770;10/05/2012
2012037785;1;2;1;1;6;770;12/06/2012
2012037786;1;2;1;1;7;770;11/05/2012
2012037787;1;2;2;1;6;770;03/08/2012
2012037788;1;2;1;1;1;770;10/08/2012
2012037789;1;2;1;1;3;770;10/09/2012
2012037790;2;2;1;1;1;770;23/09/2012
2012037791;1;2;2;2;3;770;03/10/2012
2012037792;1;2;1;1;2;770;01/12/2012
2012037793;3;2;2;2;1;770;04/01/2012
2012037794;5;2;1;1;6;770;12/01/2012
2012037795;3;2;1;8;7;770;03/02/2012
2012037796;1;2;2;1;3;770;01/03/2012
2012037797;1;2;1;8;3;770;02/03/2012
2012037798;5;2;3;8;3;770;10/01/2012
2012037799;1;2;1;1;6;770;13/03/2012
2012037800;1;2;3;1;1;770;02/04/2012
2012037801;3;2;1;2;3;770;18/02/2012
2012037802;1;2;1;7;6;770;08/03/2012
2012037803;1;2;1;1;6;770;06/06/2012
2012037804;1;2;1;1;6;770;15/03/2012
2012037805;1;2;1;1;6;770;23/03/2012
2012037806;3;1;1;1;7;770;02/04/2012
2012037807;1;2;1;1;2;770;07/04/2012
2012037808;1;2;1;1;7;770;07/04/2012
2012037809;1;2;1;1;7;770;12/04/2012
2012037810;1;2;1;1;7;770;14/04/2012
2012037811;1;2;1;1;6;770;13/06/2012
2012037812;1;1;1;2;4;770;10/04/2012
2012037813;1;2;1;1;3;770;19/04/2012
2012037814;1;2;1;1;6;770;24/05/2012
2012037815;1;2;1;1;6;770;27/06/2012
2012037816;1;1;1;1;5;770;27/08/2012
2012037817;1;2;1;1;6;770;08/09/2012
2012037818;3;1;1;2;1;770;09/10/2012
2012037819;1;2;1;1;6;770;30/09/2012
2012037820;5;2;1;1;6;770;10/11/2012
2012037821;5;2;1;2;7;770;01/01/2012
2012037822;5;2;2;1;6;770;06/01/2012
2012037823;5;2;1;1;7;770;14/01/2012
2012037824;1;2;1;1;7;770;14/01/2012
2012037825;1;1;2;1;3;770;10/02/2012
2012037826;1;1;2;8;3;770;18/02/2012
2012037827;1;2;2;2;3;770;17/03/2012
2012037828;1;2;1;1;6;770;11/04/2012
2012037829;5;2;1;1;6;770;17/04/2012
2012037830;1;2;1;1;6;770;23/04/2012
2012037831;1;2;4;8;1;770;24/04/2012
2012037832;5;2;1;1;1;770;12/05/2012
2012037833;3;1;1;1;5;770;11/01/2012
2012037834;3;2;1;2;7;770;22/05/2012
2012037835;1;1;3;1;6;770;12/06/2012
2012037836;3;1;1;2;2;770;16/06/2012
2012037837;1;2;1;1;6;770;22/06/2012
2012037838;5;2;3;1;3;770;02/07/2012
2012037839;1;2;6;1;2;770;02/07/2012
2012037840;1;2;1;1;6;770;07/09/2012
2012037841;1;2;2;1;6;770;07/09/2012
2012037842;3;1;1;1;6;770;12/09/2012
2012037843;3;1;1;1;3;770;23/09/2012
2012037844;1;2;3;1;5;770;29/09/2012
2012037845;5;2;1;1;6;770;12/10/2012
2012037846;3;1;1;3;6;770;05/11/2012
2012037847;1;2;1;1;2;770;17/11/2012
2012037848;1;2;6;1;3;770;22/11/2012
2012037849;3;2;1;2;6;770;27/11/2012
2012037850;3;1;1;1;2;770;06/12/2012
2012037851;2;2;1;1;3;770;21/11/2012
2012037852;2;2;2;2;6;770;18/12/2012