num_acc;lum;agg;inter;atm;col;dep;date
2012039015;1;1;1;1;6;800;02/12/2012
2012039016;5;2;2;2;3;800;04/12/2012
2012039017;2;2;1;1;3;800;03/12/2012
2012039018;1;1;1;1;7;800;05/12/2012
2012039019;5;2;4;2;3;800;05/12/2012
2012039020;5;2;1;2;5;800;04/12/2012
2012039021;1;2;2;1;3;800;04/12/2012
2012039022;1;2;3;2;3;800;04/12/2012
2012039023;1;2;1;1;6;800;10/12/2012
2012039024;1;2;3;1;3;800;10/12/2012
2012039025;1;2;4;1;5;800;10/12/2012
2012039026;5;2;1;1;1;800;11/12/2012
2012039027;2;2;2;1;3;800;13/12/2012
2012039028;1;2;6;1;3;800;12/12/2012
2012039029;1;2;1;2;5;800;14/12/2012
2012039030;2;2;1;2;2;800;14/12/2012
2012039031;5;2;1;1;6;800;18/12/2012
2012039032;1;2;1;1;2;800;18/12/2012
2012039033;1;2;1;2;1;800;20/12/2012
2012039034;5;2;2;1;1;800;21/12/2012
2012039035;5;2;1;1;6;800;20/12/2012
2012039036;1;2;1;1;6;800;25/12/2012
2012039037;5;2;5;3;3;800;23/12/2012
2012039038;1;1;1;3;3;800;22/12/2012
2012039039;1;2;1;1;6;800;21/12/2012
2012039040;5;2;2;2;3;800;29/12/2012
2012039041;1;2;1;1;6;800;30/12/2012
2012039042;5;1;1;1;6;800;28/12/2012
2012039043;1;1;9;2;4;810;20/01/2012
2012039044;5;2;4;1;3;810;04/01/2012
2012039045;3;1;1;5;2;810;26/01/2012
2012039046;1;2;1;2;2;810;31/01/2012
2012039047;1;2;1;2;6;810;31/01/2012
2012039048;5;2;1;1;6;810;11/02/2012
2012039049;1;2;3;1;6;810;27/04/2012
2012039050;1;2;1;1;6;810;28/05/2012
2012039051;1;2;1;1;3;810;08/06/2012
2012039052;1;1;1;1;4;810;21/06/2012
2012039053;2;2;3;1;3;810;15/07/2012
2012039054;1;1;1;1;7;810;25/07/2012
2012039055;1;2;1;1;3;810;17/08/2012
2012039056;5;2;1;1;7;810;22/09/2012
2012039057;1;2;3;1;3;810;25/09/2012
2012039058;5;2;1;8;6;810;15/10/2012
2012039059;1;2;1;1;1;810;16/11/2012
2012039060;3;1;1;1;7;810;12/12/2012
2012039061;5;2;1;1;3;810;23/02/2012
2012039062;1;2;1;1;7;810;21/06/2012
2012039063;5;2;1;9;3;810;13/12/2012
2012039064;1;2;1;1;7;810;11/04/2012
2012039065;1;2;3;2;3;810;20/05/2012
2012039066;1;2;1;1;7;810;31/05/2012
2012039067;1;1;1;8;3;810;10/06/2012
2012039068;3;1;1;1;7;810;12/08/2012
2012039069;5;2;1;3;2;810;04/12/2012
2012039070;1;2;1;1;6;810;20/02/2012
2012039071;1;2;1;1;6;810;28/02/2012
2012039072;1;2;1;1;3;810;17/04/2012
2012039073;1;2;1;1;6;810;25/05/2012
2012039074;1;1;1;1;6;810;19/06/2012
2012039075;1;2;1;1;6;810;08/10/2012
2012039076;5;2;6;1;6;820;21/01/2012
2012039077;1;1;1;1;1;820;13/05/2012
2012039078;1;2;3;1;2;820;15/05/2012
2012039079;1;1;1;8;3;820;19/05/2012
2012039080;3;1;1;1;6;820;19/05/2012
2012039081;1;1;1;1;7;820;25/07/2012
2012039082;1;2;3;1;3;820;22/09/2012
2012039083;3;1;4;1;1;820;09/11/2012
2012039084;3;1;3;3;3;820;14/12/2012
2012039085;2;2;2;1;3;820;02/12/2012
2012039086;5;2;1;2;6;820;19/12/2012
2012039087;1;2;1;1;6;820;26/12/2012
2012039088;1;2;1;1;6;820;03/01/2012
2012039089;3;1;1;1;7;820;20/01/2012
2012039090;1;2;1;1;6;820;18/01/2012
2012039091;1;2;1;1;7;820;29/01/2012
2012039092;1;2;1;1;6;820;24/01/2012
2012039093;3;1;1;2;5;820;31/01/2012
2012039094;5;2;1;1;6;820;02/02/2012
2012039095;5;2;1;1;2;820;04/02/2012
2012039096;3;1;1;1;1;820;19/02/2012
2012039097;1;2;2;1;3;820;12/02/2012
2012039098;1;2;2;1;6;820;28/02/2012
2012039099;1;2;3;1;3;820;09/03/2012
2012039100;1;2;3;1;3;820;09/03/2012
2012039101;1;2;1;1;6;820;11/07/2012
2012039102;3;1;1;1;7;820;17/03/2012
2012039103;1;2;1;1;7;820;18/03/2012
2012039104;1;2;3;1;3;820;31/03/2012
2012039105;5;2;1;1;6;820;06/04/2012
2012039106;5;2;1;1;2;820;07/04/2012
2012039107;1;2;3;1;3;820;05/04/2012
2012039108;1;2;1;1;6;820;05/04/2012
2012039109;1;2;1;1;1;820;15/04/2012
2012039110;1;2;1;1;3;820;03/05/2012
2012039111;1;2;3;1;6;820;07/05/2012
2012039112;1;2;1;1;1;820;09/05/2012
2012039113;1;2;2;1;6;820;10/05/2012
2012039114;1;2;1;1;6;820;11/05/2012
2012039115;1;2;2;1;1;820;12/05/2012
2012039116;1;2;3;1;6;820;24/05/2012
2012039117;1;2;1;1;3;820;24/05/2012
2012039118;3;1;1;1;6;820;01/06/2012
2012039119;1;2;2;1;3;820;30/05/2012
2012039120;1;2;1;1;2;820;04/06/2012
2012039121;1;2;1;1;2;820;22/06/2012
2012039122;5;1;1;1;1;820;01/07/2012
2012039123;1;1;1;1;5;820;03/07/2012
2012039124;5;2;6;1;6;820;07/07/2012
2012039125;3;1;1;1;3;820;06/07/2012
2012039126;1;2;1;1;6;820;10/07/2012
2012039127;1;2;1;1;3;820;14/07/2012
2012039128;2;1;1;1;7;820;22/07/2012
2012039129;1;2;2;1;3;820;23/07/2012
2012039130;1;2;2;1;3;820;30/07/2012
2012039131;1;2;2;1;3;820;03/08/2012
2012039132;1;2;1;1;5;820;06/08/2012
2012039133;1;1;1;1;7;820;30/07/2012
2012039134;3;1;2;1;3;820;10/08/2012
2012039135;1;1;1;1;3;820;15/08/2012
2012039136;2;1;1;1;7;820;26/08/2012
2012039137;1;2;3;1;3;820;03/09/2012
2012039138;1;2;1;1;5;820;04/09/2012
2012039139;3;1;1;1;7;820;07/09/2012
2012039140;5;2;1;1;1;820;09/09/2012
2012039141;1;2;2;1;3;820;10/09/2012
2012039142;5;2;3;1;3;820;16/09/2012
2012039143;3;1;1;1;7;820;14/09/2012
2012039144;1;1;3;2;3;820;26/09/2012
2012039145;5;2;1;1;3;820;06/10/2012
2012039146;3;1;1;1;6;820;06/10/2012
2012039147;1;2;2;1;3;820;09/10/2012
2012039148;5;2;1;2;7;820;11/10/2012
2012039149;2;2;6;2;2;820;26/10/2012
2012039150;5;2;1;2;6;820;10/11/2012
2012039151;3;1;1;1;1;820;15/11/2012
2012039152;1;2;1;1;4;820;16/11/2012
2012039153;1;2;1;1;6;820;21/11/2012
2012039154;1;1;1;1;2;820;24/11/2012
2012039155;5;2;1;1;6;820;01/12/2012
2012039156;1;1;1;1;2;820;06/12/2012
2012039157;1;2;6;7;3;820;09/12/2012
2012039158;3;1;1;2;6;820;14/12/2012
2012039159;1;2;1;1;2;830;06/01/2012
2012039160;1;2;1;1;6;830;07/01/2012
2012039161;1;2;1;1;6;830;11/01/2012
2012039162;5;2;1;1;3;830;15/01/2012
2012039163;1;2;1;1;2;830;18/01/2012
2012039164;1;2;1;1;3;830;25/01/2012
2012039165;5;2;1;1;6;830;11/02/2012
2012039166;1;1;1;1;1;830;14/03/2012
2012039167;1;2;2;1;3;830;28/03/2012
2012039168;1;2;1;1;3;830;17/04/2012
2012039169;1;2;3;1;3;830;20/04/2012
2012039170;5;2;1;1;7;830;26/04/2012
2012039171;1;2;1;1;6;830;01/05/2012
2012039172;1;2;1;1;3;830;04/05/2012
2012039173;1;2;1;1;2;830;14/05/2012
2012039174;1;2;3;1;2;830;28/06/2012
2012039175;1;2;1;1;6;830;04/07/2012
2012039176;1;2;1;1;7;830;05/07/2012
2012039177;1;2;6;1;4;830;05/07/2012
2012039178;1;2;3;1;3;830;05/07/2012
2012039179;1;1;1;1;1;830;23/07/2012
2012039180;1;2;2;1;3;830;30/07/2012
2012039181;1;2;6;1;3;830;30/06/2012
2012039182;1;1;3;1;6;830;08/08/2012
2012039183;1;2;3;1;6;830;12/09/2012
2012039184;1;1;1;1;1;830;19/09/2012
2012039185;1;2;1;1;2;830;31/08/2012
2012039186;1;2;3;1;3;830;28/09/2012
2012039187;1;2;1;1;6;830;05/10/2012
2012039188;5;2;6;1;6;830;19/10/2012
2012039189;5;2;1;1;3;830;28/10/2012
2012039190;1;2;1;1;6;830;02/11/2012
2012039191;1;2;6;1;6;830;20/11/2012
2012039192;1;2;1;1;3;830;22/11/2012
2012039193;5;2;1;1;3;830;07/12/2012
2012039194;5;2;1;1;6;830;12/12/2012
2012039195;1;1;1;1;3;830;17/11/2012
2012039196;1;2;1;1;6;830;06/12/2012
2012039197;1;2;1;1;6;830;24/12/2012
2012039198;1;2;1;1;3;830;19/01/2012
2012039199;1;1;1;1;7;830;17/12/2012
2012039200;1;1;1;1;1;830;18/02/2012
2012039201;1;2;1;1;2;830;02/03/2012
2012039202;1;2;1;1;6;830;12/03/2012
2012039203;1;1;1;1;2;830;14/03/2012
2012039204;1;2;9;1;6;830;28/02/2012
2012039205;5;2;1;1;6;830;27/03/2012
2012039206;1;2;1;1;3;830;03/04/2012
2012039207;1;2;1;1;6;830;22/04/2012
2012039208;5;2;1;1;6;830;27/04/2012
2012039209;1;2;1;1;3;830;28/04/2012
2012039210;1;2;1;1;6;830;02/05/2012
2012039211;1;1;1;1;1;830;14/05/2012
2012039212;1;2;1;1;6;830;05/05/2012
2012039213;1;2;9;1;6;830;08/04/2012
2012039214;1;2;1;1;6;830;30/05/2012
2012039215;1;2;1;1;6;830;05/06/2012
2012039216;1;2;1;1;3;830;23/05/2012
2012039217;1;2;3;1;5;830;05/07/2012
2012039218;1;2;2;1;3;830;14/07/2012
2012039219;1;2;1;1;6;830;31/05/2012
2012039220;5;2;6;1;3;830;05/06/2012
2012039221;1;1;1;1;7;830;18/07/2012
2012039222;1;2;1;1;7;830;04/07/2012
2012039223;1;2;1;1;6;830;15/07/2012
2012039224;1;2;1;1;6;830;20/07/2012
2012039225;1;2;1;1;7;830;26/07/2012
2012039226;1;2;1;1;6;830;26/06/2012
2012039227;1;1;1;1;1;830;29/07/2012
2012039228;1;2;1;1;3;830;03/08/2012
2012039229;5;2;1;1;7;830;05/08/2012
2012039230;1;2;1;1;5;830;10/08/2012
2012039231;1;1;1;1;6;830;23/08/2012
2012039232;1;2;1;1;7;830;14/08/2012
2012039233;3;1;1;1;6;830;11/09/2012
2012039234;1;2;1;1;6;830;13/09/2012
2012039235;5;2;1;1;2;830;23/07/2012
2012039236;3;1;9;1;1;830;27/07/2012
2012039237;3;1;1;1;6;830;28/07/2012
2012039238;1;1;1;1;1;830;10/08/2012
2012039239;1;2;1;1;6;830;24/09/2012
2012039240;1;1;1;1;1;830;20/09/2012
2012039241;1;2;1;1;6;830;28/09/2012
2012039242;3;1;1;1;3;830;18/10/2012
2012039243;5;2;1;1;6;830;20/10/2012
2012039244;1;2;1;1;6;830;16/10/2012
2012039245;1;2;6;1;3;830;02/09/2012
2012039246;1;2;1;1;5;830;13/09/2012
2012039247;1;2;2;1;6;830;02/11/2012
2012039248;1;2;4;1;3;830;16/11/2012
2012039249;1;2;2;1;3;830;06/10/2012
2012039250;1;1;1;1;1;830;13/10/2012
2012039251;1;2;6;7;7;830;14/11/2012
2012039252;1;2;1;1;6;830;27/12/2012
2012039253;4;2;3;1;3;830;19/02/2012
2012039254;5;2;1;1;6;830;19/02/2012
2012039255;5;2;1;1;1;830;27/02/2012
2012039256;5;2;1;6;2;830;05/03/2012
2012039257;5;1;3;2;6;830;07/04/2012
2012039258;3;1;1;1;7;830;23/01/2012
2012039259;1;2;1;1;1;830;26/04/2012
2012039260;1;2;1;1;3;830;03/05/2012
2012039261;1;1;1;1;5;830;14/05/2012
2012039262;5;1;1;1;6;830;19/05/2012
2012039263;3;1;1;1;7;830;03/06/2012
2012039264;5;2;1;1;7;830;04/06/2012
2012039265;1;2;3;1;3;830;13/06/2012
2012039266;1;1;1;1;1;830;25/06/2012
2012039267;5;2;1;8;1;830;14/07/2012
2012039268;5;2;2;1;7;830;02/08/2012
2012039269;1;2;1;1;3;830;03/08/2012
2012039270;5;2;3;1;2;830;17/08/2012
2012039271;1;2;1;1;1;830;09/08/2012
2012039272;1;1;2;7;3;830;13/08/2012
2012039273;1;1;1;1;6;830;22/07/2012
2012039274;1;1;1;1;3;830;11/06/2012
2012039275;5;2;1;1;3;830;13/07/2012
2012039276;1;2;3;1;1;830;03/08/2012
2012039277;1;2;1;1;6;830;10/08/2012
2012039278;5;1;1;8;6;830;02/09/2012
2012039279;1;2;3;1;3;830;24/08/2012
2012039280;1;2;3;1;3;830;27/07/2012
2012039281;5;2;1;1;6;830;19/09/2012
2012039282;1;2;5;2;3;830;29/09/2012
2012039283;1;2;1;2;3;830;14/10/2012
2012039284;1;2;1;1;6;830;15/10/2012
2012039285;1;2;2;1;1;830;17/10/2012
2012039286;5;2;6;1;6;830;25/08/2012
2012039287;1;2;1;1;6;830;06/08/2012
2012039288;3;1;1;1;7;830;21/10/2012
2012039289;5;2;2;1;3;830;26/10/2012
2012039290;1;1;1;1;3;830;12/10/2012
2012039291;1;2;9;1;6;830;07/11/2012
2012039292;1;1;1;1;1;830;15/11/2012
2012039293;1;2;3;1;3;830;12/10/2012
2012039294;5;2;6;1;6;830;18/11/2012
2012039295;5;2;1;1;7;830;23/11/2012
2012039296;5;2;1;6;2;830;06/12/2012
2012039297;5;2;1;3;7;830;14/12/2012
2012039298;1;2;1;1;5;830;16/05/2012
2012039299;3;1;1;1;6;830;21/04/2012
2012039300;5;2;1;1;7;830;22/06/2012
2012039301;5;2;1;1;6;830;06/02/2012
2012039302;5;2;1;1;6;830;01/01/2012
2012039303;1;2;1;1;6;830;10/01/2012
2012039304;5;2;1;1;6;830;13/01/2012
2012039305;5;2;6;1;3;830;16/01/2012
2012039306;1;2;1;1;3;830;08/01/2012
2012039307;1;2;1;1;2;830;17/01/2012
2012039308;1;2;1;1;6;830;23/01/2012
2012039309;1;2;1;1;6;830;24/01/2012
2012039310;1;2;1;1;3;830;26/01/2012
2012039311;5;2;1;1;6;830;02/02/2012
2012039312;5;2;1;1;3;830;12/02/2012
2012039313;1;2;1;1;6;830;15/02/2012
2012039314;1;2;1;1;6;830;16/02/2012
2012039315;3;1;1;1;3;830;21/02/2012
2012039316;1;2;6;1;6;830;17/02/2012
2012039317;5;2;1;1;6;830;24/02/2012
2012039318;5;2;1;1;6;830;03/03/2012
2012039319;1;2;1;1;1;830;06/03/2012
2012039320;5;2;1;1;6;830;10/03/2012
2012039321;2;2;1;1;6;830;19/03/2012
2012039322;1;2;1;1;6;830;21/03/2012
2012039323;1;2;1;1;6;830;24/03/2012
2012039324;1;2;1;1;6;830;10/04/2012
2012039325;3;2;1;1;1;830;12/04/2012
2012039326;5;2;1;1;7;830;15/04/2012
2012039327;2;2;1;1;6;830;15/04/2012
2012039328;5;2;1;1;6;830;22/04/2012
2012039329;1;2;1;1;2;830;01/05/2012
2012039330;1;2;1;1;6;830;01/05/2012
2012039331;1;2;1;1;6;830;03/05/2012
2012039332;5;2;1;1;6;830;05/05/2012
2012039333;5;2;1;1;6;830;05/05/2012
2012039334;1;2;6;1;3;830;10/05/2012
2012039335;5;2;3;1;3;830;18/05/2012
2012039336;1;2;6;2;3;830;21/05/2012
2012039337;1;2;1;1;3;830;24/05/2012
2012039338;1;2;1;1;1;830;06/06/2012
2012039339;5;1;1;1;6;830;29/05/2012
2012039340;1;2;1;1;3;830;14/06/2012
2012039341;1;2;1;1;3;830;30/06/2012
2012039342;1;2;1;1;6;830;05/07/2012
2012039343;1;2;1;1;6;830;17/07/2012
2012039344;5;2;1;1;1;830;18/07/2012
2012039345;1;2;4;1;3;830;27/07/2012
2012039346;3;2;1;1;1;830;03/08/2012
2012039347;1;2;1;1;6;830;09/08/2012
2012039348;5;2;1;1;3;830;21/08/2012
2012039349;5;2;3;1;3;830;28/08/2012
2012039350;1;2;1;9;6;830;28/08/2012
2012039351;1;2;1;1;7;830;06/09/2012
2012039352;1;2;3;1;3;830;14/09/2012
2012039353;1;2;3;1;3;830;14/09/2012
2012039354;1;2;1;1;6;830;02/10/2012
2012039355;1;2;1;1;6;830;02/10/2012
2012039356;1;2;1;1;5;830;07/10/2012
2012039357;5;1;1;1;7;830;13/10/2012
2012039358;1;2;1;1;6;830;24/10/2012
2012039359;5;2;1;1;1;830;28/10/2012
2012039360;2;2;1;1;2;830;01/11/2012
2012039361;5;2;1;2;7;830;04/11/2012
2012039362;5;2;2;1;1;830;06/11/2012
2012039363;1;2;6;1;3;830;06/11/2012
2012039364;1;2;1;1;6;830;25/11/2012
2012039365;5;2;3;1;3;830;27/11/2012
2012039366;5;2;1;1;7;830;05/12/2012
2012039367;1;2;1;1;6;830;19/12/2012
2012039368;1;1;1;1;2;830;23/12/2012
2012039369;5;2;1;1;7;830;26/12/2012
2012039370;1;2;6;1;2;830;27/12/2012
2012039371;1;2;1;1;2;830;29/12/2012
2012039372;1;1;1;1;2;830;29/12/2012
2012039373;1;2;1;1;6;830;04/01/2012
2012039374;1;2;1;1;6;830;11/01/2012
2012039375;1;2;1;1;1;830;10/01/2012
2012039376;4;2;1;8;6;830;15/01/2012
2012039377;5;2;3;1;7;830;18/01/2012
2012039378;1;2;1;2;1;830;31/01/2012
2012039379;1;2;3;1;1;830;07/02/2012
2012039380;1;2;1;1;3;830;09/02/2012
2012039381;1;2;2;1;3;830;14/02/2012
2012039382;1;2;1;1;6;830;18/02/2012
2012039383;1;2;1;1;2;830;20/03/2012
2012039384;1;2;2;1;6;830;01/04/2012
2012039385;1;2;6;1;5;830;02/05/2012
2012039386;1;2;1;1;2;830;09/05/2012
2012039387;1;2;3;1;3;830;14/05/2012
2012039388;1;2;1;1;2;830;23/05/2012
2012039389;1;2;1;1;1;830;24/05/2012
2012039390;3;1;1;1;2;830;06/06/2012
2012039391;1;2;1;1;6;830;15/06/2012
2012039392;5;2;1;1;7;830;24/06/2012
2012039393;1;2;2;1;6;830;29/06/2012
2012039394;1;2;3;1;3;830;03/07/2012
2012039395;5;2;6;1;7;830;19/07/2012
2012039396;1;2;6;1;3;830;20/07/2012
2012039397;1;2;1;1;6;830;21/07/2012
2012039398;1;2;7;1;3;830;01/08/2012
2012039399;1;2;1;1;2;830;22/08/2012
2012039400;1;2;1;1;6;830;18/08/2012
2012039401;3;1;1;1;6;830;08/09/2012
2012039402;1;1;1;1;6;830;16/09/2012
2012039403;1;2;3;1;3;830;17/09/2012
2012039404;5;2;2;1;1;830;20/09/2012
2012039405;1;2;3;1;3;830;24/09/2012
2012039406;1;2;1;1;3;830;27/09/2012
2012039407;1;2;1;1;3;830;09/10/2012
2012039408;1;2;1;1;6;830;10/10/2012
2012039409;1;2;1;1;2;830;29/10/2012
2012039410;3;2;1;2;3;830;28/11/2012
2012039411;3;2;1;1;6;830;12/11/2012
2012039412;2;2;1;2;6;830;30/11/2012
2012039413;5;2;1;1;6;830;04/12/2012
2012039414;1;2;5;1;3;830;17/12/2012
2012039415;3;2;1;1;6;830;26/12/2012
2012039416;1;2;3;1;3;830;03/01/2012
2012039417;5;2;2;1;3;830;02/01/2012
2012039418;2;2;1;1;3;830;09/01/2012
2012039419;1;2;1;1;6;830;02/01/2012
2012039420;2;1;1;1;3;830;09/01/2012
2012039421;1;2;1;1;3;830;03/01/2012
2012039422;1;2;6;1;2;830;04/01/2012
2012039423;1;2;6;1;6;830;06/01/2012
2012039424;4;2;1;1;6;830;11/01/2012
2012039425;5;2;2;1;3;830;11/01/2012
2012039426;1;2;1;1;2;830;12/01/2012
2012039427;5;2;1;1;3;830;16/01/2012
2012039428;1;2;3;1;1;830;17/01/2012
2012039429;1;2;1;1;3;830;19/01/2012
2012039430;1;2;1;1;7;830;18/01/2012
2012039431;1;2;1;1;6;830;16/01/2012
2012039432;1;2;1;1;4;830;16/01/2012
2012039433;1;2;1;1;3;830;17/01/2012
2012039434;1;2;2;1;6;830;20/01/2012
2012039435;1;2;4;1;3;830;20/01/2012
2012039436;5;2;1;1;6;830;23/01/2012
2012039437;1;2;1;1;2;830;24/01/2012
2012039438;1;2;2;1;6;830;21/01/2012
2012039439;5;2;6;2;3;830;29/01/2012
2012039440;1;2;1;1;6;830;03/02/2012
2012039441;1;1;1;1;1;830;13/01/2012
2012039442;5;2;1;1;3;830;07/02/2012
2012039443;1;2;1;1;3;830;10/01/2012
2012039444;2;2;1;1;6;830;03/02/2012
2012039445;3;1;1;1;6;830;19/02/2012
2012039446;1;2;6;1;3;830;07/02/2012
2012039447;1;2;1;1;6;830;14/02/2012
2012039448;1;1;1;1;6;830;18/02/2012
2012039449;1;2;2;1;3;830;21/02/2012
2012039450;1;2;3;1;3;830;22/02/2012
2012039451;1;2;1;1;2;830;23/02/2012
2012039452;5;2;1;1;3;830;03/02/2012
2012039453;5;2;2;1;6;830;27/02/2012
2012039454;3;2;1;6;7;830;05/03/2012
2012039455;1;2;1;1;7;830;04/03/2012
2012039456;1;2;1;1;2;830;17/02/2012
2012039457;1;2;1;1;6;830;29/02/2012
2012039458;5;2;1;1;6;830;08/03/2012
2012039459;5;2;1;1;3;830;09/03/2012
2012039460;1;2;9;1;1;830;12/03/2012
2012039461;5;2;2;1;3;830;09/03/2012
2012039462;1;2;1;1;2;830;14/03/2012
2012039463;1;2;2;1;3;830;11/03/2012
2012039464;1;2;1;1;2;830;19/03/2012
2012039465;1;2;1;1;3;830;22/03/2012
2012039466;1;2;1;1;6;830;22/03/2012
2012039467;2;2;1;1;1;830;23/03/2012
2012039468;5;2;3;1;3;830;23/03/2012
2012039469;1;2;1;1;6;830;24/03/2012
2012039470;1;2;1;1;6;830;03/04/2012
2012039471;1;2;3;1;3;830;03/04/2012
2012039472;1;1;1;1;2;830;27/03/2012
2012039473;1;2;1;1;3;830;05/04/2012
2012039474;1;2;1;1;2;830;07/04/2012
2012039475;1;1;1;1;6;830;06/04/2012
2012039476;1;2;1;1;6;830;06/04/2012
2012039477;5;2;1;1;3;830;14/04/2012
2012039478;1;2;1;1;6;830;14/04/2012
2012039479;1;2;3;1;6;830;22/03/2012
2012039480;1;2;1;1;6;830;30/03/2012
2012039481;1;2;3;1;3;830;12/04/2012
2012039482;1;2;1;1;3;830;13/04/2012
2012039483;3;2;1;1;3;830;14/04/2012
2012039484;1;2;1;1;3;830;16/04/2012
2012039485;5;2;1;1;6;830;26/04/2012
2012039486;5;2;6;1;3;830;01/05/2012
2012039487;1;2;6;1;2;830;02/05/2012
2012039488;5;2;1;1;6;830;01/05/2012
2012039489;1;2;1;1;6;830;03/05/2012
2012039490;5;2;1;1;1;830;07/05/2012
2012039491;1;2;1;1;2;830;27/04/2012
2012039492;1;2;1;9;3;830;30/04/2012
2012039493;1;2;9;1;2;830;02/05/2012
2012039494;1;2;1;1;6;830;04/05/2012
2012039495;5;2;1;1;3;830;08/05/2012
2012039496;1;2;3;1;3;830;07/04/2012
2012039497;5;2;3;1;6;830;17/04/2012
2012039498;1;2;1;1;3;830;03/05/2012
2012039499;1;2;1;1;6;830;06/05/2012
2012039500;1;2;9;1;6;830;10/05/2012
2012039501;1;2;1;1;6;830;30/04/2012
2012039502;1;2;1;1;2;830;11/05/2012
2012039503;5;2;9;1;7;830;11/05/2012
2012039504;2;2;1;1;2;830;13/05/2012
2012039505;1;2;3;1;1;830;16/05/2012
2012039506;1;2;1;1;1;830;25/04/2012
2012039507;1;2;1;1;6;830;03/05/2012
2012039508;1;1;1;1;2;830;14/05/2012
2012039509;5;2;1;1;3;830;16/05/2012
2012039510;1;2;1;2;5;830;21/05/2012
2012039511;1;2;1;1;6;830;25/05/2012
2012039512;1;2;1;1;6;830;25/05/2012
2012039513;5;2;3;1;7;830;01/06/2012
2012039514;1;2;9;1;5;830;24/05/2012
2012039515;1;2;1;1;3;830;30/05/2012
2012039516;1;2;1;1;2;830;30/05/2012
2012039517;1;2;2;1;3;830;01/06/2012
2012039518;1;2;1;1;3;830;05/06/2012
2012039519;1;1;1;1;6;830;05/06/2012
2012039520;1;1;1;1;3;830;30/05/2012
2012039521;3;1;1;1;7;830;03/06/2012
2012039522;1;2;1;1;6;830;03/06/2012
2012039523;1;1;3;1;3;830;04/06/2012
2012039524;5;2;2;1;3;830;06/06/2012
2012039525;1;2;6;1;3;830;07/06/2012
2012039526;5;1;2;1;3;830;11/06/2012
2012039527;1;2;3;7;3;830;23/05/2012
2012039528;1;1;1;1;3;830;05/06/2012
2012039529;1;2;1;1;6;830;07/06/2012
2012039530;1;2;1;1;7;830;11/06/2012
2012039531;1;2;1;1;6;830;12/06/2012
2012039532;1;2;1;1;2;830;07/06/2012
2012039533;1;2;1;1;1;830;16/06/2012
2012039534;1;2;1;1;6;830;01/06/2012
2012039535;1;2;1;1;3;830;11/06/2012
2012039536;1;2;1;1;6;830;20/06/2012
2012039537;1;2;1;1;2;830;18/06/2012
2012039538;1;2;1;1;6;830;20/06/2012
2012039539;5;2;1;1;6;830;22/06/2012
2012039540;1;2;3;1;6;830;22/06/2012
2012039541;5;2;1;1;2;830;23/06/2012
2012039542;1;2;1;1;6;830;25/06/2012
2012039543;1;2;1;1;4;830;28/06/2012
2012039544;5;2;3;1;2;830;30/06/2012
2012039545;5;2;3;1;3;830;29/06/2012
2012039546;1;1;1;1;2;830;28/06/2012
2012039547;1;2;2;1;3;830;29/06/2012
2012039548;1;2;1;1;5;830;04/07/2012
2012039549;1;2;3;1;1;830;02/07/2012
2012039550;1;1;1;1;3;830;05/07/2012
2012039551;1;2;3;1;6;830;05/07/2012
2012039552;1;2;1;1;6;830;07/07/2012
2012039553;1;2;3;1;3;830;03/07/2012
2012039554;1;1;1;1;6;830;11/07/2012
2012039555;1;2;3;1;3;830;15/06/2012
2012039556;1;1;1;1;7;830;11/07/2012
2012039557;5;2;1;1;3;830;17/07/2012
2012039558;1;2;1;1;6;830;11/07/2012
2012039559;1;2;1;1;6;830;12/07/2012
2012039560;1;2;1;1;6;830;12/07/2012
2012039561;5;2;1;1;3;830;14/07/2012
2012039562;1;1;1;1;7;830;17/07/2012
2012039563;1;1;1;1;3;830;18/07/2012
2012039564;1;2;1;1;3;830;23/07/2012
2012039565;1;2;1;1;2;830;23/07/2012
2012039566;1;2;6;1;3;830;03/07/2012
2012039567;1;2;3;1;1;830;20/07/2012
2012039568;5;2;2;1;7;830;24/07/2012
2012039569;5;2;7;1;2;830;24/07/2012
2012039570;5;2;6;1;7;830;29/07/2012
2012039571;5;2;1;1;2;830;28/07/2012
2012039572;3;2;1;1;6;830;04/08/2012
2012039573;1;2;1;1;6;830;04/08/2012
2012039574;1;2;1;1;7;830;05/08/2012
2012039575;1;2;2;1;6;830;29/06/2012
2012039576;1;2;1;1;6;830;26/07/2012
2012039577;1;2;1;1;1;830;29/07/2012
2012039578;5;2;2;1;3;830;14/08/2012
2012039579;5;2;1;1;3;830;04/08/2012
2012039580;5;2;3;1;3;830;20/08/2012
2012039581;1;2;1;1;7;830;21/08/2012
2012039582;1;2;3;1;3;830;23/08/2012
2012039583;1;2;9;1;1;830;23/08/2012
2012039584;1;2;2;1;3;830;21/08/2012
2012039585;1;2;1;1;6;830;27/08/2012
2012039586;1;2;1;1;2;830;14/08/2012
2012039587;1;2;2;1;6;830;29/08/2012
2012039588;1;2;1;1;3;830;02/09/2012
2012039589;1;2;1;1;2;830;02/09/2012
2012039590;1;2;1;1;6;830;10/08/2012
2012039591;1;2;5;1;3;830;29/08/2012
2012039592;1;2;1;1;5;830;04/09/2012
2012039593;5;2;1;1;7;830;25/08/2012
2012039594;1;2;1;1;6;830;13/09/2012