num_acc;lum;agg;inter;atm;col;dep;date
2012039595;1;2;1;2;1;830;30/08/2012
2012039596;2;2;7;1;6;830;08/09/2012
2012039597;1;2;5;1;3;830;07/09/2012
2012039598;1;2;1;1;3;830;03/09/2012
2012039599;1;2;1;1;6;830;06/09/2012
2012039600;1;2;3;1;3;830;11/09/2012
2012039601;1;2;1;1;3;830;12/09/2012
2012039602;5;2;3;1;3;830;22/09/2012
2012039603;1;1;1;1;6;830;08/09/2012
2012039604;1;2;1;1;2;830;14/09/2012
2012039605;1;2;1;1;5;830;21/09/2012
2012039606;1;2;2;1;1;830;22/09/2012
2012039607;1;1;1;8;4;830;25/09/2012
2012039608;1;2;1;2;7;830;29/09/2012
2012039609;1;2;1;1;6;830;18/09/2012
2012039610;1;1;1;1;2;830;01/10/2012
2012039611;1;2;1;1;3;830;01/10/2012
2012039612;4;1;1;1;5;830;03/10/2012
2012039613;1;2;1;1;7;830;07/10/2012
2012039614;5;2;2;1;6;830;23/08/2012
2012039615;1;2;1;1;1;830;07/10/2012
2012039616;1;2;1;1;3;830;09/10/2012
2012039617;1;2;1;1;4;830;22/09/2012
2012039618;1;2;6;1;3;830;24/09/2012
2012039619;5;2;3;8;3;830;29/09/2012
2012039620;1;2;1;1;6;830;05/10/2012
2012039621;1;2;1;1;3;830;05/10/2012
2012039622;1;2;1;1;6;830;06/10/2012
2012039623;1;2;1;1;6;830;06/10/2012
2012039624;1;2;1;1;2;830;10/10/2012
2012039625;1;2;1;1;3;830;12/10/2012
2012039626;1;2;3;1;3;830;06/10/2012
2012039627;1;2;1;3;3;830;11/10/2012
2012039628;1;2;1;1;2;830;12/10/2012
2012039629;1;2;1;1;1;830;13/10/2012
2012039630;5;2;2;1;1;830;14/10/2012
2012039631;1;2;1;1;2;830;12/10/2012
2012039632;1;2;1;1;6;830;13/10/2012
2012039633;1;1;1;1;3;830;19/10/2012
2012039634;5;2;2;1;3;830;13/10/2012
2012039635;1;2;1;8;6;830;15/10/2012
2012039636;1;2;1;1;3;830;14/10/2012
2012039637;1;2;4;1;3;830;21/10/2012
2012039638;5;2;1;2;3;830;27/10/2012
2012039639;1;2;1;1;3;830;15/10/2012
2012039640;1;1;1;1;3;830;20/10/2012
2012039641;5;2;5;2;7;830;27/10/2012
2012039642;1;2;1;1;6;830;24/10/2012
2012039643;1;2;6;1;2;830;25/10/2012
2012039644;5;2;1;1;6;830;29/10/2012
2012039645;5;2;1;8;6;830;04/11/2012
2012039646;5;2;1;1;6;830;01/11/2012
2012039647;1;2;2;2;6;830;31/10/2012
2012039648;5;1;1;1;5;830;03/11/2012
2012039649;5;2;1;1;6;830;30/10/2012
2012039650;1;2;1;1;2;830;06/11/2012
2012039651;1;1;1;1;2;830;07/11/2012
2012039652;1;2;1;1;6;830;30/10/2012
2012039653;1;2;1;1;3;830;08/11/2012
2012039654;1;2;1;1;6;830;12/10/2012
2012039655;1;2;1;1;6;830;06/11/2012
2012039656;3;2;1;1;6;830;08/11/2012
2012039657;1;2;1;1;1;830;07/11/2012
2012039658;1;2;1;1;3;830;13/11/2012
2012039659;1;2;1;1;2;830;14/11/2012
2012039660;5;1;1;1;7;830;14/11/2012
2012039661;1;2;6;1;5;830;20/11/2012
2012039662;5;2;1;1;6;830;18/11/2012
2012039663;1;2;1;1;6;830;17/11/2012
2012039664;5;2;2;1;3;830;22/11/2012
2012039665;1;2;1;1;6;830;23/11/2012
2012039666;1;1;1;2;6;830;27/11/2012
2012039667;5;2;1;1;6;830;26/11/2012
2012039668;2;2;1;2;3;830;28/11/2012
2012039669;5;2;3;3;3;830;28/11/2012
2012039670;5;2;1;3;2;830;28/11/2012
2012039671;1;2;1;1;3;830;29/11/2012
2012039672;2;2;1;2;6;830;28/11/2012
2012039673;5;2;1;1;7;830;02/12/2012
2012039674;1;2;1;1;2;830;20/11/2012
2012039675;1;2;1;8;4;830;30/11/2012
2012039676;5;2;6;1;3;830;06/12/2012
2012039677;2;2;1;1;2;830;07/12/2012
2012039678;5;2;2;1;3;830;12/12/2012
2012039679;5;2;1;1;2;830;12/12/2012
2012039680;1;2;1;1;3;830;11/12/2012
2012039681;1;2;3;1;3;830;20/11/2012
2012039682;1;2;1;1;3;830;15/12/2012
2012039683;3;2;1;1;6;830;15/12/2012
2012039684;1;2;1;1;6;830;26/12/2012
2012039685;1;2;1;1;6;830;17/12/2012
2012039686;5;2;2;2;5;830;07/12/2012
2012039687;1;2;2;1;3;830;26/06/2012
2012039688;1;2;1;1;6;830;11/07/2012
2012039689;1;2;1;1;6;830;14/09/2012
2012039690;2;2;2;1;3;840;04/01/2012
2012039691;5;2;1;1;6;840;06/01/2012
2012039692;1;2;9;1;6;840;14/01/2012
2012039693;3;2;1;1;3;840;21/01/2012
2012039694;5;2;1;1;1;840;27/01/2012
2012039695;5;2;3;1;3;840;22/01/2012
2012039696;3;1;1;1;7;840;18/02/2012
2012039697;1;2;3;1;2;840;29/03/2012
2012039698;3;1;1;1;6;840;13/04/2012
2012039699;1;2;2;1;3;840;17/04/2012
2012039700;1;2;1;1;6;840;20/04/2012
2012039701;1;2;1;1;5;840;14/05/2012
2012039702;5;2;1;1;3;840;30/04/2012
2012039703;1;2;1;1;3;840;07/06/2012
2012039704;1;2;1;1;6;840;10/06/2012
2012039705;1;2;1;1;6;840;13/06/2012
2012039706;1;2;1;1;6;840;14/06/2012
2012039707;1;2;2;1;6;840;27/06/2012
2012039708;1;2;1;1;6;840;13/07/2012
2012039709;1;2;1;1;6;840;06/07/2012
2012039710;1;2;3;1;3;840;06/07/2012
2012039711;5;2;3;1;3;840;24/07/2012
2012039712;1;2;1;1;2;840;27/08/2012
2012039713;5;2;1;1;6;840;28/08/2012
2012039714;1;1;1;1;7;840;04/08/2012
2012039715;1;2;1;1;6;840;06/06/2012
2012039716;1;1;1;1;6;840;07/09/2012
2012039717;1;2;1;1;6;840;22/09/2012
2012039718;5;2;1;2;7;840;30/09/2012
2012039719;1;2;2;1;3;840;06/10/2012
2012039720;1;2;1;1;3;840;15/10/2012
2012039721;5;2;1;1;6;840;24/10/2012
2012039722;5;1;1;1;3;840;13/11/2012
2012039723;5;1;1;1;6;840;06/10/2012
2012039724;1;2;1;1;6;840;20/11/2012
2012039725;5;2;3;1;3;840;24/11/2012
2012039726;2;2;1;2;3;840;20/12/2012
2012039727;5;2;1;1;2;840;29/12/2012
2012039728;1;1;3;1;3;840;09/02/2012
2012039729;3;1;1;6;7;840;10/03/2012
2012039730;2;2;1;1;6;840;10/03/2012
2012039731;3;1;1;1;7;840;01/05/2012
2012039732;1;1;1;1;6;840;24/05/2012
2012039733;1;2;1;1;3;840;02/06/2012
2012039734;3;1;1;1;6;840;14/07/2012
2012039735;3;1;1;1;7;840;04/08/2012
2012039736;1;1;3;1;3;840;25/08/2012
2012039737;1;1;1;1;7;840;13/10/2012
2012039738;1;1;1;1;6;840;07/10/2012
2012039739;1;1;1;1;2;840;19/11/2012
2012039740;3;1;1;1;3;840;19/11/2012
2012039741;1;2;1;1;6;840;06/12/2012
2012039742;3;1;1;1;1;840;14/12/2012
2012039743;2;1;1;1;5;840;21/12/2012
2012039744;3;1;1;2;6;840;27/12/2012
2012039745;1;2;1;1;6;840;21/04/2012
2012039746;1;1;2;1;2;840;29/06/2012
2012039747;2;2;9;1;6;840;11/07/2012
2012039748;1;2;1;1;6;840;17/08/2012
2012039749;1;1;2;2;1;840;22/10/2012
2012039750;1;1;1;1;1;840;10/12/2012
2012039751;3;1;2;1;3;840;14/12/2012
2012039752;3;2;1;1;1;840;10/01/2012
2012039753;5;2;3;6;3;840;10/03/2012
2012039754;1;2;1;1;6;840;10/03/2012
2012039755;1;1;1;1;7;840;06/04/2012
2012039756;1;2;6;1;3;840;07/07/2012
2012039757;1;2;6;7;6;840;21/07/2012
2012039758;1;2;1;1;7;840;26/07/2012
2012039759;1;2;1;1;3;840;15/09/2012
2012039760;1;2;1;1;6;840;24/10/2012
2012039761;1;2;1;1;3;850;04/01/2012
2012039762;1;2;6;1;7;850;06/01/2012
2012039763;1;2;1;2;6;850;24/01/2012
2012039764;5;2;1;1;1;850;10/02/2012
2012039765;1;2;1;1;7;850;29/02/2012
2012039766;1;2;1;1;6;850;10/03/2012
2012039767;1;2;2;1;3;850;19/03/2012
2012039768;1;2;1;1;6;850;31/03/2012
2012039769;3;2;1;1;6;850;11/04/2012
2012039770;5;2;4;1;3;850;26/02/2012
2012039771;1;2;1;2;6;850;27/04/2012
2012039772;1;2;7;1;6;850;30/05/2012
2012039773;1;2;1;1;6;850;26/06/2012
2012039774;1;2;6;1;6;850;30/06/2012
2012039775;5;2;6;1;6;850;08/07/2012
2012039776;1;2;3;1;6;850;12/07/2012
2012039777;1;2;1;7;3;850;24/07/2012
2012039778;1;1;1;1;3;850;03/09/2012
2012039779;2;2;9;3;6;850;25/09/2012
2012039780;1;1;3;1;3;850;27/09/2012
2012039781;1;1;1;1;2;850;05/10/2012
2012039782;2;2;1;1;6;850;13/10/2012
2012039783;1;1;2;1;3;850;15/11/2012
2012039784;2;2;1;1;6;850;22/11/2012
2012039785;5;2;1;1;1;850;28/11/2012
2012039786;1;2;1;1;3;850;07/12/2012
2012039787;5;2;8;2;6;850;16/12/2012
2012039788;3;1;1;3;6;850;21/12/2012
2012039789;1;2;1;1;7;850;18/12/2012
2012039790;5;2;3;3;6;850;27/12/2012
2012039791;1;2;1;2;6;850;07/01/2012
2012039792;1;2;1;1;6;850;16/01/2012
2012039793;1;2;1;1;6;850;21/01/2012
2012039794;1;2;1;1;6;850;23/01/2012
2012039795;1;2;1;1;6;850;03/02/2012
2012039796;1;2;6;1;3;850;29/02/2012
2012039797;1;2;1;1;6;850;02/03/2012
2012039798;1;2;6;1;3;850;28/03/2012
2012039799;1;1;1;1;3;850;30/03/2012
2012039800;1;2;1;1;3;850;08/04/2012
2012039801;5;2;1;1;6;850;14/04/2012
2012039802;1;2;1;1;6;850;06/05/2012
2012039803;1;2;6;1;6;850;09/05/2012
2012039804;1;2;3;1;3;850;14/05/2012
2012039805;1;2;1;1;6;850;01/06/2012
2012039806;1;2;3;1;3;850;14/06/2012
2012039807;1;2;6;1;3;850;20/06/2012
2012039808;1;2;2;1;3;850;04/07/2012
2012039809;1;2;1;1;6;850;14/07/2012
2012039810;1;2;2;1;6;850;19/07/2012
2012039811;1;2;1;1;6;850;21/07/2012
2012039812;1;2;1;1;6;850;07/08/2012
2012039813;1;2;1;1;6;850;25/08/2012
2012039814;1;2;1;1;3;850;25/08/2012
2012039815;1;2;1;1;6;850;03/09/2012
2012039816;1;2;1;1;6;850;06/09/2012
2012039817;1;2;4;1;3;850;19/09/2012
2012039818;1;2;1;1;6;850;21/09/2012
2012039819;3;1;1;1;5;850;28/09/2012
2012039820;1;2;6;1;2;850;10/10/2012
2012039821;1;2;1;2;3;850;20/10/2012
2012039822;1;2;1;1;6;850;23/10/2012
2012039823;1;2;1;2;6;850;25/10/2012
2012039824;1;2;1;1;6;850;05/11/2012
2012039825;1;2;1;7;6;850;26/11/2012
2012039826;5;2;1;2;6;850;30/11/2012
2012039827;5;2;1;2;3;850;03/12/2012
2012039828;1;2;1;1;2;850;21/12/2012
2012039829;5;2;1;1;6;860;11/01/2012
2012039830;1;2;1;1;6;860;08/05/2012
2012039831;3;1;9;1;7;860;14/05/2012
2012039832;1;2;2;1;3;860;22/05/2012
2012039833;1;2;9;1;3;860;07/06/2012
2012039834;5;2;3;1;3;860;13/12/2012
2012039835;1;1;1;1;5;860;02/01/2012
2012039836;5;2;1;1;2;860;04/01/2012
2012039837;1;2;1;1;1;860;07/01/2012
2012039838;5;2;1;1;6;860;08/01/2012
2012039839;5;2;1;1;6;860;08/01/2012
2012039840;1;2;1;1;6;860;09/01/2012
2012039841;5;2;1;1;6;860;12/01/2012
2012039842;5;2;2;2;3;860;13/01/2012
2012039843;5;2;1;1;6;860;14/01/2012
2012039844;5;2;1;1;2;860;15/01/2012
2012039845;1;2;1;1;6;860;16/01/2012
2012039846;1;2;2;1;1;860;17/01/2012
2012039847;5;2;1;1;6;860;17/01/2012
2012039848;1;2;2;1;1;860;19/01/2012
2012039849;3;1;1;1;6;860;27/01/2012
2012039850;1;2;1;1;5;860;27/01/2012
2012039851;1;2;2;1;3;860;29/01/2012
2012039852;5;2;1;1;2;860;30/01/2012
2012039853;5;1;1;1;6;860;17/02/2012
2012039854;1;2;1;1;2;860;01/03/2012
2012039855;1;2;3;1;3;860;02/03/2012
2012039856;1;2;1;1;3;860;16/03/2012
2012039857;1;1;3;1;4;860;19/03/2012
2012039858;1;2;6;1;3;860;19/03/2012
2012039859;1;2;1;1;7;860;19/03/2012
2012039860;1;2;1;1;1;860;22/03/2012
2012039861;1;2;1;1;7;860;23/03/2012
2012039862;1;1;1;1;7;860;25/03/2012
2012039863;1;2;1;1;6;860;27/03/2012
2012039864;1;2;1;1;6;860;29/03/2012
2012039865;1;1;1;1;4;860;02/04/2012
2012039866;1;2;1;1;4;860;03/04/2012
2012039867;1;2;3;1;2;860;06/04/2012
2012039868;2;2;6;2;3;860;10/04/2012
2012039869;1;2;3;1;3;860;11/04/2012
2012039870;1;2;3;1;3;860;11/04/2012
2012039871;5;2;1;1;6;860;12/04/2012
2012039872;1;2;1;3;6;860;18/04/2012
2012039873;1;2;1;8;1;860;21/04/2012
2012039874;5;2;3;1;6;860;04/05/2012
2012039875;1;2;1;1;3;860;06/05/2012
2012039876;1;2;1;1;6;860;06/05/2012
2012039877;5;2;1;1;2;860;11/05/2012
2012039878;1;2;4;1;3;860;15/05/2012
2012039879;5;2;1;1;6;860;17/05/2012
2012039880;1;1;2;1;3;860;19/05/2012
2012039881;5;2;2;1;3;860;31/05/2012
2012039882;1;2;1;2;6;860;07/06/2012
2012039883;1;2;1;1;7;860;07/06/2012
2012039884;5;2;6;1;7;860;08/06/2012
2012039885;1;2;2;1;3;860;11/06/2012
2012039886;1;2;4;1;6;860;12/06/2012
2012039887;1;2;1;1;3;860;12/06/2012
2012039888;1;2;1;1;6;860;12/06/2012
2012039889;1;2;6;1;3;860;16/06/2012
2012039890;5;2;4;1;2;860;20/06/2012
2012039891;2;2;3;1;6;860;26/06/2012
2012039892;1;2;1;1;6;860;26/06/2012
2012039893;1;2;1;1;2;860;01/07/2012
2012039894;1;2;1;1;1;860;02/07/2012
2012039895;1;1;4;1;6;860;03/07/2012
2012039896;2;2;2;1;3;860;04/07/2012
2012039897;1;2;1;1;6;860;12/07/2012
2012039898;3;2;6;1;1;860;26/07/2012
2012039899;1;2;1;1;7;860;30/07/2012
2012039900;1;2;1;1;3;860;02/08/2012
2012039901;1;2;1;1;6;860;10/08/2012
2012039902;1;2;1;1;6;860;18/08/2012
2012039903;3;2;1;1;6;860;18/08/2012
2012039904;1;2;2;1;3;860;19/08/2012
2012039905;1;1;1;1;2;860;20/08/2012
2012039906;1;1;1;1;4;860;24/08/2012
2012039907;1;2;1;1;4;860;31/08/2012
2012039908;1;2;1;1;7;860;02/09/2012
2012039909;1;2;1;1;3;860;04/09/2012
2012039910;5;2;2;1;2;860;10/09/2012
2012039911;1;1;1;1;6;860;13/09/2012
2012039912;1;2;4;1;3;860;14/09/2012
2012039913;1;2;3;1;6;860;24/09/2012
2012039914;1;2;1;3;2;860;25/09/2012
2012039915;1;2;3;1;3;860;28/09/2012
2012039916;1;2;1;1;3;860;01/10/2012
2012039917;1;2;2;2;3;860;11/10/2012
2012039918;5;2;2;1;3;860;12/10/2012
2012039919;1;1;1;2;1;860;13/10/2012
2012039920;1;2;2;1;3;860;18/10/2012
2012039921;5;2;5;1;6;860;21/10/2012
2012039922;1;2;2;1;3;860;29/10/2012
2012039923;3;1;1;3;2;860;01/11/2012
2012039924;1;2;1;1;6;860;01/11/2012
2012039925;3;2;1;2;3;860;02/11/2012
2012039926;5;2;3;2;6;860;04/11/2012
2012039927;3;1;1;2;3;860;05/11/2012
2012039928;1;2;3;1;3;860;06/11/2012
2012039929;1;2;1;1;2;860;07/11/2012
2012039930;5;2;1;2;7;860;09/11/2012
2012039931;1;2;2;1;3;860;14/11/2012
2012039932;3;1;1;1;6;860;17/11/2012
2012039933;1;2;1;1;6;860;19/11/2012
2012039934;1;2;3;1;6;860;20/11/2012
2012039935;1;2;2;1;6;860;27/11/2012
2012039936;1;2;4;1;2;860;30/11/2012
2012039937;3;2;1;8;3;860;30/11/2012
2012039938;1;1;1;1;1;860;03/12/2012
2012039939;5;2;1;1;7;860;03/12/2012
2012039940;1;2;1;1;1;860;03/12/2012
2012039941;5;2;1;1;6;860;04/12/2012
2012039942;5;2;3;1;3;860;06/12/2012
2012039943;5;2;1;1;7;860;07/12/2012
2012039944;5;2;1;2;6;860;13/12/2012
2012039945;5;2;3;3;6;860;14/12/2012
2012039946;5;2;1;2;1;860;14/12/2012
2012039947;1;2;2;1;7;860;17/12/2012
2012039948;5;2;1;2;1;860;19/12/2012
2012039949;1;2;2;1;3;860;23/12/2012
2012039950;1;2;6;2;2;860;27/12/2012
2012039951;3;1;1;2;6;860;30/12/2012
2012039952;1;2;3;1;3;860;31/12/2012
2012039953;1;1;1;1;6;870;01/01/2012
2012039954;5;1;1;2;6;870;01/01/2012
2012039955;5;2;2;1;5;870;02/01/2012
2012039956;3;1;1;2;6;870;03/01/2012
2012039957;1;2;1;1;6;870;04/01/2012
2012039958;1;2;1;1;6;870;04/01/2012
2012039959;1;2;2;1;3;870;04/01/2012
2012039960;1;2;2;2;2;870;05/01/2012
2012039961;1;2;1;2;2;870;05/01/2012
2012039962;1;2;1;1;6;870;07/01/2012
2012039963;5;2;1;1;6;870;12/01/2012
2012039964;1;2;1;1;6;870;12/01/2012
2012039965;1;2;1;1;2;870;12/01/2012
2012039966;2;2;2;1;6;870;13/01/2012
2012039967;1;1;9;1;2;870;14/01/2012
2012039968;1;2;4;1;3;870;15/01/2012
2012039969;5;2;1;2;6;870;19/01/2012
2012039970;5;2;2;1;3;870;20/01/2012
2012039971;1;1;1;2;6;870;22/01/2012
2012039972;5;1;1;1;2;870;23/01/2012
2012039973;1;2;1;2;6;870;24/01/2012
2012039974;5;2;1;2;6;870;26/01/2012
2012039975;5;2;1;5;2;870;27/01/2012
2012039976;1;2;1;1;2;870;28/01/2012
2012039977;5;2;9;1;3;870;29/01/2012
2012039978;1;2;3;1;3;870;30/01/2012
2012039979;1;2;1;1;2;870;03/02/2012
2012039980;4;1;1;1;3;870;04/02/2012
2012039981;1;1;2;1;3;870;10/02/2012
2012039982;1;2;2;1;3;870;11/02/2012
2012039983;1;2;1;1;6;870;12/02/2012
2012039984;1;2;1;1;6;870;17/02/2012
2012039985;1;1;1;1;3;870;21/02/2012
2012039986;1;2;2;1;3;870;22/02/2012
2012039987;1;2;1;1;6;870;23/02/2012
2012039988;1;2;1;2;6;870;23/02/2012
2012039989;5;2;1;2;3;870;23/02/2012
2012039990;1;2;1;1;6;870;24/02/2012
2012039991;1;1;3;1;3;870;25/02/2012
2012039992;1;1;1;1;6;870;29/02/2012
2012039993;1;2;1;1;2;870;29/02/2012
2012039994;2;2;1;1;6;870;02/03/2012
2012039995;1;2;1;1;3;870;03/03/2012
2012039996;1;1;1;3;6;870;04/03/2012
2012039997;1;1;1;1;2;870;05/03/2012
2012039998;1;2;1;1;2;870;08/03/2012
2012039999;1;2;1;1;6;870;12/03/2012
2012040000;1;2;1;1;6;870;13/03/2012
2012040001;1;1;1;1;6;870;14/03/2012
2012040002;1;2;1;1;6;870;17/03/2012
2012040003;1;1;1;1;3;870;19/03/2012
2012040004;1;2;2;1;3;870;19/03/2012
2012040005;1;2;6;1;3;870;20/03/2012
2012040006;1;2;1;1;3;870;21/03/2012
2012040007;1;2;1;1;6;870;21/03/2012
2012040008;1;2;1;1;5;870;22/03/2012
2012040009;5;2;1;1;6;870;22/03/2012
2012040010;1;2;1;1;6;870;24/03/2012
2012040011;5;2;1;1;6;870;25/03/2012
2012040012;1;1;1;1;2;870;28/03/2012
2012040013;1;2;1;1;3;870;28/03/2012
2012040014;1;2;2;1;3;870;28/03/2012
2012040015;1;2;6;1;3;870;28/03/2012
2012040016;1;2;6;1;3;870;30/03/2012
2012040017;1;2;1;1;4;870;02/04/2012
2012040018;1;2;1;1;6;870;05/04/2012
2012040019;1;2;1;1;6;870;07/04/2012
2012040020;1;2;1;1;6;870;10/04/2012
2012040021;1;2;2;2;3;870;11/04/2012
2012040022;1;1;1;2;5;870;11/04/2012
2012040023;1;2;1;1;1;870;11/04/2012
2012040024;5;2;1;2;3;870;11/04/2012
2012040025;1;1;1;1;4;870;12/04/2012
2012040026;5;2;2;1;3;870;12/04/2012
2012040027;1;2;1;1;3;870;13/04/2012
2012040028;5;2;9;1;3;870;15/04/2012
2012040029;5;2;1;1;1;870;16/04/2012
2012040030;1;2;1;1;2;870;16/04/2012
2012040031;1;2;1;1;6;870;17/04/2012
2012040032;1;2;1;1;2;870;17/04/2012
2012040033;1;2;1;2;3;870;18/04/2012
2012040034;1;2;1;3;6;870;19/04/2012
2012040035;1;2;2;2;3;870;19/04/2012
2012040036;1;1;1;1;6;870;20/04/2012
2012040037;5;2;2;1;3;870;21/04/2012
2012040038;1;2;1;1;6;870;22/04/2012
2012040039;1;2;2;2;3;870;22/04/2012
2012040040;1;2;1;3;2;870;24/04/2012
2012040041;1;2;1;2;5;870;02/05/2012
2012040042;1;1;1;1;6;870;02/05/2012
2012040043;1;1;1;1;6;870;04/05/2012
2012040044;1;2;1;1;6;870;05/05/2012
2012040045;1;2;1;1;6;870;05/05/2012
2012040046;1;2;2;1;3;870;06/05/2012
2012040047;1;2;2;1;3;870;06/05/2012
2012040048;1;2;1;2;2;870;09/05/2012
2012040049;1;2;2;1;3;870;09/05/2012
2012040050;1;2;1;1;3;870;12/05/2012
2012040051;1;2;2;1;3;870;14/05/2012
2012040052;1;2;1;1;2;870;15/05/2012
2012040053;1;2;2;1;6;870;16/05/2012
2012040054;1;2;1;1;4;870;19/05/2012
2012040055;3;1;1;3;6;870;21/05/2012
2012040056;1;1;1;1;6;870;22/05/2012
2012040057;1;1;1;1;6;870;22/05/2012
2012040058;1;2;2;1;5;870;24/05/2012
2012040059;1;2;1;1;4;870;24/05/2012
2012040060;1;2;1;1;2;870;25/05/2012
2012040061;5;1;1;1;6;870;27/05/2012
2012040062;1;2;1;1;6;870;28/05/2012
2012040063;1;2;1;1;6;870;29/05/2012
2012040064;1;2;3;1;3;870;29/05/2012
2012040065;1;2;1;1;2;870;30/05/2012
2012040066;1;2;3;1;3;870;31/05/2012
2012040067;1;2;1;1;6;870;01/06/2012
2012040068;1;2;1;1;3;870;01/06/2012
2012040069;1;1;1;1;6;870;01/06/2012
2012040070;1;2;6;1;3;870;03/06/2012
2012040071;1;2;1;1;3;870;03/06/2012
2012040072;1;2;1;1;6;870;04/06/2012
2012040073;1;2;2;1;3;870;05/06/2012
2012040074;1;2;2;1;3;870;05/06/2012
2012040075;1;2;2;1;6;870;05/06/2012
2012040076;1;2;1;2;6;870;06/06/2012
2012040077;1;1;1;2;6;870;06/06/2012
2012040078;1;2;3;1;3;870;08/06/2012
2012040079;1;2;1;1;2;870;08/06/2012
2012040080;5;2;1;1;6;870;09/06/2012
2012040081;1;2;1;1;6;870;11/06/2012
2012040082;1;2;1;1;6;870;11/06/2012
2012040083;1;2;1;1;6;870;14/06/2012
2012040084;1;2;1;1;6;870;15/06/2012
2012040085;1;2;1;1;3;870;18/06/2012
2012040086;1;2;3;1;3;870;18/06/2012
2012040087;1;2;2;1;3;870;19/06/2012
2012040088;1;2;3;1;3;870;20/06/2012
2012040089;1;2;1;1;6;870;21/06/2012
2012040090;1;2;1;1;2;870;22/06/2012
2012040091;1;1;1;1;2;870;22/06/2012
2012040092;1;2;1;1;6;870;22/06/2012
2012040093;1;1;2;1;3;870;25/06/2012
2012040094;1;2;1;2;1;870;25/06/2012
2012040095;1;2;1;1;6;870;27/06/2012
2012040096;1;1;1;1;2;870;27/06/2012
2012040097;1;2;3;1;3;870;28/06/2012
2012040098;1;2;1;1;1;870;28/06/2012
2012040099;2;2;1;1;6;870;01/07/2012
2012040100;3;1;1;1;6;870;03/07/2012
2012040101;1;2;1;2;6;870;05/07/2012
2012040102;1;2;1;2;7;870;05/07/2012
2012040103;1;1;1;1;6;870;05/07/2012
2012040104;1;1;1;1;6;870;06/07/2012
2012040105;1;2;1;1;6;870;07/07/2012
2012040106;3;1;3;1;3;870;10/07/2012
2012040107;1;1;1;1;1;870;11/07/2012
2012040108;5;2;1;1;6;870;14/07/2012
2012040109;1;2;1;1;3;870;15/07/2012
2012040110;1;2;1;1;6;870;15/07/2012
2012040111;5;2;1;1;6;870;16/07/2012
2012040112;1;2;2;1;3;870;17/07/2012
2012040113;1;2;9;1;3;870;18/07/2012
2012040114;1;2;1;1;6;870;20/07/2012
2012040115;1;2;1;1;6;870;20/07/2012
2012040116;1;2;1;1;2;870;26/07/2012
2012040117;5;2;1;1;2;870;26/07/2012
2012040118;1;1;1;1;2;870;27/07/2012
2012040119;1;1;1;1;6;870;27/07/2012
2012040120;1;2;1;1;6;870;31/07/2012
2012040121;1;2;1;1;6;870;01/08/2012
2012040122;1;2;2;1;1;870;03/08/2012
2012040123;2;2;1;1;3;870;03/08/2012
2012040124;1;2;1;1;4;870;03/08/2012
2012040125;1;2;1;1;1;870;04/08/2012
2012040126;1;2;1;1;6;870;04/08/2012
2012040127;1;1;1;1;6;870;04/08/2012
2012040128;1;1;1;1;6;870;05/08/2012
2012040129;1;2;1;1;2;870;05/08/2012
2012040130;1;2;2;1;3;870;06/08/2012
2012040131;1;2;1;1;6;870;07/08/2012
2012040132;1;2;1;1;1;870;07/08/2012
2012040133;5;2;1;1;6;870;08/08/2012
2012040134;1;2;1;1;3;870;10/08/2012
2012040135;1;2;1;1;3;870;10/08/2012
2012040136;1;2;1;1;3;870;11/08/2012
2012040137;1;2;1;1;6;870;10/08/2012
2012040138;1;2;1;1;6;870;13/08/2012
2012040139;1;2;1;2;6;870;14/08/2012
2012040140;2;1;1;1;6;870;15/08/2012
2012040141;5;2;1;1;2;870;18/08/2012
2012040142;1;2;1;1;6;870;19/08/2012
2012040143;1;2;1;1;4;870;20/08/2012
2012040144;1;2;1;1;6;870;20/08/2012
2012040145;1;2;2;1;3;870;20/08/2012
2012040146;1;2;1;1;3;870;21/08/2012
2012040147;5;2;1;1;3;870;23/08/2012
2012040148;1;1;1;1;6;870;27/08/2012
2012040149;1;2;1;2;6;870;28/08/2012
2012040150;1;2;1;1;3;870;28/08/2012
2012040151;1;1;1;1;6;870;30/08/2012
2012040152;1;2;1;1;2;870;30/08/2012
2012040153;1;2;1;1;3;870;30/08/2012
2012040154;1;2;1;1;6;870;01/09/2012
2012040155;1;1;1;1;6;870;03/09/2012
2012040156;1;2;3;1;3;870;05/09/2012
2012040157;1;2;1;1;2;870;05/09/2012
2012040158;1;2;2;1;6;870;05/09/2012
2012040159;1;2;1;1;6;870;06/09/2012
2012040160;1;2;1;1;2;870;06/09/2012
2012040161;1;2;1;1;7;870;08/09/2012
2012040162;1;1;1;1;6;870;09/09/2012
2012040163;1;2;1;1;2;870;10/09/2012
2012040164;1;2;1;1;2;870;12/09/2012
2012040165;1;2;1;2;6;870;13/09/2012
2012040166;5;2;1;1;6;870;13/09/2012
2012040167;1;2;1;1;6;870;14/09/2012
2012040168;1;2;1;1;3;870;14/09/2012
2012040169;1;1;1;1;2;870;14/09/2012
2012040170;1;1;1;1;6;870;16/09/2012
2012040171;2;2;1;1;6;870;16/09/2012
2012040172;1;2;1;1;2;870;16/09/2012
2012040173;1;2;2;1;3;870;17/09/2012
2012040174;1;2;1;1;6;870;17/09/2012
2012040175;4;1;1;1;3;870;17/09/2012