num_acc;lum;agg;inter;atm;col;dep;date
2012041919;1;2;1;3;7;920;10/06/2012
2012041920;1;2;1;1;2;920;11/06/2012
2012041921;1;2;2;1;3;920;22/06/2012
2012041922;1;2;1;1;3;920;25/06/2012
2012041923;1;2;1;1;6;920;28/06/2012
2012041924;1;2;3;1;3;920;30/06/2012
2012041925;1;2;3;1;3;920;17/07/2012
2012041926;1;2;1;1;6;920;23/07/2012
2012041927;1;2;1;1;6;920;28/07/2012
2012041928;1;2;3;1;6;920;18/08/2012
2012041929;1;2;3;1;1;920;23/08/2012
2012041930;1;2;1;1;4;920;30/08/2012
2012041931;2;2;1;1;4;920;02/09/2012
2012041932;1;2;1;1;6;920;05/09/2012
2012041933;1;2;1;3;4;920;24/09/2012
2012041934;5;2;1;5;3;920;26/09/2012
2012041935;5;2;2;1;3;920;30/09/2012
2012041936;5;2;4;1;5;920;01/10/2012
2012041937;1;2;1;1;6;920;02/10/2012
2012041938;2;2;2;1;6;920;04/10/2012
2012041939;5;2;6;2;6;920;07/10/2012
2012041940;1;2;2;2;6;920;08/10/2012
2012041941;1;2;3;2;3;920;10/11/2012
2012041942;5;2;1;1;6;920;12/11/2012
2012041943;5;2;1;1;3;920;13/11/2012
2012041944;1;2;1;1;2;920;12/11/2012
2012041945;5;2;1;1;6;920;22/11/2012
2012041946;2;2;2;1;6;920;26/11/2012
2012041947;5;2;1;2;5;920;28/11/2012
2012041948;1;2;1;2;6;920;29/11/2012
2012041949;1;2;1;2;2;920;05/12/2012
2012041950;5;2;2;9;6;920;12/12/2012
2012041951;1;2;1;1;6;920;13/12/2012
2012041952;5;2;2;2;6;920;19/12/2012
2012041953;2;2;1;2;6;920;22/12/2012
2012041954;5;2;2;1;6;920;25/12/2012
2012041955;1;2;2;1;3;920;03/01/2012
2012041956;1;2;1;1;6;920;06/01/2012
2012041957;5;2;1;1;2;920;06/01/2012
2012041958;5;2;3;1;3;920;06/01/2012
2012041959;1;2;2;1;6;920;19/01/2012
2012041960;5;2;1;3;6;920;24/01/2012
2012041961;1;2;1;2;2;920;25/01/2012
2012041962;1;2;2;1;6;920;25/01/2012
2012041963;1;2;3;1;6;920;28/01/2012
2012041964;5;2;3;1;3;920;02/02/2012
2012041965;1;2;4;1;3;920;16/02/2012
2012041966;1;2;3;1;2;920;17/02/2012
2012041967;5;2;3;2;3;920;18/02/2012
2012041968;1;2;3;1;6;920;19/02/2012
2012041969;2;2;1;1;6;920;21/02/2012
2012041970;1;2;9;1;6;920;20/02/2012
2012041971;1;2;1;1;2;920;21/02/2012
2012041972;1;2;6;1;3;920;29/02/2012
2012041973;1;2;1;1;6;920;14/03/2012
2012041974;1;2;1;1;6;920;15/03/2012
2012041975;1;2;2;1;6;920;16/03/2012
2012041976;1;2;1;1;6;920;23/03/2012
2012041977;5;2;1;1;3;920;24/03/2012
2012041978;1;2;3;1;3;920;27/03/2012
2012041979;1;2;6;1;6;920;31/03/2012
2012041980;1;2;2;1;3;920;02/04/2012
2012041981;5;2;1;1;1;920;02/04/2012
2012041982;1;2;3;1;4;920;04/04/2012
2012041983;1;2;3;1;3;920;10/04/2012
2012041984;1;2;2;1;3;920;13/04/2012
2012041985;1;2;1;1;2;920;13/04/2012
2012041986;1;2;3;1;6;920;16/04/2012
2012041987;1;2;3;1;3;920;18/04/2012
2012041988;1;2;1;1;6;920;19/04/2012
2012041989;1;2;6;2;2;920;02/05/2012
2012041990;5;2;1;8;3;920;30/04/2012
2012041991;1;2;1;1;6;920;05/05/2012
2012041992;1;2;1;1;6;920;13/05/2012
2012041993;5;2;1;1;6;920;12/05/2012
2012041994;1;2;3;1;6;920;14/05/2012
2012041995;1;2;3;2;3;920;15/05/2012
2012041996;1;2;1;1;6;920;16/05/2012
2012041997;1;2;5;1;6;920;24/05/2012
2012041998;1;2;3;1;3;920;29/05/2012
2012041999;1;2;1;1;3;920;07/06/2012
2012042000;1;2;1;1;2;920;09/06/2012
2012042001;1;2;3;1;6;920;09/06/2012
2012042002;1;2;1;1;6;920;14/06/2012
2012042003;1;2;3;1;3;920;26/05/2012
2012042004;1;2;3;1;4;920;17/06/2012
2012042005;1;2;4;1;3;920;20/06/2012
2012042006;1;2;1;1;6;920;22/06/2012
2012042007;1;2;1;1;3;920;23/06/2012
2012042008;1;2;1;1;5;920;25/06/2012
2012042009;1;2;1;1;6;920;30/06/2012
2012042010;1;2;1;1;3;920;28/06/2012
2012042011;1;2;1;1;5;920;05/07/2012
2012042012;1;2;1;1;3;920;20/07/2012
2012042013;1;2;1;1;2;920;23/07/2012
2012042014;1;2;7;1;3;920;26/07/2012
2012042015;1;2;2;1;3;920;25/07/2012
2012042016;1;2;1;1;6;920;03/08/2012
2012042017;1;2;2;1;3;920;06/08/2012
2012042018;5;2;7;1;3;920;26/08/2012
2012042019;1;2;1;1;1;920;28/08/2012
2012042020;1;2;1;1;6;920;29/08/2012
2012042021;1;2;1;1;6;920;01/09/2012
2012042022;1;2;2;1;3;920;31/08/2012
2012042023;1;2;1;1;6;920;04/09/2012
2012042024;1;2;2;1;3;920;08/09/2012
2012042025;1;2;2;1;3;920;10/09/2012
2012042026;1;2;1;1;1;920;11/09/2012
2012042027;1;2;1;3;2;920;11/09/2012
2012042028;1;2;1;1;6;920;11/09/2012
2012042029;1;2;1;1;6;920;18/09/2012
2012042030;1;2;1;2;6;920;18/09/2012
2012042031;1;2;2;1;3;920;23/09/2012
2012042032;5;2;2;1;3;920;22/09/2012
2012042033;1;2;3;1;6;920;30/09/2012
2012042034;1;2;3;1;2;920;28/09/2012
2012042035;1;2;1;1;6;920;30/09/2012
2012042036;2;2;2;3;7;920;04/10/2012
2012042037;5;2;2;1;3;920;04/10/2012
2012042038;1;2;1;1;7;920;05/10/2012
2012042039;1;2;2;1;6;920;05/10/2012
2012042040;1;2;1;1;2;920;09/10/2012
2012042041;1;2;2;1;7;920;11/10/2012
2012042042;1;2;1;1;3;920;12/10/2012
2012042043;5;2;2;1;3;920;12/10/2012
2012042044;1;2;1;1;3;920;15/10/2012
2012042045;1;2;1;2;7;920;17/10/2012
2012042046;5;2;1;2;6;920;21/10/2012
2012042047;1;2;6;6;3;920;19/10/2012
2012042048;5;2;2;2;3;920;19/10/2012
2012042049;5;2;1;1;6;920;19/10/2012
2012042050;1;2;1;2;6;920;20/10/2012
2012042051;2;2;1;2;7;920;20/10/2012
2012042052;2;2;1;1;6;920;25/10/2012
2012042053;5;2;2;1;3;920;28/10/2012
2012042054;1;2;1;1;6;920;29/10/2012
2012042055;1;2;1;1;6;920;31/10/2012
2012042056;5;2;3;2;7;920;01/11/2012
2012042057;1;2;1;1;4;920;03/11/2012
2012042058;5;2;1;2;7;920;02/11/2012
2012042059;5;2;1;2;7;920;10/11/2012
2012042060;5;2;2;2;3;920;10/11/2012
2012042061;1;2;3;3;3;920;18/11/2012
2012042062;2;2;1;1;3;920;23/11/2012
2012042063;1;2;1;1;7;920;25/11/2012
2012042064;1;2;1;1;6;920;27/11/2012
2012042065;5;2;1;1;6;920;28/11/2012
2012042066;1;2;1;1;6;920;28/11/2012
2012042067;5;2;1;1;3;920;28/11/2012
2012042068;1;2;1;1;3;920;30/11/2012
2012042069;2;2;9;1;6;920;30/11/2012
2012042070;1;2;1;2;3;920;03/12/2012
2012042071;2;2;2;2;3;920;04/12/2012
2012042072;5;2;1;1;7;920;15/12/2012
2012042073;5;2;1;1;6;920;17/12/2012
2012042074;2;2;3;2;6;920;18/12/2012
2012042075;1;2;2;2;6;920;18/12/2012
2012042076;1;2;1;1;6;920;24/12/2012
2012042077;1;2;2;1;6;920;03/01/2012
2012042078;1;2;2;8;6;920;05/01/2012
2012042079;5;2;3;1;6;920;06/01/2012
2012042080;5;2;2;1;3;920;06/01/2012
2012042081;1;2;4;1;2;920;07/01/2012
2012042082;5;2;2;1;6;920;09/01/2012
2012042083;1;2;2;1;6;920;17/01/2012
2012042084;5;2;2;2;3;920;18/01/2012
2012042085;1;2;4;2;3;920;19/01/2012
2012042086;1;2;1;2;6;920;19/01/2012
2012042087;1;2;2;1;6;920;20/01/2012
2012042088;5;2;3;2;3;920;25/01/2012
2012042089;5;2;2;1;6;920;29/01/2012
2012042090;5;2;3;1;6;920;29/01/2012
2012042091;1;1;1;1;6;920;31/12/2012
2012042092;1;2;1;1;3;920;18/02/2012
2012042093;1;2;1;8;3;920;27/02/2012
2012042094;1;2;1;1;6;920;15/02/2012
2012042095;1;2;1;2;2;920;06/03/2012
2012042096;1;2;2;1;6;920;10/03/2012
2012042097;2;2;3;1;3;920;13/03/2012
2012042098;1;2;1;1;4;920;15/03/2012
2012042099;1;2;1;1;3;920;26/03/2012
2012042100;1;2;2;1;3;920;23/03/2012
2012042101;1;2;1;1;6;920;29/03/2012
2012042102;1;2;5;1;3;920;03/04/2012
2012042103;1;2;1;1;6;920;12/04/2012
2012042104;1;2;1;1;2;920;13/04/2012
2012042105;1;2;1;1;6;920;13/04/2012
2012042106;2;2;1;1;6;920;13/04/2012
2012042107;1;2;3;1;3;920;17/04/2012
2012042108;1;2;1;1;3;920;17/04/2012
2012042109;1;2;1;1;6;920;30/04/2012
2012042110;1;2;1;1;6;920;03/05/2012
2012042111;1;2;1;1;6;920;11/05/2012
2012042112;1;2;2;1;6;920;22/05/2012
2012042113;1;2;2;1;6;920;21/05/2012
2012042114;1;2;1;1;6;920;17/05/2012
2012042115;1;2;1;1;2;920;23/05/2012
2012042116;5;2;1;1;6;920;31/05/2012
2012042117;5;2;3;2;3;920;03/06/2012
2012042118;1;2;2;2;6;920;05/06/2012
2012042119;1;2;1;1;3;920;08/06/2012
2012042120;1;2;1;8;6;920;12/06/2012
2012042121;1;2;6;1;6;920;12/06/2012
2012042122;1;2;1;1;4;920;13/06/2012
2012042123;1;2;1;1;6;920;20/06/2012
2012042124;1;2;1;1;6;920;21/06/2012
2012042125;1;2;2;1;3;920;22/06/2012
2012042126;1;2;1;1;3;920;09/07/2012
2012042127;5;2;6;9;1;920;10/07/2012
2012042128;1;2;1;2;6;920;12/07/2012
2012042129;1;2;1;1;2;920;16/07/2012
2012042130;1;2;1;1;6;920;17/07/2012
2012042131;1;2;1;1;6;920;20/07/2012
2012042132;1;2;2;1;6;920;21/07/2012
2012042133;1;2;3;1;3;920;22/07/2012
2012042134;1;2;1;1;2;920;30/07/2012
2012042135;5;2;6;1;4;920;06/08/2012
2012042136;1;2;1;1;2;920;03/08/2012
2012042137;1;2;2;1;6;920;06/08/2012
2012042138;1;2;6;1;3;920;24/08/2012
2012042139;1;2;3;1;3;920;29/08/2012
2012042140;2;2;1;1;4;920;31/08/2012
2012042141;1;2;1;1;2;920;07/09/2012
2012042142;2;2;1;1;2;920;07/09/2012
2012042143;1;2;2;2;1;920;12/09/2012
2012042144;1;2;1;1;3;920;13/09/2012
2012042145;1;2;1;1;3;920;16/09/2012
2012042146;1;2;1;1;2;920;18/09/2012
2012042147;1;2;2;1;3;920;19/09/2012
2012042148;1;2;3;2;3;920;21/09/2012
2012042149;1;2;1;1;6;920;27/09/2012
2012042150;1;2;4;1;3;920;28/09/2012
2012042151;2;2;2;1;3;920;28/09/2012
2012042152;5;2;3;2;6;920;11/10/2012
2012042153;5;2;1;1;7;920;14/10/2012
2012042154;5;2;1;2;6;920;12/10/2012
2012042155;5;2;3;9;6;920;16/10/2012
2012042156;5;2;1;2;3;920;20/10/2012
2012042157;1;2;1;9;6;920;24/10/2012
2012042158;1;2;1;1;7;920;26/10/2012
2012042159;1;2;1;2;6;920;02/11/2012
2012042160;1;2;1;1;2;920;04/11/2012
2012042161;1;2;1;1;2;920;13/11/2012
2012042162;5;2;1;1;2;920;15/11/2012
2012042163;5;2;5;1;4;920;15/11/2012
2012042164;3;2;2;1;6;920;21/11/2012
2012042165;5;2;3;1;3;920;23/11/2012
2012042166;1;2;3;2;6;920;23/11/2012
2012042167;5;2;1;2;3;920;23/11/2012
2012042168;1;2;1;1;6;920;26/11/2012
2012042169;1;2;2;1;3;920;04/12/2012
2012042170;1;2;3;1;3;920;06/12/2012
2012042171;5;2;4;1;6;920;07/12/2012
2012042172;1;2;1;1;2;920;08/12/2012
2012042173;5;2;2;1;3;920;14/12/2012
2012042174;1;2;2;1;2;920;05/12/2012
2012042175;5;2;1;9;6;920;04/11/2012
2012042176;5;2;1;1;2;920;19/12/2012
2012042177;5;2;1;2;3;920;19/12/2012
2012042178;1;2;1;1;6;920;17/12/2012
2012042179;5;2;1;1;3;920;18/12/2012
2012042180;1;2;1;2;2;920;22/12/2012
2012042181;5;2;1;2;6;920;21/12/2012
2012042182;1;2;1;1;2;920;24/12/2012
2012042183;1;2;1;2;6;920;03/01/2012
2012042184;1;2;1;1;6;920;05/01/2012
2012042185;1;2;1;2;2;920;09/01/2012
2012042186;1;2;1;1;6;920;10/01/2012
2012042187;1;2;1;1;6;920;14/01/2012
2012042188;1;2;1;1;3;920;10/01/2012
2012042189;5;2;3;2;3;920;24/01/2012
2012042190;1;2;3;1;2;920;28/01/2012
2012042191;1;2;1;1;2;920;31/01/2012
2012042192;1;2;1;1;6;920;03/02/2012
2012042193;1;2;1;1;3;920;07/02/2012
2012042194;1;2;1;1;6;920;14/02/2012
2012042195;1;2;1;1;4;920;08/03/2012
2012042196;1;2;1;1;3;920;25/03/2012
2012042197;1;2;8;1;6;920;05/04/2012
2012042198;1;2;1;1;3;920;11/04/2012
2012042199;1;2;1;1;3;920;12/04/2012
2012042200;1;2;1;1;2;920;20/04/2012
2012042201;1;2;1;1;3;920;04/05/2012
2012042202;1;2;1;2;6;920;11/05/2012
2012042203;1;2;1;1;6;920;12/05/2012
2012042204;1;2;1;1;6;920;14/05/2012
2012042205;1;2;1;1;6;920;26/05/2012
2012042206;1;2;1;1;6;920;15/06/2012
2012042207;2;2;1;1;2;920;21/06/2012
2012042208;1;2;2;1;3;920;02/07/2012
2012042209;1;2;1;1;3;920;03/07/2012
2012042210;1;2;3;1;6;920;26/07/2012
2012042211;1;2;2;1;3;920;28/07/2012
2012042212;1;2;1;1;6;920;07/08/2012
2012042213;1;2;1;1;1;920;07/08/2012
2012042214;1;2;1;1;6;920;24/08/2012
2012042215;1;2;3;1;3;920;30/08/2012
2012042216;1;2;1;1;3;920;06/09/2012
2012042217;1;2;1;1;6;920;07/09/2012
2012042218;1;2;1;2;6;920;11/09/2012
2012042219;4;2;1;2;2;920;26/09/2012
2012042220;1;2;2;2;3;920;26/09/2012
2012042221;1;2;1;1;3;920;07/10/2012
2012042222;1;2;1;1;3;920;10/10/2012
2012042223;5;2;1;1;6;920;11/10/2012
2012042224;1;2;1;1;3;920;18/09/2012
2012042225;5;2;3;1;3;920;03/11/2012
2012042226;5;2;1;1;7;920;07/11/2012
2012042227;1;2;1;3;1;920;23/11/2012
2012042228;1;2;1;1;2;920;01/12/2012
2012042229;1;2;1;1;3;920;07/12/2012
2012042230;1;2;1;1;6;920;06/12/2012
2012042231;1;2;3;1;5;920;07/02/2012
2012042232;5;2;3;2;6;920;31/01/2012
2012042233;1;2;1;1;3;920;12/05/2012
2012042234;2;2;2;1;3;920;14/05/2012
2012042235;2;2;1;1;3;920;29/05/2012
2012042236;1;2;1;1;6;920;30/05/2012
2012042237;1;2;1;1;6;920;20/06/2012
2012042238;5;2;3;3;7;920;03/01/2012
2012042239;1;2;1;1;6;920;08/01/2012
2012042240;1;2;2;1;6;920;08/01/2012
2012042241;1;2;3;1;3;920;29/12/2012
2012042242;1;2;1;2;7;920;20/12/2012
2012042243;5;2;1;2;6;920;19/12/2012
2012042244;5;2;1;6;7;920;27/12/2012
2012042245;5;2;1;1;2;920;16/01/2012
2012042246;1;2;3;1;6;920;27/01/2012
2012042247;1;2;1;1;6;920;30/01/2012
2012042248;5;2;4;1;1;920;11/02/2012
2012042249;1;2;2;1;6;920;15/02/2012
2012042250;5;2;3;1;3;920;19/02/2012
2012042251;1;2;3;1;3;920;20/02/2012
2012042252;1;2;1;1;1;920;28/02/2012
2012042253;5;2;3;1;3;920;14/03/2012
2012042254;1;2;9;1;3;920;20/03/2012
2012042255;1;2;1;1;4;920;19/03/2012
2012042256;1;2;3;1;2;920;21/03/2012
2012042257;1;2;1;1;3;920;22/03/2012
2012042258;5;2;3;1;3;920;25/03/2012
2012042259;1;2;1;1;7;920;28/03/2012
2012042260;1;2;1;1;2;920;01/04/2012
2012042261;5;2;1;1;6;920;04/04/2012
2012042262;1;2;1;1;2;920;05/04/2012
2012042263;1;2;1;1;2;920;06/04/2012
2012042264;1;2;2;1;7;920;05/04/2012
2012042265;1;2;3;1;3;920;12/04/2012
2012042266;1;2;3;1;3;920;12/04/2012
2012042267;1;2;2;1;3;920;13/04/2012
2012042268;1;2;3;1;6;920;26/04/2012
2012042269;2;2;2;1;3;920;26/04/2012
2012042270;1;2;3;1;6;920;27/04/2012
2012042271;1;2;9;1;3;920;27/04/2012
2012042272;5;2;1;1;7;920;08/05/2012
2012042273;1;2;3;1;6;920;12/05/2012
2012042274;1;2;1;1;6;920;14/05/2012
2012042275;1;2;1;1;3;920;15/05/2012
2012042276;1;2;9;3;2;920;21/05/2012
2012042277;1;2;1;1;3;920;23/05/2012
2012042278;1;2;1;1;6;920;23/05/2012
2012042279;1;2;2;1;3;920;24/05/2012
2012042280;1;2;1;1;6;920;26/05/2012
2012042281;1;2;3;1;4;920;26/05/2012
2012042282;1;2;1;1;6;920;04/06/2012
2012042283;1;2;1;1;2;920;07/06/2012
2012042284;1;2;1;1;3;920;14/06/2012
2012042285;1;2;2;1;3;920;17/06/2012
2012042286;1;2;1;8;2;920;15/06/2012
2012042287;1;2;1;1;3;920;20/06/2012
2012042288;1;2;9;1;6;920;20/06/2012
2012042289;1;2;3;1;3;920;21/06/2012
2012042290;1;2;1;1;4;920;22/06/2012
2012042291;1;2;3;8;7;920;24/06/2012
2012042292;2;2;2;1;3;920;03/07/2012
2012042293;1;2;1;1;6;920;05/07/2012
2012042294;1;2;1;1;7;920;09/07/2012
2012042295;2;2;1;1;2;920;09/07/2012
2012042296;1;2;1;1;3;920;17/07/2012
2012042297;1;2;1;1;2;920;29/07/2012
2012042298;1;2;9;1;7;920;31/07/2012
2012042299;1;2;1;1;3;920;01/08/2012
2012042300;1;2;3;1;3;920;01/08/2012
2012042301;2;2;3;1;6;920;03/08/2012
2012042302;5;2;3;1;7;920;17/08/2012
2012042303;2;2;4;1;5;920;30/08/2012
2012042304;1;2;3;1;5;920;05/09/2012
2012042305;1;2;1;1;6;920;06/09/2012
2012042306;1;2;1;1;2;920;10/09/2012
2012042307;1;2;3;1;7;920;12/09/2012
2012042308;1;2;1;1;7;920;17/09/2012
2012042309;1;2;6;1;3;920;14/09/2012
2012042310;1;2;3;1;6;920;19/09/2012
2012042311;2;2;3;2;7;920;25/09/2012
2012042312;1;2;4;2;7;920;26/09/2012
2012042313;5;2;3;1;2;920;26/09/2012
2012042314;1;2;1;1;2;920;23/09/2012
2012042315;1;2;1;1;3;920;27/09/2012
2012042316;1;2;3;1;3;920;28/09/2012
2012042317;2;2;2;1;6;920;29/09/2012
2012042318;5;2;1;1;3;920;01/10/2012
2012042319;1;2;1;1;6;920;03/10/2012
2012042320;2;2;2;2;3;920;03/10/2012
2012042321;1;2;1;1;7;920;07/10/2012
2012042322;3;2;1;1;3;920;05/10/2012
2012042323;1;2;1;8;3;920;05/10/2012
2012042324;1;2;1;3;7;920;08/10/2012
2012042325;5;2;2;2;3;920;08/10/2012
2012042326;1;2;1;8;2;920;09/10/2012
2012042327;5;2;3;1;3;920;14/10/2012
2012042328;1;2;2;1;3;920;16/10/2012
2012042329;1;2;2;1;6;920;20/10/2012
2012042330;2;2;2;1;3;920;22/10/2012
2012042331;1;2;1;1;7;920;26/10/2012
2012042332;1;2;1;1;2;920;29/10/2012
2012042333;1;2;1;1;7;920;31/10/2012
2012042334;1;2;1;8;7;920;01/11/2012
2012042335;2;2;1;1;6;920;13/11/2012
2012042336;1;2;1;1;3;920;16/11/2012
2012042337;1;2;1;1;6;920;15/11/2012
2012042338;1;2;1;1;6;920;15/11/2012
2012042339;1;2;2;1;2;920;15/11/2012
2012042340;5;2;1;8;2;920;24/11/2012
2012042341;1;2;1;1;7;920;24/11/2012
2012042342;5;2;1;2;2;920;28/11/2012
2012042343;2;2;1;3;7;920;04/12/2012
2012042344;1;2;1;1;2;920;04/12/2012
2012042345;1;2;1;1;3;920;20/11/2012
2012042346;1;2;1;1;3;920;29/11/2012
2012042347;5;2;3;1;3;920;15/12/2012
2012042348;1;2;1;1;2;920;12/12/2012
2012042349;5;2;3;2;6;920;04/12/2012
2012042350;1;2;1;2;3;920;20/12/2012
2012042351;5;2;2;2;2;920;07/12/2012
2012042352;1;2;1;1;7;920;06/01/2012
2012042353;5;2;1;2;7;920;20/01/2012
2012042354;5;2;3;1;3;920;28/01/2012
2012042355;1;2;1;1;2;920;30/01/2012
2012042356;1;2;2;1;4;920;31/01/2012
2012042357;1;2;5;1;3;920;31/01/2012
2012042358;1;2;1;1;7;920;01/02/2012
2012042359;1;2;1;1;3;920;13/02/2012
2012042360;1;2;6;1;6;920;09/02/2012
2012042361;2;2;1;1;6;920;22/02/2012
2012042362;1;2;5;1;6;920;10/03/2012
2012042363;5;2;2;1;3;920;12/03/2012
2012042364;1;2;3;1;3;920;20/04/2012
2012042365;5;2;2;1;4;920;18/04/2012
2012042366;1;2;2;1;3;920;29/04/2012
2012042367;1;2;2;1;3;920;18/05/2012
2012042368;1;2;5;1;2;920;25/05/2012
2012042369;1;2;1;1;6;920;29/05/2012
2012042370;1;2;1;1;6;920;31/05/2012
2012042371;1;2;1;1;3;920;01/06/2012
2012042372;1;2;2;1;6;920;08/06/2012
2012042373;1;2;2;1;3;920;08/06/2012
2012042374;1;2;6;1;2;920;22/06/2012
2012042375;1;2;3;2;7;920;13/07/2012
2012042376;1;2;6;1;6;920;17/07/2012
2012042377;1;2;2;1;3;920;27/08/2012
2012042378;1;2;9;1;3;920;01/09/2012
2012042379;1;1;2;1;6;920;07/09/2012
2012042380;1;2;1;1;6;920;12/09/2012
2012042381;1;2;2;1;3;920;21/09/2012
2012042382;1;2;3;1;3;920;03/10/2012
2012042383;5;2;1;1;6;920;15/10/2012
2012042384;1;2;4;1;3;920;19/10/2012
2012042385;1;2;3;1;6;920;23/10/2012
2012042386;1;2;2;1;3;920;26/10/2012
2012042387;5;2;2;1;3;920;07/11/2012
2012042388;1;2;6;1;3;920;16/11/2012
2012042389;5;2;2;1;6;920;16/11/2012
2012042390;1;2;1;1;6;920;21/11/2012
2012042391;1;2;1;1;6;920;22/11/2012
2012042392;5;2;1;1;3;920;29/11/2012
2012042393;2;2;3;1;3;920;30/11/2012
2012042394;5;2;4;1;3;920;02/12/2012
2012042395;5;2;1;1;1;920;11/12/2012
2012042396;5;2;1;1;6;920;17/12/2012
2012042397;5;2;2;1;6;920;03/01/2012
2012042398;1;2;1;1;3;920;03/01/2012
2012042399;1;2;1;1;6;920;04/01/2012
2012042400;5;2;1;1;3;920;04/01/2012
2012042401;1;1;2;1;5;920;13/01/2012
2012042402;1;2;2;1;6;920;19/01/2012
2012042403;5;2;1;1;6;920;20/01/2012
2012042404;5;1;2;1;2;920;23/01/2012
2012042405;5;1;2;3;6;920;24/01/2012
2012042406;5;2;1;1;6;920;26/01/2012
2012042407;1;2;2;2;1;920;15/02/2012
2012042408;5;1;3;2;3;920;15/02/2012
2012042409;1;2;3;1;3;920;07/03/2012
2012042410;1;2;1;1;1;920;12/03/2012
2012042411;1;2;1;1;3;920;13/03/2012
2012042412;1;2;1;1;3;920;19/03/2012
2012042413;1;2;1;1;6;920;26/03/2012
2012042414;1;2;1;1;6;920;06/04/2012
2012042415;1;2;1;2;6;920;08/04/2012
2012042416;1;2;6;3;3;920;10/04/2012
2012042417;1;2;1;1;7;920;15/04/2012
2012042418;1;1;1;1;6;920;19/04/2012
2012042419;1;2;9;1;6;920;19/04/2012
2012042420;5;2;3;1;6;920;20/04/2012
2012042421;1;2;1;2;6;920;23/04/2012
2012042422;1;2;3;2;2;920;23/04/2012
2012042423;1;2;1;1;2;920;24/04/2012
2012042424;1;2;1;1;4;920;01/05/2012
2012042425;1;2;3;1;3;920;15/05/2012
2012042426;1;2;1;1;6;920;16/05/2012
2012042427;1;2;1;1;6;920;18/05/2012
2012042428;2;2;3;1;3;920;19/05/2012
2012042429;1;2;1;1;3;920;24/05/2012
2012042430;1;2;2;1;6;920;25/05/2012
2012042431;1;2;1;1;6;920;30/05/2012
2012042432;1;2;1;1;6;920;03/06/2012
2012042433;1;2;1;1;6;920;08/06/2012
2012042434;5;2;1;1;6;920;08/06/2012
2012042435;1;2;9;2;3;920;10/06/2012
2012042436;1;2;3;1;3;920;19/06/2012
2012042437;1;2;2;1;3;920;21/06/2012
2012042438;5;2;6;1;7;920;22/06/2012
2012042439;1;2;1;1;1;920;01/07/2012
2012042440;1;2;1;1;6;920;02/07/2012
2012042441;1;2;2;1;6;920;12/07/2012
2012042442;1;2;1;1;6;920;04/08/2012
2012042443;1;1;4;1;6;920;20/08/2012
2012042444;1;2;1;1;6;920;21/08/2012
2012042445;1;2;2;1;6;920;04/09/2012
2012042446;1;2;1;1;6;920;10/09/2012
2012042447;1;2;1;1;6;920;18/09/2012
2012042448;1;2;1;1;4;920;20/09/2012
2012042449;1;2;1;3;4;920;21/09/2012
2012042450;1;2;1;2;7;920;25/09/2012
2012042451;1;2;2;1;3;920;30/09/2012
2012042452;1;2;1;1;6;920;01/10/2012
2012042453;1;2;1;1;6;920;01/10/2012
2012042454;1;2;1;1;7;920;02/10/2012
2012042455;1;1;3;1;3;920;04/10/2012
2012042456;5;2;3;2;7;920;09/10/2012
2012042457;1;2;1;1;4;920;12/10/2012
2012042458;5;2;2;1;7;920;23/10/2012
2012042459;1;2;1;1;3;920;27/10/2012
2012042460;5;2;1;1;6;920;29/10/2012
2012042461;1;2;3;1;5;920;29/10/2012
2012042462;5;2;1;2;2;920;02/11/2012
2012042463;1;2;6;1;5;920;03/11/2012
2012042464;5;2;1;1;7;920;04/11/2012
2012042465;1;2;1;1;6;920;07/11/2012
2012042466;1;2;1;1;6;920;07/11/2012
2012042467;5;2;3;1;6;920;10/11/2012
2012042468;1;2;2;1;5;920;12/11/2012
2012042469;1;1;1;1;6;920;12/11/2012
2012042470;5;2;3;1;6;920;19/11/2012
2012042471;5;2;3;2;6;920;23/11/2012
2012042472;5;2;2;1;3;920;01/12/2012
2012042473;5;2;1;2;7;920;03/12/2012
2012042474;5;2;1;1;7;920;05/12/2012
2012042475;1;2;1;1;6;920;11/12/2012
2012042476;5;2;1;2;7;920;20/12/2012
2012042477;5;1;1;1;7;920;21/12/2012
2012042478;1;2;1;2;6;920;22/12/2012
2012042479;1;2;1;2;6;920;22/12/2012
2012042480;3;2;1;1;6;920;31/12/2012
2012042481;1;2;1;3;3;920;05/01/2012
2012042482;2;2;3;2;3;920;05/01/2012
2012042483;2;2;1;1;7;920;29/12/2012
2012042484;1;2;1;1;6;920;09/01/2012
2012042485;5;2;1;1;3;920;15/01/2012
2012042486;5;2;1;1;6;920;14/01/2012
2012042487;4;2;1;1;3;920;14/01/2012
2012042488;1;2;1;1;3;920;16/01/2012
2012042489;1;2;1;1;3;920;19/01/2012
2012042490;1;2;1;2;3;920;20/01/2012
2012042491;1;2;3;8;2;920;25/01/2012
2012042492;1;2;1;1;6;920;01/02/2012
2012042493;1;2;1;1;3;920;21/02/2012
2012042494;1;2;1;2;3;920;23/02/2012
2012042495;1;2;1;1;3;920;26/02/2012
2012042496;1;2;1;1;6;920;11/03/2012
2012042497;5;2;1;1;6;920;12/03/2012
2012042498;1;2;1;1;3;920;22/03/2012
2012042499;5;2;1;1;2;920;31/03/2012