num_acc;lum;agg;inter;atm;col;dep;date
2012042500;1;2;1;1;2;920;03/04/2012
2012042501;1;2;3;1;3;920;03/04/2012
2012042502;5;2;3;1;3;920;03/04/2012
2012042503;1;2;3;1;3;920;11/04/2012
2012042504;1;2;1;1;3;920;12/04/2012
2012042505;1;2;1;1;6;920;12/05/2012
2012042506;1;2;1;1;6;920;13/05/2012
2012042507;1;2;3;2;3;920;15/05/2012
2012042508;1;2;1;1;6;920;23/05/2012
2012042509;1;2;1;1;2;920;23/05/2012
2012042510;1;2;1;1;2;920;29/05/2012
2012042511;1;2;1;7;6;920;30/05/2012
2012042512;1;2;3;1;6;920;30/05/2012
2012042513;2;2;1;1;3;920;02/06/2012
2012042514;1;2;1;1;2;920;04/06/2012
2012042515;1;2;1;8;2;920;09/06/2012
2012042516;1;2;2;1;6;920;14/06/2012
2012042517;1;2;1;2;3;920;16/06/2012
2012042518;1;2;3;1;6;920;22/06/2012
2012042519;1;2;1;1;3;920;28/06/2012
2012042520;1;2;1;1;2;920;28/06/2012
2012042521;1;2;3;1;6;920;28/06/2012
2012042522;5;2;1;2;5;920;04/07/2012
2012042523;1;2;3;2;2;920;06/07/2012
2012042524;1;2;1;1;3;920;07/07/2012
2012042525;1;2;2;2;3;920;07/07/2012
2012042526;1;2;1;1;3;920;11/07/2012
2012042527;3;2;1;2;3;920;13/07/2012
2012042528;1;2;1;1;6;920;17/07/2012
2012042529;1;2;2;1;6;920;17/07/2012
2012042530;1;2;3;1;2;920;17/07/2012
2012042531;1;2;1;1;2;920;26/07/2012
2012042532;2;2;1;1;6;920;29/07/2012
2012042533;1;2;3;1;3;920;02/08/2012
2012042534;5;2;1;1;3;920;02/08/2012
2012042535;1;2;1;1;3;920;06/08/2012
2012042536;1;2;1;1;2;920;21/08/2012
2012042537;1;2;1;1;3;920;21/08/2012
2012042538;1;2;1;1;3;920;01/09/2012
2012042539;1;2;1;1;6;920;10/09/2012
2012042540;1;2;2;1;5;920;12/09/2012
2012042541;1;2;6;1;2;920;11/09/2012
2012042542;1;2;1;1;6;920;15/09/2012
2012042543;1;2;1;1;6;920;20/09/2012
2012042544;1;2;3;3;6;920;21/09/2012
2012042545;1;2;1;1;3;920;22/09/2012
2012042546;1;2;1;8;2;920;02/10/2012
2012042547;1;2;1;8;6;920;05/10/2012
2012042548;1;2;1;2;5;920;08/10/2012
2012042549;1;2;1;1;2;920;12/10/2012
2012042550;1;2;1;1;6;920;31/10/2012
2012042551;5;2;1;1;3;920;31/10/2012
2012042552;1;2;1;1;3;920;11/11/2012
2012042553;5;2;3;2;2;920;09/11/2012
2012042554;5;2;3;1;3;920;15/11/2012
2012042555;1;2;1;2;7;920;18/11/2012
2012042556;1;2;3;2;3;920;23/11/2012
2012042557;1;2;1;2;6;920;23/11/2012
2012042558;1;2;1;1;6;920;28/11/2012
2012042559;1;2;1;1;2;920;01/12/2012
2012042560;1;2;1;1;2;920;05/12/2012
2012042561;2;2;1;2;3;920;18/12/2012
2012042562;5;2;1;2;3;920;19/12/2012
2012042563;5;2;3;2;6;920;20/12/2012
2012042564;5;2;1;2;6;920;20/12/2012
2012042565;5;2;1;1;6;920;21/12/2012
2012042566;2;2;2;2;6;920;08/12/2012
2012042567;5;2;1;1;3;920;26/11/2012
2012042568;1;2;2;1;3;920;06/12/2012
2012042569;1;2;1;1;6;920;06/01/2012
2012042570;5;2;2;1;3;920;07/01/2012
2012042571;1;2;1;1;6;920;23/01/2012
2012042572;5;2;2;2;3;920;25/01/2012
2012042573;1;2;2;1;6;920;31/01/2012
2012042574;1;2;1;9;2;920;02/02/2012
2012042575;1;2;2;1;3;920;10/02/2012
2012042576;5;2;1;1;3;920;10/02/2012
2012042577;5;2;1;1;6;920;16/02/2012
2012042578;5;2;2;1;3;920;11/02/2012
2012042579;5;2;2;1;1;920;03/03/2012
2012042580;5;2;2;1;3;920;01/03/2012
2012042581;1;2;2;1;3;920;06/03/2012
2012042582;1;2;1;1;4;920;08/03/2012
2012042583;1;2;1;1;6;920;16/03/2012
2012042584;5;2;1;1;6;920;17/03/2012
2012042585;1;2;1;1;6;920;20/11/2012
2012042586;1;2;1;1;3;920;26/03/2012
2012042587;1;2;2;1;6;920;23/03/2012
2012042588;1;2;2;1;3;920;04/04/2012
2012042589;1;2;1;1;6;920;04/04/2012
2012042590;1;2;2;1;6;920;04/04/2012
2012042591;1;2;2;1;6;920;05/04/2012
2012042592;1;2;1;1;2;920;10/04/2012
2012042593;1;2;2;1;3;920;16/04/2012
2012042594;1;2;1;1;3;920;20/04/2012
2012042595;1;2;1;1;6;920;21/04/2012
2012042596;1;2;1;1;6;920;22/04/2012
2012042597;1;2;1;1;3;920;03/05/2012
2012042598;1;2;5;1;6;920;09/05/2012
2012042599;1;2;2;1;6;920;14/05/2012
2012042600;1;2;3;1;7;920;16/05/2012
2012042601;1;2;2;1;3;920;30/05/2012
2012042602;5;2;2;1;7;920;16/06/2012
2012042603;1;2;2;2;6;920;13/06/2012
2012042604;1;2;2;1;3;920;02/06/2012
2012042605;1;2;2;1;3;920;02/07/2012
2012042606;1;2;1;1;7;920;10/08/2012
2012042607;1;2;1;1;3;920;10/07/2012
2012042608;1;2;1;1;6;920;04/07/2012
2012042609;2;2;2;1;3;920;07/07/2012
2012042610;1;2;2;1;6;920;13/07/2012
2012042611;1;2;1;1;6;920;17/07/2012
2012042612;1;2;1;1;6;920;13/08/2012
2012042613;1;2;2;1;3;920;14/08/2012
2012042614;1;2;4;1;3;920;24/09/2012
2012042615;1;2;1;3;2;920;26/09/2012
2012042616;1;2;1;1;6;920;02/10/2012
2012042617;1;2;1;1;2;920;05/10/2012
2012042618;2;2;2;1;3;920;05/10/2012
2012042619;5;2;1;1;6;920;06/10/2012
2012042620;2;2;1;1;3;920;11/10/2012
2012042621;1;2;1;1;6;920;11/10/2012
2012042622;1;2;1;1;6;920;12/10/2012
2012042623;5;2;1;1;6;920;13/10/2012
2012042624;1;2;1;1;3;920;13/10/2012
2012042625;5;2;2;1;3;920;14/10/2012
2012042626;2;2;1;2;3;920;14/10/2012
2012042627;1;2;2;1;6;920;15/10/2012
2012042628;2;2;3;2;7;920;16/10/2012
2012042629;5;2;1;1;6;920;22/10/2012
2012042630;1;2;2;2;3;920;17/10/2012
2012042631;5;2;2;1;6;920;19/10/2012
2012042632;1;2;1;2;6;920;02/11/2012
2012042633;1;2;2;2;3;920;01/11/2012
2012042634;1;2;2;1;3;920;09/11/2012
2012042635;5;2;1;1;6;920;13/11/2012
2012042636;1;2;2;2;6;920;21/11/2012
2012042637;1;2;1;1;6;920;22/11/2012
2012042638;1;2;2;2;6;920;23/11/2012
2012042639;1;2;2;1;3;920;24/11/2012
2012042640;1;2;1;1;6;920;25/11/2012
2012042641;1;2;1;2;6;920;23/11/2012
2012042642;1;2;2;1;3;920;04/12/2012
2012042643;1;2;7;1;6;920;04/12/2012
2012042644;5;2;1;2;6;920;04/12/2012
2012042645;1;2;1;1;6;920;14/12/2012
2012042646;2;2;1;2;6;920;17/12/2012
2012042647;5;2;2;1;3;920;20/12/2012
2012042648;1;2;2;1;3;920;18/12/2012
2012042649;1;2;2;1;3;920;26/12/2012
2012042650;1;2;7;2;6;920;03/01/2012
2012042651;1;2;1;2;2;920;07/01/2012
2012042652;1;2;3;2;6;920;18/01/2012
2012042653;1;2;7;2;3;920;19/01/2012
2012042654;5;2;7;2;7;920;26/01/2012
2012042655;5;2;1;1;6;920;03/02/2012
2012042656;5;2;1;1;7;920;09/02/2012
2012042657;1;2;2;1;3;920;09/02/2012
2012042658;1;2;3;1;4;920;09/02/2012
2012042659;2;2;3;2;6;920;13/02/2012
2012042660;1;2;1;1;3;920;13/02/2012
2012042661;5;2;1;1;7;920;26/02/2012
2012042662;5;2;3;1;3;920;27/02/2012
2012042663;1;2;6;2;6;920;07/03/2012
2012042664;1;2;3;2;7;920;19/03/2012
2012042665;1;1;1;1;7;920;28/03/2012
2012042666;1;2;1;1;6;920;05/04/2012
2012042667;1;2;6;1;3;920;16/04/2012
2012042668;5;2;3;3;3;920;24/04/2012
2012042669;1;2;1;1;3;920;27/04/2012
2012042670;1;2;2;2;3;920;21/05/2012
2012042671;1;2;4;1;7;920;24/05/2012
2012042672;1;2;3;1;6;920;29/05/2012
2012042673;5;2;1;1;6;920;02/06/2012
2012042674;1;2;1;2;3;920;05/06/2012
2012042675;5;2;2;1;6;920;15/06/2012
2012042676;1;2;2;1;6;920;14/06/2012
2012042677;1;2;1;1;6;920;19/06/2012
2012042678;1;2;1;1;6;920;25/06/2012
2012042679;1;2;2;1;6;920;27/06/2012
2012042680;1;2;1;1;6;920;04/07/2012
2012042681;1;2;1;1;6;920;09/07/2012
2012042682;1;2;1;1;3;920;03/07/2012
2012042683;1;1;1;1;6;920;11/08/2012
2012042684;5;2;3;1;6;920;26/07/2012
2012042685;1;2;2;1;1;920;14/08/2012
2012042686;1;2;1;1;6;920;31/08/2012
2012042687;1;2;1;1;6;920;11/09/2012
2012042688;1;2;1;2;2;920;04/09/2012
2012042689;1;2;2;1;5;920;13/09/2012
2012042690;1;1;1;1;6;920;14/09/2012
2012042691;1;2;7;1;6;920;20/09/2012
2012042692;5;2;1;1;6;920;20/09/2012
2012042693;1;2;1;1;2;920;22/09/2012
2012042694;1;1;1;1;1;920;25/09/2012
2012042695;1;2;7;2;6;920;04/10/2012
2012042696;1;2;2;1;6;920;10/10/2012
2012042697;1;2;1;1;6;920;11/10/2012
2012042698;1;2;1;1;3;920;16/10/2012
2012042699;1;2;1;1;6;920;13/10/2012
2012042700;2;2;1;1;7;920;19/10/2012
2012042701;1;2;1;1;7;920;28/10/2012
2012042702;2;2;3;2;6;920;05/11/2012
2012042703;1;2;6;1;2;920;14/11/2012
2012042704;5;1;1;1;6;920;13/11/2012
2012042705;5;2;2;1;6;920;15/11/2012
2012042706;1;2;3;2;3;920;29/11/2012
2012042707;1;2;6;1;2;920;06/12/2012
2012042708;1;2;3;1;7;920;06/12/2012
2012042709;5;2;3;2;6;920;01/01/2012
2012042710;1;2;2;2;3;920;05/01/2012
2012042711;1;2;1;1;6;920;05/01/2012
2012042712;1;2;2;1;6;920;12/01/2012
2012042713;1;2;1;7;6;920;17/01/2012
2012042714;2;2;2;1;6;920;18/01/2012
2012042715;1;2;3;1;2;920;18/01/2012
2012042716;1;2;1;2;2;920;19/01/2012
2012042717;1;2;1;1;6;920;27/01/2012
2012042718;1;2;1;1;2;920;28/01/2012
2012042719;2;2;1;1;6;920;30/01/2012
2012042720;1;2;2;8;6;920;30/01/2012
2012042721;1;2;2;1;3;920;01/02/2012
2012042722;1;2;1;1;6;920;02/02/2012
2012042723;1;2;2;1;3;920;03/02/2012
2012042724;1;2;1;1;2;920;08/02/2012
2012042725;1;2;1;1;6;920;08/02/2012
2012042726;1;2;1;1;6;920;09/02/2012
2012042727;5;2;1;1;2;920;09/02/2012
2012042728;1;2;1;1;6;920;10/02/2012
2012042729;1;2;1;1;3;920;13/02/2012
2012042730;1;2;2;2;6;920;23/02/2012
2012042731;1;2;2;1;3;920;26/02/2012
2012042732;1;2;1;1;7;920;02/03/2012
2012042733;5;2;1;3;6;920;05/03/2012
2012042734;1;2;2;1;6;920;06/03/2012
2012042735;5;2;1;2;6;920;07/03/2012
2012042736;5;2;2;1;6;920;09/03/2012
2012042737;1;2;1;1;3;920;19/03/2012
2012042738;5;2;1;1;3;920;23/03/2012
2012042739;1;2;1;1;3;920;24/03/2012
2012042740;1;2;3;1;3;920;26/03/2012
2012042741;1;2;1;1;3;920;29/03/2012
2012042742;1;2;1;1;6;920;30/03/2012
2012042743;1;2;2;1;6;920;30/03/2012
2012042744;5;2;1;1;3;920;30/03/2012
2012042745;1;2;2;1;3;920;04/04/2012
2012042746;1;2;1;1;6;920;06/04/2012
2012042747;5;2;1;1;1;920;08/04/2012
2012042748;5;2;1;8;6;920;10/04/2012
2012042749;1;2;1;8;3;920;10/04/2012
2012042750;2;2;2;1;7;920;12/04/2012
2012042751;2;2;1;2;2;920;18/04/2012
2012042752;2;2;3;3;3;920;26/04/2012
2012042753;1;2;2;1;3;920;29/04/2012
2012042754;1;2;1;2;6;920;02/05/2012
2012042755;2;2;1;2;2;920;04/05/2012
2012042756;1;2;2;1;6;920;06/05/2012
2012042757;1;2;1;1;3;920;11/05/2012
2012042758;1;2;1;1;3;920;15/05/2012
2012042759;1;2;2;1;3;920;22/05/2012
2012042760;1;2;2;1;2;920;25/05/2012
2012042761;1;2;6;1;3;920;29/05/2012
2012042762;1;2;1;1;6;920;29/05/2012
2012042763;1;2;2;1;2;920;30/05/2012
2012042764;1;1;1;1;3;920;30/05/2012
2012042765;1;1;5;1;3;920;01/06/2012
2012042766;1;2;3;1;7;920;05/06/2012
2012042767;1;2;4;1;7;920;08/06/2012
2012042768;2;2;1;2;7;920;12/06/2012
2012042769;5;2;2;1;3;920;15/06/2012
2012042770;2;2;2;2;7;920;19/06/2012
2012042771;1;2;2;1;3;920;27/06/2012
2012042772;1;2;3;1;3;920;27/06/2012
2012042773;1;2;2;1;3;920;04/07/2012
2012042774;1;2;1;1;6;920;04/07/2012
2012042775;1;2;2;1;6;920;05/07/2012
2012042776;1;2;1;1;3;920;05/07/2012
2012042777;1;2;4;1;3;920;06/07/2012
2012042778;1;2;1;2;6;920;06/07/2012
2012042779;1;2;3;1;3;920;11/07/2012
2012042780;1;2;3;2;6;920;11/07/2012
2012042781;5;2;1;1;6;920;16/07/2012
2012042782;1;2;1;1;3;920;17/07/2012
2012042783;5;2;4;1;7;920;20/07/2012
2012042784;1;2;3;1;6;920;23/07/2012
2012042785;5;2;1;1;6;920;25/07/2012
2012042786;1;2;2;1;1;920;26/07/2012
2012042787;2;2;2;1;3;920;09/08/2012
2012042788;1;2;1;1;6;920;22/08/2012
2012042789;1;2;3;1;6;920;27/08/2012
2012042790;1;2;1;1;4;920;27/08/2012
2012042791;1;2;2;1;3;920;03/09/2012
2012042792;1;2;5;1;1;920;04/09/2012
2012042793;5;2;6;1;6;920;05/09/2012
2012042794;1;2;2;1;6;920;06/09/2012
2012042795;1;2;2;1;3;920;08/09/2012
2012042796;5;2;1;1;3;920;09/09/2012
2012042797;1;2;1;3;2;920;11/09/2012
2012042798;1;2;2;1;3;920;13/09/2012
2012042799;1;2;2;1;3;920;13/09/2012
2012042800;1;2;1;1;2;920;14/09/2012
2012042801;1;2;1;1;6;920;14/09/2012
2012042802;1;2;1;1;1;920;17/09/2012
2012042803;1;2;3;1;6;920;19/09/2012
2012042804;1;2;2;1;3;920;22/09/2012
2012042805;1;2;1;1;6;920;22/09/2012
2012042806;5;2;2;2;3;920;24/09/2012
2012042807;1;2;2;1;3;920;26/09/2012
2012042808;1;2;1;2;6;920;27/09/2012
2012042809;1;2;2;1;3;920;28/09/2012
2012042810;5;2;2;1;3;920;02/10/2012
2012042811;5;2;2;3;6;920;04/10/2012
2012042812;1;2;2;1;3;920;05/10/2012
2012042813;1;2;1;2;6;920;06/10/2012
2012042814;5;2;1;2;6;920;09/10/2012
2012042815;4;2;1;3;6;920;09/10/2012
2012042816;5;2;5;8;6;920;10/10/2012
2012042817;1;2;3;8;6;920;11/10/2012
2012042818;1;2;4;1;6;920;15/10/2012
2012042819;2;2;2;2;3;920;18/10/2012
2012042820;1;2;1;2;6;920;19/10/2012
2012042821;1;2;2;1;3;920;19/10/2012
2012042822;1;2;1;1;6;920;19/10/2012
2012042823;1;2;1;1;6;920;21/10/2012
2012042824;1;2;2;1;2;920;22/10/2012
2012042825;1;2;1;1;6;920;22/10/2012
2012042826;1;2;1;1;3;920;23/10/2012
2012042827;5;2;6;2;1;920;01/11/2012
2012042828;1;2;1;2;3;920;02/11/2012
2012042829;1;2;1;1;3;920;06/11/2012
2012042830;1;2;1;1;6;920;06/11/2012
2012042831;5;2;1;1;6;920;06/11/2012
2012042832;2;2;3;1;7;920;12/11/2012
2012042833;5;2;2;8;3;920;12/11/2012
2012042834;2;2;2;1;7;920;14/11/2012
2012042835;5;2;2;1;7;920;14/11/2012
2012042836;5;2;1;1;6;920;15/11/2012
2012042837;5;2;1;1;6;920;16/11/2012
2012042838;5;2;1;5;6;920;17/11/2012
2012042839;5;2;3;2;3;920;28/11/2012
2012042840;5;2;3;2;2;920;02/12/2012
2012042841;2;2;1;1;2;920;03/12/2012
2012042842;1;2;1;1;6;920;19/12/2012
2012042843;5;1;2;2;3;920;20/12/2012
2012042844;5;2;1;9;2;920;05/01/2012
2012042845;5;2;3;9;1;920;08/01/2012
2012042846;5;2;1;9;3;920;06/01/2012
2012042847;5;2;1;8;1;920;10/01/2012
2012042848;5;2;1;9;3;920;10/01/2012
2012042849;1;2;1;1;3;920;11/01/2012
2012042850;1;2;1;9;2;920;14/01/2012
2012042851;5;2;3;9;1;920;15/01/2012
2012042852;1;2;1;8;3;920;23/01/2012
2012042853;5;2;1;2;4;920;21/01/2012
2012042854;1;2;3;2;1;920;24/01/2012
2012042855;5;2;3;2;6;920;26/01/2012
2012042856;5;2;1;9;2;920;01/02/2012
2012042857;5;2;5;9;3;920;02/02/2012
2012042858;1;2;3;9;1;920;07/02/2012
2012042859;1;2;3;1;1;920;14/02/2012
2012042860;1;2;1;9;2;920;16/02/2012
2012042861;1;2;1;2;7;920;17/02/2012
2012042862;2;2;3;1;7;920;21/02/2012
2012042863;2;2;6;9;6;920;22/02/2012
2012042864;5;2;1;9;2;920;22/02/2012
2012042865;1;2;1;2;3;920;23/02/2012
2012042866;5;2;6;2;3;920;07/03/2012
2012042867;1;2;1;1;3;920;15/03/2012
2012042868;1;2;3;9;3;920;16/03/2012
2012042869;1;2;1;9;3;920;21/03/2012
2012042870;1;2;3;1;3;920;20/03/2012
2012042871;1;2;2;7;3;920;26/03/2012
2012042872;5;2;9;9;6;920;23/03/2012
2012042873;1;1;1;9;6;920;02/04/2012
2012042874;1;2;1;1;3;920;06/04/2012
2012042875;1;2;2;2;6;920;10/04/2012
2012042876;1;2;6;8;6;920;07/04/2012
2012042877;1;2;1;9;6;920;14/04/2012
2012042878;1;2;1;1;2;920;14/04/2012
2012042879;5;2;2;2;1;920;22/04/2012
2012042880;1;2;2;2;3;920;20/04/2012
2012042881;1;2;1;9;6;920;09/05/2012
2012042882;1;2;1;3;7;920;11/05/2012
2012042883;1;2;3;9;3;920;13/05/2012
2012042884;2;2;1;8;6;920;17/05/2012
2012042885;1;2;1;9;6;920;17/05/2012
2012042886;1;2;1;9;3;920;20/05/2012
2012042887;1;2;3;1;1;920;27/05/2012
2012042888;1;2;1;1;1;920;29/05/2012
2012042889;2;2;1;1;1;920;29/05/2012
2012042890;1;2;1;3;2;920;30/05/2012
2012042891;2;2;1;8;2;920;31/05/2012
2012042892;1;2;2;2;3;920;05/06/2012
2012042893;1;2;1;8;2;920;05/06/2012
2012042894;1;2;3;8;2;920;05/06/2012
2012042895;1;2;6;9;3;920;07/06/2012
2012042896;5;2;1;1;3;920;12/06/2012
2012042897;5;2;3;9;3;920;09/06/2012
2012042898;5;2;6;1;3;920;09/06/2012
2012042899;1;2;1;2;6;920;13/06/2012
2012042900;1;2;1;7;6;920;17/06/2012
2012042901;1;2;3;2;6;920;16/06/2012
2012042902;1;1;1;9;6;920;20/06/2012
2012042903;1;2;2;9;3;920;23/06/2012
2012042904;1;2;1;9;3;920;03/07/2012
2012042905;1;2;4;2;1;920;07/07/2012
2012042906;1;2;3;2;2;920;08/07/2012
2012042907;1;2;1;2;2;920;11/07/2012
2012042908;2;2;1;1;3;920;15/07/2012
2012042909;1;2;1;9;6;920;19/07/2012
2012042910;1;2;1;1;2;920;23/07/2012
2012042911;1;2;3;1;1;920;24/07/2012
2012042912;1;2;1;1;3;920;26/07/2012
2012042913;1;2;1;7;2;920;30/07/2012
2012042914;1;2;1;1;2;920;31/07/2012
2012042915;1;2;1;1;7;920;01/08/2012
2012042916;1;2;2;1;3;920;23/08/2012
2012042917;1;2;2;1;1;920;23/08/2012
2012042918;2;2;2;1;3;920;24/08/2012
2012042919;1;2;3;1;6;920;24/08/2012
2012042920;1;2;3;1;1;920;28/08/2012
2012042921;1;2;3;1;3;920;29/08/2012
2012042922;1;2;1;1;4;920;31/08/2012
2012042923;1;2;1;1;3;920;01/09/2012
2012042924;5;2;1;1;3;920;09/08/2012
2012042925;5;2;1;9;7;920;08/09/2012
2012042926;1;2;6;1;6;920;09/09/2012
2012042927;1;2;1;1;3;920;09/09/2012
2012042928;1;2;1;1;4;920;10/09/2012
2012042929;1;2;3;2;2;920;11/09/2012
2012042930;5;2;2;2;3;920;13/09/2012
2012042931;1;2;2;1;3;920;14/09/2012
2012042932;1;2;1;1;2;920;14/09/2012
2012042933;1;2;1;9;7;920;19/09/2012
2012042934;1;2;1;2;2;920;21/09/2012
2012042935;5;2;1;1;1;920;22/09/2012
2012042936;1;2;1;1;6;920;26/09/2012
2012042937;1;2;2;7;3;920;23/09/2012
2012042938;1;2;1;9;3;920;27/09/2012
2012042939;1;2;3;1;7;920;01/10/2012
2012042940;1;2;1;1;7;920;21/09/2012
2012042941;1;2;1;1;2;920;02/10/2012
2012042942;1;1;1;1;3;920;02/10/2012
2012042943;1;2;3;9;7;920;05/10/2012
2012042944;1;2;3;8;1;920;03/10/2012
2012042945;1;2;1;9;1;920;12/10/2012
2012042946;1;2;1;1;3;920;16/10/2012
2012042947;1;2;3;2;2;920;14/10/2012
2012042948;1;2;1;8;1;920;17/10/2012
2012042949;5;2;3;1;3;920;19/10/2012
2012042950;1;2;1;8;6;920;19/10/2012
2012042951;5;2;1;9;7;920;23/10/2012
2012042952;1;2;1;8;3;920;27/10/2012
2012042953;1;2;1;1;7;920;26/10/2012
2012042954;1;2;3;1;3;920;28/10/2012
2012042955;1;2;1;1;6;920;31/10/2012
2012042956;1;2;2;1;3;920;31/10/2012
2012042957;5;2;3;2;1;920;02/11/2012
2012042958;5;2;2;8;1;920;06/11/2012
2012042959;5;2;2;1;2;920;07/11/2012
2012042960;5;2;1;9;6;920;07/11/2012
2012042961;1;2;6;8;7;920;09/11/2012
2012042962;1;2;1;9;3;920;12/11/2012
2012042963;5;2;1;1;3;920;07/11/2012
2012042964;1;2;2;1;3;920;13/11/2012
2012042965;5;1;3;9;7;920;14/11/2012
2012042966;1;2;1;8;5;920;14/11/2012
2012042967;5;2;1;9;3;920;16/11/2012
2012042968;5;2;1;9;4;920;16/11/2012
2012042969;1;2;1;7;2;920;20/11/2012
2012042970;1;2;3;9;7;920;20/11/2012
2012042971;5;2;3;2;6;920;23/11/2012
2012042972;1;2;1;1;3;920;26/11/2012
2012042973;1;2;1;2;7;920;27/11/2012
2012042974;5;2;2;1;7;920;16/11/2012
2012042975;1;2;1;2;1;920;03/12/2012
2012042976;1;1;1;8;6;920;29/11/2012
2012042977;1;2;1;9;7;920;06/12/2012
2012042978;1;2;1;9;3;920;11/12/2012
2012042979;1;2;1;2;2;920;13/12/2012
2012042980;5;2;6;2;3;920;15/12/2012
2012042981;5;2;2;1;3;920;16/12/2012
2012042982;5;2;1;1;7;920;30/12/2012
2012042983;2;2;1;2;7;920;20/12/2012
2012042984;5;2;1;2;2;920;03/01/2012
2012042985;5;2;1;1;5;920;08/01/2012
2012042986;5;2;2;1;3;920;06/01/2012
2012042987;5;2;1;1;6;920;09/01/2012
2012042988;5;2;1;1;1;920;12/01/2012
2012042989;5;2;1;1;7;920;11/12/2012
2012042990;5;2;1;1;3;920;16/01/2012
2012042991;1;2;1;8;6;920;21/01/2012
2012042992;2;2;1;1;6;920;19/01/2012
2012042993;1;2;1;1;2;920;23/01/2012
2012042994;5;2;1;2;7;920;25/01/2012
2012042995;1;2;1;1;3;920;21/01/2012
2012042996;5;2;1;2;7;920;25/01/2012
2012042997;5;2;1;1;3;920;28/01/2012
2012042998;1;2;1;1;2;920;27/01/2012
2012042999;5;2;1;1;3;920;07/11/2012
2012043000;1;2;1;1;3;920;31/01/2012
2012043001;2;2;1;1;2;920;31/01/2012
2012043002;5;2;1;1;1;920;09/02/2012
2012043003;1;2;2;2;3;920;13/02/2012
2012043004;2;2;1;1;6;920;18/02/2012
2012043005;5;2;1;1;6;920;17/02/2012
2012043006;1;2;1;2;5;920;17/02/2012
2012043007;1;2;1;1;7;920;27/02/2012
2012043008;1;2;1;2;7;920;04/03/2012
2012043009;2;2;1;1;6;920;09/03/2012
2012043010;5;2;1;1;3;920;08/03/2012
2012043011;1;2;2;1;5;920;12/03/2012
2012043012;1;2;1;1;2;920;04/03/2012
2012043013;1;2;3;8;3;920;06/03/2012
2012043014;2;2;1;1;6;920;12/03/2012
2012043015;5;2;2;1;3;920;15/03/2012
2012043016;5;2;1;1;3;920;31/03/2012
2012043017;1;2;1;2;6;920;12/04/2012
2012043018;1;2;1;1;6;920;12/04/2012
2012043019;1;2;2;1;3;920;20/03/2012
2012043020;1;1;1;1;3;920;23/03/2012
2012043021;5;2;1;2;3;920;02/05/2012
2012043022;1;2;1;8;4;920;26/04/2012
2012043023;1;2;3;1;3;920;01/05/2012
2012043024;1;2;1;1;3;920;02/05/2012
2012043025;1;2;3;1;2;920;07/04/2012
2012043026;1;2;2;1;3;920;09/05/2012
2012043027;1;2;1;1;6;920;11/05/2012
2012043028;1;2;1;1;6;920;10/05/2012
2012043029;5;2;1;1;6;920;11/04/2012
2012043030;1;2;1;1;3;920;12/04/2012
2012043031;1;2;1;1;3;920;11/05/2012
2012043032;1;2;1;3;6;920;15/05/2012
2012043033;1;2;2;1;3;920;18/05/2012
2012043034;5;2;1;2;6;920;21/05/2012
2012043035;1;2;1;1;6;920;16/05/2012
2012043036;1;2;1;8;1;920;22/05/2012
2012043037;1;2;1;2;6;920;21/05/2012
2012043038;1;2;1;1;3;920;14/05/2012
2012043039;1;2;2;1;3;920;04/06/2012
2012043040;1;2;1;1;3;920;02/06/2012
2012043041;1;2;1;1;2;920;11/06/2012
2012043042;1;2;1;1;2;920;18/06/2012
2012043043;1;2;1;2;6;920;16/06/2012
2012043044;1;2;3;8;3;920;08/06/2012
2012043045;1;2;1;1;2;920;16/06/2012
2012043046;5;2;1;1;7;920;22/06/2012
2012043047;2;2;1;1;1;920;25/06/2012
2012043048;1;2;1;2;6;920;26/06/2012
2012043049;1;2;1;2;6;920;26/06/2012
2012043050;1;2;1;1;2;920;27/06/2012
2012043051;1;2;1;1;5;920;28/06/2012
2012043052;1;2;1;1;7;920;28/06/2012
2012043053;1;2;1;8;3;920;29/06/2012
2012043054;5;2;1;1;5;920;02/07/2012
2012043055;2;2;1;2;2;920;08/07/2012
2012043056;5;2;1;1;3;920;09/07/2012
2012043057;2;2;1;1;6;920;11/07/2012
2012043058;1;2;1;1;2;920;16/07/2012
2012043059;1;2;1;1;2;920;14/07/2012
2012043060;1;2;1;1;3;920;24/07/2012
2012043061;1;2;1;7;6;920;25/07/2012
2012043062;1;2;1;1;3;920;28/07/2012
2012043063;1;2;2;1;3;920;30/07/2012
2012043064;1;2;1;1;3;920;04/07/2012
2012043065;2;2;1;1;3;920;01/08/2012
2012043066;5;2;1;1;6;920;30/08/2012
2012043067;1;2;1;1;6;920;08/09/2012
2012043068;1;2;1;1;2;920;04/09/2012
2012043069;1;2;2;1;3;920;04/09/2012
2012043070;5;2;1;1;7;920;14/09/2012
2012043071;1;2;1;1;3;920;22/09/2012
2012043072;5;2;1;1;3;920;27/09/2012
2012043073;5;2;1;1;6;920;29/09/2012
2012043074;1;2;1;1;4;920;02/10/2012
2012043075;5;2;1;1;3;920;07/10/2012
2012043076;1;2;1;1;6;920;26/09/2012
2012043077;1;2;1;1;3;920;27/09/2012
2012043078;1;2;1;1;3;920;12/10/2012
2012043079;2;2;1;1;6;920;15/10/2012
2012043080;1;2;1;1;3;920;02/09/2012