num_acc;lum;agg;inter;atm;col;dep;date
2012043662;1;2;1;1;5;920;23/02/2012
2012043663;1;2;1;2;5;920;07/03/2012
2012043664;1;2;9;1;4;920;13/03/2012
2012043665;1;2;1;2;2;920;15/05/2012
2012043666;5;2;3;1;3;920;22/03/2012
2012043667;1;2;1;2;3;920;17/04/2012
2012043668;2;2;1;1;6;920;01/04/2012
2012043669;1;2;1;1;4;920;03/04/2012
2012043670;5;2;1;2;7;920;09/04/2012
2012043671;1;2;1;1;7;920;14/04/2012
2012043672;5;2;3;2;3;920;24/04/2012
2012043673;1;2;1;1;2;920;09/05/2012
2012043674;2;2;1;1;5;920;18/05/2012
2012043675;1;1;1;1;6;920;24/05/2012
2012043676;2;2;1;1;6;920;09/06/2012
2012043677;1;2;1;1;2;920;21/06/2012
2012043678;1;2;1;1;6;920;25/06/2012
2012043679;1;2;1;1;6;920;25/06/2012
2012043680;1;2;9;1;3;920;09/07/2012
2012043681;1;2;1;1;7;920;20/07/2012
2012043682;1;2;1;1;7;920;03/08/2012
2012043683;1;2;2;1;3;920;25/08/2012
2012043684;1;2;1;1;7;920;25/08/2012
2012043685;1;2;1;1;6;920;07/09/2012
2012043686;1;2;1;2;7;920;11/09/2012
2012043687;5;2;1;1;6;920;25/09/2012
2012043688;2;2;1;2;6;920;11/10/2012
2012043689;5;2;1;1;6;920;19/10/2012
2012043690;2;2;1;1;6;920;20/10/2012
2012043691;3;2;1;1;6;920;24/10/2012
2012043692;1;2;4;1;7;920;01/11/2012
2012043693;5;2;3;1;3;920;04/11/2012
2012043694;2;2;1;1;7;920;30/10/2012
2012043695;3;2;1;1;7;920;27/11/2012
2012043696;5;2;3;1;3;920;28/11/2012
2012043697;5;2;1;8;6;920;13/12/2012
2012043698;1;2;3;8;3;930;05/01/2012
2012043699;1;2;1;1;6;930;08/01/2012
2012043700;1;2;1;1;2;930;11/01/2012
2012043701;1;2;3;8;3;930;18/01/2012
2012043702;1;2;1;2;6;930;21/01/2012
2012043703;1;2;1;1;2;930;23/01/2012
2012043704;5;2;1;2;6;930;24/01/2012
2012043705;1;2;1;1;6;930;24/01/2012
2012043706;1;2;1;1;3;930;31/01/2012
2012043707;1;2;1;1;6;930;04/02/2012
2012043708;1;2;3;1;6;930;09/02/2012
2012043709;5;2;1;3;6;930;19/02/2012
2012043710;5;2;1;1;3;930;21/02/2012
2012043711;1;2;1;1;1;930;21/02/2012
2012043712;1;2;1;2;7;930;23/02/2012
2012043713;1;2;1;1;6;930;24/02/2012
2012043714;1;2;1;2;3;930;07/03/2012
2012043715;1;2;1;1;6;930;09/03/2012
2012043716;1;2;1;1;2;930;13/03/2012
2012043717;5;2;1;1;7;930;14/03/2012
2012043718;4;2;6;1;6;930;15/03/2012
2012043719;1;2;1;1;6;930;19/03/2012
2012043720;1;1;1;1;6;930;20/03/2012
2012043721;5;2;1;1;3;930;10/03/2012
2012043722;2;2;1;1;6;930;01/04/2012
2012043723;1;2;1;1;6;930;05/04/2012
2012043724;2;2;1;8;3;930;07/04/2012
2012043725;5;2;1;8;4;930;20/04/2012
2012043726;1;2;1;2;6;930;25/04/2012
2012043727;2;2;3;1;3;930;29/04/2012
2012043728;1;2;3;1;6;930;07/05/2012
2012043729;1;2;1;1;4;930;09/05/2012
2012043730;1;2;1;1;6;930;10/05/2012
2012043731;1;2;1;2;6;930;11/05/2012
2012043732;1;2;1;1;6;930;14/05/2012
2012043733;1;2;1;1;2;930;14/05/2012
2012043734;1;2;1;1;3;930;15/05/2012
2012043735;1;2;1;1;6;930;15/05/2012
2012043736;1;2;1;1;6;930;19/05/2012
2012043737;1;2;1;1;6;930;22/05/2012
2012043738;1;2;5;1;6;930;22/05/2012
2012043739;1;2;1;1;3;930;23/05/2012
2012043740;1;2;1;1;2;930;25/05/2012
2012043741;5;2;1;1;6;930;26/05/2012
2012043742;1;2;1;1;3;930;27/05/2012
2012043743;1;2;2;1;3;930;27/05/2012
2012043744;1;2;1;1;6;930;01/06/2012
2012043745;2;2;1;2;6;930;06/06/2012
2012043746;1;2;1;1;6;930;07/06/2012
2012043747;1;2;1;1;6;930;07/06/2012
2012043748;1;2;1;1;6;930;12/06/2012
2012043749;1;2;1;1;1;930;15/06/2012
2012043750;1;2;1;1;6;930;18/06/2012
2012043751;1;2;1;1;6;930;19/06/2012
2012043752;5;2;3;1;7;930;21/06/2012
2012043753;5;2;5;1;6;930;22/06/2012
2012043754;1;2;3;1;6;930;22/06/2012
2012043755;1;2;4;1;6;930;25/06/2012
2012043756;1;2;9;1;6;930;25/06/2012
2012043757;1;2;1;1;6;930;28/06/2012
2012043758;5;2;3;1;1;930;29/06/2012
2012043759;1;2;2;1;3;930;30/06/2012
2012043760;2;2;1;1;3;930;03/07/2012
2012043761;1;2;1;1;6;930;04/07/2012
2012043762;1;2;1;1;2;930;10/07/2012
2012043763;2;2;1;2;6;930;11/07/2012
2012043764;1;2;1;1;6;930;11/07/2012
2012043765;5;2;2;1;3;930;15/07/2012
2012043766;1;2;3;1;3;930;20/07/2012
2012043767;1;2;1;1;2;930;22/07/2012
2012043768;1;2;1;1;6;930;23/07/2012
2012043769;1;2;1;1;7;930;26/07/2012
2012043770;1;2;1;1;2;930;27/07/2012
2012043771;5;2;2;1;2;930;29/07/2012
2012043772;2;2;1;8;3;930;30/07/2012
2012043773;1;2;1;1;6;930;31/07/2012
2012043774;1;2;1;1;6;930;03/08/2012
2012043775;1;2;1;2;6;930;03/08/2012
2012043776;2;2;1;1;6;930;04/08/2012
2012043777;1;2;1;1;6;930;06/08/2012
2012043778;1;2;2;1;3;930;10/08/2012
2012043779;1;2;1;1;6;930;14/08/2012
2012043780;1;2;1;1;3;930;15/08/2012
2012043781;1;2;1;1;6;930;17/08/2012
2012043782;1;2;1;1;6;930;20/08/2012
2012043783;1;2;1;1;6;930;24/08/2012
2012043784;1;2;1;1;6;930;24/08/2012
2012043785;1;2;1;1;3;930;26/08/2012
2012043786;1;2;3;1;3;930;01/09/2012
2012043787;1;2;3;1;3;930;03/09/2012
2012043788;1;2;2;8;6;930;03/09/2012
2012043789;1;2;9;1;6;930;09/09/2012
2012043790;1;2;1;2;6;930;11/09/2012
2012043791;5;2;1;1;3;930;12/09/2012
2012043792;1;2;3;1;3;930;19/09/2012
2012043793;1;2;1;1;6;930;19/09/2012
2012043794;1;2;1;1;6;930;23/09/2012
2012043795;1;2;9;1;4;930;29/09/2012
2012043796;5;2;1;1;6;930;30/09/2012
2012043797;1;2;1;1;6;930;30/09/2012
2012043798;1;1;6;1;2;930;02/10/2012
2012043799;1;2;3;2;3;930;03/10/2012
2012043800;1;2;2;8;6;930;04/10/2012
2012043801;1;2;1;8;1;930;11/10/2012
2012043802;1;2;2;1;6;930;15/10/2012
2012043803;1;2;1;2;3;930;20/10/2012
2012043804;1;2;1;1;6;930;22/10/2012
2012043805;1;2;1;1;3;930;22/10/2012
2012043806;1;2;3;1;3;930;30/10/2012
2012043807;1;2;1;1;6;930;30/10/2012
2012043808;1;2;1;8;2;930;30/10/2012
2012043809;5;2;1;1;6;930;03/11/2012
2012043810;5;2;1;1;6;930;06/11/2012
2012043811;1;2;1;1;6;930;08/11/2012
2012043812;1;2;6;1;2;930;12/11/2012
2012043813;5;2;1;1;2;930;18/11/2012
2012043814;1;2;1;1;3;930;19/11/2012
2012043815;5;2;1;1;6;930;22/11/2012
2012043816;1;2;1;1;3;930;24/11/2012
2012043817;1;2;3;2;6;930;27/11/2012
2012043818;5;2;4;2;3;930;28/11/2012
2012043819;2;2;1;2;7;930;29/11/2012
2012043820;1;2;1;8;6;930;30/11/2012
2012043821;1;2;2;1;1;930;02/12/2012
2012043822;1;2;1;2;6;930;03/12/2012
2012043823;1;2;1;1;6;930;04/12/2012
2012043824;1;2;1;2;6;930;05/12/2012
2012043825;5;2;1;1;3;930;06/12/2012
2012043826;5;2;1;1;6;930;06/12/2012
2012043827;1;2;1;1;2;930;11/12/2012
2012043828;1;2;2;1;3;930;12/12/2012
2012043829;5;2;3;1;2;930;13/12/2012
2012043830;1;2;3;3;3;930;14/12/2012
2012043831;5;2;1;2;6;930;14/12/2012
2012043832;5;2;1;2;6;930;14/12/2012
2012043833;1;2;1;1;3;930;15/12/2012
2012043834;5;2;2;2;3;930;19/12/2012
2012043835;4;2;1;9;3;930;23/12/2012
2012043836;5;2;1;2;7;930;25/12/2012
2012043837;5;2;1;3;3;930;26/12/2012
2012043838;3;2;5;3;6;930;27/12/2012
2012043839;1;2;1;1;6;930;11/01/2012
2012043840;1;2;1;8;2;930;04/01/2012
2012043841;5;2;7;1;6;930;11/01/2012
2012043842;1;2;1;2;2;930;05/01/2012
2012043843;1;1;1;1;4;930;15/01/2012
2012043844;5;2;1;2;1;930;21/01/2012
2012043845;1;2;1;1;6;930;10/01/2012
2012043846;1;2;2;1;3;930;27/01/2012
2012043847;5;2;1;1;7;930;11/01/2012
2012043848;4;2;1;8;7;930;12/01/2012
2012043849;1;2;5;1;3;930;09/02/2012
2012043850;1;2;1;2;2;930;20/01/2012
2012043851;1;2;1;1;6;930;09/02/2012
2012043852;2;2;1;1;7;930;22/01/2012
2012043853;5;2;2;2;6;930;14/02/2012
2012043854;1;2;1;2;1;930;25/01/2012
2012043855;5;2;1;2;1;930;02/03/2012
2012043856;2;2;2;1;6;930;27/01/2012
2012043857;1;2;2;1;3;930;09/03/2012
2012043858;1;2;1;1;1;930;27/01/2012
2012043859;1;2;1;1;3;930;11/03/2012
2012043860;1;2;2;1;7;930;28/01/2012
2012043861;5;2;2;1;6;930;11/03/2012
2012043862;5;2;2;1;3;930;01/02/2012
2012043863;1;2;4;1;1;930;14/03/2012
2012043864;1;2;3;1;3;930;04/02/2012
2012043865;5;2;2;1;3;930;27/03/2012
2012043866;1;2;1;1;2;930;30/03/2012
2012043867;3;2;1;1;6;930;05/02/2012
2012043868;1;2;1;1;2;930;07/02/2012
2012043869;1;2;2;1;6;930;06/04/2012
2012043870;1;2;2;1;3;930;07/02/2012
2012043871;1;2;1;1;6;930;09/02/2012
2012043872;1;2;1;8;6;930;18/04/2012
2012043873;1;2;1;1;3;930;09/02/2012
2012043874;1;2;2;1;3;930;25/04/2012
2012043875;1;2;4;1;3;930;11/02/2012
2012043876;1;2;3;1;3;930;30/04/2012
2012043877;1;2;9;1;7;930;13/02/2012
2012043878;1;2;1;2;6;930;11/05/2012
2012043879;1;2;6;8;6;930;16/02/2012
2012043880;1;2;1;1;6;930;15/05/2012
2012043881;1;2;1;1;2;930;16/02/2012
2012043882;1;2;2;1;3;930;16/05/2012
2012043883;5;2;6;2;1;930;17/02/2012
2012043884;5;2;1;1;2;930;17/05/2012
2012043885;1;2;3;1;6;930;19/02/2012
2012043886;5;2;3;1;3;930;20/02/2012
2012043887;1;2;1;1;2;930;26/05/2012
2012043888;1;2;1;1;6;930;21/02/2012
2012043889;1;2;2;1;3;930;22/02/2012
2012043890;1;2;1;1;6;930;26/05/2012
2012043891;1;2;6;1;2;930;23/02/2012
2012043892;4;2;2;1;6;930;26/05/2012
2012043893;5;2;1;1;3;930;01/06/2012
2012043894;1;2;1;1;6;930;25/02/2012
2012043895;1;2;1;1;3;930;07/06/2012
2012043896;1;2;2;1;1;930;12/06/2012
2012043897;1;2;1;2;3;930;05/03/2012
2012043898;1;2;1;2;6;930;16/06/2012
2012043899;1;2;1;1;6;930;07/03/2012
2012043900;1;2;3;1;3;930;19/06/2012
2012043901;2;2;1;1;7;930;09/03/2012
2012043902;5;2;2;1;1;930;20/06/2012
2012043903;1;2;1;1;6;930;10/03/2012
2012043904;1;2;1;1;1;930;25/06/2012
2012043905;1;2;3;1;1;930;12/03/2012
2012043906;1;2;2;1;3;930;25/06/2012
2012043907;1;2;3;2;3;930;05/07/2012
2012043908;1;2;4;1;1;930;19/03/2012
2012043909;1;2;1;1;6;930;06/07/2012
2012043910;1;2;6;2;1;930;06/07/2012
2012043911;5;2;3;1;3;930;19/03/2012
2012043912;5;2;1;1;7;930;12/07/2012
2012043913;1;2;1;1;2;930;22/03/2012
2012043914;1;2;3;1;2;930;26/03/2012
2012043915;1;2;1;1;2;930;26/07/2012
2012043916;1;2;1;7;5;930;27/03/2012
2012043917;1;2;8;1;6;930;28/03/2012
2012043918;1;2;3;1;1;930;28/03/2012
2012043919;1;2;1;1;7;930;04/08/2012
2012043920;1;2;1;1;3;930;01/04/2012
2012043921;1;2;1;1;4;930;07/08/2012
2012043922;1;2;1;2;6;930;05/04/2012
2012043923;1;2;1;1;6;930;23/08/2012
2012043924;5;2;1;2;6;930;09/04/2012
2012043925;1;2;1;1;6;930;31/08/2012
2012043926;1;2;1;1;2;930;11/04/2012
2012043927;1;2;1;1;6;930;19/09/2012
2012043928;1;2;1;1;3;930;11/04/2012
2012043929;1;2;4;1;3;930;20/09/2012
2012043930;1;2;9;1;3;930;16/04/2012
2012043931;5;2;1;1;7;930;23/09/2012
2012043932;1;2;6;1;3;930;25/09/2012
2012043933;1;2;1;1;2;930;23/04/2012
2012043934;1;2;2;1;5;930;30/09/2012
2012043935;1;2;1;2;6;930;04/10/2012
2012043936;1;2;2;1;3;930;29/04/2012
2012043937;2;2;2;2;3;930;10/10/2012
2012043938;1;2;1;2;6;930;04/05/2012
2012043939;1;2;1;2;6;930;11/05/2012
2012043940;1;2;2;2;1;930;13/10/2012
2012043941;1;2;3;1;2;930;16/05/2012
2012043942;1;2;3;1;6;930;15/10/2012
2012043943;1;2;6;1;4;930;17/05/2012
2012043944;2;2;1;2;6;930;17/10/2012
2012043945;5;2;2;1;6;930;19/05/2012
2012043946;1;2;1;2;6;930;20/10/2012
2012043947;1;2;1;2;6;930;02/11/2012
2012043948;2;2;1;1;3;930;22/05/2012
2012043949;1;2;3;1;3;930;14/11/2012
2012043950;1;2;1;1;2;930;26/05/2012
2012043951;1;2;6;2;3;930;14/11/2012
2012043952;1;2;1;1;2;930;28/05/2012
2012043953;1;2;1;8;6;930;15/11/2012
2012043954;1;2;1;8;3;930;03/06/2012
2012043955;1;2;1;2;3;930;18/11/2012
2012043956;5;2;1;2;6;930;23/11/2012
2012043957;2;2;3;1;3;930;08/06/2012
2012043958;1;2;1;1;6;930;29/11/2012
2012043959;1;2;1;1;1;930;09/06/2012
2012043960;1;2;3;2;7;930;11/06/2012
2012043961;1;2;1;1;4;930;11/06/2012
2012043962;1;2;2;1;3;930;12/06/2012
2012043963;1;2;2;1;3;930;13/06/2012
2012043964;5;2;6;2;2;930;14/06/2012
2012043965;1;2;1;1;6;930;20/06/2012
2012043966;1;2;1;1;7;930;22/06/2012
2012043967;1;1;1;1;7;930;23/06/2012
2012043968;1;2;1;1;6;930;23/06/2012
2012043969;1;2;1;1;1;930;28/06/2012
2012043970;1;2;1;1;4;930;28/06/2012
2012043971;1;2;1;1;6;930;22/06/2012
2012043972;1;2;1;1;6;930;29/06/2012
2012043973;2;2;1;1;6;930;30/06/2012
2012043974;1;2;1;3;6;930;05/07/2012
2012043975;1;2;1;2;7;930;06/07/2012
2012043976;1;2;3;8;3;930;08/07/2012
2012043977;1;2;1;1;6;930;10/07/2012
2012043978;2;2;2;2;3;930;13/07/2012
2012043979;2;2;1;1;6;930;18/07/2012
2012043980;1;2;1;1;2;930;19/07/2012
2012043981;1;2;3;1;3;930;26/07/2012
2012043982;1;2;1;1;2;930;26/07/2012
2012043983;1;2;2;1;2;930;28/07/2012
2012043984;1;2;1;1;6;930;02/08/2012
2012043985;1;2;2;1;3;930;08/08/2012
2012043986;1;2;1;1;3;930;12/08/2012
2012043987;5;2;1;1;2;930;14/08/2012
2012043988;1;2;1;1;2;930;16/08/2012
2012043989;1;2;2;1;6;930;17/08/2012
2012043990;1;2;1;1;6;930;30/08/2012
2012043991;1;1;1;1;3;930;31/08/2012
2012043992;1;2;3;1;3;930;06/09/2012
2012043993;1;2;1;1;6;930;08/09/2012
2012043994;1;2;1;2;6;930;11/09/2012
2012043995;5;2;6;2;3;930;11/09/2012
2012043996;1;2;2;7;3;930;19/09/2012
2012043997;1;2;1;1;7;930;22/09/2012
2012043998;1;2;1;1;2;930;25/09/2012
2012043999;1;2;1;1;6;930;26/09/2012
2012044000;1;1;1;1;7;930;29/09/2012
2012044001;1;2;2;1;3;930;29/09/2012
2012044002;1;2;9;8;6;930;03/10/2012
2012044003;1;2;1;2;6;930;03/10/2012
2012044004;1;2;1;2;3;930;08/10/2012
2012044005;1;2;2;2;3;930;09/10/2012
2012044006;2;2;3;2;2;930;10/10/2012
2012044007;5;2;1;1;1;930;13/10/2012
2012044008;5;2;2;3;3;930;14/10/2012
2012044009;1;2;2;1;3;930;15/10/2012
2012044010;5;2;5;1;3;930;02/11/2012
2012044011;5;2;2;1;1;930;05/11/2012
2012044012;5;2;1;1;6;930;06/11/2012
2012044013;5;2;1;1;3;930;08/11/2012
2012044014;1;2;3;1;3;930;12/11/2012
2012044015;5;2;1;1;3;930;12/11/2012
2012044016;1;2;2;2;3;930;13/11/2012
2012044017;1;2;1;1;6;930;15/11/2012
2012044018;1;2;1;2;2;930;19/11/2012
2012044019;1;2;1;1;7;930;22/11/2012
2012044020;1;2;1;1;2;930;24/11/2012
2012044021;1;2;1;1;6;930;25/11/2012
2012044022;1;2;1;1;3;930;26/11/2012
2012044023;1;2;1;1;6;930;27/11/2012
2012044024;1;2;1;1;3;930;29/11/2012
2012044025;5;2;1;1;2;930;29/11/2012
2012044026;5;2;3;9;2;930;06/12/2012
2012044027;5;2;1;2;7;930;04/12/2012
2012044028;1;2;1;1;6;930;09/12/2012
2012044029;1;2;2;1;3;930;09/12/2012
2012044030;5;2;3;1;3;930;11/12/2012
2012044031;1;2;1;2;1;930;01/01/2012
2012044032;2;2;1;2;3;930;02/01/2012
2012044033;5;2;1;2;6;930;03/01/2012
2012044034;5;2;8;8;6;930;04/01/2012
2012044035;5;2;1;1;6;930;09/01/2012
2012044036;5;2;2;2;3;930;21/01/2012
2012044037;1;2;1;2;2;930;24/01/2012
2012044038;5;2;1;2;6;930;24/01/2012
2012044039;5;2;6;1;7;930;28/01/2012
2012044040;2;2;1;9;3;930;02/02/2012
2012044041;1;2;2;1;2;930;03/02/2012
2012044042;1;2;1;8;6;930;06/02/2012
2012044043;1;2;2;1;3;930;07/02/2012
2012044044;5;2;1;1;6;930;12/02/2012
2012044045;1;2;1;8;2;930;13/02/2012
2012044046;1;2;1;2;1;930;14/02/2012
2012044047;2;2;1;1;7;930;26/02/2012
2012044048;1;2;1;2;6;930;04/03/2012
2012044049;1;2;1;1;1;930;17/03/2012
2012044050;1;2;1;1;6;930;20/03/2012
2012044051;1;2;1;1;6;930;30/03/2012
2012044052;1;2;1;1;6;930;01/04/2012
2012044053;4;2;2;1;5;930;07/04/2012
2012044054;1;2;2;1;3;930;16/04/2012
2012044055;1;2;3;2;6;930;02/05/2012
2012044056;1;2;1;1;6;930;09/05/2012
2012044057;1;2;2;1;6;930;11/05/2012
2012044058;1;2;1;1;6;930;11/05/2012
2012044059;1;2;1;1;6;930;12/05/2012
2012044060;1;2;3;1;3;930;15/05/2012
2012044061;1;2;1;1;2;930;22/05/2012
2012044062;1;2;1;1;3;930;23/05/2012
2012044063;1;2;1;1;6;930;24/05/2012
2012044064;1;2;1;1;3;930;29/05/2012
2012044065;1;2;1;1;6;930;04/06/2012
2012044066;1;2;3;8;3;930;04/06/2012
2012044067;5;2;1;1;6;930;10/06/2012
2012044068;5;2;1;1;6;930;12/06/2012
2012044069;1;2;2;2;3;930;12/06/2012
2012044070;1;2;1;2;2;930;12/06/2012
2012044071;1;2;6;1;3;930;17/06/2012
2012044072;1;2;1;2;6;930;21/06/2012
2012044073;4;2;1;1;3;930;22/06/2012
2012044074;1;2;6;1;3;930;08/07/2012
2012044075;2;2;3;2;3;930;13/07/2012
2012044076;1;2;1;1;7;930;16/07/2012
2012044077;1;2;1;1;3;930;17/07/2012
2012044078;1;2;9;1;2;930;23/07/2012
2012044079;2;2;2;1;7;930;17/08/2012
2012044080;1;2;1;1;6;930;19/09/2012
2012044081;1;2;1;2;3;930;27/09/2012
2012044082;1;2;1;1;6;930;28/09/2012
2012044083;5;2;2;3;3;930;08/10/2012
2012044084;5;2;1;2;1;930;13/10/2012
2012044085;1;2;1;1;2;930;16/10/2012
2012044086;3;2;1;1;2;930;17/10/2012
2012044087;1;2;1;1;2;930;26/10/2012
2012044088;5;2;3;1;3;930;28/10/2012
2012044089;1;2;2;1;6;930;29/10/2012
2012044090;1;2;3;1;6;930;03/11/2012
2012044091;2;2;1;2;6;930;05/11/2012
2012044092;1;2;1;8;6;930;14/11/2012
2012044093;5;2;1;1;6;930;22/11/2012
2012044094;1;2;2;1;6;930;27/11/2012
2012044095;2;2;1;2;6;930;27/11/2012
2012044096;5;2;9;1;7;930;11/12/2012
2012044097;1;2;1;2;6;930;13/12/2012
2012044098;5;2;1;1;3;930;18/12/2012
2012044099;5;2;1;2;3;930;21/12/2012
2012044100;2;2;1;2;7;930;05/01/2012
2012044101;1;2;1;2;4;930;05/01/2012
2012044102;1;2;6;1;3;930;06/01/2012
2012044103;1;2;1;1;6;930;09/01/2012
2012044104;5;2;1;1;7;930;12/01/2012
2012044105;5;2;1;1;6;930;13/01/2012
2012044106;5;2;1;1;2;930;28/01/2012
2012044107;1;2;1;1;3;930;30/01/2012
2012044108;2;2;1;1;2;930;03/02/2012
2012044109;1;2;1;1;6;930;22/02/2012
2012044110;5;2;3;1;5;930;25/02/2012
2012044111;1;2;1;8;6;930;26/02/2012
2012044112;2;2;1;1;6;930;27/02/2012
2012044113;1;2;2;1;6;930;08/03/2012
2012044114;5;2;1;1;6;930;08/03/2012
2012044115;1;2;1;1;6;930;16/03/2012
2012044116;1;2;3;2;3;930;18/03/2012
2012044117;1;2;1;1;2;930;20/03/2012
2012044118;2;2;1;1;2;930;27/03/2012
2012044119;1;2;1;1;6;930;27/03/2012
2012044120;5;2;3;1;3;930;28/03/2012
2012044121;1;2;1;1;6;930;30/03/2012
2012044122;5;2;1;1;7;930;30/03/2012
2012044123;5;2;1;1;3;930;31/03/2012
2012044124;1;2;9;1;6;930;03/04/2012
2012044125;5;2;9;1;6;930;04/04/2012
2012044126;5;2;1;2;2;930;22/04/2012
2012044127;1;2;1;2;2;930;25/04/2012
2012044128;2;2;1;2;1;930;28/04/2012
2012044129;1;2;6;3;3;930;28/04/2012
2012044130;1;2;1;1;2;930;30/04/2012
2012044131;1;2;1;1;6;930;03/05/2012
2012044132;1;2;1;1;1;930;12/05/2012
2012044133;1;2;3;1;3;930;15/05/2012
2012044134;2;2;1;1;3;930;17/05/2012
2012044135;1;2;2;2;1;930;19/05/2012
2012044136;5;2;1;2;7;930;20/05/2012
2012044137;1;2;1;2;6;930;21/05/2012
2012044138;1;2;9;8;6;930;23/05/2012
2012044139;1;2;1;1;6;930;05/06/2012
2012044140;1;2;1;1;4;930;10/06/2012
2012044141;1;2;1;2;2;930;10/06/2012
2012044142;1;2;1;2;6;930;11/06/2012
2012044143;5;2;1;1;3;930;17/06/2012
2012044144;1;2;3;1;3;930;17/06/2012
2012044145;1;2;1;1;2;930;20/06/2012
2012044146;1;2;6;1;3;930;22/06/2012
2012044147;1;2;1;1;6;930;28/06/2012
2012044148;1;2;2;1;6;930;29/06/2012
2012044149;1;1;1;1;2;930;29/06/2012
2012044150;1;2;1;1;3;930;08/07/2012
2012044151;1;2;6;1;2;930;15/07/2012
2012044152;5;2;3;1;3;930;17/07/2012
2012044153;2;2;3;1;2;930;18/07/2012
2012044154;1;2;3;1;6;930;24/07/2012
2012044155;1;2;1;2;3;930;27/07/2012
2012044156;1;2;4;1;3;930;28/07/2012
2012044157;1;2;4;1;6;930;31/07/2012
2012044158;1;2;1;2;2;930;05/08/2012
2012044159;1;2;4;1;3;930;06/08/2012
2012044160;5;2;1;2;7;930;07/08/2012
2012044161;1;2;1;1;6;930;08/08/2012
2012044162;2;2;1;1;2;930;11/08/2012
2012044163;2;2;2;1;7;930;17/08/2012
2012044164;1;2;3;1;3;930;22/08/2012
2012044165;1;2;6;1;6;930;27/08/2012
2012044166;1;2;3;1;3;930;27/08/2012
2012044167;5;2;1;1;3;930;28/08/2012
2012044168;1;1;1;1;6;930;29/08/2012
2012044169;5;2;6;1;2;930;30/08/2012
2012044170;1;2;1;1;2;930;07/09/2012
2012044171;1;2;1;1;1;930;08/09/2012
2012044172;5;2;1;1;6;930;10/09/2012
2012044173;1;2;6;1;3;930;13/09/2012
2012044174;5;2;1;1;3;930;14/09/2012
2012044175;5;2;9;1;1;930;16/09/2012
2012044176;1;2;3;1;6;930;19/09/2012
2012044177;5;2;2;1;3;930;22/09/2012
2012044178;1;2;2;8;3;930;24/09/2012
2012044179;1;2;3;1;1;930;28/09/2012
2012044180;4;2;3;1;3;930;28/09/2012
2012044181;5;2;1;1;7;930;29/09/2012
2012044182;5;2;1;1;2;930;29/09/2012
2012044183;5;2;1;1;3;930;30/09/2012
2012044184;1;2;1;2;6;930;03/10/2012
2012044185;2;2;4;1;6;930;06/10/2012
2012044186;1;2;1;8;3;930;11/10/2012
2012044187;1;2;2;9;3;930;14/10/2012
2012044188;1;2;1;1;2;930;16/10/2012
2012044189;1;2;1;1;3;930;16/10/2012
2012044190;1;2;1;1;3;930;16/10/2012
2012044191;5;2;1;1;7;930;22/10/2012
2012044192;5;2;1;1;7;930;24/10/2012
2012044193;1;2;1;1;6;930;24/10/2012
2012044194;5;2;1;1;7;930;28/10/2012
2012044195;1;2;1;1;6;930;31/10/2012
2012044196;1;2;1;2;7;930;05/11/2012
2012044197;5;2;1;1;6;930;05/11/2012
2012044198;5;2;1;1;3;930;08/11/2012
2012044199;5;2;2;1;3;930;08/11/2012
2012044200;1;2;1;1;5;930;10/11/2012
2012044201;1;2;1;8;2;930;13/11/2012
2012044202;5;2;3;1;6;930;19/11/2012
2012044203;5;2;6;1;3;930;20/11/2012
2012044204;2;2;1;1;6;930;22/11/2012
2012044205;5;2;3;8;7;930;20/11/2012
2012044206;5;2;1;1;6;930;21/11/2012
2012044207;5;2;3;2;6;930;23/11/2012
2012044208;5;2;4;1;6;930;25/11/2012
2012044209;1;2;1;1;2;930;27/11/2012
2012044210;5;2;1;1;2;930;29/11/2012
2012044211;5;2;1;1;1;930;02/12/2012
2012044212;1;2;3;8;3;930;09/12/2012
2012044213;1;2;1;2;2;930;10/12/2012
2012044214;1;2;1;2;6;930;17/12/2012
2012044215;3;2;1;1;6;930;23/12/2012
2012044216;5;2;1;1;4;930;31/12/2012
2012044217;5;2;1;1;2;930;09/01/2012
2012044218;1;2;3;2;1;930;10/01/2012
2012044219;5;2;2;1;3;930;11/01/2012
2012044220;5;1;2;1;6;930;12/01/2012
2012044221;1;2;1;2;6;930;18/01/2012
2012044222;1;2;2;1;6;930;23/01/2012
2012044223;5;2;3;2;6;930;24/01/2012
2012044224;1;2;2;1;3;930;03/02/2012
2012044225;5;2;1;9;3;930;04/02/2012
2012044226;5;2;1;1;7;930;06/02/2012
2012044227;1;2;9;1;2;930;06/02/2012
2012044228;2;2;3;1;3;930;07/02/2012
2012044229;5;2;1;4;7;930;08/02/2012
2012044230;3;2;1;2;6;930;13/02/2012
2012044231;1;2;1;1;6;930;16/02/2012
2012044232;2;2;1;2;6;930;23/02/2012
2012044233;1;2;1;1;6;930;28/02/2012
2012044234;5;2;3;2;2;930;04/03/2012
2012044235;3;2;1;1;6;930;05/03/2012
2012044236;1;2;1;1;6;930;15/03/2012
2012044237;1;2;3;1;3;930;19/03/2012
2012044238;5;2;1;1;6;930;22/03/2012
2012044239;5;2;1;1;6;930;31/03/2012
2012044240;1;2;1;1;3;930;05/04/2012
2012044241;1;2;5;8;6;930;09/04/2012
2012044242;1;2;3;2;4;930;10/04/2012