num_acc;lum;agg;inter;atm;col;dep;date
2012044243;1;2;1;1;2;930;13/04/2012
2012044244;1;2;5;1;3;930;12/04/2012
2012044245;1;2;1;1;6;930;26/04/2012
2012044246;5;2;1;2;6;930;28/04/2012
2012044247;1;2;1;1;6;930;10/05/2012
2012044248;1;2;3;1;2;930;23/05/2012
2012044249;1;2;3;1;3;930;25/05/2012
2012044250;5;2;3;1;6;930;25/05/2012
2012044251;1;2;1;1;2;930;27/05/2012
2012044252;1;2;1;7;3;930;29/05/2012
2012044253;1;2;1;1;6;930;31/05/2012
2012044254;3;2;1;2;6;930;05/06/2012
2012044255;1;2;1;8;7;930;07/06/2012
2012044256;1;2;6;8;2;930;10/06/2012
2012044257;1;2;1;1;2;930;15/06/2012
2012044258;5;2;1;3;6;930;15/06/2012
2012044259;1;2;1;1;1;930;18/06/2012
2012044260;1;2;3;1;1;930;25/06/2012
2012044261;5;2;1;1;6;930;28/06/2012
2012044262;1;2;1;1;4;930;29/06/2012
2012044263;1;2;1;1;4;930;01/07/2012
2012044264;5;2;1;1;6;930;05/07/2012
2012044265;1;2;2;1;2;930;09/07/2012
2012044266;5;2;1;1;6;930;09/07/2012
2012044267;1;2;2;1;1;930;17/07/2012
2012044268;1;2;1;1;1;930;23/07/2012
2012044269;1;2;3;1;5;930;23/07/2012
2012044270;5;2;1;1;3;930;28/07/2012
2012044271;5;2;1;1;1;930;29/07/2012
2012044272;1;2;3;2;1;930;29/07/2012
2012044273;1;2;1;1;4;930;15/08/2012
2012044274;5;2;1;1;2;930;16/08/2012
2012044275;2;2;1;1;7;930;17/08/2012
2012044276;1;2;1;1;6;930;17/08/2012
2012044277;5;2;1;1;3;930;26/08/2012
2012044278;1;2;1;1;6;930;07/09/2012
2012044279;5;2;3;1;3;930;28/09/2012
2012044280;5;2;1;1;7;930;30/09/2012
2012044281;1;2;1;1;3;930;02/10/2012
2012044282;1;2;3;8;3;930;05/10/2012
2012044283;1;2;2;2;3;930;08/10/2012
2012044284;1;2;1;1;6;930;25/10/2012
2012044285;1;2;1;1;6;930;07/11/2012
2012044286;5;2;3;1;3;930;19/11/2012
2012044287;5;2;3;1;3;930;01/12/2012
2012044288;5;2;2;7;3;930;06/12/2012
2012044289;5;2;7;1;3;930;06/12/2012
2012044290;1;2;3;2;6;930;07/12/2012
2012044291;5;2;2;8;6;930;08/12/2012
2012044292;5;2;1;1;6;930;10/12/2012
2012044293;2;2;3;9;3;930;18/12/2012
2012044294;1;2;5;9;3;930;27/12/2012
2012044295;5;2;1;2;6;930;14/06/2012
2012044296;1;2;1;2;6;930;07/01/2012
2012044297;1;2;4;1;3;930;14/01/2012
2012044298;5;2;1;2;1;930;20/01/2012
2012044299;1;2;3;1;3;930;01/02/2012
2012044300;1;2;6;8;2;930;04/02/2012
2012044301;2;1;1;9;7;930;15/02/2012
2012044302;2;2;5;5;3;930;01/03/2012
2012044303;1;2;1;8;6;930;03/03/2012
2012044304;1;2;2;1;6;930;09/03/2012
2012044305;5;2;1;1;6;930;19/03/2012
2012044306;4;2;1;1;3;930;30/04/2012
2012044307;5;2;1;1;6;930;31/03/2012
2012044308;1;2;3;1;3;930;01/04/2012
2012044309;1;2;3;1;3;930;02/04/2012
2012044310;5;2;1;1;6;930;03/04/2012
2012044311;1;2;1;1;3;930;07/04/2012
2012044312;1;2;1;1;6;930;10/04/2012
2012044313;5;2;6;1;6;930;15/04/2012
2012044314;1;2;2;1;3;930;16/04/2012
2012044315;1;2;2;2;3;930;20/04/2012
2012044316;1;2;3;1;3;930;21/04/2012
2012044317;1;2;1;1;3;930;01/05/2012
2012044318;1;2;1;1;6;930;04/05/2012
2012044319;1;2;2;1;3;930;11/05/2012
2012044320;1;2;2;1;6;930;17/05/2012
2012044321;1;2;2;1;3;930;19/05/2012
2012044322;1;2;1;1;2;930;23/05/2012
2012044323;1;2;2;1;3;930;29/05/2012
2012044324;1;2;1;1;3;930;31/05/2012
2012044325;1;2;1;1;6;930;08/06/2012
2012044326;1;2;1;1;6;930;08/06/2012
2012044327;1;2;1;1;3;930;14/06/2012
2012044328;1;2;3;1;2;930;17/06/2012
2012044329;1;2;2;1;3;930;18/06/2012
2012044330;1;2;1;1;2;930;21/06/2012
2012044331;1;2;1;1;3;930;03/07/2012
2012044332;1;2;1;1;6;930;19/07/2012
2012044333;1;2;3;1;3;930;22/07/2012
2012044334;1;2;2;1;5;930;27/07/2012
2012044335;3;2;1;1;6;930;01/08/2012
2012044336;1;2;1;1;4;930;06/08/2012
2012044337;5;2;2;1;7;930;11/08/2012
2012044338;1;2;1;1;6;930;15/08/2012
2012044339;1;2;1;1;6;930;01/09/2012
2012044340;5;2;2;1;3;930;02/09/2012
2012044341;1;2;2;1;3;930;04/09/2012
2012044342;1;2;2;1;3;930;05/09/2012
2012044343;1;2;3;1;3;930;20/09/2012
2012044344;5;2;4;2;6;930;21/09/2012
2012044345;1;2;6;2;1;930;27/09/2012
2012044346;1;2;1;1;2;930;02/10/2012
2012044347;1;2;1;2;6;930;04/10/2012
2012044348;1;2;1;2;5;930;09/10/2012
2012044349;1;2;1;2;3;930;10/10/2012
2012044350;1;2;1;1;6;930;10/10/2012
2012044351;2;2;3;8;3;930;11/10/2012
2012044352;5;2;1;1;3;930;14/10/2012
2012044353;1;2;3;2;5;930;14/10/2012
2012044354;3;1;4;1;6;930;16/10/2012
2012044355;1;2;1;1;3;930;19/10/2012
2012044356;1;2;1;2;2;930;20/10/2012
2012044357;1;2;1;1;6;930;27/10/2012
2012044358;1;2;1;9;3;930;06/11/2012
2012044359;5;2;3;8;3;930;13/11/2012
2012044360;1;2;1;1;1;930;16/11/2012
2012044361;1;2;2;8;3;930;23/11/2012
2012044362;1;2;4;1;6;930;24/11/2012
2012044363;1;2;9;1;6;930;26/11/2012
2012044364;5;2;2;1;3;930;28/11/2012
2012044365;1;2;1;1;6;930;30/11/2012
2012044366;5;2;3;1;6;930;01/12/2012
2012044367;5;2;2;8;2;930;06/12/2012
2012044368;1;2;1;1;6;930;12/12/2012
2012044369;5;2;1;2;6;930;20/12/2012
2012044370;1;2;1;9;3;930;13/12/2012
2012044371;5;2;2;2;6;930;17/12/2012
2012044372;2;2;1;2;6;930;19/12/2012
2012044373;1;2;2;8;5;930;21/12/2012
2012044374;3;1;1;1;7;930;24/12/2012
2012044375;1;2;2;1;6;930;29/12/2012
2012044376;1;2;2;1;3;930;23/01/2012
2012044377;1;2;1;1;2;930;11/07/2012
2012044378;1;2;1;8;2;930;18/02/2012
2012044379;4;2;1;1;5;930;31/03/2012
2012044380;1;2;3;1;3;930;11/04/2012
2012044381;1;2;6;1;3;930;03/05/2012
2012044382;1;2;1;1;6;930;31/05/2012
2012044383;1;2;6;1;3;930;13/05/2012
2012044384;2;2;9;1;2;930;13/05/2012
2012044385;1;2;1;7;2;930;19/04/2012
2012044386;1;2;1;1;2;930;02/06/2012
2012044387;1;2;1;1;1;930;14/06/2012
2012044388;1;2;1;1;3;930;16/05/2012
2012044389;1;2;1;1;2;930;27/09/2012
2012044390;1;2;1;1;3;930;24/02/2012
2012044391;1;2;1;8;6;930;25/09/2012
2012044392;1;2;1;1;3;930;28/09/2012
2012044393;2;2;1;1;6;930;06/09/2012
2012044394;1;2;1;1;3;930;06/09/2012
2012044395;1;2;6;1;6;930;06/09/2012
2012044396;1;2;1;1;4;930;09/09/2012
2012044397;1;2;1;1;3;930;20/11/2012
2012044398;5;2;1;1;6;930;04/01/2012
2012044399;5;2;1;1;7;930;06/01/2012
2012044400;1;2;1;8;6;930;09/01/2012
2012044401;5;2;1;1;3;930;11/01/2012
2012044402;1;2;2;1;3;930;15/01/2012
2012044403;1;2;2;1;6;930;17/01/2012
2012044404;5;2;1;2;3;930;18/01/2012
2012044405;1;2;1;1;6;930;20/01/2012
2012044406;1;2;1;1;6;930;27/01/2012
2012044407;1;2;3;1;6;930;31/01/2012
2012044408;5;1;1;1;6;930;07/02/2012
2012044409;1;2;6;1;2;930;12/02/2012
2012044410;1;2;1;8;6;930;15/02/2012
2012044411;5;2;2;1;3;930;18/02/2012
2012044412;5;2;1;1;6;930;06/03/2012
2012044413;1;2;1;1;6;930;10/03/2012
2012044414;1;2;1;1;3;930;12/03/2012
2012044415;1;2;1;1;6;930;13/03/2012
2012044416;5;2;1;1;6;930;22/03/2012
2012044417;1;2;6;1;5;930;01/04/2012
2012044418;5;2;3;1;6;930;04/04/2012
2012044419;5;2;6;1;3;930;03/04/2012
2012044420;5;2;9;2;5;930;08/04/2012
2012044421;1;2;2;1;3;930;09/04/2012
2012044422;1;2;1;9;2;930;18/04/2012
2012044423;2;2;1;1;2;930;22/04/2012
2012044424;1;2;9;2;1;930;25/04/2012
2012044425;1;2;6;1;3;930;04/05/2012
2012044426;1;2;1;2;6;930;06/05/2012
2012044427;1;2;1;1;6;930;07/05/2012
2012044428;1;2;1;2;6;930;09/05/2012
2012044429;1;2;1;9;6;930;10/05/2012
2012044430;5;2;1;1;6;930;14/05/2012
2012044431;1;2;1;1;6;930;17/05/2012
2012044432;1;2;1;2;4;930;19/05/2012
2012044433;1;2;1;1;6;930;24/05/2012
2012044434;1;2;2;1;6;930;28/05/2012
2012044435;2;2;1;1;3;930;28/05/2012
2012044436;1;1;1;1;3;930;29/05/2012
2012044437;1;2;1;1;6;930;30/05/2012
2012044438;1;2;8;1;3;930;02/06/2012
2012044439;1;2;1;1;1;930;03/06/2012
2012044440;1;2;1;1;6;930;03/06/2012
2012044441;1;2;1;1;6;930;06/06/2012
2012044442;1;2;1;1;6;930;11/06/2012
2012044443;1;2;1;1;2;930;13/06/2012
2012044444;1;2;1;1;6;930;13/06/2012
2012044445;1;2;1;2;2;930;16/06/2012
2012044446;1;2;1;1;6;930;16/06/2012
2012044447;1;2;1;1;6;930;19/06/2012
2012044448;1;2;1;1;6;930;20/06/2012
2012044449;1;2;1;1;6;930;28/06/2012
2012044450;1;2;1;1;6;930;20/07/2012
2012044451;2;2;1;1;2;930;22/07/2012
2012044452;5;2;1;1;6;930;29/07/2012
2012044453;1;2;1;1;4;930;30/07/2012
2012044454;1;2;1;1;6;930;03/08/2012
2012044455;5;2;1;1;7;930;05/08/2012
2012044456;2;2;1;1;6;930;05/08/2012
2012044457;1;2;3;1;6;930;16/08/2012
2012044458;1;2;2;1;3;930;17/08/2012
2012044459;2;2;1;1;6;930;20/08/2012
2012044460;1;2;1;1;6;930;30/08/2012
2012044461;1;2;2;1;6;930;31/08/2012
2012044462;1;2;9;1;7;930;04/09/2012
2012044463;1;2;3;1;6;930;04/09/2012
2012044464;1;2;1;1;6;930;06/09/2012
2012044465;1;2;1;1;6;930;07/09/2012
2012044466;4;2;2;1;3;930;08/09/2012
2012044467;1;2;1;2;6;930;11/09/2012
2012044468;5;2;1;1;7;930;15/09/2012
2012044469;5;2;6;1;3;930;16/09/2012
2012044470;1;2;1;1;5;930;18/09/2012
2012044471;5;1;1;2;2;930;21/09/2012
2012044472;5;2;9;2;6;930;24/09/2012
2012044473;1;1;1;1;5;930;27/09/2012
2012044474;5;2;1;1;5;930;30/09/2012
2012044475;1;2;1;1;6;930;01/10/2012
2012044476;1;2;1;1;3;930;01/10/2012
2012044477;1;2;1;1;6;930;04/10/2012
2012044478;1;2;2;1;3;930;05/10/2012
2012044479;1;2;1;1;3;930;05/10/2012
2012044480;1;2;1;2;6;930;06/10/2012
2012044481;5;2;1;3;6;930;06/10/2012
2012044482;1;2;1;2;6;930;17/10/2012
2012044483;1;2;1;1;3;930;24/10/2012
2012044484;1;2;1;1;6;930;31/10/2012
2012044485;2;2;3;2;2;930;03/11/2012
2012044486;5;2;1;1;6;930;04/11/2012
2012044487;1;2;3;1;3;930;06/11/2012
2012044488;5;2;6;1;3;930;08/11/2012
2012044489;5;2;1;1;1;930;04/11/2012
2012044490;1;2;1;8;6;930;10/11/2012
2012044491;1;2;6;8;3;930;14/11/2012
2012044492;4;2;1;1;3;930;20/11/2012
2012044493;1;2;6;8;2;930;21/11/2012
2012044494;5;2;1;1;6;930;22/11/2012
2012044495;1;2;1;1;3;930;01/12/2012
2012044496;1;2;1;8;3;930;06/12/2012
2012044497;5;2;1;1;6;930;04/12/2012
2012044498;2;2;6;2;6;930;22/12/2012
2012044499;5;2;1;2;1;930;23/12/2012
2012044500;1;1;1;1;1;930;06/01/2012
2012044501;1;2;1;2;3;930;07/01/2012
2012044502;5;2;1;1;6;930;07/01/2012
2012044503;1;2;1;1;6;930;11/01/2012
2012044504;2;2;3;1;3;930;13/01/2012
2012044505;5;2;1;1;3;930;13/01/2012
2012044506;1;2;3;2;3;930;26/01/2012
2012044507;1;2;3;1;3;930;02/03/2012
2012044508;1;2;2;1;3;930;11/03/2012
2012044509;5;1;1;1;6;930;24/03/2012
2012044510;1;2;3;1;3;930;25/03/2012
2012044511;1;2;1;1;4;930;27/03/2012
2012044512;5;2;3;1;7;930;27/03/2012
2012044513;1;2;6;1;6;930;03/04/2012
2012044514;2;2;9;1;3;930;07/04/2012
2012044515;1;2;3;1;6;930;17/04/2012
2012044516;1;2;1;8;3;930;19/04/2012
2012044517;1;2;1;3;6;930;23/04/2012
2012044518;5;2;1;2;6;930;28/04/2012
2012044519;1;2;3;1;6;930;01/05/2012
2012044520;1;2;9;1;3;930;01/05/2012
2012044521;1;2;1;1;6;930;10/05/2012
2012044522;5;1;1;1;6;930;13/05/2012
2012044523;5;2;3;1;3;930;15/05/2012
2012044524;5;2;6;1;6;930;25/05/2012
2012044525;2;2;1;1;1;930;25/05/2012
2012044526;1;2;1;1;3;930;26/05/2012
2012044527;1;2;1;7;6;930;28/05/2012
2012044528;1;2;1;1;6;930;28/05/2012
2012044529;1;2;3;1;3;930;02/06/2012
2012044530;1;2;1;1;6;930;03/06/2012
2012044531;1;2;2;1;3;930;05/06/2012
2012044532;1;2;1;1;6;930;07/06/2012
2012044533;5;2;1;1;6;930;07/06/2012
2012044534;5;2;3;2;3;930;12/06/2012
2012044535;1;2;3;1;3;930;13/06/2012
2012044536;1;2;3;1;6;930;14/06/2012
2012044537;1;2;1;1;6;930;22/06/2012
2012044538;1;2;3;1;5;930;01/07/2012
2012044539;1;1;2;2;3;930;07/07/2012
2012044540;1;2;2;1;2;930;14/07/2012
2012044541;1;2;1;1;3;930;21/07/2012
2012044542;5;2;3;1;6;930;26/07/2012
2012044543;1;2;1;1;6;930;13/08/2012
2012044544;1;2;3;1;6;930;20/08/2012
2012044545;5;2;3;1;3;930;04/09/2012
2012044546;1;2;1;1;2;930;05/09/2012
2012044547;1;2;1;1;3;930;15/09/2012
2012044548;1;2;1;1;6;930;24/09/2012
2012044549;1;2;1;1;3;930;27/09/2012
2012044550;1;2;1;2;6;930;02/10/2012
2012044551;1;2;2;2;3;930;10/10/2012
2012044552;2;2;1;1;3;930;12/10/2012
2012044553;1;2;1;2;3;930;14/10/2012
2012044554;1;2;3;3;3;930;18/10/2012
2012044555;5;2;2;1;3;930;22/10/2012
2012044556;1;2;4;1;6;930;26/10/2012
2012044557;1;2;1;1;6;930;26/10/2012
2012044558;5;2;2;1;6;930;28/10/2012
2012044559;1;2;2;1;3;930;28/10/2012
2012044560;1;2;1;1;6;930;28/10/2012
2012044561;1;2;1;1;6;930;03/11/2012
2012044562;5;2;3;2;3;930;09/11/2012
2012044563;5;2;3;1;5;930;16/11/2012
2012044564;1;2;1;2;2;930;21/11/2012
2012044565;5;2;1;1;6;930;26/11/2012
2012044566;5;2;3;2;3;930;27/11/2012
2012044567;5;2;1;2;6;930;28/11/2012
2012044568;5;2;1;2;6;930;28/11/2012
2012044569;3;2;1;8;6;930;30/11/2012
2012044570;5;2;1;1;7;930;01/12/2012
2012044571;1;2;3;1;3;930;07/12/2012
2012044572;1;2;1;2;6;930;07/12/2012
2012044573;5;2;1;2;6;930;07/12/2012
2012044574;1;2;2;2;3;930;08/12/2012
2012044575;1;2;1;2;6;930;18/12/2012
2012044576;5;1;1;2;6;930;20/12/2012
2012044577;1;2;1;1;6;930;23/12/2012
2012044578;1;2;1;1;3;930;24/12/2012
2012044579;5;2;1;2;1;930;31/12/2012
2012044580;4;2;1;2;6;930;01/01/2012
2012044581;1;2;1;1;6;930;03/01/2012
2012044582;1;2;3;2;6;930;05/01/2012
2012044583;5;2;3;1;2;930;15/01/2012
2012044584;1;2;1;1;6;930;16/01/2012
2012044585;1;2;2;1;6;930;18/01/2012
2012044586;1;2;1;1;6;930;01/02/2012
2012044587;5;2;1;9;1;930;04/02/2012
2012044588;1;2;1;1;1;930;19/02/2012
2012044589;5;2;2;1;3;930;19/02/2012
2012044590;1;2;2;1;3;930;24/02/2012
2012044591;1;2;1;1;3;930;02/03/2012
2012044592;1;2;1;1;3;930;03/03/2012
2012044593;1;2;1;1;6;930;07/03/2012
2012044594;1;2;6;1;3;930;13/03/2012
2012044595;1;2;1;1;6;930;16/03/2012
2012044596;1;2;1;1;3;930;20/03/2012
2012044597;1;2;1;1;3;930;21/03/2012
2012044598;5;2;4;1;3;930;22/03/2012
2012044599;5;2;3;1;2;930;25/03/2012
2012044600;1;2;1;1;2;930;28/03/2012
2012044601;1;1;1;1;6;930;29/03/2012
2012044602;1;2;1;1;6;930;02/04/2012
2012044603;5;2;2;2;6;930;03/04/2012
2012044604;1;2;2;1;3;930;04/04/2012
2012044605;1;1;1;8;3;930;18/04/2012
2012044606;5;2;2;1;3;930;19/04/2012
2012044607;1;2;6;8;3;930;22/04/2012
2012044608;1;2;1;1;3;930;24/04/2012
2012044609;1;2;1;2;2;930;27/04/2012
2012044610;5;2;1;1;6;930;28/04/2012
2012044611;1;2;1;2;3;930;28/04/2012
2012044612;1;2;3;1;3;930;30/04/2012
2012044613;1;2;1;1;6;930;03/05/2012
2012044614;1;2;1;1;6;930;09/05/2012
2012044615;1;2;2;1;2;930;13/05/2012
2012044616;1;2;1;1;6;930;15/05/2012
2012044617;1;2;1;1;2;930;23/05/2012
2012044618;1;2;3;1;6;930;28/05/2012
2012044619;1;2;1;1;6;930;02/06/2012
2012044620;1;2;1;1;6;930;08/06/2012
2012044621;1;2;2;1;1;930;08/06/2012
2012044622;1;2;3;1;1;930;09/06/2012
2012044623;2;2;1;2;7;930;13/06/2012
2012044624;2;2;2;3;3;930;15/06/2012
2012044625;1;2;1;1;3;930;23/06/2012
2012044626;1;2;2;1;3;930;23/06/2012
2012044627;1;2;1;1;6;930;01/07/2012
2012044628;1;2;1;3;6;930;07/07/2012
2012044629;1;2;1;3;3;930;12/07/2012
2012044630;1;2;2;1;3;930;17/07/2012
2012044631;1;2;6;1;6;930;20/07/2012
2012044632;5;2;1;1;2;930;20/07/2012
2012044633;3;2;1;1;4;930;29/07/2012
2012044634;1;2;1;1;7;930;29/07/2012
2012044635;1;2;1;8;3;930;30/07/2012
2012044636;1;2;1;1;3;930;04/08/2012
2012044637;1;2;1;1;3;930;11/08/2012
2012044638;5;2;6;1;3;930;13/08/2012
2012044639;1;2;1;1;6;930;18/08/2012
2012044640;1;2;1;1;3;930;20/08/2012
2012044641;1;2;1;1;7;930;26/08/2012
2012044642;5;2;9;1;3;930;28/08/2012
2012044643;1;2;1;1;2;930;30/08/2012
2012044644;1;2;3;1;6;930;16/09/2012
2012044645;5;2;2;1;3;930;23/09/2012
2012044646;2;2;3;2;3;930;27/09/2012
2012044647;5;2;1;1;7;930;29/09/2012
2012044648;1;2;1;1;2;930;02/10/2012
2012044649;1;2;3;3;3;930;08/10/2012
2012044650;3;2;1;2;2;930;09/10/2012
2012044651;5;2;2;1;3;930;15/10/2012
2012044652;5;2;1;1;6;930;17/10/2012
2012044653;1;2;4;2;6;930;18/10/2012
2012044654;5;2;1;1;1;930;29/10/2012
2012044655;1;2;2;1;3;930;09/11/2012
2012044656;5;2;1;1;6;930;13/11/2012
2012044657;1;2;1;1;6;930;17/11/2012
2012044658;1;2;9;1;4;930;19/11/2012
2012044659;5;2;4;1;3;930;22/11/2012
2012044660;1;2;3;1;3;930;25/11/2012
2012044661;5;2;1;1;3;930;01/12/2012
2012044662;1;2;1;1;6;930;11/12/2012
2012044663;1;2;2;1;2;930;11/12/2012
2012044664;1;2;3;1;6;930;06/01/2012
2012044665;1;2;1;1;6;930;11/01/2012
2012044666;1;2;3;1;3;930;12/01/2012
2012044667;3;2;1;2;2;930;24/01/2012
2012044668;5;2;3;1;6;930;25/01/2012
2012044669;1;2;3;2;3;930;15/03/2012
2012044670;1;2;1;1;2;930;16/03/2012
2012044671;1;2;1;1;6;930;19/03/2012
2012044672;1;2;1;1;4;930;24/04/2012
2012044673;1;2;1;2;3;930;04/05/2012
2012044674;1;2;1;8;3;930;24/05/2012
2012044675;5;2;1;1;3;930;01/06/2012
2012044676;1;2;9;1;6;930;04/06/2012
2012044677;1;2;2;1;2;930;11/06/2012
2012044678;1;2;2;1;6;930;04/07/2012
2012044679;5;2;1;2;6;930;05/07/2012
2012044680;1;2;2;1;3;930;10/07/2012
2012044681;5;2;1;2;6;930;14/07/2012
2012044682;1;2;2;1;3;930;18/07/2012
2012044683;1;2;2;1;3;930;19/07/2012
2012044684;5;2;2;1;3;930;22/07/2012
2012044685;1;2;1;1;3;930;26/07/2012
2012044686;1;2;2;1;1;930;31/07/2012
2012044687;1;2;2;1;3;930;16/08/2012
2012044688;5;2;2;1;3;930;26/08/2012
2012044689;1;2;1;1;3;930;27/08/2012
2012044690;1;2;3;1;3;930;31/08/2012
2012044691;2;2;2;1;2;930;05/09/2012
2012044692;5;2;2;1;3;930;06/09/2012
2012044693;1;2;1;1;6;930;16/09/2012
2012044694;5;2;1;1;3;930;30/09/2012
2012044695;2;2;3;3;3;930;04/10/2012
2012044696;1;2;3;8;6;930;12/10/2012
2012044697;1;2;2;1;6;930;12/10/2012
2012044698;1;2;1;1;6;930;21/10/2012
2012044699;5;2;1;1;3;930;15/11/2012
2012044700;1;2;1;1;6;930;01/12/2012
2012044701;5;2;1;2;3;930;03/12/2012
2012044702;5;2;3;1;6;930;11/12/2012
2012044703;1;2;1;1;6;930;04/01/2012
2012044704;1;2;1;1;7;930;11/01/2012
2012044705;1;2;2;1;2;930;17/01/2012
2012044706;1;2;3;2;3;930;20/01/2012
2012044707;5;2;3;4;1;930;08/02/2012
2012044708;5;2;1;8;6;930;09/02/2012
2012044709;5;2;1;1;6;930;21/02/2012
2012044710;1;2;1;1;1;930;26/02/2012
2012044711;5;2;1;1;6;930;22/03/2012
2012044712;1;2;1;1;6;930;22/03/2012
2012044713;5;2;4;1;3;930;23/03/2012
2012044714;1;2;1;1;6;930;26/03/2012
2012044715;1;2;1;1;3;930;27/03/2012
2012044716;1;2;1;1;3;930;28/03/2012
2012044717;1;2;3;1;6;930;11/04/2012
2012044718;2;2;1;1;7;930;11/04/2012
2012044719;1;2;9;1;7;930;12/04/2012
2012044720;5;2;2;1;1;930;15/04/2012
2012044721;5;2;1;1;6;930;04/05/2012
2012044722;5;2;1;2;3;930;05/05/2012
2012044723;1;1;3;1;3;930;12/05/2012
2012044724;1;2;2;1;2;930;12/05/2012
2012044725;1;2;9;1;2;930;12/05/2012
2012044726;1;2;1;1;3;930;14/05/2012
2012044727;1;2;3;2;6;930;15/05/2012
2012044728;5;2;1;1;6;930;17/05/2012
2012044729;1;2;2;1;6;930;18/05/2012
2012044730;1;2;1;1;3;930;20/05/2012
2012044731;1;1;1;1;5;930;23/05/2012
2012044732;1;2;1;1;6;930;26/05/2012
2012044733;5;2;1;1;6;930;27/05/2012
2012044734;1;2;1;1;3;930;28/05/2012
2012044735;2;2;1;3;7;930;30/05/2012
2012044736;1;2;2;1;3;930;01/06/2012
2012044737;1;2;9;1;7;930;01/06/2012
2012044738;1;2;1;2;1;930;04/06/2012
2012044739;1;2;2;1;1;930;05/06/2012
2012044740;1;2;1;1;7;930;07/06/2012
2012044741;1;2;2;1;2;930;15/06/2012
2012044742;2;2;3;1;6;930;21/06/2012
2012044743;5;2;3;1;6;930;24/06/2012
2012044744;5;2;3;1;3;930;25/06/2012
2012044745;1;2;1;2;7;930;26/06/2012
2012044746;2;2;3;1;6;930;01/07/2012
2012044747;1;2;1;1;6;930;02/07/2012
2012044748;2;2;1;1;6;930;16/07/2012
2012044749;1;2;1;1;1;930;18/07/2012
2012044750;1;2;2;1;6;930;20/07/2012
2012044751;2;2;1;1;6;930;21/07/2012
2012044752;1;2;1;1;6;930;23/07/2012
2012044753;1;2;1;1;3;930;25/07/2012
2012044754;1;2;1;1;1;930;05/09/2012
2012044755;1;2;1;1;6;930;07/09/2012
2012044756;1;2;9;8;6;930;13/09/2012
2012044757;2;2;1;1;6;930;24/09/2012
2012044758;1;2;1;1;6;930;25/09/2012
2012044759;5;2;9;2;7;930;26/09/2012
2012044760;5;2;1;1;6;930;30/09/2012
2012044761;5;2;1;3;7;930;04/10/2012
2012044762;1;2;1;1;6;930;04/10/2012
2012044763;5;2;2;1;3;930;05/10/2012
2012044764;5;2;1;2;7;930;08/10/2012
2012044765;1;2;1;1;6;930;11/10/2012
2012044766;1;2;1;1;3;930;13/10/2012
2012044767;1;2;1;1;6;930;18/10/2012
2012044768;1;2;1;2;6;930;19/10/2012
2012044769;1;2;1;1;6;930;22/10/2012
2012044770;1;2;1;1;1;930;30/10/2012
2012044771;1;2;1;1;6;930;01/11/2012
2012044772;5;2;1;1;3;930;21/11/2012
2012044773;5;2;2;1;3;930;26/11/2012
2012044774;1;2;1;2;6;930;27/11/2012
2012044775;5;2;1;2;3;930;04/12/2012
2012044776;5;2;1;1;7;930;06/12/2012
2012044777;1;2;1;2;6;930;07/12/2012
2012044778;1;2;1;1;6;930;08/12/2012
2012044779;1;2;4;1;6;930;10/12/2012
2012044780;1;2;1;1;2;930;11/12/2012
2012044781;5;2;1;1;6;930;11/12/2012
2012044782;5;2;3;2;6;930;13/12/2012
2012044783;1;2;3;1;3;930;05/05/2012
2012044784;5;2;1;1;7;930;26/05/2012
2012044785;5;2;1;1;6;930;06/11/2012
2012044786;5;2;2;2;5;930;09/11/2012
2012044787;5;2;1;1;7;930;06/06/2012
2012044788;1;2;1;8;6;930;16/11/2012
2012044789;5;2;1;2;1;930;16/11/2012
2012044790;5;2;2;1;2;930;01/01/2012
2012044791;1;2;2;1;6;930;04/01/2012
2012044792;1;2;3;1;3;930;05/01/2012
2012044793;1;2;1;1;7;930;06/01/2012
2012044794;5;2;2;1;3;930;06/01/2012
2012044795;1;1;1;1;7;930;16/01/2012
2012044796;1;2;2;2;3;930;20/01/2012
2012044797;1;2;1;1;5;930;24/01/2012
2012044798;5;2;3;2;3;930;25/01/2012
2012044799;5;2;4;1;3;930;29/01/2012
2012044800;5;2;6;1;7;930;05/02/2012
2012044801;1;2;1;1;1;930;08/02/2012
2012044802;1;2;3;1;3;930;10/02/2012
2012044803;1;2;6;2;7;930;17/02/2012
2012044804;1;2;2;1;3;930;20/02/2012
2012044805;1;2;2;1;3;930;22/02/2012
2012044806;1;2;1;1;3;930;01/03/2012
2012044807;1;2;1;1;3;930;03/03/2012
2012044808;5;2;1;1;3;930;09/03/2012
2012044809;5;2;2;2;3;930;18/03/2012
2012044810;1;2;1;1;3;930;01/04/2012
2012044811;1;2;2;1;6;930;03/04/2012
2012044812;1;2;5;1;3;930;06/04/2012
2012044813;1;2;2;8;6;930;14/04/2012
2012044814;1;2;2;2;3;930;17/04/2012
2012044815;2;2;2;1;3;930;22/04/2012
2012044816;1;2;2;2;3;930;25/04/2012
2012044817;1;2;3;1;3;930;27/04/2012
2012044818;1;2;3;1;6;930;30/04/2012
2012044819;1;2;2;1;3;930;09/05/2012
2012044820;1;2;2;1;3;930;10/05/2012
2012044821;1;2;1;1;6;930;14/05/2012
2012044822;1;2;1;1;3;930;17/05/2012
2012044823;2;2;2;1;3;930;17/05/2012