num_acc;lum;agg;inter;atm;col;dep;date
2012044824;1;2;1;1;6;930;23/05/2012
2012044825;1;2;1;1;6;930;24/05/2012
2012044826;1;2;1;1;2;930;26/05/2012
2012044827;5;2;1;1;7;930;26/05/2012
2012044828;1;1;1;1;1;930;29/05/2012
2012044829;1;2;1;1;7;770;01/06/2012
2012044830;1;2;1;1;2;930;02/06/2012
2012044831;1;2;1;8;5;930;04/06/2012
2012044832;1;2;1;1;6;930;06/06/2012
2012044833;1;2;1;1;6;930;13/06/2012
2012044834;1;2;6;1;6;930;18/06/2012
2012044835;1;2;1;1;4;930;21/06/2012
2012044836;1;2;1;1;3;930;26/06/2012
2012044837;1;2;2;1;3;930;26/06/2012
2012044838;1;2;1;1;3;930;28/06/2012
2012044839;1;2;1;1;6;930;30/06/2012
2012044840;1;1;1;3;3;930;06/07/2012
2012044841;1;1;1;2;6;930;12/07/2012
2012044842;1;2;1;2;7;930;13/07/2012
2012044843;5;2;5;1;2;930;15/07/2012
2012044844;1;2;1;1;3;930;20/07/2012
2012044845;5;2;3;1;3;930;23/07/2012
2012044846;1;2;7;1;6;930;25/07/2012
2012044847;2;2;1;1;7;930;28/07/2012
2012044848;1;2;1;1;6;930;29/07/2012
2012044849;1;1;1;1;6;930;30/07/2012
2012044850;1;2;3;1;6;930;31/07/2012
2012044851;2;2;3;1;6;930;01/08/2012
2012044852;5;2;5;1;2;930;02/08/2012
2012044853;1;2;1;1;3;930;02/08/2012
2012044854;1;2;1;1;6;930;09/08/2012
2012044855;1;2;2;1;3;930;09/08/2012
2012044856;1;2;1;1;2;930;13/08/2012
2012044857;1;2;1;1;7;930;17/08/2012
2012044858;1;2;1;1;7;930;21/08/2012
2012044859;1;2;5;1;3;930;22/08/2012
2012044860;1;2;1;1;3;930;23/08/2012
2012044861;5;2;3;2;2;930;25/08/2012
2012044862;1;1;1;1;7;930;30/08/2012
2012044863;5;2;5;1;3;930;30/08/2012
2012044864;1;2;3;1;6;930;05/09/2012
2012044865;3;1;1;1;4;930;06/09/2012
2012044866;1;2;2;1;1;930;08/09/2012
2012044867;2;1;1;8;2;930;10/09/2012
2012044868;1;2;2;1;3;930;15/09/2012
2012044869;1;2;5;1;2;930;17/09/2012
2012044870;1;2;3;1;5;930;21/09/2012
2012044871;1;2;1;8;2;930;25/09/2012
2012044872;1;2;1;2;6;930;27/09/2012
2012044873;5;2;1;1;6;930;28/09/2012
2012044874;1;2;1;1;3;930;28/09/2012
2012044875;1;2;3;1;3;930;02/10/2012
2012044876;5;2;1;1;3;930;02/10/2012
2012044877;1;2;2;3;6;930;04/10/2012
2012044878;1;2;2;8;6;930;05/10/2012
2012044879;1;2;1;1;7;930;05/10/2012
2012044880;1;2;1;2;1;930;08/10/2012
2012044881;1;2;2;2;3;930;09/10/2012
2012044882;1;2;1;1;6;930;12/10/2012
2012044883;1;2;2;3;3;930;13/10/2012
2012044884;5;2;1;1;6;930;26/10/2012
2012044885;5;2;3;1;3;930;30/10/2012
2012044886;1;2;2;2;1;930;01/11/2012
2012044887;1;2;1;2;1;930;04/11/2012
2012044888;5;2;2;1;3;930;07/11/2012
2012044889;1;2;2;1;3;930;08/11/2012
2012044890;5;2;2;1;3;930;11/11/2012
2012044891;3;2;3;1;3;930;19/11/2012
2012044892;1;1;1;8;6;930;19/11/2012
2012044893;1;2;2;1;3;930;20/11/2012
2012044894;5;2;2;1;6;930;20/11/2012
2012044895;1;2;1;1;6;930;25/11/2012
2012044896;5;2;9;1;2;930;26/11/2012
2012044897;1;2;1;4;6;930;02/12/2012
2012044898;1;2;1;2;6;930;03/12/2012
2012044899;1;2;1;2;3;930;03/12/2012
2012044900;3;1;1;1;7;930;06/12/2012
2012044901;1;1;1;2;1;930;07/12/2012
2012044902;3;2;6;2;3;930;07/12/2012
2012044903;3;2;1;2;2;930;07/12/2012
2012044904;1;2;1;1;6;930;10/12/2012
2012044905;3;1;1;1;2;930;17/12/2012
2012044906;1;2;1;8;6;930;18/12/2012
2012044907;1;2;1;1;6;930;19/12/2012
2012044908;1;2;1;2;6;930;20/12/2012
2012044909;5;2;1;2;7;930;20/12/2012
2012044910;3;2;1;8;6;930;20/12/2012
2012044911;5;2;1;1;3;930;31/12/2012
2012044912;5;2;4;1;3;930;31/12/2012
2012044913;1;2;2;1;1;930;06/01/2012
2012044914;1;2;6;1;2;930;06/01/2012
2012044915;1;2;1;1;3;930;09/01/2012
2012044916;1;2;2;1;7;930;10/01/2012
2012044917;2;2;1;1;2;930;12/01/2012
2012044918;2;2;1;1;3;930;13/01/2012
2012044919;5;2;1;1;2;930;15/01/2012
2012044920;1;2;1;1;6;930;16/01/2012
2012044921;1;2;2;1;3;930;18/01/2012
2012044922;1;2;3;8;6;930;19/01/2012
2012044923;5;2;2;1;3;930;20/01/2012
2012044924;1;2;1;2;6;930;20/01/2012
2012044925;1;2;1;1;2;930;15/01/2012
2012044926;5;2;3;2;3;930;25/01/2012
2012044927;5;2;4;1;1;930;26/01/2012
2012044928;1;2;2;1;3;930;27/01/2012
2012044929;1;2;2;1;6;930;30/01/2012
2012044930;1;2;1;1;6;930;01/02/2012
2012044931;1;2;3;1;3;930;02/02/2012
2012044932;5;2;2;1;3;930;04/02/2012
2012044933;5;2;9;1;6;930;04/02/2012
2012044934;1;2;3;8;3;930;14/02/2012
2012044935;1;2;2;2;3;930;17/02/2012
2012044936;1;2;1;1;6;930;19/02/2012
2012044937;5;2;2;1;1;930;20/02/2012
2012044938;1;2;1;1;3;930;22/02/2012
2012044939;1;2;1;1;6;930;25/02/2012
2012044940;5;2;1;1;2;930;26/02/2012
2012044941;5;2;2;1;1;930;03/03/2012
2012044942;5;2;3;1;6;930;08/03/2012
2012044943;1;2;2;1;3;930;11/03/2012
2012044944;1;2;2;1;3;930;14/03/2012
2012044945;2;2;1;1;6;930;16/03/2012
2012044946;1;2;2;1;3;930;18/03/2012
2012044947;5;2;4;1;3;930;23/03/2012
2012044948;1;2;1;1;3;930;24/03/2012
2012044949;5;2;2;1;6;930;28/03/2012
2012044950;1;2;8;1;6;930;01/04/2012
2012044951;1;2;1;1;6;930;07/04/2012
2012044952;1;2;2;2;3;930;10/04/2012
2012044953;1;2;2;1;3;930;14/04/2012
2012044954;1;2;1;1;6;930;17/04/2012
2012044955;1;2;1;1;3;930;04/05/2012
2012044956;1;2;1;1;3;930;05/05/2012
2012044957;1;2;1;1;6;930;08/05/2012
2012044958;1;2;1;2;6;930;11/05/2012
2012044959;1;2;2;1;3;930;11/05/2012
2012044960;5;2;2;1;3;930;15/05/2012
2012044961;1;2;1;1;6;930;17/05/2012
2012044962;1;2;6;8;3;930;17/05/2012
2012044963;2;2;3;1;2;930;19/05/2012
2012044964;1;2;3;1;6;930;19/05/2012
2012044965;1;2;8;1;6;930;26/05/2012
2012044966;1;2;2;1;3;930;26/05/2012
2012044967;1;2;7;1;6;930;30/05/2012
2012044968;1;2;1;1;6;930;30/05/2012
2012044969;1;2;3;2;4;930;18/06/2012
2012044970;1;2;1;1;3;930;18/06/2012
2012044971;5;2;1;2;6;930;24/06/2012
2012044972;1;2;1;1;6;930;22/06/2012
2012044973;1;2;1;2;6;930;26/06/2012
2012044974;1;2;2;1;3;930;26/06/2012
2012044975;1;2;1;1;3;930;27/06/2012
2012044976;1;2;1;1;6;930;02/07/2012
2012044977;1;2;2;1;6;930;04/07/2012
2012044978;1;2;1;1;6;930;04/07/2012
2012044979;1;2;1;1;3;930;07/07/2012
2012044980;1;2;2;1;3;930;09/07/2012
2012044981;5;2;1;3;6;930;12/07/2012
2012044982;2;2;1;1;6;930;01/08/2012
2012044983;1;2;2;1;3;930;08/08/2012
2012044984;5;2;5;1;6;930;08/08/2012
2012044985;1;2;1;1;6;930;13/08/2012
2012044986;5;2;2;1;3;930;15/08/2012
2012044987;2;2;1;1;6;930;01/09/2012
2012044988;4;2;1;1;3;930;05/09/2012
2012044989;1;2;2;1;1;930;06/09/2012
2012044990;1;2;2;1;3;930;12/09/2012
2012044991;5;2;1;2;2;930;13/09/2012
2012044992;2;2;1;1;6;930;14/09/2012
2012044993;1;2;2;1;3;930;01/10/2012
2012044994;1;2;2;8;6;930;04/10/2012
2012044995;5;2;1;2;6;930;08/10/2012
2012044996;1;2;2;9;6;930;15/10/2012
2012044997;5;2;3;9;3;930;18/10/2012
2012044998;1;2;1;2;6;930;18/10/2012
2012044999;1;2;1;2;5;930;19/10/2012
2012045000;2;2;1;2;7;930;19/10/2012
2012045001;3;2;1;1;3;930;24/10/2012
2012045002;1;2;1;1;6;930;25/10/2012
2012045003;1;2;3;1;3;930;27/10/2012
2012045004;5;2;1;1;6;930;27/10/2012
2012045005;5;2;2;1;1;930;28/10/2012
2012045006;3;2;1;1;2;930;28/10/2012
2012045007;1;2;2;1;6;930;04/11/2012
2012045008;2;2;1;1;2;930;04/11/2012
2012045009;1;2;1;8;4;930;07/11/2012
2012045010;1;2;1;1;2;930;07/11/2012
2012045011;1;1;3;1;3;930;08/11/2012
2012045012;4;2;2;2;6;930;09/11/2012
2012045013;5;2;3;2;6;930;09/11/2012
2012045014;1;2;5;2;5;930;13/11/2012
2012045015;1;2;1;2;7;930;13/11/2012
2012045016;1;2;1;1;2;930;16/11/2012
2012045017;1;2;1;5;2;930;17/11/2012
2012045018;1;2;1;5;3;930;22/11/2012
2012045019;1;2;1;2;6;930;23/11/2012
2012045020;5;2;2;2;6;930;23/11/2012
2012045021;5;2;2;2;6;930;23/11/2012
2012045022;5;2;1;1;2;930;25/11/2012
2012045023;5;2;2;1;3;930;25/11/2012
2012045024;1;2;2;1;3;930;26/11/2012
2012045025;1;2;1;8;6;930;18/12/2012
2012045026;1;2;2;8;3;930;18/12/2012
2012045027;5;2;1;1;3;930;18/12/2012
2012045028;5;2;2;1;3;930;22/12/2012
2012045029;1;2;1;3;6;930;22/12/2012
2012045030;1;2;1;1;6;930;24/12/2012
2012045031;5;2;1;1;6;930;24/12/2012
2012045032;5;2;1;2;2;930;29/12/2012
2012045033;5;2;2;2;5;930;18/01/2012
2012045034;5;2;2;2;6;930;18/01/2012
2012045035;5;2;1;2;3;930;21/01/2012
2012045036;1;2;1;1;3;930;23/01/2012
2012045037;1;2;1;9;3;930;10/02/2012
2012045038;1;2;1;1;6;930;10/02/2012
2012045039;5;2;1;2;6;930;23/02/2012
2012045040;5;2;2;2;6;930;23/02/2012
2012045041;5;2;1;1;6;930;01/03/2012
2012045042;1;2;1;8;6;930;07/03/2012
2012045043;1;2;3;1;2;930;10/03/2012
2012045044;1;2;5;1;3;930;15/03/2012
2012045045;1;2;1;1;2;930;22/03/2012
2012045046;1;2;1;2;5;930;05/04/2012
2012045047;1;2;3;1;3;930;05/04/2012
2012045048;5;2;1;1;6;930;27/04/2012
2012045049;1;2;1;8;6;930;28/04/2012
2012045050;2;2;1;1;1;930;29/04/2012
2012045051;1;2;1;1;6;930;03/05/2012
2012045052;1;2;1;1;3;930;07/05/2012
2012045053;1;2;1;3;6;930;19/05/2012
2012045054;1;2;1;1;3;930;20/05/2012
2012045055;1;2;2;1;6;930;20/05/2012
2012045056;1;2;1;2;2;930;21/05/2012
2012045057;1;2;1;1;4;930;29/05/2012
2012045058;1;2;2;1;3;930;05/06/2012
2012045059;1;2;1;1;2;930;05/06/2012
2012045060;1;2;2;1;3;930;08/06/2012
2012045061;1;2;7;1;2;930;15/06/2012
2012045062;5;2;1;2;3;930;16/06/2012
2012045063;1;2;3;1;2;930;18/06/2012
2012045064;5;2;5;2;3;930;19/06/2012
2012045065;1;2;1;1;6;930;22/06/2012
2012045066;1;2;1;1;6;930;23/06/2012
2012045067;1;2;1;2;3;930;26/06/2012
2012045068;1;2;9;1;3;930;30/06/2012
2012045069;1;2;1;1;2;930;11/07/2012
2012045070;1;2;1;2;2;930;07/07/2012
2012045071;1;2;1;1;6;930;09/07/2012
2012045072;1;2;1;1;6;930;17/07/2012
2012045073;1;2;1;2;1;930;27/07/2012
2012045074;1;2;1;1;2;930;29/07/2012
2012045075;5;2;1;1;6;930;11/08/2012
2012045076;1;2;9;2;2;930;20/08/2012
2012045077;1;2;3;1;6;930;07/09/2012
2012045078;1;2;1;8;4;930;10/09/2012
2012045079;1;2;1;1;2;930;12/09/2012
2012045080;1;2;1;3;5;930;18/10/2012
2012045081;5;2;9;2;6;930;20/10/2012
2012045082;1;2;1;1;2;930;23/10/2012
2012045083;1;2;3;1;3;930;25/10/2012
2012045084;1;2;1;1;3;930;25/10/2012
2012045085;5;2;2;2;3;930;05/11/2012
2012045086;1;2;1;1;2;930;31/10/2012
2012045087;5;2;1;1;2;930;06/11/2012
2012045088;4;2;1;1;6;930;06/11/2012
2012045089;5;2;1;1;5;930;14/11/2012
2012045090;1;2;1;1;6;930;16/11/2012
2012045091;4;2;2;1;3;930;16/11/2012
2012045092;2;2;1;1;4;930;20/11/2012
2012045093;5;2;2;1;3;930;25/11/2012
2012045094;1;2;1;1;3;930;04/12/2012
2012045095;1;2;3;1;3;930;10/12/2012
2012045096;5;2;1;1;6;930;14/12/2012
2012045097;5;2;2;3;2;930;15/12/2012
2012045098;2;2;1;2;6;930;28/12/2012
2012045099;5;2;1;2;7;930;01/01/2012
2012045100;5;2;1;1;6;930;25/02/2012
2012045101;2;2;1;2;6;930;03/01/2012
2012045102;5;2;1;2;4;930;04/01/2012
2012045103;1;2;3;3;6;930;05/01/2012
2012045104;5;2;1;1;3;930;11/01/2012
2012045105;1;2;1;7;6;930;14/01/2012
2012045106;5;2;1;2;6;930;24/01/2012
2012045107;1;2;3;1;3;930;27/01/2012
2012045108;5;2;2;1;3;930;27/01/2012
2012045109;1;2;3;1;3;930;28/01/2012
2012045110;1;2;2;1;3;930;04/02/2012
2012045111;1;2;3;1;3;930;07/02/2012
2012045112;1;2;2;1;1;930;08/02/2012
2012045113;1;2;1;1;6;930;10/02/2012
2012045114;1;2;3;1;6;930;17/02/2012
2012045115;5;2;3;2;2;930;17/02/2012
2012045116;5;2;3;2;2;930;17/02/2012
2012045117;1;2;3;1;3;930;18/02/2012
2012045118;1;2;1;1;6;930;20/02/2012
2012045119;1;2;1;2;6;930;23/02/2012
2012045120;5;2;1;1;6;930;25/02/2012
2012045121;1;2;1;1;2;930;27/02/2012
2012045122;2;2;1;2;6;930;05/03/2012
2012045123;5;2;1;3;6;930;07/03/2012
2012045124;1;2;1;1;6;930;15/03/2012
2012045125;1;2;3;1;6;930;16/03/2012
2012045126;1;1;6;1;2;930;26/03/2012
2012045127;1;2;1;1;6;930;29/03/2012
2012045128;1;2;1;1;4;930;30/03/2012
2012045129;1;2;2;1;3;930;01/04/2012
2012045130;1;2;1;1;6;930;06/04/2012
2012045131;1;2;2;1;3;930;09/04/2012
2012045132;1;2;1;1;6;930;14/04/2012
2012045133;1;2;2;2;3;930;25/04/2012
2012045134;1;2;1;2;7;930;25/04/2012
2012045135;4;2;1;1;1;930;29/04/2012
2012045136;1;2;3;1;3;930;30/04/2012
2012045137;1;2;1;1;6;930;01/05/2012
2012045138;1;2;2;2;3;930;03/05/2012
2012045139;1;2;1;1;6;930;10/05/2012
2012045140;1;2;3;1;3;930;17/05/2012
2012045141;1;2;1;1;3;930;23/05/2012
2012045142;1;2;2;1;6;930;25/05/2012
2012045143;1;2;1;1;6;930;25/05/2012
2012045144;3;2;9;1;3;930;27/05/2012
2012045145;1;2;3;2;6;930;15/06/2012
2012045146;1;2;1;2;6;930;16/06/2012
2012045147;1;2;1;1;6;930;22/06/2012
2012045148;1;2;1;8;6;930;27/06/2012
2012045149;1;1;1;2;6;930;29/06/2012
2012045150;1;2;1;1;2;930;30/06/2012
2012045151;5;2;1;1;7;930;02/07/2012
2012045152;1;2;1;1;6;930;04/07/2012
2012045153;1;2;1;2;7;930;11/07/2012
2012045154;1;2;6;1;3;930;31/07/2012
2012045155;1;2;2;9;2;930;02/08/2012
2012045156;1;2;2;1;3;930;07/08/2012
2012045157;1;2;1;1;2;930;10/08/2012
2012045158;5;2;9;1;6;930;12/08/2012
2012045159;1;2;1;1;2;930;21/08/2012
2012045160;1;2;1;1;1;930;27/08/2012
2012045161;1;2;1;8;1;930;28/08/2012
2012045162;1;2;1;2;6;930;30/08/2012
2012045163;1;2;2;1;2;930;03/09/2012
2012045164;1;2;6;1;3;930;06/09/2012
2012045165;1;2;2;1;3;930;12/09/2012
2012045166;1;2;2;1;1;930;15/09/2012
2012045167;1;2;1;1;3;930;22/09/2012
2012045168;1;2;1;1;6;930;04/10/2012
2012045169;1;2;2;1;3;930;05/10/2012
2012045170;1;2;3;2;3;930;06/10/2012
2012045171;1;2;2;1;6;930;11/10/2012
2012045172;1;2;1;1;6;930;12/10/2012
2012045173;1;2;2;1;5;930;17/10/2012
2012045174;1;2;1;1;2;930;18/10/2012
2012045175;1;2;3;2;3;930;20/10/2012
2012045176;1;2;1;1;6;930;24/10/2012
2012045177;1;2;3;1;3;930;25/10/2012
2012045178;5;2;1;1;2;770;31/10/2012
2012045179;5;2;1;2;3;930;05/11/2012
2012045180;1;2;1;2;6;930;26/11/2012
2012045181;3;2;5;1;3;930;10/12/2012
2012045182;5;2;1;1;6;930;17/12/2012
2012045183;1;2;2;8;3;930;03/01/2012
2012045184;5;2;4;1;6;930;13/01/2012
2012045185;1;2;1;2;6;930;19/01/2012
2012045186;5;2;2;2;3;930;25/01/2012
2012045187;1;2;1;2;7;930;26/01/2012
2012045188;3;2;1;2;2;930;28/01/2012
2012045189;1;2;2;1;3;930;03/02/2012
2012045190;1;2;1;1;4;930;09/02/2012
2012045191;5;2;7;1;7;930;12/02/2012
2012045192;5;2;2;8;7;930;17/02/2012
2012045193;1;2;3;1;3;930;29/02/2012
2012045194;5;2;1;1;6;930;04/03/2012
2012045195;5;2;2;1;3;930;11/03/2012
2012045196;5;2;1;1;6;930;13/03/2012
2012045197;1;2;1;1;7;930;15/03/2012
2012045198;1;2;1;1;6;930;15/03/2012
2012045199;1;2;1;1;6;930;16/03/2012
2012045200;1;2;1;1;6;930;20/03/2012
2012045201;1;2;3;1;3;930;21/03/2012
2012045202;5;2;4;1;2;930;25/03/2012
2012045203;1;2;1;1;3;930;28/03/2012
2012045204;1;2;1;1;6;930;30/03/2012
2012045205;1;2;3;1;6;930;05/04/2012
2012045206;1;2;1;1;7;930;14/04/2012
2012045207;1;2;1;2;6;930;17/04/2012
2012045208;1;2;2;1;3;930;24/04/2012
2012045209;1;2;1;3;3;930;25/04/2012
2012045210;1;2;3;1;3;930;13/05/2012
2012045211;1;2;7;2;3;930;19/05/2012
2012045212;1;2;1;1;2;930;22/05/2012
2012045213;1;2;1;1;6;930;23/05/2012
2012045214;1;2;1;1;7;930;26/05/2012
2012045215;1;2;1;1;6;930;31/05/2012
2012045216;1;2;2;1;7;930;02/06/2012
2012045217;1;2;2;8;3;930;06/06/2012
2012045218;1;2;1;1;2;930;09/06/2012
2012045219;1;2;1;2;3;930;12/06/2012
2012045220;1;2;1;2;2;930;16/06/2012
2012045221;1;2;3;1;5;930;23/06/2012
2012045222;5;2;3;1;3;930;29/06/2012
2012045223;1;2;2;1;6;930;02/07/2012
2012045224;1;2;2;2;3;930;11/07/2012
2012045225;1;2;1;1;6;930;11/07/2012
2012045226;1;2;1;1;1;930;04/08/2012
2012045227;1;2;2;1;1;930;17/08/2012
2012045228;5;2;2;1;3;930;21/08/2012
2012045229;5;2;1;1;6;930;31/08/2012
2012045230;1;2;1;1;4;930;02/09/2012
2012045231;5;2;1;1;3;930;03/09/2012
2012045232;1;2;3;1;3;930;04/09/2012
2012045233;2;2;1;1;2;930;04/09/2012
2012045234;1;2;1;2;6;930;20/10/2012
2012045235;5;2;1;1;6;930;08/11/2012
2012045236;5;2;1;1;6;930;09/11/2012
2012045237;5;2;1;2;5;930;05/12/2012
2012045238;5;2;3;1;3;930;17/12/2012
2012045239;2;2;2;2;6;930;20/12/2012
2012045240;1;2;1;1;5;930;26/12/2012
2012045241;5;2;1;2;1;930;01/01/2012
2012045242;1;2;2;1;3;930;03/01/2012
2012045243;5;2;1;8;7;930;12/01/2012
2012045244;5;2;1;1;7;930;05/02/2012
2012045245;5;2;1;1;1;930;05/02/2012
2012045246;1;2;1;1;6;930;07/02/2012
2012045247;1;2;1;9;7;930;11/02/2012
2012045248;1;2;3;1;3;930;11/02/2012
2012045249;5;2;3;1;3;930;16/02/2012
2012045250;5;2;2;1;6;930;21/02/2012
2012045251;1;2;1;1;2;930;26/02/2012
2012045252;1;2;2;1;2;930;27/02/2012
2012045253;5;2;1;1;6;930;28/02/2012
2012045254;1;2;1;1;3;930;29/02/2012
2012045255;1;2;3;8;3;930;06/05/2012
2012045256;1;2;1;1;3;930;04/06/2012
2012045257;1;2;1;1;6;930;04/06/2012
2012045258;1;2;1;3;6;930;07/06/2012
2012045259;1;2;1;1;3;930;07/06/2012
2012045260;1;2;1;1;6;930;16/06/2012
2012045261;1;2;1;1;3;930;27/09/2012
2012045262;4;2;1;2;6;930;09/11/2012
2012045263;1;2;1;3;6;930;20/12/2012
2012045264;1;2;1;1;6;930;30/06/2012
2012045265;1;2;1;1;6;930;13/03/2012
2012045266;1;2;1;1;6;930;15/03/2012
2012045267;1;2;1;1;3;930;23/03/2012
2012045268;1;2;3;1;3;930;30/03/2012
2012045269;1;2;1;2;6;930;09/04/2012
2012045270;1;2;3;2;6;930;23/04/2012
2012045271;1;2;3;8;3;930;23/04/2012
2012045272;1;2;1;1;6;930;29/04/2012
2012045273;1;2;1;1;6;930;30/04/2012
2012045274;1;2;3;8;3;930;02/05/2012
2012045275;5;2;3;3;6;930;05/05/2012
2012045276;1;2;4;1;3;930;16/05/2012
2012045277;2;2;3;1;3;930;16/05/2012
2012045278;1;2;1;8;6;930;09/06/2012
2012045279;1;2;1;2;1;930;13/06/2012
2012045280;5;2;1;1;2;930;14/06/2012
2012045281;1;2;1;2;6;930;15/06/2012
2012045282;5;2;1;1;3;930;20/06/2012
2012045283;1;2;2;1;3;930;25/06/2012
2012045284;1;2;1;8;4;930;25/06/2012
2012045285;1;2;2;1;6;930;03/07/2012
2012045286;1;2;1;1;6;930;03/07/2012
2012045287;1;2;1;1;1;930;03/07/2012
2012045288;1;2;1;2;3;930;05/07/2012
2012045289;5;2;3;3;2;930;14/07/2012
2012045290;5;2;1;1;3;930;17/07/2012
2012045291;1;2;1;1;6;930;29/07/2012
2012045292;1;2;1;1;7;930;02/08/2012
2012045293;4;2;1;1;6;930;14/08/2012
2012045294;1;2;1;1;2;930;17/08/2012
2012045295;5;2;5;1;1;930;19/08/2012
2012045296;1;2;1;1;3;930;20/08/2012
2012045297;1;2;1;1;6;930;31/08/2012
2012045298;1;2;1;1;6;930;31/08/2012
2012045299;1;2;1;1;6;930;04/09/2012
2012045300;1;2;1;1;2;930;06/09/2012
2012045301;1;2;1;1;6;930;06/09/2012
2012045302;1;2;1;1;3;930;06/09/2012
2012045303;5;2;2;1;3;930;15/09/2012
2012045304;1;2;9;3;7;930;21/09/2012
2012045305;1;2;3;1;3;930;02/10/2012
2012045306;1;2;1;2;6;930;06/10/2012
2012045307;2;2;2;2;3;930;08/10/2012
2012045308;1;2;1;1;3;930;15/10/2012
2012045309;5;2;1;2;2;930;20/10/2012
2012045310;2;2;1;1;6;930;21/10/2012
2012045311;1;2;1;1;6;930;22/10/2012
2012045312;5;2;1;1;5;930;24/10/2012
2012045313;1;2;1;1;6;930;20/11/2012
2012045314;1;2;3;8;3;930;23/11/2012
2012045315;1;2;1;2;6;930;04/12/2012
2012045316;1;2;1;2;6;930;14/12/2012
2012045317;1;2;1;1;6;930;17/12/2012
2012045318;1;2;1;8;2;930;18/12/2012
2012045319;5;2;3;2;3;930;19/12/2012
2012045320;4;2;1;2;3;930;19/12/2012
2012045321;1;2;1;1;3;930;21/12/2012
2012045322;1;2;5;1;6;930;21/12/2012
2012045323;1;2;1;2;6;930;27/12/2012
2012045324;5;2;1;8;6;930;02/01/2012
2012045325;5;2;2;1;3;930;06/01/2012
2012045326;5;2;1;1;3;930;09/01/2012
2012045327;1;1;1;1;2;930;11/01/2012
2012045328;1;2;1;1;3;930;11/01/2012
2012045329;5;2;4;1;3;930;14/01/2012
2012045330;5;2;2;2;3;930;24/01/2012
2012045331;1;2;3;1;3;930;27/01/2012
2012045332;1;2;1;8;2;930;06/02/2012
2012045333;1;2;1;1;7;930;07/02/2012
2012045334;5;2;3;1;1;930;08/02/2012
2012045335;1;2;1;1;6;930;10/02/2012
2012045336;1;2;2;7;1;930;11/02/2012
2012045337;1;2;2;1;2;930;03/03/2012
2012045338;1;2;2;8;6;930;06/03/2012
2012045339;1;2;1;7;6;930;20/03/2012
2012045340;1;2;3;1;6;930;14/04/2012
2012045341;1;2;3;1;3;930;21/04/2012
2012045342;1;2;6;8;2;930;02/05/2012
2012045343;1;2;1;1;2;930;07/05/2012
2012045344;5;2;3;1;3;930;09/05/2012
2012045345;1;2;4;3;6;930;15/05/2012
2012045346;1;2;2;1;3;930;16/05/2012
2012045347;5;2;1;1;6;930;27/05/2012
2012045348;1;2;1;1;1;930;27/05/2012
2012045349;1;2;9;1;7;930;28/05/2012
2012045350;1;2;2;1;3;930;29/05/2012
2012045351;1;2;2;1;3;930;31/05/2012
2012045352;1;2;6;1;4;930;02/06/2012
2012045353;1;2;2;1;7;930;04/06/2012
2012045354;1;2;1;1;6;930;04/06/2012
2012045355;1;2;2;1;3;930;09/06/2012
2012045356;1;2;5;1;1;930;14/06/2012
2012045357;1;2;2;8;3;930;15/06/2012
2012045358;1;2;7;1;6;930;17/06/2012
2012045359;1;2;2;1;3;930;22/06/2012
2012045360;1;2;1;1;2;930;30/06/2012
2012045361;1;2;1;1;1;930;30/06/2012
2012045362;1;2;1;1;6;930;06/07/2012
2012045363;1;2;3;1;3;930;09/07/2012
2012045364;4;2;3;1;2;930;14/07/2012
2012045365;1;2;2;1;3;930;25/07/2012
2012045366;1;2;1;1;6;930;29/07/2012
2012045367;1;2;2;1;3;930;04/08/2012
2012045368;5;2;3;1;3;930;21/08/2012
2012045369;1;2;3;1;6;930;23/08/2012
2012045370;1;2;2;1;3;930;25/08/2012
2012045371;1;2;1;1;6;930;26/08/2012
2012045372;1;2;1;1;1;930;27/08/2012
2012045373;1;2;1;1;6;930;04/09/2012
2012045374;1;2;2;2;3;930;11/09/2012
2012045375;1;2;2;2;7;930;11/09/2012
2012045376;1;2;3;1;6;930;14/09/2012
2012045377;1;2;1;1;3;930;18/09/2012
2012045378;1;2;1;1;6;930;18/09/2012
2012045379;1;2;1;1;2;930;19/09/2012
2012045380;1;2;2;1;3;930;21/09/2012
2012045381;5;2;3;2;3;930;24/09/2012
2012045382;5;2;3;1;6;930;24/09/2012
2012045383;5;2;2;1;3;930;02/10/2012
2012045384;1;2;2;1;3;930;04/10/2012
2012045385;1;2;6;2;6;930;08/10/2012
2012045386;1;2;1;9;1;930;10/10/2012
2012045387;5;2;2;1;3;930;15/10/2012
2012045388;1;2;9;1;6;930;18/10/2012
2012045389;1;2;1;2;6;930;20/10/2012
2012045390;1;2;1;1;5;930;24/10/2012
2012045391;1;2;3;1;4;930;26/10/2012
2012045392;1;2;2;1;2;930;05/11/2012
2012045393;1;2;3;1;2;930;12/11/2012
2012045394;2;2;1;1;6;930;13/11/2012
2012045395;3;2;1;1;6;930;20/11/2012
2012045396;2;2;1;1;6;930;22/11/2012
2012045397;5;2;2;1;3;930;25/11/2012
2012045398;1;2;1;1;3;930;28/11/2012
2012045399;1;2;2;4;6;930;07/12/2012
2012045400;5;2;1;1;6;930;11/12/2012
2012045401;1;2;1;1;7;930;18/12/2012
2012045402;5;2;1;1;2;930;18/12/2012
2012045403;4;2;5;2;6;930;03/01/2012