num_acc;lum;agg;inter;atm;col;dep;date
2012046566;1;2;2;1;6;940;04/06/2012
2012046567;1;2;1;2;2;940;12/07/2012
2012046568;1;2;1;1;6;940;18/07/2012
2012046569;1;2;3;1;3;940;20/07/2012
2012046570;1;2;1;1;2;940;20/07/2012
2012046571;3;2;3;1;2;940;20/07/2012
2012046572;1;2;1;1;2;940;24/07/2012
2012046573;1;2;1;1;6;940;25/07/2012
2012046574;1;2;1;1;3;940;27/07/2012
2012046575;3;2;1;1;1;940;30/07/2012
2012046576;1;2;1;1;6;940;02/08/2012
2012046577;1;2;1;1;2;940;05/08/2012
2012046578;5;2;1;1;7;940;11/08/2012
2012046579;5;2;1;1;1;940;26/08/2012
2012046580;1;2;2;1;2;940;27/08/2012
2012046581;1;2;1;1;6;940;29/08/2012
2012046582;1;2;3;1;3;940;29/08/2012
2012046583;1;2;1;1;1;940;30/08/2012
2012046584;1;2;1;1;6;940;09/09/2012
2012046585;1;2;1;1;6;940;10/09/2012
2012046586;1;2;1;1;3;940;07/09/2012
2012046587;1;2;6;1;2;940;12/09/2012
2012046588;1;2;1;8;2;940;13/09/2012
2012046589;1;2;1;1;6;940;17/09/2012
2012046590;5;2;1;1;6;940;17/09/2012
2012046591;1;2;1;1;2;940;20/09/2012
2012046592;1;2;1;1;6;940;21/09/2012
2012046593;1;2;1;1;3;940;22/09/2012
2012046594;1;2;1;1;3;940;21/09/2012
2012046595;1;2;1;1;3;940;21/09/2012
2012046596;1;2;1;1;2;940;21/09/2012
2012046597;5;2;3;2;3;940;24/09/2012
2012046598;1;2;1;1;6;940;24/09/2012
2012046599;1;2;1;2;2;940;26/09/2012
2012046600;1;2;1;1;2;940;27/09/2012
2012046601;1;2;1;1;6;940;27/09/2012
2012046602;1;2;1;1;6;940;28/09/2012
2012046603;1;2;1;1;2;940;28/09/2012
2012046604;1;2;1;1;5;940;03/10/2012
2012046605;1;2;1;1;2;940;05/10/2012
2012046606;1;2;1;1;6;940;09/10/2012
2012046607;1;1;1;2;3;940;10/10/2012
2012046608;5;2;6;2;3;940;13/10/2012
2012046609;1;1;3;1;2;940;15/10/2012
2012046610;5;2;1;1;6;940;17/10/2012
2012046611;2;1;1;1;6;940;18/10/2012
2012046612;1;2;1;1;6;940;17/10/2012
2012046613;1;2;1;2;4;940;20/10/2012
2012046614;1;2;1;1;6;940;19/10/2012
2012046615;5;2;1;2;3;940;20/10/2012
2012046616;1;2;1;1;6;940;23/10/2012
2012046617;1;2;1;1;6;940;22/10/2012
2012046618;1;2;1;1;1;940;22/10/2012
2012046619;1;2;1;1;3;940;24/10/2012
2012046620;5;2;1;1;3;940;31/10/2012
2012046621;5;2;1;1;3;940;31/10/2012
2012046622;5;2;1;1;3;940;02/11/2012
2012046623;1;2;1;1;4;940;04/11/2012
2012046624;5;2;1;1;1;940;07/11/2012
2012046625;1;2;1;1;3;940;12/11/2012
2012046626;2;2;1;1;6;940;12/11/2012
2012046627;1;2;1;1;2;940;12/11/2012
2012046628;5;2;1;1;6;940;13/11/2012
2012046629;1;2;1;1;6;940;14/11/2012
2012046630;1;2;1;1;6;940;16/11/2012
2012046631;5;2;1;1;2;940;17/11/2012
2012046632;5;2;1;1;1;940;16/11/2012
2012046633;5;2;1;1;6;940;16/11/2012
2012046634;1;2;1;1;6;940;20/11/2012
2012046635;1;2;1;1;4;940;04/12/2012
2012046636;2;1;1;1;2;940;30/11/2012
2012046637;4;2;1;1;6;940;06/12/2012
2012046638;5;2;1;1;6;940;06/12/2012
2012046639;2;2;1;1;6;940;11/12/2012
2012046640;1;2;1;1;6;940;13/12/2012
2012046641;1;2;1;1;3;940;19/12/2012
2012046642;2;2;1;1;3;940;19/12/2012
2012046643;1;2;1;1;2;940;20/12/2012
2012046644;1;2;1;1;2;940;23/12/2012
2012046645;1;2;1;1;7;940;26/12/2012
2012046646;1;2;1;1;6;940;27/12/2012
2012046647;1;2;3;1;3;940;29/12/2012
2012046648;5;2;1;1;4;940;31/12/2012
2012046649;2;2;1;1;6;940;04/01/2012
2012046650;5;2;2;1;1;940;05/01/2012
2012046651;5;2;1;1;2;940;15/01/2012
2012046652;5;2;1;1;3;940;16/01/2012
2012046653;1;2;4;1;6;940;09/02/2012
2012046654;1;2;1;1;3;940;10/02/2012
2012046655;1;2;2;2;6;940;15/02/2012
2012046656;1;2;5;1;1;940;23/02/2012
2012046657;1;2;3;1;2;940;01/03/2012
2012046658;1;2;2;1;3;940;02/03/2012
2012046659;1;2;1;1;6;940;09/03/2012
2012046660;5;2;1;1;1;940;10/03/2012
2012046661;5;2;4;3;2;940;17/03/2012
2012046662;1;2;1;1;6;940;12/03/2012
2012046663;1;2;1;1;6;940;23/03/2012
2012046664;2;2;4;1;3;940;25/03/2012
2012046665;1;2;1;2;3;940;17/04/2012
2012046666;4;2;3;3;2;940;09/04/2012
2012046667;4;2;1;1;2;940;24/04/2012
2012046668;2;2;3;1;6;940;27/04/2012
2012046669;1;2;1;1;6;940;03/05/2012
2012046670;1;2;3;3;7;940;05/05/2012
2012046671;2;2;2;1;2;940;19/05/2012
2012046672;1;2;1;1;6;940;22/05/2012
2012046673;1;2;1;1;3;940;25/05/2012
2012046674;5;2;3;3;3;940;11/06/2012
2012046675;1;2;1;1;6;940;21/06/2012
2012046676;1;2;1;1;6;940;22/06/2012
2012046677;1;2;1;1;6;940;13/06/2012
2012046678;1;2;1;1;6;940;26/06/2012
2012046679;1;2;2;1;3;940;11/07/2012
2012046680;1;2;2;1;3;940;31/07/2012
2012046681;2;2;1;1;3;940;30/08/2012
2012046682;1;2;1;1;6;940;03/09/2012
2012046683;1;2;3;1;1;940;07/09/2012
2012046684;1;2;2;1;4;940;13/09/2012
2012046685;1;2;2;1;3;940;20/09/2012
2012046686;2;2;1;1;6;940;29/09/2012
2012046687;1;2;1;2;3;940;03/10/2012
2012046688;5;2;1;1;6;940;06/10/2012
2012046689;1;2;1;2;2;940;09/10/2012
2012046690;5;2;1;1;3;940;10/10/2012
2012046691;5;2;1;1;3;940;10/10/2012
2012046692;5;2;1;1;3;940;06/11/2012
2012046693;5;2;3;1;6;940;18/11/2012
2012046694;1;2;6;1;6;940;22/11/2012
2012046695;1;2;3;1;1;940;28/11/2012
2012046696;1;2;1;1;6;940;29/11/2012
2012046697;1;2;1;3;6;940;04/12/2012
2012046698;1;2;1;1;7;940;10/12/2012
2012046699;1;2;2;2;3;940;20/12/2012
2012046700;1;2;1;2;6;940;20/12/2012
2012046701;5;2;4;2;7;940;21/12/2012
2012046702;1;2;2;2;7;940;01/01/2012
2012046703;5;2;3;2;3;940;03/01/2012
2012046704;1;2;2;7;6;940;06/01/2012
2012046705;5;2;3;1;3;940;11/01/2012
2012046706;1;2;1;1;3;940;16/01/2012
2012046707;1;2;3;1;3;940;16/01/2012
2012046708;5;1;2;1;1;940;17/01/2012
2012046709;5;2;2;1;6;940;17/01/2012
2012046710;1;2;3;2;2;940;19/01/2012
2012046711;5;2;2;1;3;940;21/01/2012
2012046712;5;2;2;2;3;940;26/01/2012
2012046713;1;1;1;2;2;940;26/01/2012
2012046714;5;2;1;1;6;940;29/01/2012
2012046715;1;2;1;8;1;940;30/01/2012
2012046716;1;2;1;1;6;940;01/02/2012
2012046717;1;2;2;1;1;940;01/02/2012
2012046718;1;2;1;1;2;940;02/02/2012
2012046719;2;2;3;1;3;940;03/02/2012
2012046720;1;1;3;1;4;940;04/02/2012
2012046721;1;2;1;1;7;940;09/02/2012
2012046722;1;2;1;1;1;940;13/02/2012
2012046723;1;2;2;1;6;940;14/02/2012
2012046724;5;2;3;2;3;940;15/02/2012
2012046725;1;2;3;8;6;940;17/02/2012
2012046726;5;2;1;2;7;940;18/02/2012
2012046727;5;2;2;1;3;940;21/02/2012
2012046728;5;2;1;2;7;940;24/02/2012
2012046729;5;2;1;1;2;940;26/02/2012
2012046730;5;2;2;1;6;940;27/02/2012
2012046731;5;2;1;1;6;940;27/02/2012
2012046732;5;2;3;1;3;940;29/02/2012
2012046733;1;2;1;1;2;940;05/03/2012
2012046734;2;1;3;2;6;940;06/03/2012
2012046735;1;2;1;1;3;940;07/03/2012
2012046736;5;2;1;1;3;940;07/03/2012
2012046737;1;1;3;1;3;940;08/03/2012
2012046738;1;2;1;1;6;940;09/03/2012
2012046739;5;2;1;1;6;940;10/03/2012
2012046740;1;1;2;1;3;940;10/03/2012
2012046741;5;2;2;1;3;940;14/03/2012
2012046742;2;2;1;1;3;940;18/03/2012
2012046743;1;2;1;1;6;940;19/03/2012
2012046744;1;2;2;1;3;940;20/03/2012
2012046745;1;2;1;1;3;940;29/03/2012
2012046746;1;2;1;1;6;940;01/04/2012
2012046747;1;2;5;1;6;940;04/04/2012
2012046748;1;2;1;2;3;940;04/04/2012
2012046749;2;2;1;1;7;940;05/04/2012
2012046750;1;2;1;1;6;940;16/04/2012
2012046751;5;1;1;2;3;940;17/04/2012
2012046752;5;2;1;3;1;940;18/04/2012
2012046753;1;2;3;1;3;940;17/04/2012
2012046754;1;2;1;2;3;940;20/04/2012
2012046755;1;2;3;3;3;940;28/04/2012
2012046756;5;2;3;1;7;940;03/05/2012
2012046757;1;2;2;2;6;940;04/05/2012
2012046758;1;2;1;2;3;940;09/05/2012
2012046759;1;2;1;1;6;940;13/05/2012
2012046760;1;2;1;1;3;940;14/05/2012
2012046761;5;2;2;1;3;940;14/05/2012
2012046762;1;2;1;3;7;940;15/05/2012
2012046763;1;2;3;1;3;940;16/05/2012
2012046764;1;2;2;1;3;940;19/05/2012
2012046765;1;2;1;1;2;940;19/05/2012
2012046766;1;2;2;1;6;940;19/05/2012
2012046767;1;2;2;1;3;940;26/05/2012
2012046768;1;2;1;1;2;940;27/05/2012
2012046769;1;2;3;1;6;940;29/05/2012
2012046770;5;2;1;1;6;940;30/05/2012
2012046771;1;2;2;7;1;940;02/06/2012
2012046772;1;1;1;1;7;940;06/06/2012
2012046773;1;2;1;1;3;940;08/06/2012
2012046774;1;2;3;1;3;940;09/06/2012
2012046775;1;2;1;3;2;940;10/06/2012
2012046776;1;2;1;8;7;940;13/06/2012
2012046777;1;2;2;1;6;940;13/06/2012
2012046778;2;2;1;1;3;940;13/06/2012
2012046779;1;2;2;2;3;940;13/06/2012
2012046780;5;2;1;1;6;940;16/06/2012
2012046781;1;2;1;1;3;940;17/06/2012
2012046782;1;1;1;1;6;940;22/06/2012
2012046783;1;2;9;2;3;940;24/06/2012
2012046784;1;1;1;1;3;940;25/06/2012
2012046785;1;2;1;1;4;940;29/06/2012
2012046786;1;2;2;1;3;940;02/07/2012
2012046787;1;2;1;1;6;940;03/07/2012
2012046788;1;2;2;1;3;940;05/07/2012
2012046789;1;2;1;1;3;940;06/07/2012
2012046790;1;2;3;8;3;940;07/07/2012
2012046791;1;2;3;1;3;940;10/07/2012
2012046792;1;2;1;1;6;940;12/07/2012
2012046793;1;2;1;1;6;940;18/07/2012
2012046794;1;2;1;1;1;940;19/07/2012
2012046795;1;2;2;1;6;940;23/07/2012
2012046796;5;2;1;1;6;940;23/07/2012
2012046797;1;2;2;1;2;940;26/07/2012
2012046798;1;2;1;2;3;940;27/07/2012
2012046799;2;2;3;1;3;940;29/07/2012
2012046800;5;2;3;1;3;940;30/07/2012
2012046801;1;2;3;1;3;940;30/07/2012
2012046802;1;2;1;1;6;940;06/08/2012
2012046803;1;2;2;1;1;940;07/08/2012
2012046804;5;2;1;1;6;940;11/08/2012
2012046805;1;2;1;2;2;940;03/09/2012
2012046806;1;1;1;1;3;940;04/09/2012
2012046807;5;2;2;1;1;940;04/09/2012
2012046808;5;2;1;1;6;940;05/09/2012
2012046809;1;2;2;1;3;940;08/09/2012
2012046810;1;2;1;1;5;940;13/09/2012
2012046811;1;2;1;1;6;940;15/09/2012
2012046812;1;2;1;1;3;940;18/09/2012
2012046813;1;2;1;1;5;940;19/09/2012
2012046814;1;1;1;1;6;940;19/09/2012
2012046815;1;2;1;1;4;940;19/09/2012
2012046816;1;2;4;1;3;940;20/09/2012
2012046817;1;2;1;1;6;940;22/09/2012
2012046818;5;1;1;2;1;940;24/09/2012
2012046819;1;2;1;1;3;940;25/09/2012
2012046820;1;2;1;1;2;940;26/09/2012
2012046821;5;2;1;2;7;940;26/09/2012
2012046822;1;2;1;8;3;940;27/09/2012
2012046823;5;2;1;1;6;940;28/09/2012
2012046824;3;2;3;1;1;940;30/09/2012
2012046825;2;1;1;3;3;940;04/10/2012
2012046826;1;2;2;1;6;940;04/10/2012
2012046827;3;2;1;1;7;940;05/10/2012
2012046828;1;2;1;2;2;940;06/10/2012
2012046829;1;2;2;1;6;940;07/10/2012
2012046830;1;2;1;8;6;940;09/10/2012
2012046831;1;2;1;8;2;940;09/10/2012
2012046832;1;2;1;8;7;940;10/10/2012
2012046833;1;2;1;2;2;940;10/10/2012
2012046834;1;2;1;2;7;940;11/10/2012
2012046835;5;2;6;2;7;940;12/10/2012
2012046836;1;2;1;1;5;940;12/10/2012
2012046837;5;2;1;1;4;940;13/10/2012
2012046838;1;2;1;3;3;940;13/10/2012
2012046839;5;2;1;1;6;940;16/10/2012
2012046840;5;2;1;2;7;940;20/10/2012
2012046841;1;2;1;1;7;940;22/10/2012
2012046842;4;2;3;8;6;940;26/10/2012
2012046843;5;2;1;1;6;940;26/10/2012
2012046844;1;2;1;1;3;940;29/10/2012
2012046845;5;2;1;1;3;940;30/10/2012
2012046846;5;2;1;1;7;940;27/10/2012
2012046847;5;2;1;2;6;940;02/11/2012
2012046848;1;2;1;1;2;940;05/11/2012
2012046849;1;2;1;1;6;940;06/11/2012
2012046850;1;1;1;1;6;940;08/11/2012
2012046851;1;2;1;5;7;940;09/11/2012
2012046852;3;2;2;8;6;940;11/11/2012
2012046853;1;2;1;8;6;940;12/11/2012
2012046854;1;2;2;1;3;940;12/11/2012
2012046855;5;2;1;2;7;940;13/11/2012
2012046856;5;2;2;1;6;940;15/11/2012
2012046857;5;2;1;8;6;940;16/11/2012
2012046858;5;2;5;8;6;940;17/11/2012
2012046859;1;1;1;8;3;940;22/11/2012
2012046860;1;2;1;2;1;940;03/12/2012
2012046861;2;2;1;2;6;940;04/12/2012
2012046862;1;2;1;2;6;940;04/12/2012
2012046863;5;2;2;2;3;940;04/12/2012
2012046864;1;1;3;1;3;940;08/12/2012
2012046865;2;2;1;1;6;940;08/12/2012
2012046866;1;2;1;1;3;940;12/12/2012
2012046867;1;2;1;1;6;940;12/12/2012
2012046868;5;2;1;1;2;940;12/12/2012
2012046869;5;2;1;2;2;940;13/12/2012
2012046870;1;2;1;2;6;940;14/12/2012
2012046871;5;2;1;2;6;940;14/12/2012
2012046872;5;2;1;3;6;940;15/12/2012
2012046873;1;2;1;1;1;940;15/12/2012
2012046874;5;2;1;1;7;940;19/12/2012
2012046875;1;2;2;2;3;940;20/12/2012
2012046876;5;2;1;2;2;940;22/12/2012
2012046877;4;2;3;2;6;940;28/12/2012
2012046878;5;2;1;2;7;940;31/12/2012
2012046879;1;2;1;1;7;940;02/01/2012
2012046880;1;2;5;1;2;940;03/01/2012
2012046881;5;2;2;1;3;940;09/08/2012
2012046882;1;2;6;2;6;940;20/04/2012
2012046883;1;2;3;1;3;940;10/08/2012
2012046884;3;2;1;1;3;940;22/04/2012
2012046885;1;1;1;3;2;940;23/04/2012
2012046886;2;2;1;1;7;940;07/01/2012
2012046887;5;2;1;1;2;940;07/01/2012
2012046888;1;2;1;1;6;940;24/04/2012
2012046889;1;2;1;3;6;940;24/04/2012
2012046890;5;1;1;1;3;940;09/01/2012
2012046891;1;2;1;2;2;940;25/04/2012
2012046892;1;2;1;1;6;940;17/08/2012
2012046893;1;1;1;1;7;940;17/08/2012
2012046894;2;1;9;1;2;940;17/08/2012
2012046895;1;2;1;1;2;940;27/04/2012
2012046896;5;2;1;1;6;940;30/04/2012
2012046897;1;2;9;1;6;940;22/08/2012
2012046898;1;2;1;1;1;940;22/08/2012
2012046899;2;2;1;1;2;940;13/01/2012
2012046900;1;2;1;1;2;940;13/01/2012
2012046901;5;2;1;1;3;940;13/01/2012
2012046902;1;2;1;1;2;940;11/05/2012
2012046903;1;2;1;1;7;940;14/01/2012
2012046904;1;2;1;1;2;940;30/05/2012
2012046905;1;1;1;1;7;940;03/05/2012
2012046906;1;2;2;1;3;940;28/08/2012
2012046907;1;2;2;7;5;940;03/05/2012
2012046908;1;2;3;1;3;940;28/08/2012
2012046909;1;2;3;2;6;940;04/05/2012
2012046910;1;2;1;1;6;940;29/08/2012
2012046911;1;2;2;1;3;940;30/08/2012
2012046912;1;2;2;2;3;940;19/01/2012
2012046913;1;2;1;2;6;940;05/05/2012
2012046914;2;2;3;3;1;940;05/05/2012
2012046915;5;2;1;2;1;940;20/01/2012
2012046916;1;2;1;1;6;940;07/05/2012
2012046917;5;2;2;1;2;940;21/01/2012
2012046918;1;2;1;1;7;940;23/01/2012
2012046919;1;2;1;1;5;940;04/09/2012
2012046920;1;2;1;1;7;940;09/05/2012
2012046921;5;1;1;2;6;940;24/01/2012
2012046922;5;2;1;2;2;940;25/01/2012
2012046923;5;1;2;1;3;940;08/09/2012
2012046924;1;2;1;2;2;940;24/09/2012
2012046925;5;2;1;2;3;940;26/01/2012
2012046926;5;2;3;2;3;940;28/01/2012
2012046927;1;2;2;3;3;940;11/09/2012
2012046928;1;2;1;8;6;940;30/01/2012
2012046929;5;2;1;1;2;940;30/01/2012
2012046930;2;2;2;1;3;940;02/02/2012
2012046931;1;2;2;1;5;940;19/05/2012
2012046932;1;2;1;1;6;940;03/02/2012
2012046933;1;2;2;9;2;940;03/02/2012
2012046934;1;2;1;1;2;940;04/02/2012
2012046935;1;2;1;3;6;940;21/05/2012
2012046936;1;2;2;1;6;940;16/09/2012
2012046937;5;2;2;1;2;940;04/02/2012
2012046938;1;2;1;1;6;940;19/09/2012
2012046939;1;1;2;1;3;940;19/09/2012
2012046940;1;2;2;9;3;940;08/02/2012
2012046941;1;2;3;1;7;940;09/02/2012
2012046942;2;1;1;1;2;940;21/09/2012
2012046943;5;2;3;2;6;940;21/09/2012
2012046944;1;2;2;1;3;940;10/02/2012
2012046945;1;1;1;1;3;940;10/02/2012
2012046946;5;2;3;1;6;940;10/02/2012
2012046947;1;2;4;1;3;940;11/02/2012
2012046948;1;2;2;7;3;940;29/05/2012
2012046949;1;2;2;8;6;940;13/02/2012
2012046950;1;2;1;1;6;940;30/05/2012
2012046951;1;2;1;8;6;940;25/09/2012
2012046952;2;2;3;1;2;940;14/02/2012
2012046953;5;2;1;3;1;940;26/09/2012
2012046954;5;2;1;2;2;940;14/02/2012
2012046955;5;2;1;1;7;940;16/02/2012
2012046956;1;2;1;1;6;940;16/02/2012
2012046957;1;2;1;7;6;940;02/06/2012
2012046958;5;2;3;1;2;940;16/02/2012
2012046959;1;2;1;1;3;940;21/02/2012
2012046960;1;2;3;8;3;940;05/06/2012
2012046961;1;2;1;8;4;940;06/06/2012
2012046962;1;1;9;1;3;940;06/06/2012
2012046963;1;2;2;1;6;940;22/02/2012
2012046964;1;2;3;1;6;940;22/02/2012
2012046965;3;2;1;1;6;940;07/06/2012
2012046966;3;1;1;1;6;940;08/06/2012
2012046967;2;2;3;1;3;940;08/06/2012
2012046968;1;2;1;8;7;940;23/02/2012
2012046969;1;2;1;2;1;940;11/06/2012
2012046970;1;2;3;1;2;940;27/02/2012
2012046971;1;2;3;1;6;940;27/02/2012
2012046972;1;2;3;1;6;940;12/06/2012
2012046973;1;1;1;1;5;940;14/06/2012
2012046974;1;2;1;1;2;940;15/06/2012
2012046975;1;2;1;2;7;940;15/06/2012
2012046976;2;2;1;2;1;940;03/03/2012
2012046977;1;2;1;9;6;940;17/06/2012
2012046978;2;2;1;2;6;940;06/03/2012
2012046979;1;2;1;2;3;940;06/03/2012
2012046980;1;2;1;9;2;940;19/06/2012
2012046981;3;2;1;9;6;940;20/06/2012
2012046982;1;2;1;1;6;940;20/06/2012
2012046983;1;2;1;1;1;940;20/06/2012
2012046984;2;2;1;1;3;940;20/06/2012
2012046985;1;2;2;1;3;940;20/06/2012
2012046986;1;2;6;1;2;940;08/03/2012
2012046987;1;2;1;1;2;940;09/03/2012
2012046988;1;1;3;1;3;940;09/03/2012
2012046989;5;2;2;1;2;940;13/03/2012
2012046990;1;2;1;1;3;940;25/06/2012
2012046991;1;2;1;1;6;940;13/03/2012
2012046992;1;2;1;1;3;940;17/03/2012
2012046993;1;2;2;1;3;940;02/07/2012
2012046994;1;2;1;2;2;940;18/03/2012
2012046995;1;2;3;1;6;940;19/03/2012
2012046996;1;2;4;1;3;940;19/03/2012
2012046997;1;2;1;1;6;940;03/07/2012
2012046998;5;2;1;1;7;940;21/03/2012
2012046999;1;2;5;1;4;940;06/07/2012
2012047000;1;2;1;1;7;940;06/07/2012
2012047001;1;2;1;1;3;940;06/07/2012
2012047002;1;2;1;2;6;940;07/07/2012
2012047003;1;2;1;2;6;940;05/07/2012
2012047004;2;1;1;2;7;940;07/07/2012
2012047005;5;1;1;3;6;940;08/07/2012
2012047006;1;2;1;1;3;940;23/03/2012
2012047007;1;2;1;1;2;940;09/07/2012
2012047008;1;2;1;1;6;940;11/07/2012
2012047009;1;2;9;1;3;940;13/07/2012
2012047010;1;2;1;1;6;940;14/07/2012
2012047011;1;2;4;1;3;940;29/03/2012
2012047012;1;2;1;1;3;940;29/03/2012
2012047013;1;2;1;1;7;940;16/07/2012
2012047014;3;2;1;1;7;940;01/04/2012
2012047015;1;1;3;1;1;940;04/04/2012
2012047016;5;2;1;1;1;940;25/07/2012
2012047017;1;2;1;1;1;940;26/07/2012
2012047018;1;2;1;2;3;940;10/04/2012
2012047019;2;2;1;2;2;940;10/04/2012
2012047020;1;2;9;1;6;940;30/07/2012
2012047021;1;2;2;1;1;940;11/04/2012
2012047022;1;2;1;1;6;940;12/04/2012
2012047023;5;1;2;1;3;940;02/08/2012
2012047024;1;2;2;1;3;940;02/08/2012
2012047025;1;2;3;1;5;940;14/04/2012
2012047026;1;2;1;1;3;940;06/08/2012
2012047027;5;1;1;1;6;940;01/10/2012
2012047028;3;2;9;1;6;940;01/10/2012
2012047029;5;2;2;2;1;940;02/10/2012
2012047030;1;2;2;3;3;940;03/10/2012
2012047031;5;2;1;3;3;940;04/10/2012
2012047032;1;2;1;3;6;940;04/10/2012
2012047033;1;2;3;1;3;940;04/10/2012
2012047034;1;2;1;1;3;940;05/10/2012
2012047035;1;2;1;2;2;940;10/10/2012
2012047036;1;1;1;1;6;940;12/10/2012
2012047037;1;1;1;1;5;940;12/10/2012
2012047038;5;2;1;5;5;940;14/10/2012
2012047039;2;1;1;8;2;940;19/10/2012
2012047040;5;2;1;1;7;940;21/10/2012
2012047041;1;2;3;1;6;940;25/10/2012
2012047042;3;1;1;1;5;940;25/10/2012
2012047043;1;2;1;2;6;940;26/10/2012
2012047044;1;2;1;1;3;940;29/10/2012
2012047045;3;2;1;2;6;940;05/11/2012
2012047046;1;2;1;1;6;940;07/11/2012
2012047047;5;2;1;1;6;940;08/11/2012
2012047048;1;2;1;1;6;940;09/11/2012
2012047049;5;2;1;2;6;940;09/11/2012
2012047050;5;2;6;2;3;940;09/11/2012
2012047051;1;2;3;8;3;940;10/11/2012
2012047052;1;2;3;2;2;940;13/11/2012
2012047053;1;2;1;1;1;940;15/11/2012
2012047054;5;2;1;1;6;940;16/11/2012
2012047055;1;2;2;1;3;940;17/11/2012
2012047056;1;1;1;1;7;940;19/11/2012
2012047057;1;2;9;2;5;940;21/11/2012
2012047058;1;1;1;1;7;940;23/11/2012
2012047059;1;2;6;2;6;940;27/11/2012
2012047060;3;2;1;1;3;940;29/11/2012
2012047061;1;1;1;9;6;940;02/12/2012
2012047062;1;2;2;2;1;940;03/12/2012
2012047063;2;2;1;3;7;940;05/12/2012
2012047064;5;2;9;2;1;940;05/12/2012
2012047065;1;2;2;1;6;940;06/12/2012
2012047066;5;2;2;2;3;940;11/12/2012
2012047067;1;2;1;1;2;940;12/12/2012
2012047068;1;2;1;1;7;940;12/12/2012
2012047069;1;2;2;1;3;940;12/12/2012
2012047070;1;2;9;2;3;940;18/12/2012
2012047071;1;2;1;2;2;940;20/12/2012
2012047072;2;2;1;2;6;940;20/12/2012
2012047073;5;2;1;2;2;940;26/12/2012
2012047074;1;2;1;1;6;940;02/01/2012
2012047075;2;2;1;1;3;940;11/01/2012
2012047076;5;2;1;1;3;940;11/01/2012
2012047077;1;2;1;1;3;940;24/01/2012
2012047078;1;2;2;1;3;940;28/01/2012
2012047079;1;2;5;1;6;940;31/01/2012
2012047080;1;2;2;7;6;940;02/02/2012
2012047081;5;1;3;1;4;940;04/02/2012
2012047082;1;2;3;1;6;940;09/02/2012
2012047083;5;2;2;8;5;940;11/02/2012
2012047084;5;2;3;2;3;940;15/02/2012
2012047085;5;2;1;2;6;940;18/02/2012
2012047086;1;2;1;1;3;940;20/02/2012
2012047087;1;2;1;1;6;940;21/02/2012
2012047088;5;2;1;1;7;940;27/02/2012
2012047089;2;2;1;1;6;940;27/02/2012
2012047090;5;2;3;1;3;940;01/03/2012
2012047091;1;2;1;1;3;940;28/02/2012
2012047092;1;2;1;1;6;940;29/02/2012
2012047093;5;2;1;2;7;940;05/03/2012
2012047094;1;2;1;1;3;940;08/03/2012
2012047095;1;2;1;1;7;940;12/03/2012
2012047096;1;2;1;1;6;940;14/03/2012
2012047097;5;2;1;2;3;940;18/03/2012
2012047098;1;2;1;1;6;940;18/03/2012
2012047099;5;2;1;1;7;940;15/03/2012
2012047100;2;2;1;1;6;940;30/03/2012
2012047101;5;2;1;1;6;940;31/03/2012
2012047102;1;2;1;1;6;940;02/04/2012
2012047103;5;2;1;1;3;940;28/03/2012
2012047104;5;2;2;1;5;940;06/04/2012
2012047105;1;2;1;1;2;940;15/04/2012
2012047106;1;2;1;1;6;940;21/04/2012
2012047107;1;2;3;2;3;940;18/04/2012
2012047108;2;2;9;1;6;940;24/04/2012
2012047109;1;2;1;2;3;940;26/04/2012
2012047110;1;2;1;2;6;940;27/09/2012
2012047111;1;2;2;1;3;940;03/05/2012
2012047112;1;2;2;1;6;940;29/04/2012
2012047113;1;2;2;1;3;940;10/05/2012
2012047114;1;2;1;1;2;940;13/05/2012
2012047115;1;2;2;1;2;940;14/05/2012
2012047116;1;2;1;3;2;940;17/04/2012
2012047117;1;2;2;1;3;940;14/05/2012
2012047118;1;2;9;8;3;940;15/05/2012
2012047119;1;2;1;1;3;940;23/05/2012
2012047120;1;2;1;1;7;940;23/05/2012
2012047121;1;2;1;1;6;940;29/05/2012
2012047122;1;2;1;1;6;940;01/06/2012
2012047123;1;2;1;1;6;940;28/05/2012
2012047124;5;2;1;1;6;940;02/06/2012
2012047125;1;2;1;1;3;940;04/06/2012
2012047126;2;2;2;1;3;940;06/06/2012
2012047127;5;2;1;2;2;940;08/06/2012
2012047128;5;2;3;1;3;940;13/06/2012
2012047129;1;2;1;1;6;940;14/06/2012
2012047130;1;2;1;1;6;940;15/06/2012
2012047131;1;2;6;1;3;940;17/06/2012
2012047132;1;2;1;1;2;940;19/06/2012
2012047133;2;2;1;2;1;940;21/06/2012
2012047134;5;2;1;1;2;940;24/06/2012
2012047135;5;2;1;1;6;940;22/06/2012
2012047136;1;2;1;1;6;940;01/07/2012
2012047137;1;2;1;1;6;940;30/06/2012
2012047138;1;2;3;1;6;940;10/07/2012
2012047139;1;2;1;8;2;940;11/07/2012
2012047140;1;2;1;1;7;940;02/07/2012
2012047141;1;2;1;2;6;940;12/07/2012
2012047142;1;2;2;1;3;940;24/07/2012
2012047143;5;2;2;1;2;940;26/07/2012
2012047144;5;2;1;1;6;940;26/07/2012
2012047145;1;2;1;1;3;940;27/07/2012
2012047146;2;2;1;2;6;940;29/07/2012