num_acc;lum;agg;inter;atm;col;dep;date
2012047728;1;2;1;1;6;940;15/09/2012
2012047729;5;2;3;1;6;940;29/09/2012
2012047730;1;2;2;1;6;940;03/10/2012
2012047731;1;2;2;1;6;940;09/10/2012
2012047732;1;2;1;1;6;940;12/10/2012
2012047733;1;2;3;1;6;940;23/10/2012
2012047734;5;2;3;1;1;940;24/10/2012
2012047735;1;2;3;1;2;940;25/10/2012
2012047736;1;2;7;2;3;940;02/11/2012
2012047737;1;2;1;1;6;940;07/11/2012
2012047738;1;2;1;2;1;940;17/11/2012
2012047739;5;2;2;5;6;940;17/11/2012
2012047740;1;2;2;1;3;940;19/11/2012
2012047741;1;2;3;1;3;940;26/11/2012
2012047742;3;2;2;2;6;940;28/11/2012
2012047743;1;2;2;1;3;940;19/12/2012
2012047744;5;2;3;2;6;940;22/12/2012
2012047745;5;2;2;2;3;940;22/12/2012
2012047746;5;2;2;1;3;940;31/12/2012
2012047747;5;2;2;1;3;940;02/01/2012
2012047748;1;2;1;2;6;940;05/01/2012
2012047749;5;2;3;1;3;940;07/01/2012
2012047750;1;2;2;1;1;940;08/01/2012
2012047751;2;2;1;1;6;940;11/01/2012
2012047752;1;2;3;2;3;940;19/01/2012
2012047753;1;2;1;1;2;940;20/01/2012
2012047754;1;2;3;2;3;940;21/01/2012
2012047755;5;2;1;1;6;940;23/01/2012
2012047756;2;2;1;1;2;940;01/02/2012
2012047757;1;1;2;1;2;940;02/02/2012
2012047758;5;2;5;1;3;940;02/02/2012
2012047759;1;2;2;1;3;940;04/02/2012
2012047760;1;2;3;8;6;940;06/02/2012
2012047761;1;2;3;1;6;940;07/02/2012
2012047762;1;2;2;1;6;940;14/02/2012
2012047763;1;2;2;1;6;940;18/02/2012
2012047764;1;2;1;1;7;940;26/02/2012
2012047765;1;2;2;1;2;940;09/03/2012
2012047766;1;2;2;1;3;940;09/03/2012
2012047767;1;2;2;1;3;940;11/03/2012
2012047768;1;1;2;1;2;940;12/03/2012
2012047769;5;2;1;1;3;940;14/03/2012
2012047770;1;2;1;1;6;940;15/03/2012
2012047771;1;2;4;1;6;940;19/03/2012
2012047772;1;2;1;1;6;940;19/03/2012
2012047773;1;2;1;1;6;940;21/03/2012
2012047774;1;2;1;1;2;940;24/03/2012
2012047775;5;2;1;1;2;940;24/03/2012
2012047776;5;2;1;1;6;940;30/03/2012
2012047777;1;2;2;1;7;940;01/04/2012
2012047778;1;2;1;2;6;940;04/04/2012
2012047779;1;2;1;1;6;940;05/04/2012
2012047780;1;2;1;1;3;940;05/04/2012
2012047781;2;2;1;1;6;940;10/04/2012
2012047782;1;2;2;1;3;940;11/04/2012
2012047783;1;2;1;8;2;940;12/04/2012
2012047784;1;2;2;1;6;940;13/04/2012
2012047785;1;2;2;1;3;940;16/04/2012
2012047786;1;2;1;1;6;940;22/04/2012
2012047787;5;2;1;1;3;940;24/04/2012
2012047788;5;2;3;2;5;940;29/04/2012
2012047789;1;2;1;2;6;940;02/05/2012
2012047790;1;2;1;1;6;940;07/05/2012
2012047791;1;2;1;1;6;940;10/05/2012
2012047792;5;2;1;1;6;940;13/05/2012
2012047793;1;2;3;1;6;940;14/05/2012
2012047794;1;1;4;1;3;940;14/05/2012
2012047795;1;2;1;1;6;940;15/05/2012
2012047796;1;2;1;1;6;940;15/05/2012
2012047797;1;2;1;8;6;940;22/05/2012
2012047798;2;2;1;1;6;940;24/05/2012
2012047799;1;2;1;1;6;940;25/05/2012
2012047800;1;2;1;1;6;940;25/05/2012
2012047801;1;2;2;1;3;940;28/05/2012
2012047802;1;2;9;1;6;940;29/05/2012
2012047803;1;2;1;1;6;940;31/05/2012
2012047804;1;2;2;1;3;940;10/06/2012
2012047805;1;2;1;3;6;940;10/06/2012
2012047806;1;2;5;1;6;940;11/06/2012
2012047807;1;2;1;8;6;940;12/06/2012
2012047808;2;2;1;2;6;940;13/06/2012
2012047809;1;2;1;1;6;940;13/06/2012
2012047810;1;2;1;8;6;940;13/06/2012
2012047811;1;2;1;2;6;940;13/06/2012
2012047812;1;2;1;1;6;940;16/06/2012
2012047813;1;2;2;1;6;940;17/06/2012
2012047814;1;2;1;1;6;940;27/06/2012
2012047815;1;2;9;1;6;940;28/06/2012
2012047816;1;2;1;1;6;940;30/06/2012
2012047817;1;2;1;1;6;940;30/06/2012
2012047818;1;2;1;1;3;940;05/07/2012
2012047819;1;2;1;1;2;940;06/07/2012
2012047820;1;2;3;8;3;940;07/07/2012
2012047821;5;2;2;3;3;940;08/07/2012
2012047822;1;2;3;1;6;940;10/07/2012
2012047823;1;2;1;1;6;940;10/07/2012
2012047824;1;2;1;7;6;940;16/07/2012
2012047825;1;2;5;1;3;940;16/07/2012
2012047826;1;2;1;1;6;940;19/07/2012
2012047827;1;1;1;1;3;940;23/07/2012
2012047828;1;2;4;1;2;940;24/07/2012
2012047829;1;2;1;1;2;940;02/08/2012
2012047830;1;2;1;1;3;940;04/08/2012
2012047831;5;2;1;1;7;940;05/08/2012
2012047832;1;2;1;1;6;940;06/08/2012
2012047833;1;2;2;1;3;940;08/08/2012
2012047834;1;2;1;1;6;940;21/08/2012
2012047835;1;2;3;1;3;940;27/08/2012
2012047836;5;2;2;1;5;940;05/09/2012
2012047837;1;2;2;1;3;940;07/09/2012
2012047838;1;2;2;3;6;940;11/09/2012
2012047839;1;2;1;1;6;940;13/09/2012
2012047840;1;1;1;1;3;940;14/09/2012
2012047841;1;2;1;2;6;940;21/09/2012
2012047842;2;2;3;1;3;940;29/09/2012
2012047843;1;2;1;1;6;940;01/10/2012
2012047844;1;2;2;2;6;940;02/10/2012
2012047845;1;2;1;2;6;940;03/10/2012
2012047846;5;2;2;1;1;940;05/10/2012
2012047847;1;2;2;2;3;940;06/10/2012
2012047848;5;2;3;3;6;940;09/10/2012
2012047849;2;2;1;2;6;940;17/10/2012
2012047850;1;2;1;2;6;940;18/10/2012
2012047851;1;2;1;1;6;940;23/10/2012
2012047852;1;2;1;8;6;940;26/10/2012
2012047853;1;2;1;1;2;940;26/10/2012
2012047854;5;2;1;1;6;940;04/11/2012
2012047855;1;2;3;1;3;940;05/11/2012
2012047856;1;2;2;1;3;940;06/11/2012
2012047857;5;2;8;1;6;940;13/11/2012
2012047858;1;2;1;1;7;940;15/11/2012
2012047859;1;2;1;1;3;940;19/11/2012
2012047860;1;2;1;1;2;940;20/11/2012
2012047861;1;2;1;2;2;940;23/11/2012
2012047862;5;2;3;1;3;940;26/11/2012
2012047863;1;2;1;1;2;940;27/11/2012
2012047864;1;2;1;1;3;940;29/11/2012
2012047865;1;2;3;1;3;940;30/11/2012
2012047866;5;2;2;1;3;940;01/12/2012
2012047867;5;2;2;2;1;940;01/12/2012
2012047868;1;2;2;8;6;940;04/12/2012
2012047869;1;1;1;1;1;940;06/12/2012
2012047870;1;2;1;1;6;940;16/12/2012
2012047871;1;2;1;1;6;940;19/12/2012
2012047872;5;2;1;2;6;940;28/12/2012
2012047873;5;2;9;2;6;940;31/12/2012
2012047874;5;2;1;1;3;950;05/01/2012
2012047875;1;2;2;1;3;950;05/01/2012
2012047876;1;2;1;1;4;950;12/01/2012
2012047877;2;2;2;1;3;950;12/01/2012
2012047878;5;2;4;1;3;950;14/01/2012
2012047879;1;2;3;1;6;950;14/01/2012
2012047880;5;2;2;1;1;950;17/01/2012
2012047881;5;2;3;1;4;950;17/01/2012
2012047882;1;2;1;1;6;950;21/01/2012
2012047883;5;2;1;1;6;950;22/01/2012
2012047884;2;2;2;2;3;950;25/01/2012
2012047885;1;2;2;1;6;950;28/01/2012
2012047886;1;2;3;8;2;950;30/01/2012
2012047887;5;2;2;1;5;950;30/01/2012
2012047888;1;2;1;1;7;950;03/02/2012
2012047889;1;2;1;1;6;950;03/02/2012
2012047890;1;2;1;1;3;950;09/02/2012
2012047891;5;2;1;1;6;950;09/02/2012
2012047892;3;2;1;1;6;950;10/02/2012
2012047893;1;2;2;1;3;950;10/02/2012
2012047894;5;2;1;1;7;950;10/02/2012
2012047895;5;2;1;1;6;950;16/02/2012
2012047896;1;2;1;1;3;950;21/02/2012
2012047897;5;2;2;1;5;950;23/02/2012
2012047898;1;2;3;3;1;950;25/02/2012
2012047899;1;2;2;1;3;950;26/02/2012
2012047900;3;1;4;2;4;950;04/03/2012
2012047901;1;2;1;1;6;950;05/03/2012
2012047902;1;2;2;1;3;950;03/03/2012
2012047903;1;2;1;1;6;950;09/03/2012
2012047904;1;2;2;1;3;950;16/03/2012
2012047905;5;2;1;1;2;950;16/03/2012
2012047906;5;1;3;2;2;950;17/03/2012
2012047907;1;2;3;1;3;950;21/03/2012
2012047908;1;2;1;1;2;950;27/03/2012
2012047909;1;2;1;7;6;950;29/03/2012
2012047910;1;2;1;1;6;950;30/03/2012
2012047911;2;2;1;1;6;950;31/03/2012
2012047912;1;2;6;1;7;950;01/04/2012
2012047913;1;2;2;1;6;950;31/03/2012
2012047914;5;2;2;1;3;950;03/04/2012
2012047915;1;2;2;1;6;950;03/04/2012
2012047916;1;2;3;1;3;950;04/04/2012
2012047917;1;2;2;1;3;950;04/04/2012
2012047918;1;2;6;1;2;950;06/04/2012
2012047919;2;1;1;2;5;950;09/04/2012
2012047920;1;2;1;1;6;950;07/04/2012
2012047921;1;2;1;2;6;950;10/04/2012
2012047922;1;2;6;1;2;950;11/04/2012
2012047923;1;2;1;1;3;950;12/04/2012
2012047924;5;2;2;1;3;950;13/04/2012
2012047925;5;1;1;1;6;950;14/04/2012
2012047926;1;2;1;1;6;950;14/04/2012
2012047927;1;2;1;1;2;950;16/04/2012
2012047928;1;2;1;1;6;950;20/04/2012
2012047929;1;2;3;1;3;950;21/04/2012
2012047930;1;2;1;1;6;950;24/04/2012
2012047931;5;2;3;2;3;950;30/04/2012
2012047932;1;2;6;1;6;950;06/05/2012
2012047933;1;2;2;1;3;950;07/05/2012
2012047934;1;2;1;1;2;950;05/05/2012
2012047935;1;2;1;1;6;950;09/05/2012
2012047936;1;1;1;1;2;950;14/05/2012
2012047937;1;2;1;1;7;950;15/05/2012
2012047938;2;2;2;1;2;950;15/05/2012
2012047939;1;2;1;1;2;950;15/05/2012
2012047940;5;2;1;1;6;950;19/05/2012
2012047941;1;2;3;2;7;950;21/05/2012
2012047942;1;2;1;2;2;950;21/05/2012
2012047943;1;2;1;1;2;950;25/05/2012
2012047944;1;2;1;1;6;950;30/05/2012
2012047945;1;2;1;2;6;950;30/05/2012
2012047946;1;2;1;1;6;950;31/05/2012
2012047947;1;2;1;1;3;950;31/05/2012
2012047948;1;2;1;1;6;950;01/06/2012
2012047949;1;2;1;8;1;950;04/06/2012
2012047950;5;2;3;1;1;950;09/06/2012
2012047951;1;2;3;1;5;950;08/06/2012
2012047952;1;2;2;1;2;950;12/06/2012
2012047953;1;2;1;1;6;950;14/06/2012
2012047954;1;2;3;2;5;950;12/06/2012
2012047955;1;2;1;1;6;950;23/06/2012
2012047956;1;2;2;1;3;950;21/06/2012
2012047957;2;2;3;1;2;950;26/06/2012
2012047958;1;2;2;1;6;950;29/06/2012
2012047959;1;2;1;1;6;950;29/06/2012
2012047960;1;2;1;1;3;950;02/07/2012
2012047961;1;2;2;1;6;950;07/07/2012
2012047962;1;2;4;1;6;950;10/07/2012
2012047963;2;2;1;1;7;950;15/07/2012
2012047964;1;2;2;1;2;950;16/07/2012
2012047965;1;2;3;1;2;950;17/07/2012
2012047966;1;2;2;1;3;950;17/07/2012
2012047967;1;2;1;1;6;950;21/07/2012
2012047968;1;2;2;1;3;950;22/07/2012
2012047969;1;2;2;1;3;950;23/07/2012
2012047970;1;2;3;1;5;950;25/07/2012
2012047971;1;2;1;1;1;950;25/07/2012
2012047972;1;2;2;1;3;950;24/07/2012
2012047973;1;2;2;1;1;950;24/07/2012
2012047974;1;2;2;1;5;950;27/07/2012
2012047975;1;2;1;8;7;950;27/07/2012
2012047976;5;2;1;2;6;950;28/07/2012
2012047977;1;2;1;1;1;950;31/07/2012
2012047978;1;2;1;1;6;950;03/08/2012
2012047979;1;2;1;1;6;950;05/08/2012
2012047980;1;2;1;1;3;950;16/08/2012
2012047981;1;2;2;7;3;950;16/08/2012
2012047982;1;2;6;1;6;950;27/08/2012
2012047983;1;2;1;1;6;950;29/08/2012
2012047984;2;2;1;1;6;950;04/09/2012
2012047985;5;2;6;1;3;950;05/09/2012
2012047986;1;2;3;1;3;950;08/09/2012
2012047987;1;2;3;1;3;950;12/09/2012
2012047988;1;2;1;1;7;950;14/09/2012
2012047989;1;2;1;1;6;950;17/09/2012
2012047990;1;2;2;1;3;950;18/09/2012
2012047991;1;2;4;1;2;950;19/09/2012
2012047992;2;2;3;1;2;950;20/09/2012
2012047993;1;2;1;1;6;950;26/09/2012
2012047994;5;2;1;3;3;950;24/09/2012
2012047995;1;2;2;1;6;950;26/09/2012
2012047996;1;2;1;1;3;950;27/09/2012
2012047997;1;2;1;8;1;950;27/09/2012
2012047998;5;2;4;1;3;950;28/09/2012
2012047999;1;2;1;1;6;950;29/09/2012
2012048000;1;2;1;1;3;950;01/10/2012
2012048001;1;2;3;2;2;950;02/10/2012
2012048002;1;2;1;3;2;950;03/10/2012
2012048003;1;2;2;1;3;950;15/10/2012
2012048004;1;2;3;2;3;950;08/10/2012
2012048005;1;2;1;2;3;950;09/10/2012
2012048006;1;2;2;2;3;950;08/10/2012
2012048007;5;2;4;1;3;950;06/10/2012
2012048008;5;2;1;2;6;950;11/10/2012
2012048009;1;2;1;2;3;950;14/10/2012
2012048010;5;2;6;8;3;950;15/10/2012
2012048011;1;2;1;2;6;950;14/10/2012
2012048012;1;2;3;2;3;950;19/10/2012
2012048013;1;2;2;1;1;950;21/10/2012
2012048014;1;2;1;1;6;950;23/10/2012
2012048015;1;2;3;1;3;950;25/10/2012
2012048016;1;2;1;1;6;950;25/10/2012
2012048017;1;2;1;1;6;950;26/10/2012
2012048018;1;1;1;1;2;950;28/10/2012
2012048019;1;2;2;7;6;950;27/10/2012
2012048020;1;2;3;1;2;950;29/10/2012
2012048021;5;2;2;1;3;950;29/10/2012
2012048022;5;2;3;1;6;950;29/10/2012
2012048023;1;2;4;1;1;950;31/10/2012
2012048024;5;2;2;1;3;950;02/11/2012
2012048025;1;2;1;1;1;950;05/11/2012
2012048026;1;2;2;1;6;950;06/11/2012
2012048027;2;2;1;1;6;950;09/11/2012
2012048028;5;2;3;8;6;950;10/11/2012
2012048029;5;2;1;8;6;950;11/11/2012
2012048030;1;2;6;1;5;950;29/10/2012
2012048031;1;2;1;1;6;950;15/11/2012
2012048032;5;2;2;1;3;950;14/11/2012
2012048033;5;2;2;1;3;950;16/11/2012
2012048034;3;2;1;5;6;950;17/11/2012
2012048035;4;2;2;1;3;950;24/11/2012
2012048036;1;2;2;1;7;950;20/11/2012
2012048037;5;1;1;1;2;950;20/11/2012
2012048038;1;2;1;3;4;950;23/11/2012
2012048039;5;2;1;2;1;950;23/11/2012
2012048040;1;2;1;2;6;950;20/11/2012
2012048041;5;2;1;2;7;950;24/11/2012
2012048042;1;2;2;1;6;950;27/11/2012
2012048043;1;1;1;2;1;950;27/11/2012
2012048044;1;2;1;1;2;950;30/11/2012
2012048045;1;2;2;1;3;950;29/11/2012
2012048046;1;2;4;1;6;950;02/12/2012
2012048047;1;2;2;1;3;950;05/12/2012
2012048048;2;2;3;2;3;950;04/12/2012
2012048049;3;2;3;2;3;950;08/12/2012
2012048050;2;2;1;1;6;950;10/12/2012
2012048051;1;2;7;1;3;950;12/12/2012
2012048052;2;2;4;1;3;950;11/12/2012
2012048053;3;2;1;2;7;950;13/12/2012
2012048054;5;2;3;8;7;950;16/12/2012
2012048055;5;1;3;1;4;950;19/12/2012
2012048056;5;2;2;2;2;950;19/12/2012
2012048057;1;2;2;2;3;950;19/12/2012
2012048058;1;2;2;1;3;950;25/12/2012
2012048059;5;2;1;3;6;950;26/12/2012
2012048060;5;2;1;2;6;950;21/12/2012
2012048061;5;2;1;1;3;950;28/12/2012
2012048062;1;2;1;1;6;950;31/12/2012
2012048063;1;2;3;1;1;950;06/11/2012
2012048064;1;1;1;1;3;950;04/01/2012
2012048065;2;2;1;1;3;950;01/02/2012
2012048066;5;2;1;1;3;950;23/02/2012
2012048067;1;2;1;1;6;950;28/02/2012
2012048068;5;2;1;1;5;950;02/03/2012
2012048069;1;2;1;1;6;950;13/03/2012
2012048070;5;2;1;1;3;950;29/03/2012
2012048071;1;1;1;1;3;950;25/05/2012
2012048072;1;2;1;1;1;950;07/06/2012
2012048073;5;1;1;1;3;950;29/06/2012
2012048074;1;1;1;1;3;950;21/06/2012
2012048075;1;2;1;1;1;950;31/07/2012
2012048076;1;2;1;1;3;950;03/08/2012
2012048077;1;2;4;1;6;950;02/08/2012
2012048078;1;2;1;1;6;950;21/08/2012
2012048079;5;2;3;1;3;950;06/09/2012
2012048080;1;2;1;1;6;950;12/09/2012
2012048081;5;2;3;1;1;950;29/10/2012
2012048082;1;2;1;1;3;950;18/12/2012
2012048083;1;2;1;1;1;950;11/01/2012
2012048084;1;2;1;7;6;950;15/03/2012
2012048085;1;1;1;1;2;950;06/03/2012
2012048086;5;2;1;3;1;950;29/12/2012
2012048087;1;2;1;1;6;950;25/01/2012
2012048088;5;2;6;1;6;950;10/02/2012
2012048089;3;1;1;8;6;950;22/02/2012
2012048090;1;2;1;1;6;950;16/01/2012
2012048091;2;2;1;2;6;950;27/01/2012
2012048092;5;1;4;1;3;950;22/02/2012
2012048093;5;2;1;1;2;950;28/02/2012
2012048094;1;2;3;1;3;950;24/03/2012
2012048095;1;2;1;1;6;950;13/05/2012
2012048096;1;1;2;1;5;950;16/05/2012
2012048097;1;2;1;2;1;950;04/05/2012
2012048098;1;2;2;1;3;950;17/05/2012
2012048099;1;2;1;1;3;950;05/06/2012
2012048100;1;2;1;1;6;950;17/06/2012
2012048101;1;2;1;1;6;950;18/07/2012
2012048102;1;2;1;1;6;950;16/08/2012
2012048103;1;2;1;1;6;950;02/09/2012
2012048104;1;2;5;1;3;950;14/09/2012
2012048105;1;2;1;1;3;950;19/09/2012
2012048106;1;2;1;1;6;950;28/09/2012
2012048107;1;2;2;1;2;950;01/10/2012
2012048108;1;2;2;1;6;950;19/10/2012
2012048109;5;2;2;1;3;950;31/10/2012
2012048110;5;2;1;2;6;950;05/11/2012
2012048111;5;2;1;2;6;950;01/12/2012
2012048112;1;2;1;1;6;950;04/11/2012
2012048113;1;2;2;1;1;950;08/11/2012
2012048114;5;2;1;1;6;950;13/11/2012
2012048115;3;1;1;2;4;950;29/11/2012
2012048116;1;2;1;1;6;950;13/01/2012
2012048117;1;2;2;1;3;950;24/03/2012
2012048118;3;2;1;1;7;950;30/03/2012
2012048119;1;2;1;1;6;950;27/03/2012
2012048120;1;2;1;1;6;950;18/04/2012
2012048121;1;2;1;1;6;950;24/05/2012
2012048122;5;2;1;1;7;950;21/07/2012
2012048123;2;2;2;1;3;950;17/08/2012
2012048124;1;2;3;1;3;950;17/09/2012
2012048125;5;2;1;2;2;950;18/02/2012
2012048126;5;2;1;1;2;950;12/04/2012
2012048127;1;2;1;3;6;950;18/11/2012
2012048128;5;2;1;1;4;950;19/11/2012
2012048129;1;2;1;8;6;950;14/12/2012
2012048130;5;2;3;1;1;950;02/01/2012
2012048131;1;2;4;1;3;950;09/01/2012
2012048132;1;2;1;1;6;950;17/01/2012
2012048133;1;2;1;1;6;950;17/01/2012
2012048134;1;2;1;1;6;950;25/01/2012
2012048135;5;2;3;1;1;950;01/02/2012
2012048136;1;2;1;1;6;950;03/02/2012
2012048137;1;2;3;1;6;950;04/02/2012
2012048138;1;2;1;1;7;950;04/02/2012
2012048139;5;2;3;1;1;950;04/02/2012
2012048140;1;2;1;1;7;950;05/02/2012
2012048141;1;2;1;1;6;950;12/02/2012
2012048142;1;2;1;1;7;950;12/02/2012
2012048143;1;2;3;1;2;950;26/02/2012
2012048144;1;2;1;1;6;950;29/02/2012
2012048145;1;2;1;1;6;950;05/03/2012
2012048146;1;2;1;1;2;950;12/03/2012
2012048147;1;2;1;1;6;950;16/03/2012
2012048148;1;2;1;1;4;950;25/03/2012
2012048149;1;2;1;1;4;950;27/03/2012
2012048150;4;2;1;1;7;950;02/04/2012
2012048151;1;2;3;1;3;950;04/04/2012
2012048152;1;2;1;1;1;950;28/04/2012
2012048153;1;2;1;1;6;950;03/05/2012
2012048154;1;2;3;1;3;950;11/05/2012
2012048155;1;2;4;1;1;950;12/05/2012
2012048156;1;2;1;1;2;950;14/05/2012
2012048157;1;2;1;1;2;950;16/05/2012
2012048158;1;2;1;1;3;950;19/05/2012
2012048159;5;2;1;1;6;950;22/05/2012
2012048160;1;2;1;1;3;950;02/06/2012
2012048161;1;2;1;1;7;950;02/06/2012
2012048162;1;2;1;1;2;950;11/06/2012
2012048163;1;2;4;1;3;950;14/06/2012
2012048164;1;2;1;1;3;950;17/06/2012
2012048165;1;2;2;1;3;950;18/06/2012
2012048166;1;2;1;1;2;950;19/06/2012
2012048167;1;2;1;1;6;950;26/06/2012
2012048168;1;2;1;1;3;950;29/06/2012
2012048169;1;2;1;1;3;950;01/07/2012
2012048170;1;2;1;1;6;950;03/07/2012
2012048171;1;2;3;1;6;950;04/07/2012
2012048172;1;2;1;1;3;950;22/07/2012
2012048173;5;2;2;1;3;950;26/07/2012
2012048174;1;2;1;1;6;950;03/08/2012
2012048175;1;2;1;1;5;950;03/08/2012
2012048176;1;2;1;1;6;950;08/08/2012
2012048177;1;2;2;1;3;950;10/08/2012
2012048178;1;2;6;1;6;950;16/08/2012
2012048179;1;2;1;1;3;950;20/08/2012
2012048180;1;2;1;1;1;950;03/09/2012
2012048181;2;2;3;1;1;950;03/09/2012
2012048182;1;2;4;1;3;950;08/09/2012
2012048183;2;2;3;1;6;950;10/09/2012
2012048184;1;2;1;1;3;950;16/09/2012
2012048185;1;2;1;1;6;950;16/09/2012
2012048186;1;2;1;8;5;950;20/09/2012
2012048187;1;2;6;1;3;950;23/09/2012
2012048188;2;2;1;1;3;950;25/09/2012
2012048189;1;2;1;1;6;950;01/10/2012
2012048190;1;2;3;8;2;950;02/10/2012
2012048191;1;2;2;1;3;950;02/10/2012
2012048192;1;2;6;1;6;950;09/10/2012
2012048193;1;2;1;1;6;950;11/10/2012
2012048194;1;2;1;1;2;950;17/10/2012
2012048195;2;2;1;2;4;950;18/10/2012
2012048196;5;2;6;2;3;950;18/10/2012
2012048197;5;2;2;1;3;950;19/10/2012
2012048198;1;2;1;1;6;950;23/10/2012
2012048199;1;2;1;1;7;950;24/10/2012
2012048200;1;2;1;1;6;950;25/10/2012
2012048201;5;2;3;1;6;950;26/10/2012
2012048202;5;2;1;1;3;950;29/10/2012
2012048203;1;2;1;1;6;950;06/11/2012
2012048204;5;2;1;1;2;950;11/11/2012
2012048205;1;2;1;1;6;950;12/11/2012
2012048206;1;2;1;1;2;950;26/11/2012
2012048207;5;2;2;1;6;950;29/11/2012
2012048208;2;2;1;3;6;950;05/12/2012
2012048209;1;2;3;1;6;950;12/12/2012
2012048210;1;2;1;2;6;950;13/12/2012
2012048211;5;1;1;1;3;950;18/12/2012
2012048212;5;2;1;1;6;950;19/12/2012
2012048213;5;2;1;1;6;950;19/12/2012
2012048214;1;2;1;2;3;950;19/12/2012
2012048215;5;2;6;2;7;950;20/12/2012
2012048216;1;2;1;1;6;950;24/12/2012
2012048217;5;2;1;1;2;950;06/01/2012
2012048218;1;2;1;1;1;950;27/03/2012
2012048219;1;2;1;1;6;950;08/04/2012
2012048220;1;2;2;1;6;950;01/05/2012
2012048221;1;2;1;1;3;950;20/05/2012
2012048222;1;2;1;1;6;950;21/05/2012
2012048223;1;2;4;1;3;950;30/05/2012
2012048224;1;2;3;1;3;950;02/07/2012
2012048225;5;2;2;1;3;950;23/06/2012
2012048226;1;2;3;1;2;950;12/05/2012
2012048227;1;2;2;1;3;950;19/08/2012
2012048228;5;2;2;2;3;950;27/10/2012
2012048229;5;2;1;2;6;950;10/11/2012
2012048230;1;2;1;1;4;950;13/11/2012
2012048231;5;2;1;1;6;950;17/12/2012
2012048232;5;2;2;8;5;950;10/01/2012
2012048233;1;2;2;1;3;950;12/01/2012
2012048234;1;2;2;2;6;950;24/01/2012
2012048235;1;2;1;1;7;950;19/02/2012
2012048236;5;2;3;1;3;950;22/02/2012
2012048237;1;2;1;1;5;950;22/02/2012
2012048238;1;2;1;1;6;950;11/01/2012
2012048239;1;2;1;8;3;950;03/05/2012
2012048240;1;2;1;8;6;950;27/04/2012
2012048241;1;2;1;2;6;950;17/05/2012
2012048242;5;2;1;1;6;950;04/05/2012
2012048243;1;2;1;1;3;950;25/05/2012
2012048244;1;2;6;1;7;950;31/05/2012
2012048245;1;2;1;1;5;950;19/06/2012
2012048246;1;2;1;1;3;950;20/06/2012
2012048247;1;2;1;2;6;950;08/07/2012
2012048248;5;2;1;2;6;950;05/07/2012
2012048249;1;2;2;1;1;950;07/08/2012
2012048250;1;2;3;1;6;950;30/08/2012
2012048251;1;2;1;1;6;950;31/08/2012
2012048252;1;2;3;7;4;950;28/08/2012
2012048253;1;2;1;3;3;950;14/10/2012
2012048254;1;2;2;8;3;950;20/10/2012
2012048255;2;2;1;1;3;950;13/11/2012
2012048256;5;2;1;1;3;950;23/11/2012
2012048257;2;2;4;2;2;950;10/12/2012
2012048258;5;2;2;1;3;950;08/12/2012
2012048259;1;2;1;1;6;950;11/03/2012
2012048260;1;2;1;1;2;950;12/04/2012
2012048261;1;1;1;1;3;950;12/04/2012
2012048262;1;1;1;1;7;950;14/04/2012
2012048263;1;2;1;1;2;950;15/04/2012
2012048264;1;2;2;1;3;950;19/07/2012
2012048265;1;2;1;1;6;950;25/07/2012
2012048266;1;2;1;1;2;950;24/07/2012
2012048267;1;2;1;1;6;950;11/05/2012
2012048268;1;2;1;1;6;950;31/07/2012
2012048269;1;2;7;1;3;950;18/08/2012
2012048270;1;2;1;1;7;950;20/08/2012
2012048271;1;2;1;1;6;950;27/08/2012
2012048272;1;1;1;1;5;950;15/09/2012
2012048273;1;1;1;1;2;950;23/09/2012
2012048274;1;2;1;2;3;950;27/09/2012
2012048275;1;2;1;3;3;950;17/10/2012
2012048276;1;2;1;2;6;950;08/10/2012
2012048277;1;1;1;1;3;950;08/09/2012
2012048278;1;2;1;1;6;950;24/10/2012
2012048279;1;2;1;1;3;950;12/09/2012
2012048280;1;2;1;3;6;950;23/11/2012
2012048281;1;2;1;8;3;950;28/11/2012
2012048282;5;2;1;3;6;950;15/12/2012
2012048283;1;1;1;1;1;950;01/12/2012
2012048284;1;2;1;1;3;950;06/01/2012
2012048285;1;2;1;1;7;950;17/01/2012
2012048286;1;2;1;2;6;950;19/01/2012
2012048287;5;2;2;2;3;950;23/01/2012
2012048288;2;2;1;2;2;950;26/01/2012
2012048289;2;2;2;1;1;950;03/02/2012
2012048290;1;2;1;1;7;950;09/02/2012
2012048291;1;2;1;1;6;950;15/02/2012
2012048292;1;1;1;1;2;950;10/02/2012
2012048293;1;2;1;1;6;950;24/03/2012
2012048294;1;2;1;1;6;950;13/04/2012
2012048295;1;1;1;1;7;950;16/04/2012
2012048296;1;2;1;1;6;950;20/03/2012
2012048297;1;1;1;1;6;950;05/05/2012
2012048298;1;2;1;1;6;950;07/05/2012
2012048299;1;2;1;1;6;950;18/07/2012
2012048300;5;1;1;1;3;950;24/05/2012
2012048301;1;2;1;1;4;950;09/05/2012
2012048302;1;2;3;1;3;950;14/06/2012
2012048303;1;2;1;1;6;950;23/06/2012
2012048304;1;2;1;1;2;950;29/06/2012
2012048305;1;2;2;1;3;950;01/07/2012
2012048306;1;1;1;1;6;950;28/06/2012
2012048307;1;2;1;1;6;950;11/07/2012
2012048308;1;2;1;1;6;950;29/06/2012