num_acc;lum;agg;inter;atm;col;dep;date
2012049471;1;1;1;1;6;950;03/07/2012
2012049472;1;1;1;1;2;950;04/07/2012
2012049473;1;1;1;3;2;950;05/07/2012
2012049474;1;1;1;3;4;950;06/07/2012
2012049475;1;1;1;1;2;950;07/07/2012
2012049476;1;1;1;2;2;950;11/07/2012
2012049477;1;1;1;2;3;950;11/07/2012
2012049478;1;1;1;2;5;930;11/07/2012
2012049479;3;1;1;1;2;930;11/07/2012
2012049480;1;1;1;1;3;950;12/07/2012
2012049481;1;1;1;1;6;930;12/07/2012
2012049482;1;1;1;3;6;950;12/07/2012
2012049483;1;1;1;1;6;950;13/07/2012
2012049484;1;1;1;1;2;950;14/07/2012
2012049485;1;1;1;3;6;950;13/07/2012
2012049486;1;1;1;1;3;930;14/07/2012
2012049487;1;1;1;1;4;930;15/07/2012
2012049488;1;1;1;1;2;930;16/07/2012
2012049489;1;1;1;1;7;950;16/07/2012
2012049490;1;1;1;1;7;950;17/07/2012
2012049491;1;1;1;1;5;950;17/07/2012
2012049492;3;1;1;1;5;950;18/07/2012
2012049493;1;1;1;1;3;930;18/07/2012
2012049494;1;1;1;1;3;950;18/07/2012
2012049495;1;1;1;2;6;930;18/07/2012
2012049496;1;1;1;1;3;950;20/07/2012
2012049497;1;1;1;1;5;930;21/07/2012
2012049498;1;1;1;1;7;930;21/07/2012
2012049499;1;1;1;1;4;950;23/07/2012
2012049500;1;1;1;1;6;950;23/07/2012
2012049501;1;1;1;1;2;950;23/07/2012
2012049502;1;1;1;1;4;930;24/07/2012
2012049503;2;1;1;1;2;930;24/07/2012
2012049504;1;1;1;1;4;950;25/07/2012
2012049505;1;1;1;1;3;920;25/07/2012
2012049506;2;1;1;1;7;930;26/07/2012
2012049507;1;1;1;1;2;930;26/07/2012
2012049508;1;1;1;1;7;930;26/07/2012
2012049509;1;1;1;1;6;920;28/07/2012
2012049510;1;1;1;1;6;930;28/07/2012
2012049511;3;1;1;1;7;920;29/07/2012
2012049512;2;1;1;1;6;930;29/07/2012
2012049513;4;1;1;3;6;950;29/07/2012
2012049514;4;1;1;3;7;920;29/07/2012
2012049515;4;1;1;1;6;930;30/07/2012
2012049516;4;1;1;1;2;930;30/07/2012
2012049517;1;1;1;1;3;930;30/07/2012
2012049518;1;1;1;1;2;930;01/08/2012
2012049519;1;1;1;1;4;920;01/08/2012
2012049520;1;1;1;1;2;920;02/08/2012
2012049521;1;1;1;1;6;930;02/08/2012
2012049522;1;1;1;1;7;930;03/08/2012
2012049523;1;1;1;1;4;930;03/08/2012
2012049524;5;1;1;1;2;930;03/08/2012
2012049525;1;1;1;1;3;920;04/08/2012
2012049526;1;1;1;1;7;950;04/08/2012
2012049527;1;1;1;2;6;930;05/08/2012
2012049528;1;1;1;1;2;950;05/08/2012
2012049529;1;1;1;2;7;930;05/08/2012
2012049530;1;1;1;1;3;930;06/08/2012
2012049531;4;1;1;2;7;930;06/08/2012
2012049532;1;1;1;1;3;930;08/08/2012
2012049533;3;1;1;1;2;950;08/08/2012
2012049534;4;1;1;1;6;950;09/08/2012
2012049535;1;1;1;1;6;930;09/08/2012
2012049536;1;1;1;1;3;930;10/08/2012
2012049537;1;1;1;1;6;930;11/08/2012
2012049538;1;1;1;1;4;930;12/08/2012
2012049539;3;1;1;1;6;950;13/08/2012
2012049540;1;1;1;1;3;950;13/08/2012
2012049541;1;1;1;1;7;930;13/08/2012
2012049542;3;1;1;1;3;930;14/08/2012
2012049543;1;1;1;1;4;930;15/08/2012
2012049544;1;1;1;1;7;930;17/08/2012
2012049545;1;1;1;1;6;950;18/08/2012
2012049546;1;1;1;1;5;930;18/08/2012
2012049547;1;1;1;1;2;930;19/08/2012
2012049548;1;1;1;1;4;930;20/08/2012
2012049549;1;1;1;1;2;950;20/08/2012
2012049550;3;1;1;1;6;930;21/08/2012
2012049551;1;1;1;1;2;930;21/08/2012
2012049552;1;1;1;1;2;930;21/08/2012
2012049553;1;1;1;1;3;930;21/08/2012
2012049554;4;1;1;8;6;950;25/08/2012
2012049555;1;1;1;1;3;950;26/08/2012
2012049556;1;1;1;1;2;950;26/08/2012
2012049557;1;1;1;1;7;930;28/08/2012
2012049558;1;1;1;1;4;930;29/08/2012
2012049559;4;1;1;1;2;930;30/08/2012
2012049560;1;1;1;1;3;950;30/08/2012
2012049561;3;1;1;1;7;930;31/08/2012
2012049562;1;1;1;1;2;930;31/08/2012
2012049563;1;1;1;1;7;930;31/08/2012
2012049564;1;1;1;1;2;950;01/09/2012
2012049565;5;1;1;1;6;930;01/09/2012
2012049566;4;1;1;1;6;930;02/09/2012
2012049567;1;1;1;1;2;930;02/09/2012
2012049568;1;1;1;1;3;930;02/09/2012
2012049569;3;1;1;1;4;930;03/09/2012
2012049570;1;1;1;1;7;920;03/09/2012
2012049571;1;1;1;1;6;950;04/09/2012
2012049572;1;1;1;1;5;930;05/09/2012
2012049573;1;1;1;1;2;920;06/09/2012
2012049574;1;1;1;1;6;950;06/09/2012
2012049575;1;1;1;1;7;920;06/09/2012
2012049576;1;1;1;1;4;920;06/09/2012
2012049577;1;1;1;1;7;930;06/09/2012
2012049578;1;1;1;1;4;930;06/09/2012
2012049579;1;1;1;1;4;950;07/09/2012
2012049580;1;1;1;1;6;950;08/09/2012
2012049581;1;1;1;1;3;950;08/09/2012
2012049582;3;1;1;1;4;950;08/09/2012
2012049583;1;1;1;1;3;950;10/09/2012
2012049584;1;1;1;1;7;950;10/09/2012
2012049585;1;1;1;1;2;950;10/09/2012
2012049586;1;1;1;1;3;930;10/09/2012
2012049587;1;1;1;1;2;950;10/09/2012
2012049588;1;1;1;1;7;920;11/09/2012
2012049589;1;1;1;2;2;950;11/09/2012
2012049590;1;1;1;3;2;950;11/09/2012
2012049591;1;1;1;2;2;950;11/09/2012
2012049592;1;1;1;1;2;920;11/09/2012
2012049593;2;1;1;1;7;950;12/09/2012
2012049594;1;1;1;1;3;930;12/09/2012
2012049595;1;1;1;1;7;950;12/09/2012
2012049596;1;1;1;1;7;930;13/09/2012
2012049597;1;1;1;1;2;950;13/09/2012
2012049598;1;1;1;1;4;930;13/09/2012
2012049599;3;1;1;1;4;930;13/09/2012
2012049600;1;1;1;1;2;930;14/09/2012
2012049601;2;1;1;1;7;930;14/09/2012
2012049602;1;1;1;1;7;600;15/09/2012
2012049603;1;1;1;1;6;950;15/09/2012
2012049604;1;1;1;1;6;950;16/09/2012
2012049605;1;1;1;1;2;930;17/09/2012
2012049606;1;1;1;1;2;950;17/09/2012
2012049607;1;1;1;1;6;930;17/09/2012
2012049608;1;1;1;1;3;930;19/09/2012
2012049609;1;1;1;1;2;950;19/09/2012
2012049610;1;1;1;1;6;930;19/09/2012
2012049611;1;1;1;1;2;930;19/09/2012
2012049612;1;1;1;1;7;950;19/09/2012
2012049613;1;1;1;1;2;930;19/09/2012
2012049614;3;1;1;1;7;920;19/09/2012
2012049615;1;1;1;1;6;930;20/09/2012
2012049616;1;1;1;1;6;930;20/09/2012
2012049617;1;1;1;1;2;930;20/09/2012
2012049618;4;1;1;1;5;930;21/09/2012
2012049619;2;1;1;1;5;930;21/09/2012
2012049620;1;1;1;1;3;950;21/09/2012
2012049621;1;1;1;3;6;930;21/09/2012
2012049622;1;1;1;2;3;930;21/09/2012
2012049623;1;1;1;2;7;600;21/09/2012
2012049624;1;1;1;2;4;930;21/09/2012
2012049625;5;1;1;2;4;930;21/09/2012
2012049626;1;1;1;2;7;930;24/09/2012
2012049627;1;1;1;2;7;920;24/09/2012
2012049628;4;1;1;2;6;950;24/09/2012
2012049629;1;1;1;8;7;950;25/09/2012
2012049630;1;1;1;2;5;930;26/09/2012
2012049631;3;1;1;3;6;950;29/09/2012
2012049632;3;1;1;2;5;950;27/09/2012
2012049633;1;1;1;2;7;930;27/09/2012
2012049634;1;1;1;1;7;950;27/09/2012
2012049635;1;1;1;1;7;930;27/09/2012
2012049636;1;1;1;1;6;930;27/09/2012
2012049637;1;1;1;1;2;930;28/09/2012
2012049638;4;1;1;1;6;950;01/10/2012
2012049639;1;1;1;1;4;930;01/10/2012
2012049640;1;1;1;1;6;950;01/10/2012
2012049641;1;1;1;2;7;930;02/10/2012
2012049642;1;1;1;1;7;930;03/10/2012
2012049643;1;1;1;1;2;930;03/10/2012
2012049644;2;1;1;2;2;950;03/10/2012
2012049645;3;1;1;2;6;950;04/10/2012
2012049646;1;1;1;3;6;950;04/10/2012
2012049647;1;1;1;1;4;930;04/10/2012
2012049648;1;1;1;1;3;930;04/10/2012
2012049649;1;1;1;1;5;950;04/10/2012
2012049650;1;1;1;1;2;950;05/10/2012
2012049651;1;1;1;1;3;930;05/10/2012
2012049652;5;1;1;1;4;930;05/10/2012
2012049653;1;1;1;2;7;950;06/10/2012
2012049654;4;1;1;3;5;600;06/10/2012
2012049655;3;1;1;2;6;950;07/10/2012
2012049656;3;1;1;2;7;950;07/10/2012
2012049657;1;1;1;1;7;930;07/10/2012
2012049658;3;1;1;1;2;930;07/10/2012
2012049659;1;1;1;2;6;930;08/10/2012
2012049660;1;1;1;2;2;930;08/10/2012
2012049661;3;1;1;2;3;930;08/10/2012
2012049662;3;1;1;2;6;930;08/10/2012
2012049663;1;1;1;8;2;950;09/10/2012
2012049664;1;1;1;2;6;930;09/10/2012
2012049665;3;1;1;3;2;930;09/10/2012
2012049666;4;1;1;2;6;930;09/10/2012
2012049667;3;1;1;2;3;920;10/10/2012
2012049668;1;1;1;2;3;930;10/10/2012
2012049669;1;1;1;2;6;950;10/10/2012
2012049670;1;1;1;2;6;930;10/10/2012
2012049671;1;1;1;8;3;930;10/10/2012
2012049672;1;1;1;1;6;930;10/10/2012
2012049673;1;1;1;1;6;930;10/10/2012
2012049674;1;1;1;1;5;930;10/10/2012
2012049675;3;1;1;1;6;930;10/10/2012
2012049676;3;1;1;1;7;950;11/10/2012
2012049677;1;1;1;1;2;950;11/10/2012
2012049678;1;1;1;2;4;920;11/10/2012
2012049679;3;1;1;2;6;930;11/10/2012
2012049680;4;1;1;2;7;920;12/10/2012
2012049681;1;1;1;1;2;930;12/10/2012
2012049682;1;1;1;1;5;950;13/10/2012
2012049683;3;1;1;2;6;930;12/10/2012
2012049684;3;1;1;1;2;950;12/10/2012
2012049685;1;1;1;3;2;930;13/10/2012
2012049686;1;1;1;3;6;930;13/10/2012
2012049687;3;1;1;2;7;930;13/10/2012
2012049688;1;1;1;2;6;930;14/10/2012
2012049689;1;1;1;2;6;950;14/10/2012
2012049690;1;1;1;2;6;930;14/10/2012
2012049691;3;1;1;2;7;930;14/10/2012
2012049692;3;1;1;2;6;930;14/10/2012
2012049693;3;1;1;1;7;930;15/10/2012
2012049694;1;1;1;1;3;930;15/10/2012
2012049695;1;1;1;1;2;950;15/10/2012
2012049696;1;1;1;1;6;950;15/10/2012
2012049697;3;1;1;1;6;950;15/10/2012
2012049698;2;1;1;1;2;930;16/10/2012
2012049699;1;1;1;1;6;930;15/10/2012
2012049700;1;1;1;1;7;930;16/10/2012
2012049701;3;1;1;1;7;950;17/10/2012
2012049702;3;1;1;2;2;950;17/10/2012
2012049703;1;1;1;1;4;950;17/10/2012
2012049704;1;1;1;1;6;930;17/10/2012
2012049705;3;1;1;1;6;930;17/10/2012
2012049706;1;1;1;1;2;930;18/10/2012
2012049707;1;1;1;1;2;930;18/10/2012
2012049708;4;1;1;2;2;930;18/10/2012
2012049709;4;1;1;2;6;920;19/10/2012
2012049710;1;1;1;1;4;930;19/10/2012
2012049711;4;1;1;8;5;930;19/10/2012
2012049712;1;1;1;2;7;930;20/10/2012
2012049713;1;1;1;2;6;930;20/10/2012
2012049714;3;1;1;8;6;930;20/10/2012
2012049715;4;1;1;2;6;950;20/10/2012
2012049716;3;1;1;2;6;930;21/10/2012
2012049717;4;1;1;8;3;930;21/10/2012
2012049718;4;1;1;2;6;930;21/10/2012
2012049719;1;1;1;2;6;950;21/10/2012
2012049720;1;1;1;2;6;930;21/10/2012
2012049721;1;1;1;1;6;930;21/10/2012
2012049722;1;1;1;1;3;950;22/10/2012
2012049723;1;1;1;1;7;930;22/10/2012
2012049724;1;1;1;1;5;930;23/10/2012
2012049725;2;1;1;1;5;920;23/10/2012
2012049726;3;1;1;1;2;950;23/10/2012
2012049727;4;1;1;1;5;950;24/10/2012
2012049728;2;1;1;1;6;930;24/10/2012
2012049729;1;1;1;1;7;930;24/10/2012
2012049730;2;1;1;1;3;930;25/10/2012
2012049731;3;1;1;1;6;930;27/10/2012
2012049732;1;1;1;1;6;950;28/10/2012
2012049733;3;1;1;1;4;930;28/10/2012
2012049734;3;1;1;2;6;920;29/10/2012
2012049735;1;1;1;1;5;950;29/10/2012
2012049736;4;1;1;1;6;930;29/10/2012
2012049737;3;1;1;1;4;600;30/10/2012
2012049738;4;1;1;1;3;950;31/10/2012
2012049739;3;1;1;1;6;930;01/11/2012
2012049740;1;1;1;1;6;950;01/11/2012
2012049741;3;1;1;1;3;950;01/11/2012
2012049742;1;1;1;2;6;930;02/11/2012
2012049743;1;1;1;1;7;950;02/11/2012
2012049744;5;1;1;1;2;930;02/11/2012
2012049745;2;1;1;1;2;930;02/11/2012
2012049746;1;1;1;2;7;950;03/11/2012
2012049747;1;1;1;2;7;930;03/11/2012
2012049748;1;1;1;2;3;950;03/11/2012
2012049749;1;1;1;1;7;950;04/11/2012
2012049750;1;1;1;1;7;950;04/11/2012
2012049751;1;1;1;1;7;950;04/11/2012
2012049752;3;1;1;1;2;930;04/11/2012
2012049753;1;1;1;1;4;950;06/11/2012
2012049754;1;1;1;1;2;930;06/11/2012
2012049755;1;1;1;1;6;930;06/11/2012
2012049756;1;1;1;1;3;930;06/11/2012
2012049757;1;1;1;1;6;950;07/11/2012
2012049758;3;1;1;1;2;920;07/11/2012
2012049759;3;1;1;1;2;930;07/11/2012
2012049760;1;1;1;1;3;930;08/11/2012
2012049761;1;1;1;1;7;930;08/11/2012
2012049762;1;1;1;1;3;950;09/11/2012
2012049763;4;1;1;2;6;950;09/11/2012
2012049764;3;1;1;2;6;930;22/11/2012
2012049765;2;1;1;1;2;930;10/11/2012
2012049766;2;1;1;1;7;930;10/11/2012
2012049767;1;1;1;1;7;600;10/11/2012
2012049768;3;1;1;1;6;930;10/11/2012
2012049769;3;1;1;1;4;930;11/11/2012
2012049770;2;1;1;1;3;930;12/11/2012
2012049771;1;1;1;1;4;950;13/11/2012
2012049772;1;1;1;1;5;930;13/11/2012
2012049773;1;1;1;1;4;920;13/11/2012
2012049774;1;1;1;1;3;930;14/11/2012
2012049775;1;1;1;1;2;930;14/11/2012
2012049776;3;1;1;1;4;950;14/11/2012
2012049777;1;1;1;1;3;950;15/11/2012
2012049778;1;1;1;1;6;950;15/11/2012
2012049779;3;1;1;1;6;930;15/11/2012
2012049780;1;1;1;1;6;950;16/11/2012
2012049781;5;1;1;1;5;930;16/11/2012
2012049782;1;1;1;2;6;930;18/11/2012
2012049783;1;1;1;1;6;950;18/11/2012
2012049784;1;1;1;1;6;950;18/11/2012
2012049785;1;1;1;8;4;950;18/11/2012
2012049786;1;1;1;1;3;950;19/11/2012
2012049787;3;1;1;1;6;930;20/11/2012
2012049788;3;1;1;1;3;930;20/11/2012
2012049789;1;1;1;1;4;930;21/11/2012
2012049790;1;1;1;2;6;930;21/11/2012
2012049791;1;1;1;1;6;950;22/11/2012
2012049792;3;1;1;1;3;930;22/11/2012
2012049793;1;1;1;2;3;930;23/11/2012
2012049794;1;1;1;2;7;930;23/11/2012
2012049795;1;1;1;2;6;930;23/11/2012
2012049796;3;1;1;3;3;950;23/11/2012
2012049797;3;1;1;2;7;930;23/11/2012
2012049798;4;1;1;8;7;930;24/11/2012
2012049799;2;1;1;1;3;950;24/11/2012
2012049800;1;1;1;1;6;950;26/11/2012
2012049801;5;1;1;1;3;930;26/11/2012
2012049802;3;1;1;1;2;950;26/11/2012
2012049803;2;1;1;1;4;930;27/11/2012
2012049804;1;1;1;2;3;950;27/11/2012
2012049805;3;1;1;2;2;930;27/11/2012
2012049806;3;1;1;2;2;950;27/11/2012
2012049807;2;1;1;1;3;920;28/11/2012
2012049808;1;1;1;1;3;920;28/11/2012
2012049809;1;1;1;1;6;950;28/11/2012
2012049810;3;1;1;2;3;930;29/11/2012
2012049811;1;1;1;1;3;930;29/11/2012
2012049812;1;1;1;2;3;930;29/11/2012
2012049813;3;1;1;1;4;930;30/11/2012
2012049814;1;1;1;1;7;930;30/11/2012
2012049815;2;1;1;1;4;930;30/11/2012
2012049816;4;1;1;1;2;930;30/11/2012
2012049817;3;1;1;1;6;920;30/11/2012
2012049818;3;1;1;1;7;950;30/11/2012
2012049819;3;1;1;1;6;950;01/12/2012
2012049820;1;1;1;1;6;950;01/12/2012
2012049821;1;1;1;1;2;930;01/12/2012
2012049822;3;1;1;2;5;950;02/12/2012
2012049823;3;1;1;3;7;930;02/12/2012
2012049824;4;1;1;1;3;950;02/12/2012
2012049825;3;1;1;1;6;950;02/12/2012
2012049826;3;1;1;1;3;950;02/12/2012
2012049827;1;1;1;1;6;950;02/12/2012
2012049828;1;1;1;1;2;950;02/12/2012
2012049829;3;1;1;3;2;920;03/12/2012
2012049830;1;1;1;1;7;930;03/12/2012
2012049831;1;1;1;2;7;950;03/12/2012
2012049832;1;1;1;2;3;930;03/12/2012
2012049833;4;1;1;1;2;950;03/12/2012
2012049834;3;1;1;1;2;930;03/12/2012
2012049835;1;1;1;2;7;950;04/12/2012
2012049836;1;1;1;2;2;930;04/12/2012
2012049837;1;1;1;2;7;950;04/12/2012
2012049838;3;1;1;2;7;950;03/12/2012
2012049839;1;1;1;1;2;930;04/12/2012
2012049840;3;1;1;2;7;950;04/12/2012
2012049841;1;1;1;1;3;930;05/12/2012
2012049842;5;1;1;1;7;950;05/12/2012
2012049843;1;1;1;8;2;930;06/12/2012
2012049844;1;1;1;1;2;930;06/12/2012
2012049845;3;1;1;1;7;950;06/12/2012
2012049846;5;1;1;1;3;930;06/12/2012
2012049847;1;1;1;3;6;950;07/12/2012
2012049848;3;1;1;2;2;930;07/12/2012
2012049849;4;1;1;1;7;930;08/12/2012
2012049850;1;1;1;1;6;930;08/12/2012
2012049851;1;1;1;2;6;950;08/12/2012
2012049852;1;1;1;1;6;950;08/12/2012
2012049853;1;1;1;1;5;950;09/12/2012
2012049854;3;1;1;2;6;950;09/12/2012
2012049855;3;1;1;1;6;950;11/12/2012
2012049856;1;1;1;1;3;950;10/12/2012
2012049857;1;1;1;1;4;920;10/12/2012
2012049858;1;1;1;1;6;920;11/12/2012
2012049859;4;1;1;1;5;930;11/12/2012
2012049860;1;1;1;1;3;930;12/12/2012
2012049861;1;1;1;7;3;930;12/12/2012
2012049862;1;1;1;1;3;930;12/12/2012
2012049863;5;1;1;1;3;930;12/12/2012
2012049864;4;1;1;1;2;930;13/12/2012
2012049865;1;1;1;2;6;950;13/12/2012
2012049866;1;1;1;3;7;930;14/12/2012
2012049867;1;1;1;2;3;920;14/12/2012
2012049868;1;1;1;2;6;950;14/12/2012
2012049869;4;1;1;1;4;930;14/12/2012
2012049870;4;1;1;2;5;950;15/12/2012
2012049871;3;1;1;2;6;950;15/12/2012
2012049872;3;1;1;2;6;930;15/12/2012
2012049873;5;1;1;1;6;930;16/12/2012
2012049874;3;1;1;8;7;930;16/12/2012
2012049875;1;1;1;1;5;930;16/12/2012
2012049876;4;1;1;2;2;950;16/12/2012
2012049877;1;1;1;1;6;950;18/12/2012
2012049878;1;1;1;1;6;600;19/12/2012
2012049879;3;1;1;2;2;600;19/12/2012
2012049880;3;1;1;2;4;950;19/12/2012
2012049881;3;1;1;2;3;930;20/12/2012
2012049882;1;1;1;2;2;950;20/12/2012
2012049883;1;1;1;1;4;950;20/12/2012
2012049884;1;1;1;2;6;930;20/12/2012
2012049885;2;1;1;2;3;930;20/12/2012
2012049886;1;1;1;2;7;950;20/12/2012
2012049887;5;1;1;1;2;930;21/12/2012
2012049888;1;1;1;1;6;950;21/12/2012
2012049889;3;1;1;1;6;950;21/12/2012
2012049890;1;1;1;2;6;950;22/12/2012
2012049891;1;1;1;2;7;930;22/12/2012
2012049892;3;1;1;2;6;950;22/12/2012
2012049893;3;1;1;2;2;930;22/12/2012
2012049894;3;1;1;3;3;950;22/12/2012
2012049895;4;1;1;1;6;950;23/12/2012
2012049896;3;1;1;1;6;950;23/12/2012
2012049897;4;1;1;1;6;950;23/12/2012
2012049898;5;1;1;1;6;930;24/12/2012
2012049899;1;1;1;1;7;920;24/12/2012
2012049900;3;1;1;3;6;930;27/12/2012
2012049901;3;1;1;2;6;930;27/12/2012
2012049902;1;1;1;8;4;950;27/12/2012
2012049903;1;1;1;2;3;950;27/12/2012
2012049904;1;1;1;1;3;950;28/12/2012
2012049905;3;1;1;1;6;950;28/12/2012
2012049906;3;1;1;1;3;930;29/12/2012
2012049907;3;1;1;1;3;950;30/12/2012
2012049908;1;1;1;1;6;950;30/12/2012
2012049909;1;1;1;1;6;950;31/12/2012
2012049910;3;2;1;4;7;930;02/12/2012
2012049911;4;1;1;8;7;920;01/01/2012
2012049912;3;1;1;2;6;780;01/01/2012
2012049913;1;1;1;2;2;920;01/01/2012
2012049914;3;1;1;2;4;780;01/01/2012
2012049915;1;1;1;7;6;780;02/01/2012
2012049916;3;1;1;1;4;780;02/01/2012
2012049917;5;1;1;2;6;920;02/01/2012
2012049918;4;1;1;2;4;920;03/01/2012
2012049919;1;1;1;1;3;920;04/01/2012
2012049920;1;1;1;1;3;780;05/01/2012
2012049921;1;1;1;6;6;780;05/01/2012
2012049922;3;1;1;1;4;920;05/01/2012
2012049923;3;1;1;1;6;920;07/01/2012
2012049924;5;1;1;1;4;780;07/01/2012
2012049925;3;1;1;1;1;780;08/01/2012
2012049926;1;1;1;1;6;780;08/01/2012
2012049927;5;1;1;1;5;920;10/01/2012
2012049928;1;1;1;1;6;780;10/01/2012
2012049929;3;1;1;1;3;780;10/01/2012
2012049930;3;1;1;1;2;780;12/01/2012
2012049931;3;1;1;1;2;780;12/01/2012
2012049932;1;1;1;1;3;780;13/01/2012
2012049933;1;1;1;1;6;780;13/01/2012
2012049934;5;1;1;1;4;780;13/01/2012
2012049935;1;1;1;1;4;920;14/01/2012
2012049936;5;1;1;1;3;780;15/01/2012
2012049937;3;1;1;1;2;920;15/01/2012
2012049938;1;1;1;1;3;780;16/01/2012
2012049939;1;1;1;1;3;920;16/01/2012
2012049940;5;1;1;1;2;920;17/01/2012
2012049941;3;1;1;1;2;780;17/01/2012
2012049942;5;1;1;1;2;920;17/01/2012
2012049943;5;1;1;1;2;920;18/01/2012
2012049944;1;1;1;2;7;920;18/01/2012
2012049945;4;1;1;1;5;920;20/01/2012
2012049946;3;1;1;2;3;920;20/01/2012
2012049947;3;1;1;1;7;920;20/01/2012
2012049948;1;1;1;1;2;920;22/01/2012
2012049949;5;1;1;1;5;780;23/01/2012
2012049950;2;1;1;2;4;780;24/01/2012
2012049951;2;1;1;2;2;780;24/01/2012
2012049952;1;1;1;2;6;780;25/01/2012
2012049953;2;1;1;2;2;920;26/01/2012
2012049954;1;1;1;1;5;780;26/01/2012
2012049955;1;1;1;1;5;920;27/01/2012
2012049956;5;1;1;1;2;780;27/01/2012
2012049957;3;1;1;3;2;780;28/01/2012
2012049958;3;1;1;2;4;920;28/01/2012
2012049959;3;1;1;1;5;920;30/01/2012
2012049960;2;1;1;1;2;920;30/01/2012
2012049961;1;1;1;1;2;780;31/01/2012
2012049962;1;1;1;1;2;780;01/02/2012
2012049963;1;1;1;1;5;780;03/02/2012
2012049964;1;1;1;1;2;920;03/02/2012
2012049965;1;1;1;1;6;780;04/02/2012
2012049966;1;1;1;1;4;780;04/02/2012
2012049967;1;1;1;1;2;920;04/02/2012
2012049968;1;1;1;1;6;780;04/02/2012
2012049969;2;1;1;4;6;780;05/02/2012
2012049970;3;1;1;1;3;780;07/02/2012
2012049971;3;1;1;4;6;780;08/02/2012
2012049972;3;1;1;1;3;780;08/02/2012
2012049973;1;1;1;1;6;780;09/02/2012
2012049974;1;1;1;1;2;780;09/02/2012
2012049975;1;1;1;9;2;920;09/02/2012
2012049976;1;1;1;1;6;780;09/02/2012
2012049977;3;1;1;9;6;780;10/02/2012
2012049978;1;1;1;1;7;920;10/02/2012
2012049979;3;1;1;1;5;780;11/02/2012
2012049980;1;1;1;1;4;920;11/02/2012
2012049981;1;1;1;1;5;780;11/02/2012
2012049982;1;1;1;1;2;920;12/02/2012
2012049983;1;1;1;8;5;920;12/02/2012
2012049984;1;1;1;1;2;920;13/02/2012
2012049985;3;1;1;2;6;780;15/02/2012
2012049986;1;1;1;1;3;780;15/02/2012
2012049987;1;1;1;1;7;780;15/02/2012
2012049988;1;1;1;1;2;920;15/02/2012
2012049989;1;1;1;2;3;780;15/02/2012
2012049990;3;1;1;1;7;780;15/02/2012
2012049991;2;1;1;1;7;780;17/02/2012
2012049992;1;1;1;1;6;780;17/02/2012
2012049993;1;1;1;2;5;920;17/02/2012
2012049994;1;1;1;2;5;780;18/02/2012
2012049995;2;1;1;9;2;780;18/02/2012
2012049996;1;1;1;1;3;920;19/02/2012
2012049997;1;1;1;1;2;780;21/02/2012
2012049998;1;1;1;1;5;920;22/02/2012
2012049999;3;1;1;1;6;780;22/02/2012
2012050000;3;1;1;1;3;780;24/02/2012
2012050001;1;1;1;8;4;920;25/02/2012
2012050002;1;1;1;1;6;780;27/02/2012
2012050003;1;1;1;1;2;920;28/02/2012
2012050004;5;1;1;1;2;780;28/02/2012
2012050005;3;1;1;1;2;780;29/02/2012
2012050006;1;1;1;1;2;920;01/03/2012
2012050007;2;1;1;1;3;780;02/03/2012
2012050008;1;1;1;1;2;780;03/03/2012
2012050009;1;1;1;2;2;920;04/03/2012
2012050010;3;1;1;3;3;780;04/03/2012
2012050011;5;1;1;6;2;920;05/03/2012
2012050012;1;1;1;1;3;920;06/03/2012
2012050013;1;1;1;1;5;780;07/03/2012
2012050014;5;1;1;9;6;780;08/03/2012
2012050015;3;1;1;1;6;780;08/03/2012
2012050016;1;1;1;1;2;780;08/03/2012
2012050017;1;1;1;1;3;780;08/03/2012
2012050018;5;1;1;1;6;780;08/03/2012
2012050019;2;1;1;1;1;920;09/03/2012
2012050020;5;1;1;1;2;920;10/03/2012
2012050021;3;1;1;5;6;780;11/03/2012
2012050022;3;1;1;1;6;780;11/03/2012
2012050023;1;1;1;1;2;780;12/03/2012
2012050024;3;1;1;1;6;780;12/03/2012
2012050025;1;1;1;5;5;780;13/03/2012
2012050026;5;1;1;1;2;920;13/03/2012
2012050027;1;1;1;1;3;920;13/03/2012
2012050028;1;1;1;1;2;920;13/03/2012
2012050029;1;1;1;1;3;920;14/03/2012
2012050030;1;1;1;1;2;780;16/03/2012
2012050031;1;1;1;1;3;920;16/03/2012
2012050032;1;1;1;1;6;780;16/03/2012
2012050033;2;1;1;7;6;780;16/03/2012
2012050034;1;1;1;1;6;780;16/03/2012
2012050035;3;1;1;1;2;780;16/03/2012
2012050036;1;1;1;1;4;920;19/03/2012
2012050037;3;1;1;1;2;780;21/03/2012
2012050038;1;1;1;1;3;920;21/03/2012
2012050039;1;1;1;1;3;920;21/03/2012
2012050040;1;1;1;1;5;780;21/03/2012
2012050041;1;1;1;1;3;780;21/03/2012
2012050042;1;1;1;1;4;780;21/03/2012
2012050043;1;1;1;7;2;780;23/03/2012
2012050044;1;1;1;1;2;920;23/03/2012
2012050045;1;1;1;1;2;920;24/03/2012
2012050046;1;1;1;1;2;920;24/03/2012
2012050047;1;1;1;1;2;920;24/03/2012
2012050048;1;1;1;1;4;780;26/03/2012
2012050049;1;1;1;1;2;780;27/03/2012
2012050050;1;1;1;1;4;920;28/03/2012
2012050051;1;1;1;1;3;920;29/03/2012