num_acc;lum;agg;inter;atm;col;dep;date
2012051214;1;1;1;1;2;202;12/09/2012
2012051215;1;2;1;1;2;202;14/09/2012
2012051216;1;2;1;1;7;202;22/09/2012
2012051217;5;2;2;1;6;202;25/09/2012
2012051218;1;2;1;1;3;202;27/09/2012
2012051219;1;2;1;2;3;202;30/09/2012
2012051220;1;2;1;1;6;202;02/10/2012
2012051221;1;2;1;1;6;202;05/10/2012
2012051222;1;1;1;1;6;202;16/10/2012
2012051223;5;2;6;1;3;202;17/10/2012
2012051224;1;2;1;1;2;202;19/10/2012
2012051225;1;2;1;1;2;202;25/10/2012
2012051226;1;2;1;1;2;202;08/10/2012
2012051227;1;2;3;1;3;202;29/10/2012
2012051228;1;2;3;1;3;202;30/10/2012
2012051229;1;2;1;1;6;202;02/11/2012
2012051230;1;2;1;1;1;202;04/11/2012
2012051231;1;2;1;1;2;202;07/11/2012
2012051232;5;2;1;1;6;202;11/11/2012
2012051233;1;1;1;2;6;202;13/11/2012
2012051234;2;2;1;1;4;202;17/11/2012
2012051235;1;2;1;1;4;202;21/11/2012
2012051236;1;2;1;1;2;202;23/11/2012
2012051237;5;2;1;1;6;202;23/11/2012
2012051238;2;1;1;1;4;202;23/11/2012
2012051239;5;2;1;1;6;202;25/11/2012
2012051240;1;2;1;2;6;202;30/11/2012
2012051241;1;2;1;1;6;202;02/12/2012
2012051242;1;2;1;1;6;202;04/12/2012
2012051243;1;2;1;1;6;202;06/12/2012
2012051244;1;2;1;1;4;202;06/12/2012
2012051245;5;1;1;1;1;202;08/12/2012
2012051246;1;2;1;1;4;202;12/12/2012
2012051247;1;2;1;1;4;202;14/12/2012
2012051248;5;2;1;1;6;202;16/12/2012
2012051249;1;2;1;1;4;202;17/12/2012
2012051250;1;2;1;1;3;202;24/12/2012
2012051251;5;2;2;1;3;202;27/12/2012
2012051252;3;2;1;1;6;202;31/12/2012
2012051253;5;2;2;1;2;690;04/01/2012
2012051254;1;2;1;1;7;690;08/03/2012
2012051255;1;2;1;1;6;690;14/01/2012
2012051256;1;2;1;1;3;690;17/01/2012
2012051257;5;2;3;1;3;690;13/01/2012
2012051258;5;2;2;1;6;690;18/01/2012
2012051259;5;2;3;1;6;690;17/01/2012
2012051260;2;2;1;2;6;690;25/01/2012
2012051261;1;2;2;2;3;690;29/01/2012
2012051262;5;2;1;1;6;690;30/01/2012
2012051263;1;2;1;8;7;690;27/01/2012
2012051264;1;2;1;8;2;690;31/01/2012
2012051265;1;2;3;1;3;690;19/02/2012
2012051266;1;2;1;1;3;690;14/03/2012
2012051267;1;2;1;1;6;690;23/03/2012
2012051268;5;2;1;1;6;690;24/03/2012
2012051269;1;2;1;1;7;690;27/03/2012
2012051270;5;2;2;1;3;690;27/03/2012
2012051271;5;2;1;1;6;690;31/03/2012
2012051272;5;2;1;1;3;690;31/03/2012
2012051273;1;2;1;1;6;690;13/04/2012
2012051274;1;2;2;1;3;690;07/04/2012
2012051275;5;2;1;1;2;690;27/04/2012
2012051276;1;2;1;1;6;690;28/04/2012
2012051277;1;2;1;1;2;690;30/04/2012
2012051278;1;2;3;3;6;690;02/05/2012
2012051279;5;2;2;1;3;690;12/05/2012
2012051280;1;2;1;1;6;690;16/05/2012
2012051281;5;2;1;1;6;690;18/05/2012
2012051282;5;2;1;1;6;690;27/05/2012
2012051283;5;2;1;1;6;690;28/05/2012
2012051284;1;2;1;1;3;690;01/06/2012
2012051285;1;2;1;1;6;690;07/06/2012
2012051286;1;2;3;7;6;690;16/06/2012
2012051287;5;2;1;1;7;690;17/06/2012
2012051288;1;2;1;1;3;690;18/06/2012
2012051289;1;2;4;2;6;690;20/06/2012
2012051290;1;2;2;8;3;690;26/06/2012
2012051291;1;2;3;7;3;690;28/06/2012
2012051292;1;2;2;1;6;690;22/06/2012
2012051293;1;2;1;1;3;690;10/07/2012
2012051294;1;2;1;1;6;690;12/07/2012
2012051295;5;2;2;1;3;690;22/07/2012
2012051296;1;2;3;1;1;690;27/07/2012
2012051297;1;2;3;1;3;690;30/07/2012
2012051298;1;2;3;1;3;690;09/08/2012
2012051299;1;2;1;1;6;690;18/08/2012
2012051300;4;2;1;1;2;690;23/08/2012
2012051301;5;2;1;1;4;690;26/08/2012
2012051302;5;2;1;1;6;690;03/09/2012
2012051303;1;2;2;1;3;690;04/09/2012
2012051304;5;2;1;1;6;690;15/09/2012
2012051305;1;2;1;1;2;690;22/09/2012
2012051306;1;2;1;1;6;690;24/09/2012
2012051307;5;2;1;1;6;690;09/09/2012
2012051308;5;2;1;1;6;690;05/10/2012
2012051309;2;2;1;2;2;690;21/09/2012
2012051310;1;2;3;2;3;690;21/09/2012
2012051311;1;2;2;1;3;690;10/10/2012
2012051312;1;2;1;2;6;690;26/10/2012
2012051313;5;2;1;1;2;690;29/10/2012
2012051314;5;2;1;1;6;690;08/11/2012
2012051315;5;2;1;2;6;690;11/11/2012
2012051316;1;2;1;2;6;690;10/11/2012
2012051317;1;2;1;1;6;690;12/11/2012
2012051318;5;2;1;1;3;690;13/11/2012
2012051319;1;2;1;1;4;690;14/11/2012
2012051320;5;2;1;1;6;690;19/11/2012
2012051321;1;2;1;1;6;690;22/11/2012
2012051322;1;2;1;4;6;690;03/12/2012
2012051323;1;2;2;2;3;690;03/12/2012
2012051324;1;2;1;1;3;690;16/12/2012
2012051325;1;1;1;1;7;590;04/01/2012
2012051326;1;1;1;1;3;620;07/01/2012
2012051327;1;1;1;1;6;590;10/01/2012
2012051328;1;1;1;1;2;590;10/01/2012
2012051329;1;1;1;1;6;590;10/01/2012
2012051330;5;1;1;1;2;590;12/01/2012
2012051331;3;1;1;2;2;590;18/01/2012
2012051332;3;1;1;3;6;620;27/01/2012
2012051333;1;1;1;2;3;590;28/01/2012
2012051334;3;1;1;1;2;590;30/01/2012
2012051335;3;1;1;4;3;590;03/02/2012
2012051336;3;1;1;4;1;590;04/02/2012
2012051337;1;1;1;4;7;590;04/02/2012
2012051338;1;1;1;1;3;590;08/02/2012
2012051339;3;1;1;1;3;590;08/02/2012
2012051340;3;1;1;2;2;590;10/02/2012
2012051341;5;1;1;9;2;590;13/02/2012
2012051342;1;1;1;2;6;590;17/02/2012
2012051343;2;1;1;2;2;590;23/02/2012
2012051344;3;1;1;2;6;590;02/03/2012
2012051345;3;1;1;8;3;590;02/03/2012
2012051346;1;1;1;1;3;590;14/03/2012
2012051347;1;1;1;1;3;590;14/03/2012
2012051348;1;1;1;1;2;590;16/03/2012
2012051349;1;1;1;1;5;590;19/03/2012
2012051350;5;1;1;1;6;590;21/03/2012
2012051351;1;1;1;1;5;620;22/03/2012
2012051352;5;1;1;1;2;620;24/03/2012
2012051353;1;1;1;1;7;590;26/03/2012
2012051354;5;1;1;1;1;590;30/03/2012
2012051355;5;1;1;1;6;590;01/04/2012
2012051356;5;1;1;1;2;590;04/04/2012
2012051357;1;1;1;2;5;620;07/04/2012
2012051358;1;1;1;3;3;590;12/04/2012
2012051359;5;1;1;1;5;590;13/04/2012
2012051360;1;1;1;3;3;590;17/04/2012
2012051361;1;1;1;8;3;590;18/04/2012
2012051362;1;1;1;1;3;590;22/04/2012
2012051363;1;1;1;1;4;590;26/04/2012
2012051364;1;1;1;2;5;590;05/05/2012
2012051365;5;1;1;1;6;590;07/05/2012
2012051366;1;1;1;1;3;620;10/05/2012
2012051367;1;1;1;1;3;590;20/05/2012
2012051368;1;1;1;8;5;590;21/05/2012
2012051369;1;1;1;1;3;590;24/05/2012
2012051370;1;1;1;1;4;590;27/05/2012
2012051371;1;1;1;1;2;590;29/05/2012
2012051372;5;1;1;1;6;590;09/06/2012
2012051373;1;1;1;1;6;590;09/06/2012
2012051374;1;1;1;1;2;620;15/06/2012
2012051375;2;1;1;1;6;590;19/06/2012
2012051376;1;1;1;1;2;590;19/06/2012
2012051377;1;1;1;1;3;590;19/06/2012
2012051378;1;1;1;1;7;590;23/06/2012
2012051379;1;1;1;2;3;590;08/07/2012
2012051380;3;1;1;1;2;590;20/07/2012
2012051381;1;1;1;1;7;590;23/07/2012
2012051382;1;1;1;7;2;590;25/07/2012
2012051383;1;1;1;1;4;590;25/07/2012
2012051384;1;1;1;1;2;590;25/07/2012
2012051385;1;1;1;1;7;590;29/07/2012
2012051386;1;1;1;1;5;590;08/08/2012
2012051387;5;1;1;1;6;590;13/08/2012
2012051388;3;1;1;1;6;590;13/08/2012
2012051389;2;1;1;1;6;590;15/08/2012
2012051390;1;1;1;1;3;590;21/08/2012
2012051391;1;1;1;1;3;590;23/08/2012
2012051392;5;1;1;1;6;590;24/08/2012
2012051393;2;1;1;1;2;590;27/08/2012
2012051394;1;1;1;1;2;590;28/08/2012
2012051395;1;1;1;1;2;590;31/08/2012
2012051396;4;1;1;1;7;590;01/09/2012
2012051397;1;1;1;1;2;590;04/09/2012
2012051398;1;1;1;1;2;590;04/09/2012
2012051399;1;1;1;1;2;620;06/09/2012
2012051400;1;1;1;1;7;590;07/09/2012
2012051401;3;1;1;1;2;590;08/09/2012
2012051402;1;1;1;1;6;590;13/09/2012
2012051403;1;1;1;1;3;590;14/09/2012
2012051404;4;1;1;1;6;620;16/09/2012
2012051405;1;1;1;1;2;590;16/09/2012
2012051406;1;1;1;1;7;590;22/09/2012
2012051407;1;1;1;2;7;590;23/09/2012
2012051408;1;1;1;1;2;590;25/09/2012
2012051409;4;1;1;1;7;590;30/09/2012
2012051410;3;1;1;1;2;620;02/10/2012
2012051411;1;1;1;1;6;590;06/10/2012
2012051412;1;1;1;1;2;590;10/10/2012
2012051413;3;1;1;2;2;590;13/10/2012
2012051414;3;1;1;2;6;590;14/10/2012
2012051415;3;1;1;1;6;590;24/10/2012
2012051416;1;1;1;2;3;590;25/10/2012
2012051417;3;1;1;1;3;620;27/10/2012
2012051418;1;1;1;5;2;590;30/10/2012
2012051419;3;1;1;2;7;590;03/11/2012
2012051420;1;1;1;1;7;590;09/11/2012
2012051421;3;1;1;1;2;590;20/11/2012
2012051422;2;1;1;1;5;590;22/11/2012
2012051423;1;1;1;2;5;590;26/11/2012
2012051424;1;1;1;1;6;590;28/11/2012
2012051425;1;1;1;2;6;620;29/11/2012
2012051426;1;1;1;1;3;590;01/12/2012
2012051427;1;1;1;1;7;590;01/12/2012
2012051428;3;1;1;1;4;590;02/12/2012
2012051429;3;1;1;1;4;620;19/12/2012
2012051430;3;1;1;1;2;590;19/12/2012
2012051431;5;1;1;1;7;590;19/12/2012
2012051432;5;1;1;1;5;590;24/12/2012
2012051433;1;1;1;1;1;620;24/12/2012
2012051434;5;1;1;1;3;590;30/12/2012
2012051435;5;1;1;2;6;590;31/12/2012
2012051436;1;2;1;2;6;690;02/01/2012
2012051437;5;2;2;1;3;690;03/01/2012
2012051438;5;2;2;2;3;690;08/01/2012
2012051439;1;2;1;1;3;690;10/01/2012
2012051440;5;2;3;1;2;690;12/01/2012
2012051441;1;2;2;1;6;690;12/01/2012
2012051442;1;2;1;1;6;690;14/01/2012
2012051443;1;2;1;1;6;690;18/01/2012
2012051444;1;2;1;8;6;690;19/01/2012
2012051445;1;1;1;8;6;690;19/01/2012
2012051446;4;2;1;2;3;690;20/01/2012
2012051447;2;2;1;1;3;690;23/01/2012
2012051448;2;2;2;1;3;690;23/01/2012
2012051449;5;2;2;1;2;690;24/01/2012
2012051450;5;2;1;2;2;690;24/01/2012
2012051451;1;2;2;1;6;690;24/01/2012
2012051452;5;2;4;2;3;690;25/01/2012
2012051453;1;2;5;2;6;690;25/01/2012
2012051454;2;2;1;1;6;690;26/01/2012
2012051455;5;2;3;1;1;690;26/01/2012
2012051456;5;2;1;6;6;690;03/02/2012
2012051457;1;2;2;1;3;690;07/02/2012
2012051458;5;2;2;1;3;690;09/02/2012
2012051459;5;2;1;1;6;690;10/02/2012
2012051460;1;2;2;1;6;690;12/02/2012
2012051461;1;2;1;4;6;690;14/02/2012
2012051462;1;2;1;1;3;690;16/02/2012
2012051463;1;2;2;1;3;690;16/02/2012
2012051464;1;2;1;1;6;690;17/02/2012
2012051465;1;2;1;1;3;690;18/02/2012
2012051466;5;2;1;1;6;690;18/02/2012
2012051467;1;2;2;2;3;690;19/02/2012
2012051468;1;2;1;1;3;690;23/02/2012
2012051469;3;2;2;1;6;690;24/02/2012
2012051470;4;2;1;1;6;690;25/02/2012
2012051471;5;2;1;1;6;690;26/02/2012
2012051472;2;2;4;1;1;690;26/02/2012
2012051473;1;2;2;1;3;690;28/02/2012
2012051474;1;2;7;1;6;690;28/02/2012
2012051475;1;2;1;2;6;690;01/03/2012
2012051476;5;2;2;1;3;690;01/03/2012
2012051477;1;2;1;1;6;690;01/03/2012
2012051478;1;2;3;1;3;690;02/03/2012
2012051479;1;2;2;1;6;690;06/03/2012
2012051480;1;2;3;1;3;690;07/03/2012
2012051481;1;2;2;1;6;690;07/03/2012
2012051482;1;2;1;1;2;690;15/03/2012
2012051483;1;2;1;1;2;690;15/03/2012
2012051484;1;2;2;1;3;690;15/03/2012
2012051485;1;2;1;1;6;690;20/03/2012
2012051486;1;2;1;1;6;690;21/03/2012
2012051487;5;2;3;1;3;690;23/03/2012
2012051488;1;2;1;1;6;690;22/03/2012
2012051489;1;2;1;1;3;690;22/03/2012
2012051490;4;2;2;1;3;690;17/03/2012
2012051491;1;2;2;1;6;690;24/03/2012
2012051492;5;2;2;1;5;690;25/03/2012
2012051493;5;2;2;1;6;690;23/03/2012
2012051494;5;2;1;1;6;690;02/04/2012
2012051495;1;2;2;1;6;690;29/03/2012
2012051496;5;2;2;1;3;690;29/03/2012
2012051497;1;2;3;1;3;690;24/04/2012
2012051498;1;2;2;1;3;690;02/04/2012
2012051499;1;2;2;1;3;690;02/04/2012
2012051500;1;2;1;1;2;690;04/04/2012
2012051501;1;2;1;1;4;690;26/04/2012
2012051502;1;2;1;1;2;690;19/03/2012
2012051503;5;2;3;1;3;690;05/04/2012
2012051504;5;2;2;1;3;690;08/04/2012
2012051505;1;2;2;1;3;690;09/04/2012
2012051506;1;2;1;1;6;690;10/04/2012
2012051507;1;2;2;1;6;690;19/04/2012
2012051508;1;2;1;1;5;690;19/04/2012
2012051509;1;2;2;1;3;690;22/04/2012
2012051510;1;2;1;1;6;690;23/04/2012
2012051511;1;2;1;2;6;690;23/04/2012
2012051512;1;1;2;2;6;690;24/04/2012
2012051513;1;2;2;6;6;690;26/04/2012
2012051514;5;2;3;2;6;690;29/04/2012
2012051515;1;2;2;1;3;690;01/05/2012
2012051516;1;2;1;1;6;690;04/05/2012
2012051517;1;2;1;1;1;690;04/05/2012
2012051518;1;2;1;1;6;690;03/05/2012
2012051519;1;2;2;1;3;690;03/05/2012
2012051520;1;2;1;1;6;690;03/05/2012
2012051521;1;2;2;1;3;690;01/05/2012
2012051522;1;2;1;1;2;690;09/05/2012
2012051523;4;2;2;1;1;690;12/05/2012
2012051524;1;2;1;1;4;690;13/05/2012
2012051525;5;2;1;1;3;690;13/05/2012
2012051526;1;2;2;1;6;690;15/05/2012
2012051527;1;2;3;1;5;690;17/05/2012
2012051528;1;2;1;1;6;690;16/05/2012
2012051529;1;2;1;1;2;690;17/05/2012
2012051530;1;2;1;2;6;690;21/05/2012
2012051531;1;2;2;2;6;690;22/05/2012
2012051532;1;2;1;1;6;690;23/05/2012
2012051533;1;2;1;1;6;690;23/05/2012
2012051534;1;2;1;1;3;690;24/05/2012
2012051535;1;2;1;1;3;690;29/05/2012
2012051536;1;2;1;1;3;690;29/05/2012
2012051537;5;2;2;1;3;690;30/05/2012
2012051538;1;2;1;1;6;690;31/05/2012
2012051539;1;2;1;1;6;690;02/06/2012
2012051540;1;2;1;1;6;690;02/06/2012
2012051541;2;2;1;1;6;690;02/06/2012
2012051542;1;2;1;1;5;690;06/06/2012
2012051543;1;2;2;1;3;690;11/06/2012
2012051544;1;2;2;1;3;690;12/06/2012
2012051545;1;2;2;1;3;690;13/06/2012
2012051546;1;2;1;1;6;690;13/06/2012
2012051547;1;2;1;1;3;690;13/06/2012
2012051548;1;2;3;1;2;690;16/06/2012
2012051549;1;2;1;1;2;690;16/06/2012
2012051550;1;2;2;1;6;690;18/06/2012
2012051551;1;2;1;1;6;690;18/06/2012
2012051552;1;2;1;1;6;690;21/06/2012
2012051553;1;2;1;1;6;690;22/06/2012
2012051554;1;2;2;1;3;690;22/06/2012
2012051555;1;2;3;1;3;690;23/06/2012
2012051556;1;2;1;1;3;690;26/06/2012
2012051557;1;2;2;1;3;690;27/06/2012
2012051558;1;2;2;1;3;690;27/06/2012
2012051559;1;2;3;1;3;690;27/06/2012
2012051560;1;2;1;1;6;690;27/06/2012
2012051561;1;2;2;1;3;690;28/06/2012
2012051562;1;2;1;1;5;690;28/06/2012
2012051563;1;2;4;1;2;690;28/06/2012
2012051564;1;2;3;1;2;690;29/06/2012
2012051565;1;2;1;1;6;690;29/06/2012
2012051566;1;2;2;1;3;690;29/06/2012
2012051567;1;2;2;1;3;690;12/07/2012
2012051568;4;2;1;2;6;690;01/07/2012
2012051569;1;2;2;1;3;690;02/07/2012
2012051570;1;2;2;1;3;690;03/07/2012
2012051571;1;2;1;1;3;690;03/07/2012
2012051572;1;2;1;1;3;690;03/07/2012
2012051573;1;2;2;1;6;690;04/07/2012
2012051574;5;2;1;2;2;690;05/07/2012
2012051575;1;2;1;1;6;690;08/07/2012
2012051576;1;2;3;1;3;690;09/07/2012
2012051577;1;2;1;1;3;690;10/07/2012
2012051578;1;2;2;2;3;690;10/07/2012
2012051579;1;2;1;1;5;690;11/07/2012
2012051580;1;2;9;1;3;690;12/07/2012
2012051581;1;2;1;1;6;690;13/07/2012
2012051582;1;2;2;1;3;690;18/07/2012
2012051583;1;2;1;1;5;690;12/07/2012
2012051584;5;2;2;1;3;690;19/07/2012
2012051585;1;2;1;1;2;690;26/07/2012
2012051586;1;2;9;1;6;690;26/07/2012
2012051587;1;2;2;1;3;690;31/07/2012
2012051588;1;2;1;1;6;690;29/07/2012
2012051589;1;2;1;1;2;690;29/07/2012
2012051590;1;2;2;1;3;690;01/08/2012
2012051591;1;2;1;1;2;690;02/08/2012
2012051592;1;2;2;1;5;690;02/08/2012
2012051593;1;2;2;1;6;690;10/08/2012
2012051594;5;2;1;1;6;690;14/08/2012
2012051595;1;2;1;1;6;690;15/08/2012
2012051596;1;2;2;1;3;690;15/08/2012
2012051597;1;2;3;1;3;690;16/08/2012
2012051598;1;2;2;1;7;690;21/08/2012
2012051599;1;2;2;1;1;690;27/08/2012
2012051600;1;2;1;1;6;690;29/08/2012
2012051601;1;2;2;1;6;690;04/09/2012
2012051602;1;2;2;1;3;690;06/09/2012
2012051603;5;2;3;1;3;690;06/09/2012
2012051604;1;2;3;1;3;690;07/09/2012
2012051605;1;2;1;1;3;690;07/09/2012
2012051606;1;2;1;1;4;690;07/09/2012
2012051607;1;2;1;1;7;690;08/09/2012
2012051608;1;2;2;1;3;690;08/09/2012
2012051609;5;2;1;1;6;690;09/09/2012
2012051610;2;2;2;1;3;690;10/09/2012
2012051611;1;2;1;1;6;690;11/09/2012
2012051612;1;2;1;1;6;690;14/09/2012
2012051613;1;2;2;1;3;690;15/09/2012
2012051614;1;2;1;1;6;690;15/09/2012
2012051615;1;2;1;1;6;690;18/09/2012
2012051616;2;2;1;8;6;690;19/09/2012
2012051617;1;2;1;1;6;690;20/09/2012
2012051618;1;2;2;1;3;690;20/09/2012
2012051619;1;2;2;1;6;690;21/09/2012
2012051620;1;2;2;2;2;690;21/09/2012
2012051621;1;2;2;1;3;690;24/09/2012
2012051622;2;2;1;1;3;690;24/09/2012
2012051623;1;2;1;1;6;690;18/09/2012
2012051624;5;2;2;1;7;690;25/09/2012
2012051625;1;2;2;1;6;690;25/09/2012
2012051626;1;2;2;1;6;690;27/09/2012
2012051627;1;2;2;1;3;690;25/09/2012
2012051628;1;2;2;1;3;690;29/09/2012
2012051629;1;2;2;1;3;690;01/10/2012
2012051630;1;2;1;1;3;690;02/10/2012
2012051631;5;2;1;9;6;690;06/10/2012
2012051632;1;2;1;1;2;690;06/10/2012
2012051633;1;2;1;1;7;690;10/10/2012
2012051634;1;2;1;8;3;690;10/10/2012
2012051635;1;2;2;1;3;690;11/10/2012
2012051636;1;2;1;2;3;690;12/10/2012
2012051637;1;2;1;1;6;690;14/10/2012
2012051638;2;2;2;1;3;690;15/10/2012
2012051639;1;2;1;1;3;690;15/10/2012
2012051640;1;2;1;1;6;690;17/10/2012
2012051641;1;2;1;1;3;690;19/10/2012
2012051642;1;2;2;1;3;690;20/10/2012
2012051643;5;2;1;1;3;690;20/10/2012
2012051644;1;2;1;1;3;690;20/10/2012
2012051645;1;2;2;1;3;690;22/10/2012
2012051646;1;2;2;1;3;690;22/10/2012
2012051647;1;2;1;1;3;690;08/02/2012
2012051648;5;2;1;1;6;690;24/10/2012
2012051649;1;2;1;1;7;690;26/10/2012
2012051650;5;2;1;1;3;690;29/10/2012
2012051651;3;2;9;1;6;690;01/11/2012
2012051652;5;2;2;1;2;690;06/11/2012
2012051653;5;2;2;1;3;690;08/11/2012
2012051654;5;2;3;1;1;690;07/11/2012
2012051655;5;2;2;1;3;690;08/11/2012
2012051656;1;2;2;1;3;690;12/11/2012
2012051657;4;2;1;1;2;690;08/11/2012
2012051658;1;2;2;1;1;690;16/11/2012
2012051659;1;2;1;1;2;690;17/11/2012
2012051660;2;2;1;1;6;690;18/11/2012
2012051661;1;2;1;1;3;690;22/11/2012
2012051662;5;2;2;1;3;690;24/11/2012
2012051663;5;2;2;2;3;690;27/11/2012
2012051664;1;2;1;1;6;690;27/11/2012
2012051665;1;2;1;3;3;690;26/11/2012
2012051666;5;2;1;2;5;690;16/11/2012
2012051667;1;2;2;1;3;690;01/12/2012
2012051668;1;2;1;4;6;690;02/12/2012
2012051669;1;2;1;1;2;690;30/11/2012
2012051670;1;2;2;3;6;690;03/12/2012
2012051671;1;2;1;1;6;690;05/12/2012
2012051672;2;2;1;2;6;690;05/12/2012
2012051673;5;2;2;2;3;690;05/12/2012
2012051674;5;2;1;1;6;690;06/12/2012
2012051675;1;2;1;1;6;690;08/12/2012
2012051676;4;2;2;1;3;690;08/12/2012
2012051677;5;2;1;2;3;690;07/12/2012
2012051678;5;2;2;1;6;690;11/12/2012
2012051679;1;2;1;1;6;690;11/12/2012
2012051680;5;2;3;3;6;690;13/12/2012
2012051681;1;2;1;1;6;690;13/12/2012
2012051682;5;2;2;2;3;690;13/12/2012
2012051683;1;2;2;2;6;690;14/12/2012
2012051684;1;2;1;1;2;690;17/12/2012
2012051685;1;2;2;1;3;690;17/12/2012
2012051686;1;2;1;8;6;690;18/12/2012
2012051687;5;2;3;2;3;690;20/12/2012
2012051688;1;2;1;2;6;690;20/12/2012
2012051689;1;2;1;1;3;690;23/12/2012
2012051690;5;2;1;1;6;690;26/12/2012
2012051691;1;2;1;1;6;690;22/12/2012
2012051692;5;2;2;1;3;690;26/12/2012
2012051693;1;2;1;1;6;690;28/12/2012
2012051694;5;2;1;1;3;690;29/12/2012
2012051695;5;2;1;1;6;690;08/01/2012
2012051696;5;2;3;1;3;690;11/01/2012
2012051697;5;2;1;1;6;690;13/01/2012
2012051698;2;2;2;1;6;690;26/01/2012
2012051699;5;2;1;1;6;690;02/03/2012
2012051700;1;2;1;1;6;690;09/03/2012
2012051701;5;2;1;1;4;690;11/03/2012
2012051702;1;2;1;1;6;690;05/04/2012
2012051703;1;2;1;1;6;690;11/04/2012
2012051704;5;2;2;2;3;690;14/04/2012
2012051705;1;2;2;1;6;690;24/04/2012
2012051706;5;2;1;1;3;690;28/04/2012
2012051707;1;2;1;1;6;690;14/05/2012
2012051708;1;2;1;1;6;690;14/05/2012
2012051709;1;2;1;1;6;690;13/06/2012
2012051710;2;2;1;1;3;690;14/06/2012
2012051711;1;2;1;1;6;690;27/06/2012
2012051712;1;2;1;1;3;690;28/06/2012
2012051713;1;2;1;1;6;690;30/06/2012
2012051714;1;2;1;1;3;690;06/07/2012
2012051715;1;2;1;1;3;690;11/07/2012
2012051716;1;2;1;1;4;690;19/07/2012
2012051717;1;2;1;1;4;690;16/07/2012
2012051718;4;2;2;1;3;690;21/08/2012
2012051719;2;2;3;1;6;690;05/09/2012
2012051720;1;2;1;1;6;690;19/09/2012
2012051721;1;2;1;1;1;690;23/09/2012
2012051722;1;2;1;1;6;690;23/09/2012
2012051723;3;2;4;1;3;690;24/09/2012
2012051724;1;2;1;1;6;690;25/09/2012
2012051725;1;2;1;1;6;690;05/10/2012
2012051726;1;2;1;1;6;690;10/10/2012
2012051727;1;2;1;1;6;690;12/10/2012
2012051728;1;2;1;1;6;690;12/10/2012
2012051729;1;2;1;1;6;690;23/10/2012
2012051730;5;2;1;2;2;690;21/11/2012
2012051731;5;2;1;1;2;690;17/12/2012
2012051732;1;1;1;1;2;330;02/01/2012
2012051733;1;1;1;2;6;330;08/01/2012
2012051734;1;1;1;1;3;330;10/01/2012
2012051735;3;1;1;1;3;330;11/01/2012
2012051736;1;1;1;1;2;330;11/01/2012
2012051737;1;1;1;1;6;330;15/01/2012
2012051738;5;1;1;1;2;330;19/01/2012
2012051739;1;1;1;1;4;330;24/01/2012
2012051740;1;1;1;1;5;330;30/01/2012
2012051741;1;1;1;1;2;330;02/02/2012
2012051742;1;1;1;1;6;330;02/02/2012
2012051743;5;1;1;4;2;330;05/02/2012
2012051744;5;1;1;1;6;330;10/02/2012
2012051745;2;1;1;1;6;330;12/02/2012
2012051746;1;1;1;1;3;330;13/02/2012
2012051747;1;1;1;1;2;330;16/02/2012
2012051748;1;1;1;1;4;330;17/02/2012
2012051749;5;1;1;1;3;330;17/02/2012
2012051750;1;1;1;1;6;330;20/02/2012
2012051751;5;1;1;1;7;330;21/02/2012
2012051752;5;1;1;1;7;330;22/02/2012
2012051753;1;1;1;1;2;330;23/02/2012
2012051754;5;1;1;1;3;330;23/02/2012
2012051755;1;1;1;2;6;330;24/02/2012
2012051756;1;1;1;1;2;330;02/03/2012
2012051757;3;1;1;1;2;330;03/03/2012
2012051758;3;1;1;1;6;330;03/03/2012
2012051759;2;1;1;1;2;330;13/03/2012
2012051760;1;1;1;2;6;330;04/03/2012
2012051761;1;1;1;2;3;330;04/03/2012
2012051762;1;1;1;2;6;330;04/03/2012
2012051763;1;1;1;1;6;330;05/03/2012
2012051764;1;1;1;1;2;330;05/03/2012
2012051765;1;1;1;1;3;330;06/03/2012
2012051766;5;1;1;5;3;330;07/03/2012
2012051767;5;1;1;1;5;330;07/03/2012
2012051768;1;1;1;1;4;330;08/03/2012
2012051769;1;1;1;1;4;330;12/03/2012
2012051770;1;1;1;1;2;330;16/03/2012
2012051771;1;1;1;1;4;330;16/03/2012
2012051772;5;1;1;1;4;330;16/03/2012
2012051773;3;1;1;2;2;330;18/03/2012
2012051774;1;1;1;1;6;330;19/03/2012
2012051775;1;1;1;1;6;330;24/03/2012
2012051776;1;1;1;1;3;330;27/03/2012
2012051777;5;1;1;1;2;330;28/03/2012
2012051778;1;1;1;1;6;330;29/03/2012
2012051779;1;1;1;1;6;330;31/03/2012
2012051780;1;1;1;1;6;330;04/04/2012
2012051781;1;1;1;1;5;330;04/04/2012
2012051782;5;1;1;1;5;330;04/04/2012
2012051783;3;1;1;4;7;330;06/04/2012
2012051784;5;1;1;1;6;330;08/04/2012
2012051785;1;1;1;1;7;330;09/04/2012
2012051786;2;1;1;1;6;330;13/04/2012
2012051787;1;1;1;1;4;330;16/04/2012
2012051788;1;1;1;7;4;330;18/04/2012
2012051789;1;1;1;2;2;330;23/04/2012
2012051790;2;1;1;2;2;330;20/04/2012
2012051791;1;1;1;2;6;330;24/04/2012
2012051792;5;1;1;1;2;330;06/05/2012
2012051793;1;1;1;1;4;330;09/05/2012