num_acc;lum;agg;inter;atm;col;dep;date
2012053537;5;2;7;3;3;750;12/07/2012
2012053538;1;2;3;2;2;750;13/07/2012
2012053539;2;2;7;1;6;750;15/07/2012
2012053540;1;2;1;1;3;750;19/07/2012
2012053541;1;2;7;1;2;750;21/07/2012
2012053542;1;2;5;1;2;750;23/07/2012
2012053543;2;2;1;1;3;750;28/07/2012
2012053544;1;2;2;1;7;750;01/08/2012
2012053545;1;2;1;1;4;750;08/08/2012
2012053546;1;2;7;1;6;750;08/08/2012
2012053547;5;2;3;1;3;750;11/08/2012
2012053548;1;2;3;1;6;750;14/08/2012
2012053549;1;2;3;1;3;750;20/08/2012
2012053550;1;2;2;1;3;750;25/08/2012
2012053551;1;2;2;7;3;750;29/08/2012
2012053552;1;2;2;1;6;750;30/08/2012
2012053553;1;2;1;2;6;750;03/09/2012
2012053554;5;2;1;1;7;750;05/09/2012
2012053555;1;2;1;1;7;750;05/09/2012
2012053556;1;2;3;1;6;750;07/09/2012
2012053557;2;2;1;1;7;750;09/09/2012
2012053558;1;2;2;1;3;750;10/09/2012
2012053559;5;2;3;1;7;750;14/09/2012
2012053560;3;2;2;1;3;750;16/09/2012
2012053561;1;2;3;1;6;750;17/09/2012
2012053562;1;2;1;1;7;750;18/09/2012
2012053563;1;2;3;7;6;750;19/09/2012
2012053564;1;2;3;1;2;750;19/09/2012
2012053565;5;2;2;1;6;750;20/09/2012
2012053566;1;2;5;8;3;750;21/09/2012
2012053567;5;2;2;2;3;750;24/09/2012
2012053568;1;2;1;2;4;750;26/09/2012
2012053569;5;2;1;3;6;750;26/09/2012
2012053570;5;2;2;1;3;750;30/09/2012
2012053571;1;2;2;1;2;750;02/10/2012
2012053572;5;2;2;3;2;750;04/10/2012
2012053573;1;2;1;2;6;750;08/10/2012
2012053574;5;2;1;2;3;750;09/10/2012
2012053575;1;2;4;1;6;750;12/10/2012
2012053576;1;2;7;2;7;750;16/10/2012
2012053577;1;2;7;1;6;750;24/10/2012
2012053578;1;2;2;1;6;750;24/10/2012
2012053579;1;2;1;2;6;750;27/10/2012
2012053580;1;2;1;1;6;750;28/10/2012
2012053581;1;2;1;1;2;750;30/10/2012
2012053582;1;2;2;1;7;750;02/11/2012
2012053583;1;2;2;1;3;750;06/11/2012
2012053584;5;2;1;1;3;750;06/11/2012
2012053585;1;2;2;1;3;750;07/11/2012
2012053586;1;2;1;1;6;750;07/11/2012
2012053587;1;2;3;1;6;750;07/11/2012
2012053588;5;2;4;1;3;750;10/11/2012
2012053589;5;2;3;3;4;750;11/11/2012
2012053590;5;2;2;1;6;750;11/11/2012
2012053591;1;2;3;8;6;750;16/11/2012
2012053592;1;2;5;1;3;750;15/11/2012
2012053593;1;2;7;1;6;750;20/11/2012
2012053594;1;2;1;1;7;750;22/11/2012
2012053595;5;2;2;1;2;750;25/11/2012
2012053596;1;2;3;1;2;750;26/11/2012
2012053597;1;2;1;2;2;750;27/11/2012
2012053598;5;2;2;1;3;750;29/11/2012
2012053599;5;2;1;1;2;750;30/11/2012
2012053600;5;2;5;2;6;750;01/12/2012
2012053601;5;2;5;8;3;750;02/12/2012
2012053602;1;2;2;8;6;750;03/12/2012
2012053603;5;2;1;2;2;750;04/12/2012
2012053604;2;2;3;2;6;750;05/12/2012
2012053605;5;2;2;1;3;750;05/12/2012
2012053606;5;2;1;1;2;750;06/12/2012
2012053607;5;2;1;2;6;750;09/12/2012
2012053608;1;2;1;1;6;750;11/12/2012
2012053609;1;2;1;1;2;750;11/12/2012
2012053610;5;2;3;1;3;750;14/12/2012
2012053611;5;2;1;3;6;750;15/12/2012
2012053612;1;2;2;8;3;750;17/12/2012
2012053613;1;2;3;1;6;750;18/12/2012
2012053614;5;2;1;1;6;750;18/12/2012
2012053615;5;2;5;2;6;750;21/12/2012
2012053616;1;2;4;1;6;750;24/12/2012
2012053617;5;2;7;1;6;750;24/12/2012
2012053618;5;2;1;2;6;750;28/12/2012
2012053619;5;2;5;1;6;750;30/12/2012
2012053620;5;2;2;1;6;750;30/12/2012
2012053621;1;2;2;8;6;750;03/01/2012
2012053622;1;2;2;2;3;750;07/01/2012
2012053623;5;2;1;1;6;750;09/01/2012
2012053624;1;2;7;1;3;750;07/02/2012
2012053625;1;2;2;1;3;750;08/02/2012
2012053626;5;2;2;1;3;750;08/02/2012
2012053627;5;2;2;2;3;750;13/02/2012
2012053628;5;2;2;1;6;750;14/02/2012
2012053629;3;2;7;1;6;750;21/02/2012
2012053630;1;2;2;1;6;750;28/02/2012
2012053631;5;2;5;1;6;750;28/02/2012
2012053632;5;2;2;1;3;750;01/03/2012
2012053633;5;2;5;1;6;750;03/03/2012
2012053634;5;2;7;1;3;750;06/03/2012
2012053635;1;2;1;1;6;750;08/03/2012
2012053636;1;2;1;1;3;750;09/03/2012
2012053637;5;2;2;1;6;750;10/03/2012
2012053638;5;2;2;1;2;750;13/03/2012
2012053639;1;2;2;1;3;750;15/03/2012
2012053640;2;2;7;1;2;750;15/03/2012
2012053641;5;2;2;2;3;750;19/03/2012
2012053642;1;2;5;1;6;750;19/03/2012
2012053643;1;2;1;1;6;750;21/03/2012
2012053644;1;2;5;1;7;750;26/03/2012
2012053645;1;2;1;1;6;750;30/03/2012
2012053646;1;2;3;1;3;750;01/04/2012
2012053647;1;2;2;1;6;750;02/04/2012
2012053648;1;2;5;2;7;750;04/04/2012
2012053649;1;2;7;1;6;750;06/04/2012
2012053650;5;2;2;1;3;750;08/04/2012
2012053651;1;2;2;2;6;750;18/04/2012
2012053652;5;2;7;2;3;750;21/04/2012
2012053653;1;2;1;2;6;750;28/04/2012
2012053654;1;2;1;1;3;750;10/05/2012
2012053655;1;2;2;7;5;750;10/05/2012
2012053656;5;2;2;1;7;750;13/05/2012
2012053657;2;2;2;1;3;750;13/05/2012
2012053658;4;2;1;1;2;750;15/05/2012
2012053659;1;2;1;2;3;750;21/05/2012
2012053660;3;2;1;8;6;750;21/05/2012
2012053661;2;2;5;1;6;750;22/05/2012
2012053662;1;2;2;7;3;750;25/05/2012
2012053663;1;2;2;1;2;750;27/05/2012
2012053664;1;2;3;1;6;750;30/05/2012
2012053665;2;2;2;2;6;750;30/05/2012
2012053666;1;2;1;1;2;750;31/05/2012
2012053667;1;2;4;1;3;750;06/06/2012
2012053668;1;2;4;1;3;750;19/06/2012
2012053669;1;2;5;2;1;750;19/06/2012
2012053670;1;2;5;1;3;750;21/06/2012
2012053671;1;2;7;1;3;750;02/07/2012
2012053672;1;2;1;1;3;750;06/07/2012
2012053673;1;2;1;1;6;750;06/07/2012
2012053674;1;2;5;1;6;750;08/07/2012
2012053675;5;2;2;1;6;750;10/07/2012
2012053676;1;2;4;1;6;750;12/07/2012
2012053677;1;2;7;1;6;750;16/07/2012
2012053678;1;2;7;1;3;750;17/07/2012
2012053679;2;2;5;1;3;750;19/07/2012
2012053680;1;2;3;1;2;750;20/07/2012
2012053681;1;2;2;1;3;750;21/07/2012
2012053682;1;2;1;1;2;750;31/07/2012
2012053683;1;2;5;1;7;750;04/08/2012
2012053684;1;2;4;1;6;750;07/08/2012
2012053685;1;2;2;1;3;750;16/08/2012
2012053686;1;2;2;1;3;750;19/08/2012
2012053687;1;2;1;1;7;750;23/08/2012
2012053688;1;2;5;1;6;750;29/08/2012
2012053689;1;2;2;1;3;750;30/08/2012
2012053690;1;2;3;2;6;750;30/08/2012
2012053691;1;2;7;1;3;750;01/09/2012
2012053692;1;2;5;1;6;750;06/09/2012
2012053693;5;2;7;3;6;750;10/09/2012
2012053694;1;2;1;2;6;750;11/09/2012
2012053695;1;2;3;8;7;750;14/09/2012
2012053696;1;2;5;1;2;750;16/09/2012
2012053697;5;2;2;1;6;750;28/09/2012
2012053698;1;2;1;1;6;750;29/09/2012
2012053699;5;2;1;1;3;750;30/09/2012
2012053700;5;2;2;1;6;750;30/09/2012
2012053701;1;2;2;1;3;750;01/10/2012
2012053702;1;2;2;1;1;750;01/10/2012
2012053703;1;2;2;2;2;750;04/10/2012
2012053704;5;2;3;1;6;750;06/10/2012
2012053705;2;2;5;8;1;750;11/10/2012
2012053706;5;2;3;2;6;750;12/10/2012
2012053707;1;2;1;1;6;750;19/10/2012
2012053708;3;2;1;1;6;750;27/10/2012
2012053709;1;2;3;1;2;750;29/10/2012
2012053710;5;2;7;1;6;750;04/11/2012
2012053711;5;2;2;1;3;750;07/11/2012
2012053712;1;2;3;1;6;750;12/11/2012
2012053713;5;2;2;1;7;750;15/11/2012
2012053714;5;2;2;1;3;750;16/11/2012
2012053715;5;2;1;1;3;750;20/11/2012
2012053716;1;2;3;1;2;750;22/11/2012
2012053717;5;2;1;1;2;750;29/11/2012
2012053718;5;2;3;1;3;750;01/12/2012
2012053719;5;2;5;2;6;750;05/12/2012
2012053720;2;2;2;1;3;750;11/12/2012
2012053721;1;2;1;1;6;750;11/12/2012
2012053722;1;2;2;1;3;750;12/12/2012
2012053723;5;2;2;1;6;750;13/12/2012
2012053724;1;2;3;1;6;750;18/12/2012
2012053725;5;2;2;1;3;750;08/01/2012
2012053726;5;2;2;1;6;750;09/01/2012
2012053727;5;2;1;1;2;750;13/01/2012
2012053728;5;2;3;1;6;750;15/01/2012
2012053729;1;2;2;2;7;750;19/01/2012
2012053730;1;2;1;2;7;750;20/01/2012
2012053731;1;2;3;2;7;750;20/01/2012
2012053732;1;2;2;2;2;750;24/01/2012
2012053733;5;2;3;1;3;750;02/02/2012
2012053734;5;2;1;4;7;750;03/02/2012
2012053735;1;2;1;8;3;750;06/02/2012
2012053736;1;2;1;1;3;750;09/02/2012
2012053737;1;2;2;1;3;750;10/02/2012
2012053738;1;2;2;1;3;750;12/02/2012
2012053739;2;2;2;2;3;750;13/02/2012
2012053740;1;2;4;1;6;750;21/02/2012
2012053741;5;2;1;1;3;750;21/02/2012
2012053742;1;2;2;1;6;750;27/02/2012
2012053743;5;2;2;1;6;750;02/03/2012
2012053744;5;2;2;1;3;750;02/03/2012
2012053745;1;2;1;1;6;750;03/03/2012
2012053746;5;2;3;2;7;750;04/03/2012
2012053747;2;2;2;2;7;750;05/03/2012
2012053748;2;2;2;1;6;750;08/03/2012
2012053749;1;2;2;1;2;750;13/03/2012
2012053750;5;2;2;1;3;750;13/03/2012
2012053751;1;2;2;1;6;750;14/03/2012
2012053752;1;2;2;8;7;750;18/03/2012
2012053753;5;2;2;1;2;750;18/03/2012
2012053754;5;2;3;1;6;750;20/03/2012
2012053755;1;2;3;1;3;750;23/03/2012
2012053756;5;2;2;1;6;750;30/03/2012
2012053757;1;2;1;1;3;750;31/03/2012
2012053758;1;2;7;1;3;750;03/04/2012
2012053759;1;2;2;1;7;750;04/04/2012
2012053760;1;2;2;8;6;750;04/04/2012
2012053761;1;2;1;2;3;750;10/04/2012
2012053762;1;2;5;1;6;750;19/04/2012
2012053763;5;2;1;1;6;750;19/04/2012
2012053764;5;2;7;1;6;750;21/04/2012
2012053765;5;2;2;8;3;750;21/04/2012
2012053766;1;2;5;1;3;750;02/05/2012
2012053767;1;2;1;8;6;750;04/05/2012
2012053768;1;2;2;1;3;750;04/05/2012
2012053769;5;2;3;1;2;750;13/05/2012
2012053770;2;2;4;8;6;750;19/05/2012
2012053771;1;2;4;2;6;750;21/05/2012
2012053772;1;2;2;1;6;750;22/05/2012
2012053773;1;2;2;1;6;750;23/05/2012
2012053774;1;2;3;1;3;750;25/05/2012
2012053775;1;2;5;1;3;750;30/05/2012
2012053776;1;2;3;1;3;750;02/06/2012
2012053777;1;2;5;1;6;750;05/06/2012
2012053778;1;2;3;3;2;750;07/06/2012
2012053779;1;2;1;1;1;750;08/06/2012
2012053780;1;2;4;1;7;750;13/06/2012
2012053781;1;2;1;1;6;750;14/06/2012
2012053782;5;2;1;1;6;750;18/06/2012
2012053783;1;2;4;1;2;750;21/06/2012
2012053784;5;2;2;1;3;750;22/06/2012
2012053785;1;2;2;1;6;750;22/06/2012
2012053786;1;2;1;2;3;750;24/06/2012
2012053787;1;2;1;1;6;750;26/06/2012
2012053788;5;2;3;1;7;750;01/07/2012
2012053789;1;2;1;1;3;750;05/07/2012
2012053790;1;2;2;2;3;750;07/07/2012
2012053791;1;2;3;1;3;750;09/07/2012
2012053792;1;2;7;1;2;750;09/07/2012
2012053793;1;2;2;1;3;750;10/07/2012
2012053794;1;2;2;1;3;750;11/07/2012
2012053795;5;2;2;1;3;750;22/07/2012
2012053796;1;2;2;1;3;750;28/07/2012
2012053797;1;2;5;1;6;750;04/08/2012
2012053798;1;2;1;1;2;750;21/08/2012
2012053799;1;2;2;1;7;750;22/08/2012
2012053800;2;2;3;1;6;750;24/08/2012
2012053801;1;2;3;1;3;750;25/08/2012
2012053802;1;2;2;1;3;750;04/09/2012
2012053803;1;2;3;1;6;750;05/09/2012
2012053804;1;2;2;1;7;750;06/09/2012
2012053805;5;2;1;1;2;750;09/09/2012
2012053806;1;2;5;1;3;750;10/09/2012
2012053807;1;2;5;1;3;750;13/09/2012
2012053808;1;2;2;1;3;750;16/09/2012
2012053809;5;2;2;1;3;750;17/09/2012
2012053810;1;2;2;1;6;750;17/09/2012
2012053811;1;2;5;1;6;750;18/09/2012
2012053812;1;2;3;1;6;750;20/09/2012
2012053813;5;2;2;1;3;750;20/09/2012
2012053814;5;2;2;1;6;750;30/09/2012
2012053815;1;2;1;1;6;750;30/09/2012
2012053816;1;2;2;1;6;750;30/09/2012
2012053817;1;2;2;1;7;750;05/10/2012
2012053818;1;2;3;2;2;750;06/10/2012
2012053819;5;2;2;2;6;750;09/10/2012
2012053820;1;2;5;1;7;750;11/10/2012
2012053821;1;2;2;1;5;750;19/10/2012
2012053822;1;2;1;1;3;750;22/10/2012
2012053823;1;2;2;8;3;750;23/10/2012
2012053824;1;2;2;1;3;750;25/10/2012
2012053825;1;2;3;1;6;750;29/10/2012
2012053826;1;2;3;2;7;750;02/11/2012
2012053827;5;2;3;1;7;750;03/11/2012
2012053828;5;2;2;8;6;750;04/11/2012
2012053829;5;2;2;1;7;750;04/11/2012
2012053830;1;2;1;8;4;750;05/11/2012
2012053831;5;2;5;1;3;750;12/11/2012
2012053832;1;2;2;1;6;750;15/11/2012
2012053833;5;2;2;1;6;750;17/11/2012
2012053834;1;2;4;1;2;750;19/11/2012
2012053835;1;2;2;1;6;750;22/11/2012
2012053836;1;2;5;2;7;750;27/11/2012
2012053837;1;2;1;1;6;750;28/11/2012
2012053838;1;2;2;2;6;750;07/12/2012
2012053839;5;2;2;1;6;750;10/12/2012
2012053840;5;2;3;3;3;750;19/12/2012
2012053841;5;2;2;3;6;750;20/12/2012
2012053842;1;2;7;1;3;750;28/12/2012
2012053843;5;2;3;1;7;750;28/12/2012
2012053844;1;2;1;1;6;750;02/01/2012
2012053845;5;2;2;1;6;750;05/01/2012
2012053846;5;2;2;1;6;750;15/01/2012
2012053847;5;2;3;1;3;750;15/01/2012
2012053848;1;2;1;1;6;750;17/01/2012
2012053849;1;2;2;1;3;750;18/01/2012
2012053850;5;2;5;2;6;750;19/01/2012
2012053851;1;2;3;8;2;750;19/01/2012
2012053852;1;2;3;1;3;750;22/01/2012
2012053853;5;2;2;2;6;750;24/01/2012
2012053854;5;2;2;2;7;750;28/01/2012
2012053855;1;2;3;1;6;750;31/01/2012
2012053856;5;2;3;1;6;750;01/02/2012
2012053857;1;2;2;1;6;750;02/02/2012
2012053858;1;2;3;1;7;750;03/02/2012
2012053859;5;2;2;1;6;750;05/02/2012
2012053860;3;2;7;1;3;750;06/02/2012
2012053861;1;2;2;1;2;750;15/02/2012
2012053862;1;2;2;8;3;750;17/02/2012
2012053863;5;2;2;1;6;750;17/02/2012
2012053864;5;2;7;1;2;750;20/02/2012
2012053865;3;2;2;2;2;750;23/02/2012
2012053866;1;2;3;1;6;750;24/02/2012
2012053867;1;2;2;1;3;750;24/02/2012
2012053868;5;2;7;1;3;750;28/02/2012
2012053869;5;2;5;1;6;750;02/03/2012
2012053870;1;2;7;1;6;750;05/03/2012
2012053871;5;2;1;2;7;750;05/03/2012
2012053872;1;2;4;1;3;750;07/03/2012
2012053873;5;2;1;1;2;750;08/03/2012
2012053874;1;2;2;1;3;750;14/03/2012
2012053875;5;2;2;1;3;750;17/03/2012
2012053876;1;2;3;1;3;750;21/03/2012
2012053877;1;2;2;1;2;750;23/03/2012
2012053878;1;2;2;1;6;750;24/03/2012
2012053879;1;2;4;1;3;750;30/03/2012
2012053880;5;2;1;1;3;750;01/04/2012
2012053881;5;2;2;2;3;750;03/04/2012
2012053882;1;2;2;2;6;750;10/04/2012
2012053883;1;2;7;1;3;750;11/04/2012
2012053884;1;2;2;2;6;750;12/04/2012
2012053885;5;2;2;1;6;750;13/04/2012
2012053886;5;2;2;1;3;750;20/04/2012
2012053887;1;2;1;8;6;750;20/04/2012
2012053888;1;2;1;1;6;750;21/04/2012
2012053889;5;2;2;1;3;750;23/04/2012
2012053890;1;2;7;2;2;750;25/04/2012
2012053891;1;2;2;2;3;750;27/04/2012
2012053892;1;2;1;2;6;750;27/04/2012
2012053893;1;2;3;1;6;750;06/05/2012
2012053894;1;2;2;1;6;750;06/05/2012
2012053895;5;2;2;1;7;750;07/05/2012
2012053896;1;2;1;1;3;750;09/05/2012
2012053897;1;2;2;1;3;750;15/05/2012
2012053898;2;2;2;1;6;750;20/05/2012
2012053899;1;2;2;1;3;750;22/05/2012
2012053900;1;2;5;1;3;750;23/05/2012
2012053901;5;2;1;1;7;750;25/05/2012
2012053902;1;2;2;1;6;750;26/05/2012
2012053903;1;2;1;1;6;750;26/05/2012
2012053904;1;2;2;1;3;750;29/05/2012
2012053905;1;2;2;1;6;750;02/06/2012
2012053906;2;2;3;2;6;750;03/06/2012
2012053907;1;2;5;1;3;750;03/06/2012
2012053908;5;2;5;2;2;750;04/06/2012
2012053909;5;2;5;3;6;750;15/06/2012
2012053910;1;2;7;1;6;750;18/06/2012
2012053911;1;2;1;1;6;750;18/06/2012
2012053912;1;2;1;1;6;750;21/06/2012
2012053913;5;2;2;1;6;750;22/06/2012
2012053914;1;2;1;1;6;750;23/06/2012
2012053915;1;2;1;2;2;750;24/06/2012
2012053916;3;2;2;1;3;750;25/06/2012
2012053917;1;2;2;1;2;750;27/06/2012
2012053918;1;2;3;1;3;750;10/07/2012
2012053919;1;2;2;1;6;750;15/07/2012
2012053920;1;2;1;1;6;750;17/07/2012
2012053921;1;2;2;1;3;750;18/07/2012
2012053922;1;2;1;1;3;750;20/07/2012
2012053923;1;2;2;1;3;750;20/07/2012
2012053924;5;2;4;1;3;750;22/07/2012
2012053925;1;2;7;1;7;750;24/07/2012
2012053926;5;2;2;1;7;750;26/07/2012
2012053927;1;2;7;1;3;750;31/07/2012
2012053928;1;2;4;1;6;750;02/08/2012
2012053929;1;2;2;1;6;750;02/08/2012
2012053930;1;2;2;1;6;750;06/08/2012
2012053931;1;2;1;1;5;750;13/08/2012
2012053932;1;2;2;1;3;750;23/08/2012
2012053933;5;2;3;1;3;750;03/09/2012
2012053934;1;2;2;1;3;750;05/09/2012
2012053935;1;2;2;1;3;750;06/09/2012
2012053936;5;2;3;2;2;750;10/09/2012
2012053937;1;2;3;1;3;750;14/09/2012
2012053938;1;2;2;1;3;750;19/09/2012
2012053939;1;2;3;1;3;750;19/09/2012
2012053940;1;2;2;1;6;750;20/09/2012
2012053941;1;2;1;1;3;750;20/09/2012
2012053942;5;2;5;1;6;750;23/09/2012
2012053943;5;2;3;1;6;750;25/09/2012
2012053944;5;2;1;8;1;750;26/09/2012
2012053945;1;2;3;1;3;750;28/09/2012
2012053946;1;2;2;1;2;750;28/09/2012
2012053947;1;2;7;1;3;750;28/09/2012
2012053948;1;2;2;1;3;750;30/09/2012
2012053949;1;2;3;1;3;750;03/10/2012
2012053950;1;2;3;2;6;750;03/10/2012
2012053951;1;2;5;1;3;750;05/10/2012
2012053952;1;2;7;2;7;750;06/10/2012
2012053953;1;2;3;2;7;750;06/10/2012
2012053954;5;2;2;2;7;750;06/10/2012
2012053955;1;2;2;1;6;750;09/10/2012
2012053956;5;2;5;1;6;750;10/10/2012
2012053957;1;2;2;1;6;750;15/10/2012
2012053958;5;2;1;2;6;750;20/10/2012
2012053959;1;2;2;2;7;750;20/10/2012
2012053960;1;2;7;1;6;750;21/10/2012
2012053961;1;2;2;8;3;750;23/10/2012
2012053962;1;2;2;1;6;750;24/10/2012
2012053963;1;2;7;1;3;750;25/10/2012
2012053964;1;2;3;1;2;750;29/10/2012
2012053965;1;2;3;1;6;750;29/10/2012
2012053966;5;2;3;1;6;750;29/10/2012
2012053967;5;2;2;1;6;750;01/11/2012
2012053968;1;2;2;1;3;750;02/11/2012
2012053969;1;2;3;2;3;750;02/11/2012
2012053970;5;2;2;2;3;750;05/11/2012
2012053971;5;2;1;1;6;750;06/11/2012
2012053972;1;2;5;1;6;750;19/11/2012
2012053973;1;2;1;2;2;750;21/11/2012
2012053974;5;2;2;1;6;750;22/11/2012
2012053975;1;2;2;2;7;750;23/11/2012
2012053976;1;2;2;1;3;750;26/11/2012
2012053977;5;2;3;1;6;750;25/11/2012
2012053978;5;2;7;8;6;750;29/11/2012
2012053979;5;2;1;1;6;750;30/11/2012
2012053980;5;2;3;2;2;750;02/12/2012
2012053981;5;2;5;2;6;750;05/12/2012
2012053982;5;2;5;1;7;750;06/12/2012
2012053983;5;2;3;1;6;750;08/12/2012
2012053984;5;2;1;1;2;750;08/12/2012
2012053985;1;2;2;1;2;750;11/12/2012
2012053986;1;2;2;8;3;750;17/12/2012
2012053987;5;2;7;1;3;750;19/12/2012
2012053988;1;2;3;2;2;750;20/12/2012
2012053989;1;2;2;8;6;750;21/12/2012
2012053990;1;2;1;1;3;750;23/12/2012
2012053991;1;2;2;1;6;750;24/12/2012
2012053992;5;2;1;2;2;750;26/12/2012
2012053993;1;2;3;2;6;750;05/01/2012
2012053994;5;2;7;1;3;750;06/01/2012
2012053995;5;2;2;1;3;750;07/01/2012
2012053996;1;2;1;1;3;750;11/01/2012
2012053997;1;2;1;1;3;750;12/01/2012
2012053998;1;2;5;1;7;750;13/01/2012
2012053999;1;2;3;1;2;750;14/01/2012
2012054000;1;2;1;1;6;750;16/01/2012
2012054001;5;2;3;1;6;750;16/01/2012
2012054002;1;2;1;2;2;750;19/01/2012
2012054003;1;2;1;2;1;750;24/01/2012
2012054004;3;2;2;1;3;750;29/01/2012
2012054005;1;2;2;1;1;750;30/01/2012
2012054006;1;2;1;8;6;750;02/02/2012
2012054007;3;2;1;1;3;750;02/02/2012
2012054008;1;2;7;1;3;750;09/02/2012
2012054009;1;2;1;1;6;750;09/02/2012
2012054010;1;2;3;1;3;750;10/02/2012
2012054011;1;2;3;8;7;750;13/02/2012
2012054012;5;2;5;2;7;750;13/02/2012
2012054013;1;2;2;8;3;750;14/02/2012
2012054014;5;2;2;2;6;750;14/02/2012
2012054015;1;2;5;1;6;750;15/02/2012
2012054016;5;2;2;2;3;750;15/02/2012
2012054017;1;2;5;2;4;750;17/02/2012
2012054018;5;2;2;2;3;750;18/02/2012
2012054019;1;2;1;1;3;750;21/02/2012
2012054020;1;2;3;1;6;750;28/02/2012
2012054021;5;2;3;1;6;750;06/03/2012
2012054022;1;2;1;1;2;750;13/03/2012
2012054023;1;2;7;1;3;750;16/03/2012
2012054024;1;2;3;1;6;750;20/03/2012
2012054025;1;2;1;1;3;750;26/03/2012
2012054026;1;2;2;1;3;750;27/03/2012
2012054027;1;2;2;1;6;750;29/03/2012
2012054028;5;2;1;1;6;750;29/03/2012
2012054029;1;2;3;1;6;750;02/04/2012
2012054030;1;2;5;1;2;750;02/04/2012
2012054031;1;2;3;1;6;750;02/04/2012
2012054032;2;2;3;1;3;750;03/04/2012
2012054033;5;2;2;1;3;750;03/04/2012
2012054034;1;2;3;1;6;750;04/04/2012
2012054035;5;2;7;2;6;750;04/04/2012
2012054036;1;2;5;1;3;750;05/04/2012
2012054037;1;2;3;1;3;750;06/04/2012
2012054038;5;2;2;1;6;750;07/04/2012
2012054039;5;2;1;1;6;750;09/04/2012
2012054040;5;2;3;1;3;750;11/04/2012
2012054041;5;2;2;2;3;750;12/04/2012
2012054042;5;2;1;1;6;750;15/04/2012
2012054043;1;2;2;8;3;750;20/04/2012
2012054044;2;2;2;2;6;750;23/04/2012
2012054045;1;2;1;2;2;750;25/04/2012
2012054046;1;2;1;8;7;750;28/04/2012
2012054047;1;2;2;1;3;750;30/04/2012
2012054048;1;2;2;1;3;750;03/05/2012
2012054049;5;2;2;3;3;750;05/05/2012
2012054050;1;2;2;1;3;750;07/05/2012
2012054051;2;2;2;1;3;750;07/05/2012
2012054052;1;2;1;1;2;750;10/05/2012
2012054053;1;2;1;2;3;750;11/05/2012
2012054054;1;2;5;3;3;750;11/05/2012
2012054055;1;2;7;1;3;750;13/05/2012
2012054056;1;2;2;1;3;750;14/05/2012
2012054057;1;2;2;2;6;750;15/05/2012
2012054058;1;2;1;1;2;750;20/05/2012
2012054059;1;2;2;1;2;750;22/05/2012
2012054060;1;2;5;1;2;750;23/05/2012
2012054061;5;2;2;1;3;750;26/05/2012
2012054062;1;2;4;1;3;750;26/05/2012
2012054063;1;2;5;1;2;750;29/05/2012
2012054064;5;2;3;1;3;750;31/05/2012
2012054065;1;2;3;2;7;750;04/06/2012
2012054066;1;2;3;1;3;750;05/06/2012
2012054067;5;2;7;2;2;750;12/06/2012
2012054068;1;2;3;1;3;750;17/06/2012
2012054069;1;2;1;1;3;750;17/06/2012
2012054070;1;2;2;1;6;750;17/06/2012
2012054071;1;2;1;1;3;750;17/06/2012
2012054072;1;2;1;1;2;750;19/06/2012
2012054073;5;2;1;1;6;750;21/06/2012
2012054074;1;2;2;1;2;750;22/06/2012
2012054075;1;2;2;1;7;750;25/06/2012
2012054076;1;2;1;8;2;750;26/06/2012
2012054077;5;2;1;1;6;750;26/06/2012
2012054078;1;2;7;1;6;750;26/06/2012
2012054079;1;2;3;1;3;750;27/06/2012
2012054080;1;2;3;1;6;750;27/06/2012
2012054081;1;2;1;1;6;750;01/07/2012
2012054082;5;2;3;1;2;750;05/07/2012
2012054083;1;2;5;2;6;750;13/07/2012
2012054084;1;2;1;7;6;750;18/07/2012
2012054085;1;2;5;1;2;750;18/07/2012
2012054086;1;2;2;1;3;750;24/07/2012
2012054087;1;2;2;1;1;750;27/07/2012
2012054088;1;2;2;1;3;750;02/08/2012
2012054089;5;2;5;1;3;750;03/08/2012
2012054090;1;2;7;1;6;750;07/08/2012
2012054091;1;2;2;1;2;750;15/08/2012
2012054092;1;2;5;1;6;750;16/08/2012
2012054093;1;2;1;1;6;750;18/08/2012
2012054094;1;2;4;1;3;750;18/08/2012
2012054095;5;2;1;1;4;750;21/08/2012
2012054096;5;2;5;1;6;750;21/08/2012
2012054097;5;2;2;1;6;750;23/08/2012
2012054098;1;2;1;1;6;750;30/08/2012
2012054099;5;2;2;1;6;750;02/09/2012
2012054100;1;2;5;1;6;750;03/09/2012
2012054101;1;2;7;1;6;750;07/09/2012
2012054102;1;2;2;1;3;750;16/09/2012
2012054103;5;2;4;1;6;750;17/09/2012
2012054104;1;2;2;1;6;750;19/09/2012
2012054105;1;2;2;1;6;750;20/09/2012
2012054106;1;2;2;1;3;750;20/09/2012
2012054107;1;2;5;2;3;750;21/09/2012
2012054108;5;2;5;1;7;750;21/09/2012
2012054109;2;2;3;8;6;750;27/09/2012
2012054110;1;2;1;1;3;750;27/09/2012
2012054111;3;2;2;1;6;750;28/09/2012
2012054112;1;2;2;1;6;750;28/09/2012
2012054113;1;2;1;1;3;750;29/09/2012
2012054114;5;2;1;1;3;750;30/09/2012
2012054115;2;2;3;1;6;750;30/09/2012
2012054116;1;2;3;1;2;750;30/09/2012
2012054117;1;2;2;1;2;750;02/10/2012