num_acc;lum;agg;inter;atm;col;dep;date
2012054118;1;2;3;8;3;750;03/10/2012
2012054119;1;2;3;8;2;750;03/10/2012
2012054120;1;2;2;1;6;750;04/10/2012
2012054121;5;2;3;1;6;750;07/10/2012
2012054122;2;2;1;2;4;750;08/10/2012
2012054123;1;2;3;1;7;750;08/10/2012
2012054124;3;2;3;1;6;750;08/10/2012
2012054125;1;2;5;2;7;750;09/10/2012
2012054126;1;2;1;1;7;750;10/10/2012
2012054127;5;2;2;3;3;750;11/10/2012
2012054128;5;2;2;2;6;750;12/10/2012
2012054129;1;2;3;1;3;750;15/10/2012
2012054130;1;2;1;1;7;750;16/10/2012
2012054131;1;2;2;8;3;750;16/10/2012
2012054132;2;2;2;1;6;750;20/10/2012
2012054133;1;2;3;1;3;750;25/10/2012
2012054134;1;2;3;8;6;750;26/10/2012
2012054135;5;2;1;2;6;750;26/10/2012
2012054136;5;2;2;8;7;750;27/10/2012
2012054137;1;2;1;1;2;750;30/10/2012
2012054138;5;2;2;1;3;750;30/10/2012
2012054139;5;2;2;1;2;750;30/10/2012
2012054140;1;2;3;1;3;750;31/10/2012
2012054141;1;2;1;1;6;750;05/11/2012
2012054142;5;2;2;1;6;750;07/11/2012
2012054143;4;2;5;1;6;750;09/11/2012
2012054144;1;2;1;1;6;750;10/11/2012
2012054145;1;2;5;1;3;750;12/11/2012
2012054146;5;2;5;1;3;750;12/11/2012
2012054147;1;2;1;1;3;750;16/11/2012
2012054148;1;2;5;1;3;750;17/11/2012
2012054149;1;2;2;1;2;750;17/11/2012
2012054150;3;2;3;1;2;750;24/11/2012
2012054151;1;2;2;1;7;750;27/11/2012
2012054152;1;2;1;8;6;750;28/11/2012
2012054153;1;2;3;1;6;750;29/11/2012
2012054154;5;2;1;1;6;750;30/11/2012
2012054155;5;2;1;1;6;750;30/11/2012
2012054156;2;2;5;1;3;750;01/12/2012
2012054157;1;2;7;2;6;750;04/12/2012
2012054158;1;2;2;1;3;750;09/12/2012
2012054159;5;2;5;2;6;750;09/12/2012
2012054160;5;2;2;2;6;750;14/12/2012
2012054161;5;2;2;2;6;750;19/12/2012
2012054162;1;2;3;1;3;750;24/12/2012
2012054163;5;2;3;1;3;750;02/01/2012
2012054164;1;2;5;1;7;750;04/01/2012
2012054165;1;2;5;1;7;750;04/01/2012
2012054166;5;2;2;1;3;750;05/01/2012
2012054167;5;2;5;1;2;750;07/01/2012
2012054168;1;2;3;1;3;750;10/01/2012
2012054169;5;2;7;1;1;750;12/01/2012
2012054170;1;2;2;1;3;750;13/01/2012
2012054171;1;2;2;1;2;750;17/01/2012
2012054172;1;2;5;1;2;750;17/01/2012
2012054173;1;2;3;2;7;750;20/01/2012
2012054174;1;2;2;1;6;750;27/01/2012
2012054175;5;2;1;1;7;750;29/01/2012
2012054176;1;2;1;1;6;750;29/01/2012
2012054177;1;2;4;1;3;750;31/01/2012
2012054178;5;2;2;8;3;750;05/02/2012
2012054179;1;2;2;1;6;750;06/02/2012
2012054180;1;2;5;1;3;750;07/02/2012
2012054181;1;2;3;1;2;750;10/02/2012
2012054182;1;2;5;1;6;750;10/02/2012
2012054183;2;2;2;1;3;750;03/02/2012
2012054184;1;2;1;1;3;750;13/02/2012
2012054185;1;2;3;1;6;750;21/02/2012
2012054186;1;2;1;1;6;750;01/03/2012
2012054187;1;2;2;8;6;750;02/03/2012
2012054188;1;2;3;2;3;750;04/03/2012
2012054189;1;2;1;1;7;750;05/03/2012
2012054190;1;2;5;1;3;750;05/03/2012
2012054191;1;2;3;2;7;750;06/03/2012
2012054192;1;2;3;2;6;750;06/03/2012
2012054193;1;2;1;2;6;750;07/03/2012
2012054194;3;2;1;1;6;750;08/03/2012
2012054195;1;2;5;1;3;750;09/03/2012
2012054196;1;2;1;1;6;750;14/03/2012
2012054197;5;2;1;1;1;750;22/03/2012
2012054198;1;2;7;1;6;750;26/03/2012
2012054199;5;2;5;1;2;750;27/03/2012
2012054200;1;2;2;1;6;750;28/03/2012
2012054201;5;2;1;1;6;750;30/03/2012
2012054202;1;2;2;8;6;750;31/03/2012
2012054203;1;2;2;1;6;750;04/04/2012
2012054204;1;2;7;1;6;750;05/04/2012
2012054205;4;2;5;1;6;750;07/04/2012
2012054206;1;2;7;1;6;750;16/04/2012
2012054207;1;2;1;1;3;750;16/04/2012
2012054208;1;2;4;1;6;750;16/04/2012
2012054209;1;2;2;1;6;750;16/04/2012
2012054210;5;2;1;1;6;750;17/04/2012
2012054211;1;2;4;2;3;750;18/04/2012
2012054212;5;2;1;3;3;750;18/04/2012
2012054213;1;2;3;1;6;750;19/04/2012
2012054214;5;2;3;1;6;750;20/04/2012
2012054215;1;2;7;2;3;750;20/04/2012
2012054216;1;2;5;8;2;750;20/04/2012
2012054217;1;2;3;2;3;750;21/04/2012
2012054218;1;2;1;2;7;750;22/04/2012
2012054219;5;2;1;1;3;750;22/04/2012
2012054220;5;2;5;2;2;750;23/04/2012
2012054221;1;2;2;8;2;750;24/04/2012
2012054222;1;2;5;1;3;750;26/04/2012
2012054223;1;2;2;2;6;750;27/04/2012
2012054224;1;2;5;1;5;750;30/04/2012
2012054225;1;2;1;1;7;750;30/04/2012
2012054226;1;2;7;1;6;750;06/05/2012
2012054227;5;2;5;1;2;750;07/05/2012
2012054228;1;2;2;1;3;750;07/05/2012
2012054229;1;2;3;1;3;750;07/05/2012
2012054230;1;2;2;1;3;750;07/05/2012
2012054231;5;2;5;1;6;750;09/05/2012
2012054232;1;2;5;1;6;750;10/05/2012
2012054233;2;2;3;1;6;750;13/05/2012
2012054234;1;2;2;1;6;750;14/05/2012
2012054235;1;2;2;1;7;750;15/05/2012
2012054236;2;2;5;2;3;750;21/05/2012
2012054237;5;2;2;2;6;750;21/05/2012
2012054238;1;2;1;1;6;750;23/05/2012
2012054239;1;2;3;7;2;750;26/05/2012
2012054240;1;2;1;1;7;750;28/05/2012
2012054241;1;2;3;1;2;750;29/05/2012
2012054242;1;2;1;1;7;750;07/06/2012
2012054243;1;2;1;8;3;750;12/06/2012
2012054244;1;2;1;1;2;750;14/06/2012
2012054245;2;2;3;3;6;750;15/06/2012
2012054246;1;2;2;2;6;750;15/06/2012
2012054247;3;2;5;1;3;750;17/06/2012
2012054248;1;2;1;1;6;750;18/06/2012
2012054249;1;2;1;1;6;750;19/06/2012
2012054250;1;2;5;1;6;750;20/06/2012
2012054251;1;2;7;8;3;750;21/06/2012
2012054252;1;2;2;2;2;750;21/06/2012
2012054253;1;2;2;8;6;750;22/06/2012
2012054254;1;2;1;1;6;750;22/06/2012
2012054255;1;2;1;1;6;750;25/06/2012
2012054256;1;2;2;8;6;750;27/06/2012
2012054257;1;2;5;1;2;750;28/06/2012
2012054258;5;2;2;1;6;750;03/07/2012
2012054259;1;2;1;1;2;750;03/07/2012
2012054260;1;2;3;1;3;750;05/07/2012
2012054261;1;2;1;2;7;750;05/07/2012
2012054262;1;2;5;1;6;750;06/07/2012
2012054263;1;2;1;2;1;750;06/07/2012
2012054264;1;2;2;2;1;750;07/07/2012
2012054265;5;2;2;1;7;750;10/07/2012
2012054266;5;2;2;3;3;750;13/07/2012
2012054267;2;2;5;1;2;750;16/07/2012
2012054268;1;2;3;1;7;750;23/07/2012
2012054269;1;2;5;1;3;750;23/07/2012
2012054270;1;2;1;1;2;750;24/07/2012
2012054271;1;2;1;1;2;750;25/07/2012
2012054272;1;2;2;1;6;750;26/07/2012
2012054273;1;2;2;1;3;750;28/07/2012
2012054274;1;2;2;1;3;750;31/07/2012
2012054275;1;2;5;1;6;750;03/08/2012
2012054276;1;2;2;1;3;750;13/08/2012
2012054277;1;2;1;1;6;750;19/08/2012
2012054278;5;2;2;1;3;750;23/08/2012
2012054279;1;2;1;8;6;750;24/08/2012
2012054280;1;2;3;1;3;750;07/09/2012
2012054281;3;2;3;1;7;750;10/09/2012
2012054282;1;2;2;1;6;750;14/09/2012
2012054283;1;2;1;1;7;750;14/09/2012
2012054284;1;2;7;1;2;750;15/09/2012
2012054285;1;2;2;1;6;750;16/09/2012
2012054286;1;2;4;1;6;750;17/09/2012
2012054287;1;2;1;1;6;750;24/09/2012
2012054288;1;2;3;1;6;750;28/09/2012
2012054289;1;2;2;1;3;750;28/09/2012
2012054290;5;2;1;1;6;750;29/09/2012
2012054291;2;2;3;1;7;750;29/09/2012
2012054292;1;2;4;1;6;750;29/09/2012
2012054293;1;2;2;1;7;750;03/10/2012
2012054294;1;2;2;2;1;750;03/10/2012
2012054295;5;2;5;3;7;750;06/10/2012
2012054296;1;2;1;2;6;750;09/10/2012
2012054297;1;2;5;8;6;750;09/10/2012
2012054298;5;2;5;1;3;750;09/10/2012
2012054299;1;2;2;1;6;750;10/10/2012
2012054300;1;2;7;1;3;750;12/10/2012
2012054301;1;2;2;1;3;750;12/10/2012
2012054302;1;2;2;8;7;750;16/10/2012
2012054303;1;2;3;1;3;750;16/10/2012
2012054304;1;2;7;3;6;750;20/10/2012
2012054305;1;2;7;1;6;750;23/10/2012
2012054306;5;2;2;1;6;750;28/10/2012
2012054307;5;2;5;1;2;750;28/10/2012
2012054308;5;2;5;1;3;750;30/10/2012
2012054309;1;2;2;1;3;750;31/10/2012
2012054310;5;2;2;1;7;750;31/10/2012
2012054311;1;2;3;1;6;750;08/11/2012
2012054312;5;2;1;2;6;750;09/11/2012
2012054313;5;2;2;1;6;750;12/11/2012
2012054314;5;2;2;2;6;750;13/11/2012
2012054315;1;2;3;1;6;750;14/11/2012
2012054316;1;2;3;1;3;750;15/11/2012
2012054317;1;2;1;1;3;750;15/11/2012
2012054318;5;2;7;1;3;750;16/11/2012
2012054319;1;2;3;1;3;750;19/11/2012
2012054320;1;2;4;1;6;750;19/11/2012
2012054321;5;2;7;1;2;750;19/11/2012
2012054322;1;2;2;1;2;750;22/11/2012
2012054323;5;2;2;2;6;750;23/11/2012
2012054324;1;2;7;1;3;750;24/11/2012
2012054325;5;2;2;1;2;750;24/11/2012
2012054326;5;2;1;2;2;750;27/11/2012
2012054327;1;2;1;2;6;750;27/11/2012
2012054328;1;2;2;1;4;750;30/11/2012
2012054329;5;2;2;1;3;750;01/12/2012
2012054330;2;2;5;2;3;750;03/12/2012
2012054331;5;2;1;1;6;750;06/12/2012
2012054332;1;2;3;1;6;750;13/12/2012
2012054333;5;2;3;2;6;750;14/12/2012
2012054334;5;2;2;1;3;750;16/12/2012
2012054335;1;2;1;2;7;750;20/12/2012
2012054336;5;2;2;1;3;750;22/12/2012
2012054337;5;2;7;2;6;750;01/01/2012
2012054338;1;2;2;6;6;750;03/01/2012
2012054339;1;2;4;8;3;750;03/01/2012
2012054340;5;2;2;1;3;750;04/01/2012
2012054341;1;2;5;1;7;750;06/01/2012
2012054342;5;2;2;1;6;750;06/01/2012
2012054343;5;2;3;2;2;750;09/01/2012
2012054344;1;2;1;1;6;750;14/01/2012
2012054345;5;2;1;1;6;750;15/01/2012
2012054346;1;2;3;1;6;750;16/01/2012
2012054347;1;2;1;1;3;750;17/01/2012
2012054348;5;2;7;1;3;750;17/01/2012
2012054349;3;2;5;1;6;750;17/01/2012
2012054350;2;2;2;1;7;750;18/01/2012
2012054351;1;2;2;1;6;750;18/01/2012
2012054352;5;2;1;2;2;750;18/01/2012
2012054353;1;2;1;8;6;750;19/01/2012
2012054354;1;2;1;2;3;750;20/01/2012
2012054355;2;2;7;2;6;750;25/01/2012
2012054356;1;2;7;2;7;750;25/01/2012
2012054357;1;2;3;1;6;750;27/01/2012
2012054358;1;2;4;1;7;750;02/02/2012
2012054359;5;2;1;1;7;750;02/02/2012
2012054360;5;2;2;1;3;750;05/02/2012
2012054361;2;2;1;4;6;750;05/02/2012
2012054362;1;2;4;1;3;750;06/02/2012
2012054363;1;2;2;1;3;750;07/02/2012
2012054364;2;2;2;1;6;750;07/02/2012
2012054365;2;2;2;8;6;750;10/02/2012
2012054366;1;2;1;1;6;750;14/02/2012
2012054367;1;2;5;1;3;750;16/02/2012
2012054368;1;2;1;1;3;750;20/02/2012
2012054369;2;2;2;1;3;750;22/02/2012
2012054370;2;2;1;8;6;750;27/02/2012
2012054371;5;2;5;1;6;750;02/03/2012
2012054372;1;2;5;2;3;750;06/03/2012
2012054373;5;2;5;1;6;750;06/03/2012
2012054374;1;2;2;1;2;750;10/03/2012
2012054375;5;2;1;1;2;750;12/03/2012
2012054376;1;2;4;1;3;750;15/03/2012
2012054377;5;2;7;1;3;750;15/03/2012
2012054378;1;2;2;1;6;750;16/03/2012
2012054379;5;2;1;1;7;750;17/03/2012
2012054380;5;2;3;1;1;750;20/03/2012
2012054381;1;2;1;1;2;750;21/03/2012
2012054382;1;2;1;1;2;750;22/03/2012
2012054383;5;2;1;1;2;750;22/03/2012
2012054384;5;2;5;1;3;750;23/03/2012
2012054385;1;2;5;1;4;750;25/03/2012
2012054386;1;2;2;1;3;750;27/03/2012
2012054387;1;2;2;1;3;750;27/03/2012
2012054388;3;2;1;1;6;750;27/03/2012
2012054389;1;2;1;1;6;750;02/04/2012
2012054390;1;2;1;1;2;750;05/04/2012
2012054391;5;2;4;1;6;750;07/04/2012
2012054392;1;2;2;1;1;750;13/04/2012
2012054393;5;2;4;1;6;750;14/04/2012
2012054394;1;2;1;1;2;750;17/04/2012
2012054395;1;2;1;2;6;750;17/04/2012
2012054396;1;2;2;1;7;750;18/04/2012
2012054397;1;2;5;1;3;750;19/04/2012
2012054398;1;2;5;1;6;750;20/04/2012
2012054399;1;2;1;8;6;750;29/04/2012
2012054400;1;2;1;1;6;750;30/04/2012
2012054401;1;2;4;1;7;750;01/05/2012
2012054402;1;2;1;1;2;750;02/05/2012
2012054403;1;2;1;8;3;750;03/05/2012
2012054404;5;2;5;1;3;750;03/05/2012
2012054405;2;2;3;3;7;750;05/05/2012
2012054406;1;2;1;1;6;750;06/05/2012
2012054407;1;2;3;8;6;750;06/05/2012
2012054408;1;2;1;8;2;750;09/05/2012
2012054409;1;2;1;1;3;750;14/05/2012
2012054410;1;2;1;1;4;750;15/05/2012
2012054411;1;2;2;2;6;750;15/05/2012
2012054412;1;2;2;1;2;750;16/05/2012
2012054413;1;2;5;8;3;750;18/05/2012
2012054414;1;2;3;1;6;750;21/05/2012
2012054415;1;2;7;3;6;750;21/05/2012
2012054416;2;2;1;1;3;750;24/05/2012
2012054417;1;2;1;1;6;750;25/05/2012
2012054418;1;2;2;7;6;750;29/05/2012
2012054419;1;2;7;1;2;750;29/05/2012
2012054420;1;2;3;1;3;750;30/05/2012
2012054421;1;2;1;1;6;750;30/05/2012
2012054422;2;2;5;3;3;750;30/05/2012
2012054423;1;2;3;1;6;750;01/06/2012
2012054424;1;2;3;1;6;750;01/06/2012
2012054425;3;2;7;1;3;750;01/06/2012
2012054426;1;2;1;1;6;750;02/06/2012
2012054427;1;2;1;1;3;750;04/06/2012
2012054428;1;2;2;1;6;750;03/06/2012
2012054429;1;2;5;8;3;750;04/06/2012
2012054430;5;2;3;1;6;750;06/06/2012
2012054431;5;2;5;8;6;750;12/06/2012
2012054432;1;2;1;1;6;750;14/06/2012
2012054433;1;2;1;2;7;750;15/06/2012
2012054434;1;2;1;1;6;750;15/06/2012
2012054435;2;2;2;2;7;750;15/06/2012
2012054436;2;2;1;2;6;750;19/06/2012
2012054437;5;2;3;2;6;750;19/06/2012
2012054438;1;2;2;1;1;750;20/06/2012
2012054439;1;2;2;1;6;750;21/06/2012
2012054440;1;2;3;1;2;750;25/06/2012
2012054441;1;2;2;1;1;750;26/06/2012
2012054442;1;2;5;1;2;750;28/06/2012
2012054443;1;2;2;1;3;750;30/06/2012
2012054444;1;2;4;1;6;750;01/07/2012
2012054445;1;2;5;1;6;750;02/07/2012
2012054446;1;2;1;1;3;750;03/07/2012
2012054447;1;2;1;1;3;750;04/07/2012
2012054448;1;2;2;1;6;750;05/07/2012
2012054449;1;2;2;1;6;750;06/07/2012
2012054450;1;2;3;1;6;750;06/07/2012
2012054451;5;2;3;2;3;750;07/07/2012
2012054452;1;2;5;2;3;750;13/07/2012
2012054453;1;2;2;8;4;750;20/07/2012
2012054454;5;2;3;1;3;750;21/07/2012
2012054455;1;2;5;1;3;750;21/07/2012
2012054456;1;2;2;1;3;750;22/07/2012
2012054457;5;2;5;1;6;750;23/07/2012
2012054458;1;2;1;1;6;750;24/07/2012
2012054459;1;2;5;1;7;750;26/07/2012
2012054460;1;2;1;1;7;750;28/07/2012
2012054461;5;2;2;1;3;750;28/07/2012
2012054462;5;2;1;1;6;750;02/08/2012
2012054463;1;2;1;1;2;750;06/08/2012
2012054464;1;2;2;1;3;750;08/08/2012
2012054465;1;2;4;7;3;750;09/08/2012
2012054466;5;2;1;1;6;750;11/08/2012
2012054467;1;2;5;1;6;750;15/08/2012
2012054468;5;2;2;1;3;750;23/08/2012
2012054469;1;2;2;1;6;750;24/08/2012
2012054470;1;2;5;1;6;750;31/08/2012
2012054471;5;2;3;1;1;750;31/08/2012
2012054472;1;2;1;1;3;750;03/09/2012
2012054473;1;2;1;1;2;750;03/09/2012
2012054474;1;2;3;1;7;750;04/09/2012
2012054475;1;2;7;1;3;750;04/09/2012
2012054476;1;2;2;1;3;750;05/09/2012
2012054477;1;2;5;7;3;750;07/09/2012
2012054478;1;2;1;1;6;750;13/09/2012
2012054479;1;2;7;1;6;750;17/09/2012
2012054480;1;2;5;1;3;750;20/09/2012
2012054481;1;2;2;1;3;750;21/09/2012
2012054482;1;2;3;1;3;750;23/09/2012
2012054483;1;2;3;1;6;750;25/09/2012
2012054484;4;2;3;2;3;750;26/09/2012
2012054485;1;2;3;1;7;750;27/09/2012
2012054486;1;2;5;1;3;750;28/09/2012
2012054487;1;2;5;1;3;750;28/09/2012
2012054488;5;2;3;1;2;750;29/09/2012
2012054489;1;2;1;1;4;750;29/09/2012
2012054490;1;2;1;1;6;750;30/09/2012
2012054491;1;2;2;1;6;750;02/10/2012
2012054492;5;2;7;2;2;750;03/10/2012
2012054493;2;2;1;1;7;750;05/10/2012
2012054494;5;2;7;2;3;750;06/10/2012
2012054495;5;2;1;2;2;750;06/10/2012
2012054496;5;2;1;2;7;750;06/10/2012
2012054497;5;2;5;2;6;750;06/10/2012
2012054498;5;2;5;1;3;750;07/10/2012
2012054499;1;2;5;2;7;750;09/10/2012
2012054500;1;2;1;1;3;750;09/10/2012
2012054501;1;2;4;2;3;750;10/10/2012
2012054502;1;2;2;1;6;750;15/10/2012
2012054503;1;2;4;8;3;750;16/10/2012
2012054504;1;2;2;1;2;750;16/10/2012
2012054505;1;2;4;1;1;750;16/10/2012
2012054506;3;2;2;2;6;750;17/10/2012
2012054507;1;2;1;2;6;750;19/10/2012
2012054508;5;2;2;2;3;750;19/10/2012
2012054509;5;2;3;2;6;750;21/10/2012
2012054510;1;2;2;8;6;750;23/10/2012
2012054511;1;2;2;1;5;750;23/10/2012
2012054512;1;2;7;1;3;750;23/10/2012
2012054513;5;2;5;1;3;750;23/10/2012
2012054514;1;2;3;8;2;750;26/10/2012
2012054515;5;2;7;2;2;750;26/10/2012
2012054516;2;2;3;1;3;750;27/10/2012
2012054517;1;2;1;1;6;750;28/10/2012
2012054518;5;2;2;1;6;750;30/10/2012
2012054519;1;2;1;2;6;750;02/11/2012
2012054520;5;2;5;1;3;750;04/11/2012
2012054521;1;2;3;2;6;750;05/11/2012
2012054522;5;2;1;8;3;750;06/11/2012
2012054523;1;2;3;1;6;750;07/11/2012
2012054524;5;2;5;1;6;750;07/11/2012
2012054525;1;2;5;1;3;750;09/11/2012
2012054526;5;2;1;2;6;750;09/11/2012
2012054527;5;2;7;2;2;750;10/11/2012
2012054528;1;2;7;1;2;750;12/11/2012
2012054529;1;2;5;8;6;750;14/11/2012
2012054530;2;2;3;1;3;750;16/11/2012
2012054531;1;2;2;8;6;750;18/11/2012
2012054532;1;2;7;2;3;750;21/11/2012
2012054533;1;2;2;8;7;750;22/11/2012
2012054534;1;2;5;2;7;750;23/11/2012
2012054535;5;2;2;2;2;750;23/11/2012
2012054536;1;2;3;1;7;750;26/11/2012
2012054537;1;2;7;2;6;750;27/11/2012
2012054538;1;2;3;2;7;750;27/11/2012
2012054539;1;2;7;2;5;750;27/11/2012
2012054540;2;2;4;1;3;750;30/11/2012
2012054541;5;2;5;1;6;750;02/12/2012
2012054542;5;2;1;1;2;750;03/12/2012
2012054543;1;2;3;1;3;750;04/12/2012
2012054544;1;2;1;1;7;750;06/12/2012
2012054545;2;2;1;1;3;750;12/12/2012
2012054546;5;2;3;1;3;750;12/12/2012
2012054547;5;2;7;8;6;750;14/12/2012
2012054548;1;2;2;8;6;750;19/12/2012
2012054549;1;2;2;8;6;750;20/12/2012
2012054550;5;2;2;1;3;750;20/12/2012
2012054551;5;2;5;1;6;750;21/12/2012
2012054552;1;2;1;1;6;750;24/12/2012
2012054553;2;2;2;1;6;750;26/12/2012
2012054554;5;2;7;1;6;750;01/01/2012
2012054555;1;2;1;1;6;750;02/01/2012
2012054556;1;2;2;1;6;750;04/01/2012
2012054557;1;2;2;1;6;750;04/01/2012
2012054558;5;2;7;1;3;750;04/01/2012
2012054559;1;2;7;1;2;750;06/01/2012
2012054560;2;2;4;2;7;750;09/01/2012
2012054561;1;2;1;1;7;750;12/01/2012
2012054562;5;2;2;1;6;750;12/01/2012
2012054563;5;2;2;1;1;750;13/01/2012
2012054564;1;2;1;1;2;750;13/01/2012
2012054565;1;2;4;1;6;750;13/01/2012
2012054566;5;2;2;1;3;750;13/01/2012
2012054567;1;2;1;1;7;750;14/01/2012
2012054568;5;2;1;1;6;750;15/01/2012
2012054569;1;2;2;1;2;750;15/01/2012
2012054570;5;2;7;1;6;750;15/01/2012
2012054571;5;2;2;1;2;750;15/01/2012
2012054572;5;2;7;1;3;750;16/01/2012
2012054573;1;2;2;1;1;750;17/01/2012
2012054574;1;2;1;1;2;750;17/01/2012
2012054575;1;2;1;1;2;750;18/01/2012
2012054576;1;2;1;1;6;750;18/01/2012
2012054577;5;2;1;2;3;750;19/01/2012
2012054578;5;2;2;1;6;750;20/01/2012
2012054579;1;2;2;1;6;750;20/01/2012
2012054580;5;2;1;1;3;750;21/01/2012
2012054581;2;2;1;2;6;750;24/01/2012
2012054582;5;2;7;2;3;750;25/01/2012
2012054583;1;2;1;2;7;750;25/01/2012
2012054584;1;2;1;8;3;750;25/01/2012
2012054585;5;2;7;1;6;750;25/01/2012
2012054586;5;2;1;1;2;750;26/01/2012
2012054587;1;2;5;3;3;750;26/01/2012
2012054588;5;2;1;1;2;750;27/01/2012
2012054589;5;2;7;2;6;750;28/01/2012
2012054590;1;2;7;1;5;750;29/01/2012
2012054591;1;2;2;1;6;750;29/01/2012
2012054592;1;2;7;1;3;750;30/01/2012
2012054593;1;2;7;1;3;750;31/01/2012
2012054594;5;2;7;1;6;750;01/02/2012
2012054595;1;2;1;1;2;750;01/02/2012
2012054596;5;2;1;4;7;750;01/02/2012
2012054597;5;2;7;1;3;750;01/02/2012
2012054598;1;2;5;1;6;750;07/02/2012
2012054599;5;2;5;4;6;750;08/02/2012
2012054600;5;2;2;1;6;750;09/02/2012
2012054601;1;2;2;1;2;750;10/02/2012
2012054602;1;2;1;1;6;750;10/02/2012
2012054603;5;2;2;1;1;750;11/02/2012
2012054604;5;2;1;2;6;750;13/02/2012
2012054605;5;2;7;1;2;750;13/02/2012
2012054606;5;2;7;2;6;750;14/02/2012
2012054607;1;2;2;2;3;750;15/02/2012
2012054608;1;2;2;1;6;750;15/02/2012
2012054609;1;2;1;1;6;750;16/02/2012
2012054610;1;2;1;1;7;750;17/02/2012
2012054611;5;2;5;2;6;750;17/02/2012
2012054612;5;2;5;2;6;750;18/02/2012
2012054613;1;2;7;1;3;750;22/02/2012
2012054614;1;2;7;1;2;750;22/02/2012
2012054615;5;2;2;1;3;750;22/02/2012
2012054616;5;2;2;1;7;750;23/02/2012
2012054617;1;2;2;1;6;750;24/02/2012
2012054618;5;2;1;1;3;750;26/02/2012
2012054619;1;2;3;1;3;750;27/02/2012
2012054620;1;2;7;1;6;750;27/02/2012
2012054621;1;2;2;1;6;750;28/02/2012
2012054622;1;2;1;1;3;750;29/02/2012
2012054623;1;2;2;1;6;750;29/02/2012
2012054624;1;2;1;8;6;750;02/03/2012
2012054625;1;2;1;2;7;750;04/03/2012
2012054626;1;2;1;1;6;750;07/03/2012
2012054627;1;2;2;2;7;750;07/03/2012
2012054628;5;2;1;2;3;750;07/03/2012
2012054629;1;2;1;1;3;750;08/03/2012
2012054630;1;2;5;1;1;750;08/03/2012
2012054631;5;2;5;1;1;750;09/03/2012
2012054632;1;2;7;1;3;750;09/03/2012
2012054633;5;2;1;1;2;750;11/03/2012
2012054634;2;2;5;1;6;750;12/03/2012
2012054635;5;2;1;1;2;750;12/03/2012
2012054636;1;2;3;1;6;750;13/03/2012
2012054637;1;2;7;1;3;750;13/03/2012
2012054638;1;2;2;1;6;750;13/03/2012
2012054639;1;2;7;1;2;750;14/03/2012
2012054640;5;2;2;1;6;750;14/03/2012
2012054641;1;2;1;1;3;750;15/03/2012
2012054642;1;2;2;2;7;750;18/03/2012
2012054643;1;2;1;1;7;750;18/03/2012
2012054644;1;2;2;1;3;750;19/03/2012
2012054645;1;2;1;1;2;750;19/03/2012
2012054646;1;2;4;1;3;750;20/03/2012
2012054647;1;2;7;1;2;750;20/03/2012
2012054648;2;2;2;1;6;750;24/03/2012
2012054649;1;2;7;1;7;750;25/03/2012
2012054650;5;2;1;1;3;750;25/03/2012
2012054651;5;2;3;1;6;750;25/03/2012
2012054652;1;2;2;1;3;750;27/03/2012
2012054653;1;2;7;1;3;750;28/03/2012
2012054654;1;2;1;1;4;750;28/03/2012
2012054655;5;2;2;1;6;750;29/03/2012
2012054656;1;2;1;1;1;750;29/03/2012
2012054657;1;2;7;1;3;750;04/04/2012
2012054658;1;2;3;1;6;750;04/04/2012
2012054659;1;2;1;1;3;750;04/04/2012
2012054660;1;2;7;1;6;750;05/04/2012
2012054661;5;2;1;1;6;750;06/04/2012
2012054662;1;2;3;1;3;750;08/04/2012
2012054663;1;2;1;1;6;750;12/04/2012
2012054664;1;2;7;1;3;750;12/04/2012
2012054665;5;2;7;1;3;750;15/04/2012
2012054666;1;2;7;1;3;750;16/04/2012
2012054667;5;2;1;1;6;750;17/04/2012
2012054668;2;2;3;1;2;750;17/04/2012
2012054669;1;2;7;1;6;750;18/04/2012
2012054670;1;2;2;2;7;750;18/04/2012
2012054671;1;2;5;1;4;750;24/04/2012
2012054672;1;2;1;3;2;750;25/04/2012
2012054673;1;2;7;1;3;750;26/04/2012
2012054674;1;2;1;1;2;750;26/04/2012
2012054675;1;2;1;8;3;750;27/04/2012
2012054676;1;2;7;1;3;750;27/04/2012
2012054677;1;2;1;1;6;750;01/05/2012
2012054678;1;2;1;1;2;750;01/05/2012
2012054679;1;2;5;1;3;750;01/05/2012
2012054680;1;2;7;3;6;750;02/05/2012
2012054681;5;2;7;2;6;750;03/05/2012
2012054682;1;2;7;1;3;750;04/05/2012
2012054683;1;2;1;8;3;750;04/05/2012
2012054684;5;2;1;3;6;750;06/05/2012
2012054685;1;2;2;8;6;750;08/05/2012
2012054686;1;2;1;1;2;750;09/05/2012
2012054687;1;2;1;1;4;750;10/05/2012
2012054688;1;2;1;1;6;750;10/05/2012
2012054689;1;2;7;1;3;750;10/05/2012
2012054690;5;2;2;1;6;750;11/05/2012
2012054691;2;2;2;1;6;750;12/05/2012
2012054692;1;2;1;1;2;750;12/05/2012
2012054693;1;2;1;1;6;750;12/05/2012
2012054694;1;2;1;1;3;750;12/05/2012
2012054695;1;2;2;1;3;750;12/05/2012
2012054696;1;2;7;1;6;750;13/05/2012
2012054697;1;2;7;1;6;750;15/05/2012
2012054698;1;2;5;8;3;750;15/05/2012