num_acc;lum;agg;inter;atm;col;dep;date
2012054699;5;2;2;1;3;750;16/05/2012
2012054700;1;2;1;8;7;750;15/05/2012
2012054701;1;2;7;1;3;750;16/05/2012
2012054702;1;2;1;1;6;750;18/05/2012
2012054703;1;2;2;1;6;750;22/05/2012
2012054704;1;2;1;1;6;750;22/05/2012
2012054705;1;2;1;1;3;750;23/05/2012
2012054706;5;2;2;1;3;750;23/05/2012
2012054707;1;2;1;1;6;750;24/05/2012
2012054708;1;2;1;1;3;750;24/05/2012
2012054709;1;2;1;1;6;750;24/05/2012
2012054710;1;2;2;1;6;750;25/05/2012
2012054711;1;2;1;1;6;750;27/05/2012
2012054712;5;2;3;1;2;750;30/05/2012
2012054713;1;2;7;1;2;750;30/05/2012
2012054714;1;2;7;1;3;750;30/05/2012
2012054715;1;2;3;1;2;750;30/05/2012
2012054716;1;2;1;1;3;750;31/05/2012
2012054717;1;2;5;1;6;750;31/05/2012
2012054718;1;2;1;1;3;750;31/05/2012
2012054719;5;2;4;3;7;750;03/06/2012
2012054720;1;2;1;1;4;750;02/06/2012
2012054721;1;2;2;1;3;750;04/06/2012
2012054722;1;2;5;1;7;750;05/06/2012
2012054723;1;2;3;2;3;750;05/06/2012
2012054724;1;2;1;8;6;750;08/06/2012
2012054725;5;2;2;1;3;750;08/06/2012
2012054726;1;2;2;1;6;750;10/06/2012
2012054727;1;2;1;2;3;750;12/06/2012
2012054728;1;2;1;1;3;750;12/06/2012
2012054729;5;2;3;1;2;750;13/06/2012
2012054730;1;2;5;1;6;750;14/06/2012
2012054731;1;2;2;2;7;750;15/06/2012
2012054732;1;2;2;1;6;750;16/06/2012
2012054733;5;2;1;1;6;750;17/06/2012
2012054734;2;2;7;1;7;750;17/06/2012
2012054735;5;2;2;1;3;750;18/06/2012
2012054736;1;2;5;1;3;750;18/06/2012
2012054737;1;2;7;1;2;750;18/06/2012
2012054738;5;2;2;1;6;750;23/06/2012
2012054739;2;2;1;1;2;750;23/06/2012
2012054740;1;2;7;1;3;750;23/06/2012
2012054741;5;2;1;1;6;750;24/06/2012
2012054742;5;2;7;1;7;750;24/06/2012
2012054743;1;2;1;1;3;750;25/06/2012
2012054744;1;2;1;1;2;750;25/06/2012
2012054745;1;2;2;1;3;750;25/06/2012
2012054746;1;2;7;1;7;750;25/06/2012
2012054747;1;2;1;1;6;750;25/06/2012
2012054748;1;2;1;8;7;750;26/06/2012
2012054749;1;2;2;1;6;750;27/06/2012
2012054750;1;2;3;1;2;750;28/06/2012
2012054751;1;2;1;1;2;750;29/06/2012
2012054752;5;2;1;1;6;750;29/06/2012
2012054753;5;2;4;1;3;750;01/07/2012
2012054754;1;2;7;1;6;750;02/07/2012
2012054755;1;2;3;1;3;750;02/07/2012
2012054756;5;2;4;1;6;750;03/07/2012
2012054757;1;2;1;1;3;750;04/07/2012
2012054758;1;2;2;1;7;750;05/07/2012
2012054759;1;2;7;1;6;750;05/07/2012
2012054760;1;2;1;1;3;750;05/07/2012
2012054761;1;2;3;2;7;750;06/07/2012
2012054762;5;2;2;1;2;750;07/07/2012
2012054763;1;2;7;1;6;750;07/07/2012
2012054764;1;2;1;8;7;750;07/07/2012
2012054765;1;2;2;1;3;750;09/07/2012
2012054766;1;2;3;1;2;750;10/07/2012
2012054767;1;2;4;1;2;750;10/07/2012
2012054768;5;2;5;1;6;750;10/07/2012
2012054769;1;2;2;1;2;750;11/07/2012
2012054770;1;2;1;1;3;750;11/07/2012
2012054771;1;2;2;2;3;750;12/07/2012
2012054772;5;2;1;2;3;750;12/07/2012
2012054773;5;2;7;3;6;750;13/07/2012
2012054774;1;2;3;1;3;750;16/07/2012
2012054775;1;2;1;1;2;750;16/07/2012
2012054776;1;2;5;1;3;750;17/07/2012
2012054777;1;2;3;1;3;750;17/07/2012
2012054778;1;2;1;1;2;750;18/07/2012
2012054779;1;2;7;1;3;750;18/07/2012
2012054780;5;2;7;1;3;750;18/07/2012
2012054781;5;2;5;1;6;750;20/07/2012
2012054782;1;2;2;1;3;750;20/07/2012
2012054783;1;2;1;1;6;750;20/07/2012
2012054784;1;2;1;1;2;750;20/07/2012
2012054785;1;2;7;1;3;750;20/07/2012
2012054786;1;2;5;1;6;750;22/07/2012
2012054787;1;2;7;1;7;750;22/07/2012
2012054788;1;2;2;1;7;750;23/07/2012
2012054789;1;2;4;1;3;750;23/07/2012
2012054790;5;2;7;1;7;750;23/07/2012
2012054791;4;2;1;1;7;750;24/07/2012
2012054792;1;2;7;1;3;750;24/07/2012
2012054793;1;2;4;1;3;750;24/07/2012
2012054794;1;2;2;1;6;750;25/07/2012
2012054795;1;2;2;1;3;750;25/07/2012
2012054796;1;2;1;1;2;750;26/07/2012
2012054797;5;2;2;1;6;750;26/07/2012
2012054798;5;2;3;2;6;750;28/07/2012
2012054799;1;2;2;1;2;750;28/07/2012
2012054800;1;2;1;1;6;750;29/07/2012
2012054801;1;2;1;1;3;750;30/07/2012
2012054802;1;2;4;1;6;750;30/07/2012
2012054803;1;2;5;1;3;750;30/07/2012
2012054804;1;2;1;8;3;750;03/08/2012
2012054805;1;2;1;1;6;750;04/08/2012
2012054806;1;2;7;1;5;750;08/08/2012
2012054807;1;2;2;1;3;750;09/08/2012
2012054808;1;2;1;1;7;750;09/08/2012
2012054809;1;2;2;1;7;750;11/08/2012
2012054810;1;2;1;1;3;750;11/08/2012
2012054811;1;2;5;1;3;750;12/08/2012
2012054812;5;2;2;1;6;750;13/08/2012
2012054813;1;2;4;1;6;750;16/08/2012
2012054814;2;2;7;1;6;750;17/08/2012
2012054815;1;2;2;1;3;750;20/08/2012
2012054816;1;2;2;1;7;750;23/08/2012
2012054817;1;2;2;1;3;750;24/08/2012
2012054818;1;2;1;2;7;750;24/08/2012
2012054819;5;2;7;1;3;750;25/08/2012
2012054820;1;2;2;1;3;750;25/08/2012
2012054821;1;2;3;1;3;750;29/08/2012
2012054822;1;2;2;1;6;750;29/08/2012
2012054823;1;2;2;1;3;750;29/08/2012
2012054824;1;2;3;1;5;750;29/08/2012
2012054825;1;2;7;1;2;750;30/08/2012
2012054826;1;2;2;2;3;750;30/08/2012
2012054827;1;2;7;1;5;750;30/08/2012
2012054828;1;2;7;1;2;750;31/08/2012
2012054829;1;2;7;1;3;750;31/08/2012
2012054830;1;2;1;8;3;750;03/09/2012
2012054831;5;2;2;1;6;750;04/09/2012
2012054832;1;2;2;1;3;750;04/09/2012
2012054833;1;2;3;1;6;750;04/09/2012
2012054834;5;2;3;1;6;750;05/09/2012
2012054835;1;2;2;1;6;750;05/09/2012
2012054836;2;2;1;1;3;750;09/09/2012
2012054837;5;2;7;1;3;750;09/09/2012
2012054838;1;2;2;2;3;750;11/09/2012
2012054839;1;2;7;1;3;750;11/09/2012
2012054840;1;2;7;2;6;750;12/09/2012
2012054841;1;2;1;1;6;750;12/09/2012
2012054842;1;2;3;1;6;750;13/09/2012
2012054843;1;2;4;1;3;750;13/09/2012
2012054844;5;2;7;1;7;750;13/09/2012
2012054845;1;2;1;1;6;750;16/09/2012
2012054846;1;2;4;1;6;750;16/09/2012
2012054847;1;2;1;1;6;750;17/09/2012
2012054848;1;2;2;1;6;750;17/09/2012
2012054849;1;2;1;1;3;750;17/09/2012
2012054850;1;2;5;1;6;750;17/09/2012
2012054851;1;2;2;1;6;750;17/09/2012
2012054852;5;2;2;1;3;750;18/09/2012
2012054853;1;2;2;1;3;750;19/09/2012
2012054854;1;2;7;1;3;750;19/09/2012
2012054855;1;2;4;3;7;750;21/09/2012
2012054856;5;2;3;1;2;750;21/09/2012
2012054857;1;2;7;1;6;750;22/09/2012
2012054858;5;2;7;1;3;750;23/09/2012
2012054859;1;2;5;2;1;750;24/09/2012
2012054860;1;2;1;1;5;750;25/09/2012
2012054861;1;2;3;1;6;750;25/09/2012
2012054862;5;2;1;3;7;750;26/09/2012
2012054863;1;2;1;2;3;750;27/09/2012
2012054864;1;2;1;8;3;750;27/09/2012
2012054865;1;2;2;1;3;750;28/09/2012
2012054866;1;2;2;1;6;750;29/09/2012
2012054867;1;2;7;1;3;750;01/10/2012
2012054868;1;2;1;1;6;750;01/10/2012
2012054869;1;2;3;1;6;750;01/10/2012
2012054870;5;2;5;2;3;750;01/10/2012
2012054871;1;2;2;1;3;750;02/10/2012
2012054872;1;2;1;1;6;750;03/10/2012
2012054873;2;2;1;3;7;750;03/10/2012
2012054874;5;2;2;2;5;750;03/10/2012
2012054875;5;2;1;2;7;750;04/10/2012
2012054876;1;2;2;1;2;750;03/10/2012
2012054877;1;2;2;2;1;750;04/10/2012
2012054878;1;2;4;1;7;750;04/10/2012
2012054879;1;2;2;2;2;750;04/10/2012
2012054880;1;2;7;1;6;750;04/10/2012
2012054881;1;2;1;1;4;750;04/10/2012
2012054882;5;2;5;9;6;750;05/10/2012
2012054883;1;2;7;1;3;750;05/10/2012
2012054884;5;2;7;1;1;750;07/10/2012
2012054885;1;2;1;2;7;750;08/10/2012
2012054886;1;2;1;2;6;750;08/10/2012
2012054887;1;2;1;2;7;750;10/10/2012
2012054888;1;2;7;8;3;750;10/10/2012
2012054889;1;2;2;1;6;750;11/10/2012
2012054890;5;2;7;1;3;750;12/10/2012
2012054891;1;2;5;3;2;750;13/10/2012
2012054892;5;2;1;8;7;750;13/10/2012
2012054893;1;2;7;1;3;750;15/10/2012
2012054894;5;2;1;1;6;750;15/10/2012
2012054895;1;2;2;1;6;750;16/10/2012
2012054896;1;2;2;1;6;750;16/10/2012
2012054897;2;2;7;2;2;750;17/10/2012
2012054898;5;2;1;1;2;750;17/10/2012
2012054899;1;2;2;2;7;750;17/10/2012
2012054900;1;2;2;1;6;750;18/10/2012
2012054901;1;2;1;1;2;750;18/10/2012
2012054902;5;2;1;2;6;750;18/10/2012
2012054903;5;2;5;1;6;750;19/10/2012
2012054904;1;2;7;1;2;750;19/10/2012
2012054905;1;2;1;2;6;750;20/10/2012
2012054906;5;2;4;2;3;750;21/10/2012
2012054907;1;2;2;6;7;750;21/10/2012
2012054908;5;2;7;1;3;750;21/10/2012
2012054909;1;2;4;1;3;750;22/10/2012
2012054910;1;2;1;1;2;750;23/10/2012
2012054911;1;2;2;1;6;750;24/10/2012
2012054912;5;2;2;1;1;750;26/10/2012
2012054913;1;2;1;1;2;750;26/10/2012
2012054914;5;2;1;1;7;750;27/10/2012
2012054915;5;2;7;1;6;750;28/10/2012
2012054916;5;2;1;1;6;750;28/10/2012
2012054917;5;2;1;2;3;750;28/10/2012
2012054918;1;2;2;1;2;750;30/10/2012
2012054919;5;2;2;1;2;750;30/10/2012
2012054920;1;2;4;1;6;750;31/10/2012
2012054921;1;2;1;1;3;750;31/10/2012
2012054922;2;2;7;2;7;750;01/11/2012
2012054923;1;2;2;2;2;750;02/11/2012
2012054924;5;2;2;2;6;750;03/11/2012
2012054925;1;2;1;1;2;750;03/11/2012
2012054926;1;2;1;1;2;750;03/11/2012
2012054927;5;2;2;2;6;750;05/11/2012
2012054928;1;2;4;1;6;750;06/11/2012
2012054929;5;2;2;1;6;750;08/11/2012
2012054930;5;2;3;1;6;750;08/11/2012
2012054931;5;2;1;1;2;750;08/11/2012
2012054932;5;2;2;2;7;750;09/11/2012
2012054933;5;2;7;2;3;750;09/11/2012
2012054934;5;2;2;2;7;750;10/11/2012
2012054935;5;2;2;1;6;750;11/11/2012
2012054936;2;2;2;1;6;750;12/11/2012
2012054937;1;2;5;2;3;750;12/11/2012
2012054938;2;2;3;1;3;750;12/11/2012
2012054939;1;2;7;1;3;750;13/11/2012
2012054940;1;2;4;1;6;750;13/11/2012
2012054941;1;2;1;1;3;750;10/11/2012
2012054942;5;2;2;1;3;750;13/11/2012
2012054943;1;2;4;8;6;750;15/11/2012
2012054944;5;2;2;1;3;750;14/11/2012
2012054945;1;2;3;8;2;750;17/11/2012
2012054946;5;2;5;1;6;750;16/11/2012
2012054947;1;2;1;9;2;750;18/11/2012
2012054948;5;2;1;8;6;750;18/11/2012
2012054949;1;2;1;1;3;750;19/11/2012
2012054950;1;2;4;1;5;750;19/11/2012
2012054951;1;2;3;1;3;750;20/11/2012
2012054952;2;2;7;1;7;750;21/11/2012
2012054953;5;2;1;1;6;750;22/11/2012
2012054954;1;2;1;1;2;750;22/11/2012
2012054955;1;2;1;2;2;750;23/11/2012
2012054956;5;2;1;1;2;750;23/11/2012
2012054957;2;2;1;1;3;750;24/11/2012
2012054958;1;2;7;1;1;750;25/11/2012
2012054959;5;2;1;1;6;750;25/11/2012
2012054960;1;2;5;1;7;750;26/11/2012
2012054961;5;2;1;1;2;750;26/11/2012
2012054962;1;2;1;8;2;750;27/11/2012
2012054963;1;2;1;8;6;750;27/11/2012
2012054964;5;2;1;2;6;750;28/11/2012
2012054965;1;2;1;2;2;750;29/11/2012
2012054966;1;2;1;1;2;750;29/11/2012
2012054967;2;2;4;1;2;750;29/11/2012
2012054968;5;2;1;1;6;750;29/11/2012
2012054969;5;2;2;1;3;750;30/11/2012
2012054970;5;2;2;1;6;750;01/12/2012
2012054971;5;2;7;1;6;750;01/12/2012
2012054972;5;2;2;2;2;750;02/12/2012
2012054973;1;2;1;2;7;750;03/12/2012
2012054974;1;2;1;1;3;750;03/12/2012
2012054975;1;2;3;1;3;750;04/12/2012
2012054976;5;2;7;1;6;750;04/12/2012
2012054977;5;2;2;2;3;750;05/12/2012
2012054978;5;2;7;1;6;750;06/12/2012
2012054979;1;2;1;1;6;750;06/12/2012
2012054980;1;2;1;1;2;750;06/12/2012
2012054981;1;2;1;1;6;750;06/12/2012
2012054982;5;2;3;1;6;750;06/12/2012
2012054983;5;2;1;8;3;750;06/12/2012
2012054984;1;2;4;2;2;750;07/12/2012
2012054985;1;2;2;1;2;750;11/12/2012
2012054986;1;2;5;1;3;750;11/12/2012
2012054987;1;2;1;1;6;750;12/12/2012
2012054988;1;2;2;1;3;750;12/12/2012
2012054989;1;2;2;2;6;750;13/12/2012
2012054990;5;2;1;2;2;750;13/12/2012
2012054991;5;2;1;2;6;750;14/12/2012
2012054992;1;2;2;2;2;750;14/12/2012
2012054993;5;2;2;2;3;750;14/12/2012
2012054994;1;2;5;1;6;750;15/12/2012
2012054995;1;2;1;1;3;750;12/12/2012
2012054996;1;2;5;1;6;750;12/12/2012
2012054997;1;2;1;1;6;750;15/12/2012
2012054998;5;2;2;2;6;750;16/12/2012
2012054999;5;2;2;1;6;750;17/12/2012
2012055000;1;2;4;2;2;750;18/12/2012
2012055001;1;2;1;1;6;750;18/12/2012
2012055002;1;2;1;1;2;750;18/12/2012
2012055003;5;2;2;1;3;750;19/12/2012
2012055004;1;2;1;1;6;750;21/12/2012
2012055005;5;2;1;1;2;750;22/12/2012
2012055006;5;2;3;1;3;750;22/12/2012
2012055007;1;2;5;2;3;750;28/12/2012
2012055008;1;2;1;8;6;750;28/12/2012
2012055009;5;2;1;1;6;750;27/12/2012
2012055010;5;2;7;1;3;750;31/12/2012
2012055011;5;2;4;3;6;750;03/01/2012
2012055012;5;2;2;1;3;750;20/02/2012
2012055013;5;2;3;1;2;750;19/03/2012
2012055014;5;2;7;1;6;750;02/01/2012
2012055015;5;2;1;2;3;750;03/01/2012
2012055016;5;2;2;2;6;750;26/12/2012
2012055017;1;2;1;2;2;750;05/01/2012
2012055018;1;2;1;2;6;750;05/01/2012
2012055019;1;2;2;1;3;750;06/01/2012
2012055020;1;2;3;1;6;750;06/01/2012
2012055021;5;2;1;1;6;750;07/01/2012
2012055022;1;2;1;1;6;750;08/01/2012
2012055023;1;2;2;1;6;750;11/01/2012
2012055024;2;2;2;1;6;750;11/01/2012
2012055025;5;2;3;1;6;750;13/01/2012
2012055026;2;2;2;8;6;750;16/01/2012
2012055027;1;2;2;1;7;750;17/01/2012
2012055028;5;2;1;1;2;750;17/01/2012
2012055029;2;2;1;1;6;750;18/01/2012
2012055030;1;2;2;1;6;750;23/01/2012
2012055031;1;2;1;1;3;750;23/01/2012
2012055032;1;2;1;8;6;750;23/01/2012
2012055033;5;2;2;2;6;750;24/01/2012
2012055034;5;2;3;8;6;750;26/01/2012
2012055035;5;2;2;1;1;750;28/01/2012
2012055036;5;2;7;1;6;750;29/01/2012
2012055037;1;2;1;1;6;750;30/01/2012
2012055038;1;2;2;1;6;750;31/01/2012
2012055039;5;2;5;1;6;750;31/01/2012
2012055040;5;2;7;1;6;750;03/02/2012
2012055041;5;2;5;4;7;750;08/02/2012
2012055042;1;2;1;1;3;750;11/02/2012
2012055043;5;2;5;2;6;750;14/02/2012
2012055044;1;2;2;1;3;750;12/02/2012
2012055045;2;2;1;2;3;750;17/02/2012
2012055046;5;2;5;3;3;750;19/02/2012
2012055047;1;2;1;1;2;750;20/02/2012
2012055048;5;2;2;1;2;750;21/02/2012
2012055049;1;2;7;1;3;750;22/02/2012
2012055050;1;2;2;1;6;750;24/02/2012
2012055051;1;2;1;1;6;750;29/02/2012
2012055052;5;2;5;1;6;750;01/03/2012
2012055053;3;2;2;1;7;750;01/03/2012
2012055054;1;2;1;1;6;750;02/03/2012
2012055055;5;2;5;1;3;750;04/03/2012
2012055056;1;2;2;1;3;750;04/03/2012
2012055057;5;2;7;2;3;750;05/03/2012
2012055058;5;2;7;1;6;750;11/03/2012
2012055059;1;2;5;8;3;750;11/03/2012
2012055060;1;2;7;1;3;750;12/03/2012
2012055061;1;2;1;1;6;750;13/03/2012
2012055062;1;2;1;1;6;750;15/03/2012
2012055063;1;2;3;1;6;750;15/03/2012
2012055064;5;2;5;1;2;750;17/03/2012
2012055065;5;2;3;2;6;750;17/03/2012
2012055066;1;2;1;1;2;750;20/03/2012
2012055067;1;2;5;1;3;750;23/03/2012
2012055068;1;2;2;1;6;750;23/03/2012
2012055069;1;2;2;1;6;750;23/03/2012
2012055070;1;2;3;1;6;750;27/03/2012
2012055071;1;2;7;1;6;750;27/03/2012
2012055072;1;2;3;1;2;750;28/03/2012
2012055073;2;2;1;1;6;750;28/03/2012
2012055074;5;2;1;1;7;750;31/03/2012
2012055075;1;2;3;1;6;750;02/04/2012
2012055076;1;2;1;1;3;750;04/04/2012
2012055077;1;2;3;1;6;750;08/04/2012
2012055078;2;2;3;2;2;750;09/04/2012
2012055079;5;2;1;1;7;750;11/04/2012
2012055080;2;2;1;1;6;750;12/04/2012
2012055081;1;2;4;1;2;750;14/04/2012
2012055082;1;2;7;3;6;750;17/04/2012
2012055083;1;2;1;1;6;750;19/04/2012
2012055084;5;2;2;1;6;750;20/04/2012
2012055085;5;2;1;1;6;750;18/04/2012
2012055086;1;2;7;1;6;750;21/04/2012
2012055087;1;2;1;2;7;750;25/04/2012
2012055088;5;2;1;1;6;750;27/04/2012
2012055089;1;2;1;2;3;750;28/04/2012
2012055090;1;2;1;2;3;750;30/04/2012
2012055091;2;2;5;1;3;750;01/05/2012
2012055092;1;2;1;1;6;750;03/05/2012
2012055093;1;2;1;1;7;750;09/05/2012
2012055094;1;2;5;1;6;750;12/05/2012
2012055095;1;2;7;1;3;750;16/05/2012
2012055096;1;2;2;1;3;750;17/05/2012
2012055097;1;2;1;1;7;750;18/05/2012
2012055098;1;2;7;1;6;750;18/05/2012
2012055099;1;2;2;3;6;750;21/05/2012
2012055100;1;2;2;1;6;750;25/05/2012
2012055101;1;2;3;1;3;750;05/06/2012
2012055102;5;2;2;2;4;750;05/06/2012
2012055103;1;2;3;8;6;750;06/06/2012
2012055104;1;2;3;8;6;750;06/06/2012
2012055105;1;2;2;2;6;750;12/06/2012
2012055106;1;2;7;1;1;750;12/06/2012
2012055107;1;2;3;1;6;750;13/06/2012
2012055108;2;2;4;3;6;750;15/06/2012
2012055109;1;2;3;1;2;750;18/06/2012
2012055110;2;2;1;1;6;750;18/06/2012
2012055111;1;2;1;1;2;750;19/06/2012
2012055112;1;2;4;1;2;750;20/06/2012
2012055113;1;2;5;1;6;750;22/06/2012
2012055114;5;2;2;1;6;750;23/06/2012
2012055115;1;2;2;2;3;750;24/06/2012
2012055116;1;2;1;1;3;750;23/06/2012
2012055117;1;2;1;2;6;750;26/06/2012
2012055118;1;2;1;1;6;750;26/06/2012
2012055119;1;2;5;1;2;750;28/06/2012
2012055120;5;2;2;1;3;750;29/06/2012
2012055121;5;2;2;1;6;750;03/07/2012
2012055122;1;2;7;1;3;750;06/07/2012
2012055123;1;2;2;1;6;750;05/07/2012
2012055124;1;2;2;1;2;750;09/07/2012
2012055125;2;2;2;2;6;750;12/07/2012
2012055126;5;2;2;1;3;750;20/07/2012
2012055127;1;2;2;8;7;750;20/07/2012
2012055128;1;2;3;1;3;750;23/07/2012
2012055129;1;2;1;1;6;750;23/07/2012
2012055130;1;2;2;1;6;750;25/07/2012
2012055131;2;2;3;1;7;750;25/07/2012
2012055132;1;2;4;1;6;750;28/07/2012
2012055133;1;2;7;1;7;750;31/07/2012
2012055134;5;2;1;1;6;750;15/08/2012
2012055135;1;2;1;1;6;750;17/08/2012
2012055136;1;2;7;1;3;750;17/08/2012
2012055137;1;2;5;1;6;750;18/08/2012
2012055138;5;2;1;1;6;750;18/08/2012
2012055139;1;2;7;1;3;750;22/08/2012
2012055140;1;2;2;1;6;750;23/08/2012
2012055141;1;2;2;7;6;750;23/08/2012
2012055142;1;2;5;1;6;750;23/08/2012
2012055143;5;2;1;1;2;750;25/08/2012
2012055144;1;2;3;1;3;750;29/08/2012
2012055145;1;2;2;1;7;750;28/08/2012
2012055146;2;2;1;1;2;750;31/08/2012
2012055147;1;2;5;1;3;750;01/09/2012
2012055148;1;2;2;1;3;750;03/09/2012
2012055149;1;2;2;1;7;750;09/09/2012
2012055150;5;2;1;1;2;750;09/09/2012
2012055151;1;2;2;1;6;750;10/09/2012
2012055152;1;2;3;1;7;750;11/09/2012
2012055153;1;2;3;3;2;750;11/09/2012
2012055154;1;2;1;1;2;750;11/09/2012
2012055155;1;2;4;1;3;750;13/09/2012
2012055156;1;2;1;1;6;750;13/09/2012
2012055157;1;2;7;1;7;750;16/09/2012
2012055158;1;2;5;1;3;750;19/09/2012
2012055159;1;2;5;1;6;750;23/09/2012
2012055160;1;2;2;1;3;750;24/09/2012
2012055161;1;2;1;1;6;750;25/09/2012
2012055162;1;2;1;2;6;750;27/09/2012
2012055163;1;2;1;2;6;750;27/09/2012
2012055164;1;2;3;1;6;750;28/09/2012
2012055165;1;2;2;1;3;750;29/09/2012
2012055166;5;2;7;2;6;750;02/10/2012
2012055167;5;2;1;1;7;750;03/10/2012
2012055168;2;2;7;3;6;750;04/10/2012
2012055169;1;2;2;2;2;750;04/10/2012
2012055170;1;2;2;1;2;750;04/10/2012
2012055171;5;2;7;1;6;750;05/10/2012
2012055172;5;2;3;1;6;750;05/10/2012
2012055173;5;2;2;3;2;750;03/10/2012
2012055174;1;2;7;2;3;750;09/10/2012
2012055175;1;2;7;1;6;750;09/10/2012
2012055176;5;2;2;1;7;750;09/10/2012
2012055177;5;2;5;1;3;750;12/10/2012
2012055178;1;2;1;3;2;750;14/10/2012
2012055179;1;2;1;1;6;750;15/10/2012
2012055180;5;2;1;2;6;750;16/10/2012
2012055181;1;2;1;1;6;750;16/10/2012
2012055182;2;2;7;8;3;750;18/10/2012
2012055183;5;2;2;1;3;750;22/10/2012
2012055184;1;2;2;1;6;750;24/10/2012
2012055185;5;2;2;1;7;750;25/10/2012
2012055186;5;2;1;1;6;750;27/10/2012
2012055187;1;2;2;1;3;750;31/10/2012
2012055188;5;2;1;1;2;750;04/11/2012
2012055189;5;2;7;1;6;750;07/11/2012
2012055190;5;2;2;1;6;750;13/11/2012
2012055191;5;2;1;1;6;750;14/11/2012
2012055192;5;2;5;1;3;750;17/11/2012
2012055193;1;2;5;1;3;750;19/11/2012
2012055194;1;2;2;1;3;750;19/11/2012
2012055195;2;2;2;1;6;750;21/11/2012
2012055196;1;2;2;1;6;750;22/11/2012
2012055197;5;2;1;1;4;750;25/11/2012
2012055198;1;2;3;1;6;750;28/11/2012
2012055199;5;2;2;1;2;750;29/11/2012
2012055200;1;2;2;2;7;750;29/11/2012
2012055201;5;2;1;1;6;750;29/11/2012
2012055202;5;2;4;1;3;750;29/11/2012
2012055203;5;2;5;1;2;750;02/12/2012
2012055204;5;2;3;3;2;750;04/12/2012
2012055205;5;2;4;1;2;750;03/12/2012
2012055206;1;2;3;2;6;750;07/12/2012
2012055207;5;2;5;1;3;750;10/12/2012
2012055208;5;2;5;3;6;750;15/12/2012
2012055209;1;2;7;1;6;750;16/12/2012
2012055210;1;2;3;1;3;750;21/12/2012
2012055211;5;2;3;2;6;750;21/12/2012
2012055212;2;2;7;1;3;750;23/12/2012
2012055213;5;2;7;1;6;750;24/12/2012
2012055214;5;2;7;1;2;750;31/12/2012
2012055215;5;2;2;1;7;750;01/01/2012
2012055216;5;2;7;2;7;750;03/01/2012
2012055217;1;2;1;3;3;750;04/01/2012
2012055218;3;2;5;2;6;750;05/01/2012
2012055219;5;2;1;1;2;750;07/01/2012
2012055220;1;2;3;1;6;750;10/01/2012
2012055221;2;2;1;1;2;750;16/01/2012
2012055222;1;2;5;1;2;750;16/01/2012
2012055223;5;2;5;1;3;750;17/01/2012
2012055224;1;2;3;1;2;750;18/01/2012
2012055225;1;2;2;2;3;750;20/01/2012
2012055226;1;2;5;2;2;750;21/01/2012
2012055227;5;2;1;2;7;750;21/01/2012
2012055228;5;2;1;2;6;750;21/01/2012
2012055229;5;2;2;1;6;750;22/01/2012
2012055230;5;2;1;1;6;750;21/01/2012
2012055231;5;2;1;2;6;750;25/01/2012
2012055232;1;2;1;8;6;750;25/01/2012
2012055233;5;2;5;8;6;750;26/01/2012
2012055234;5;2;2;1;1;750;27/01/2012
2012055235;1;2;1;1;6;750;29/01/2012
2012055236;2;2;1;1;6;750;30/01/2012
2012055237;5;2;2;1;7;750;30/01/2012
2012055238;1;2;5;1;7;750;01/02/2012
2012055239;5;2;1;1;7;750;03/02/2012
2012055240;1;2;3;8;2;750;03/02/2012
2012055241;5;2;1;1;6;750;03/02/2012
2012055242;5;2;1;1;6;750;04/02/2012
2012055243;5;2;4;1;6;750;06/02/2012
2012055244;1;2;1;1;6;750;07/02/2012
2012055245;1;2;4;1;3;750;10/02/2012
2012055246;5;2;2;1;3;750;12/02/2012
2012055247;5;2;1;2;2;750;12/02/2012
2012055248;1;2;7;1;2;750;14/02/2012
2012055249;1;2;2;8;3;750;15/02/2012
2012055250;1;2;2;2;6;750;17/02/2012
2012055251;1;2;2;1;6;750;20/02/2012
2012055252;5;2;7;1;3;750;22/02/2012
2012055253;5;2;4;1;3;750;11/01/2012
2012055254;1;2;4;1;6;750;25/02/2012
2012055255;1;2;1;1;7;750;01/03/2012
2012055256;1;2;2;1;3;750;01/03/2012
2012055257;5;2;1;1;6;750;03/03/2012
2012055258;5;2;4;2;6;750;05/03/2012
2012055259;5;2;2;1;7;750;06/03/2012
2012055260;1;2;1;2;7;750;07/03/2012
2012055261;1;2;1;2;7;750;07/03/2012
2012055262;5;2;1;1;6;750;08/03/2012
2012055263;1;2;3;1;6;750;10/03/2012
2012055264;5;2;5;1;3;750;12/03/2012
2012055265;5;2;1;1;6;750;14/03/2012
2012055266;1;2;3;1;6;750;15/03/2012
2012055267;1;2;1;1;2;750;15/03/2012
2012055268;1;2;1;1;6;750;16/03/2012
2012055269;1;2;2;1;6;750;16/03/2012
2012055270;5;2;2;8;3;750;17/03/2012
2012055271;1;2;1;1;6;750;22/03/2012
2012055272;5;2;1;1;3;750;22/03/2012
2012055273;1;2;5;1;6;750;23/03/2012
2012055274;1;2;5;1;3;750;23/03/2012
2012055275;5;2;2;1;6;750;25/03/2012
2012055276;5;2;4;1;3;750;26/03/2012
2012055277;5;2;2;1;6;750;28/03/2012
2012055278;1;2;7;1;2;750;28/03/2012
2012055279;1;2;1;1;6;750;28/03/2012