num_acc;lum;agg;inter;atm;col;dep;date
2012055280;1;2;2;1;3;750;28/03/2012
2012055281;1;2;1;1;7;750;29/03/2012
2012055282;1;2;1;1;3;750;30/03/2012
2012055283;5;2;2;1;1;750;31/03/2012
2012055284;5;2;1;1;7;750;31/03/2012
2012055285;1;2;5;1;6;750;06/04/2012
2012055286;1;2;1;8;6;750;07/04/2012
2012055287;2;2;5;1;6;750;08/04/2012
2012055288;1;2;2;2;6;750;10/04/2012
2012055289;1;2;1;1;6;750;11/04/2012
2012055290;1;2;1;1;1;750;13/04/2012
2012055291;1;2;1;1;6;750;13/04/2012
2012055292;1;2;3;1;2;750;13/04/2012
2012055293;1;2;3;1;2;750;14/04/2012
2012055294;1;2;2;2;3;750;17/04/2012
2012055295;1;2;1;1;6;750;19/04/2012
2012055296;5;2;1;1;3;750;19/04/2012
2012055297;1;2;5;2;3;750;20/04/2012
2012055298;5;2;4;1;6;750;21/04/2012
2012055299;1;2;5;8;6;750;22/04/2012
2012055300;5;2;3;2;7;750;22/04/2012
2012055301;1;2;1;3;7;750;24/04/2012
2012055302;1;2;1;2;6;750;24/04/2012
2012055303;1;2;1;3;7;750;24/04/2012
2012055304;1;2;7;2;3;750;25/04/2012
2012055305;1;2;2;8;3;750;26/04/2012
2012055306;1;2;2;8;3;750;28/04/2012
2012055307;1;2;7;1;7;750;01/05/2012
2012055308;1;2;2;1;3;750;02/05/2012
2012055309;1;2;7;1;6;750;04/05/2012
2012055310;5;2;5;2;6;750;05/05/2012
2012055311;1;2;2;1;6;750;07/05/2012
2012055312;1;2;1;1;6;750;09/05/2012
2012055313;1;2;2;1;6;750;10/05/2012
2012055314;1;2;4;1;6;750;12/05/2012
2012055315;1;2;3;1;2;750;15/05/2012
2012055316;1;2;1;8;7;750;15/05/2012
2012055317;1;2;1;1;6;750;16/05/2012
2012055318;1;2;1;1;6;750;16/05/2012
2012055319;1;2;7;1;3;750;16/05/2012
2012055320;1;2;5;1;3;750;16/05/2012
2012055321;5;2;1;1;3;750;17/05/2012
2012055322;1;2;4;1;3;750;19/05/2012
2012055323;5;2;7;1;3;750;24/05/2012
2012055324;1;2;1;1;2;750;25/05/2012
2012055325;2;2;2;1;3;750;01/06/2012
2012055326;1;2;1;1;6;750;01/06/2012
2012055327;1;2;1;8;6;750;03/06/2012
2012055328;1;2;1;1;3;750;05/06/2012
2012055329;1;2;4;2;6;750;05/06/2012
2012055330;5;2;5;2;6;750;05/06/2012
2012055331;1;2;3;1;3;750;06/06/2012
2012055332;1;2;3;8;3;750;08/06/2012
2012055333;1;2;1;1;3;750;08/06/2012
2012055334;1;2;1;1;6;750;08/06/2012
2012055335;1;2;7;1;3;750;11/06/2012
2012055336;1;2;2;1;3;750;12/06/2012
2012055337;1;2;7;1;3;750;13/06/2012
2012055338;1;2;1;1;6;750;13/06/2012
2012055339;1;2;2;1;6;750;15/06/2012
2012055340;5;2;1;3;6;750;15/06/2012
2012055341;1;2;1;1;6;750;16/06/2012
2012055342;1;2;1;1;6;750;17/06/2012
2012055343;1;2;3;2;6;750;18/06/2012
2012055344;1;2;5;8;6;750;19/06/2012
2012055345;1;2;1;1;6;750;19/06/2012
2012055346;1;2;2;1;6;750;20/06/2012
2012055347;1;2;2;1;2;750;20/06/2012
2012055348;5;2;2;1;3;750;20/06/2012
2012055349;1;2;2;1;6;750;23/06/2012
2012055350;1;2;1;2;1;750;24/06/2012
2012055351;1;2;2;2;6;750;24/06/2012
2012055352;1;2;3;1;1;750;25/06/2012
2012055353;1;2;1;1;6;750;25/06/2012
2012055354;1;2;4;1;3;750;27/06/2012
2012055355;1;2;1;1;3;750;27/06/2012
2012055356;1;2;1;1;6;750;28/06/2012
2012055357;1;2;1;1;6;750;28/06/2012
2012055358;1;2;1;1;6;750;30/06/2012
2012055359;1;2;2;1;3;750;30/06/2012
2012055360;2;2;1;1;6;750;01/07/2012
2012055361;2;2;2;1;3;750;01/07/2012
2012055362;1;2;1;1;3;750;02/07/2012
2012055363;5;2;1;1;2;750;02/07/2012
2012055364;1;2;1;1;3;750;04/07/2012
2012055365;1;2;1;1;6;750;04/07/2012
2012055366;1;2;3;1;3;750;04/07/2012
2012055367;1;2;2;3;7;750;05/07/2012
2012055368;2;2;1;1;6;750;06/07/2012
2012055369;1;2;1;1;2;750;07/07/2012
2012055370;2;2;5;2;3;750;07/07/2012
2012055371;1;2;2;1;6;750;10/07/2012
2012055372;1;2;3;1;6;750;11/07/2012
2012055373;1;2;3;1;6;750;11/07/2012
2012055374;1;2;1;1;6;750;11/07/2012
2012055375;1;2;1;8;6;750;12/07/2012
2012055376;5;2;5;2;7;750;12/07/2012
2012055377;5;2;1;2;6;750;12/07/2012
2012055378;5;2;3;2;6;750;14/07/2012
2012055379;1;2;1;1;3;750;16/07/2012
2012055380;1;2;2;1;6;750;17/07/2012
2012055381;1;2;5;1;3;750;18/07/2012
2012055382;1;2;1;1;3;750;20/07/2012
2012055383;1;2;3;1;6;750;21/07/2012
2012055384;1;2;3;1;2;750;25/07/2012
2012055385;1;2;1;1;6;750;26/07/2012
2012055386;5;2;2;1;3;750;26/07/2012
2012055387;2;2;2;1;3;750;27/07/2012
2012055388;5;2;1;1;6;750;29/07/2012
2012055389;5;2;2;1;6;750;31/07/2012
2012055390;1;2;2;1;6;750;03/08/2012
2012055391;1;2;3;1;6;750;06/08/2012
2012055392;1;2;2;1;2;750;07/08/2012
2012055393;1;2;4;1;2;750;07/08/2012
2012055394;1;2;1;1;6;750;07/08/2012
2012055395;5;2;5;1;3;750;07/08/2012
2012055396;1;2;1;1;6;750;08/08/2012
2012055397;5;2;2;1;6;750;08/08/2012
2012055398;1;2;4;1;6;750;13/08/2012
2012055399;1;2;1;1;2;750;17/08/2012
2012055400;1;2;3;1;4;750;21/08/2012
2012055401;1;2;3;1;7;750;22/08/2012
2012055402;1;2;5;1;3;750;24/08/2012
2012055403;5;2;1;1;6;750;28/08/2012
2012055404;5;2;7;1;3;750;29/08/2012
2012055405;1;2;5;1;7;750;29/08/2012
2012055406;3;2;1;1;6;750;31/08/2012
2012055407;1;2;3;1;6;750;31/08/2012
2012055408;1;2;1;1;6;750;31/08/2012
2012055409;2;2;2;1;6;750;31/08/2012
2012055410;1;2;2;1;3;750;31/08/2012
2012055411;5;2;7;1;6;750;01/09/2012
2012055412;1;2;1;1;6;750;01/09/2012
2012055413;1;2;4;1;3;750;03/09/2012
2012055414;1;2;1;1;6;750;04/09/2012
2012055415;1;2;2;1;6;750;05/09/2012
2012055416;5;2;3;1;6;750;05/09/2012
2012055417;1;2;4;1;6;750;06/09/2012
2012055418;3;2;3;1;3;750;06/09/2012
2012055419;3;2;1;1;2;750;09/09/2012
2012055420;1;2;1;1;7;750;10/09/2012
2012055421;1;2;1;1;6;750;10/09/2012
2012055422;1;2;7;2;2;750;11/09/2012
2012055423;1;2;1;1;2;750;11/09/2012
2012055424;1;2;2;2;3;750;12/09/2012
2012055425;5;2;1;1;6;750;14/09/2012
2012055426;5;2;5;1;3;750;15/09/2012
2012055427;1;2;2;1;3;750;17/09/2012
2012055428;1;2;2;1;6;750;17/09/2012
2012055429;1;2;1;1;7;750;19/09/2012
2012055430;2;2;1;2;7;750;21/09/2012
2012055431;1;2;7;3;6;750;24/09/2012
2012055432;1;2;1;1;3;750;25/09/2012
2012055433;1;2;1;1;3;750;26/09/2012
2012055434;1;2;1;8;7;750;27/09/2012
2012055435;5;2;1;1;3;750;27/09/2012
2012055436;1;2;7;1;3;750;30/09/2012
2012055437;1;2;1;1;7;750;02/10/2012
2012055438;1;2;3;2;6;750;03/10/2012
2012055439;1;2;3;3;1;750;03/10/2012
2012055440;1;2;2;3;2;750;03/10/2012
2012055441;5;2;3;2;6;750;04/10/2012
2012055442;1;2;1;2;6;750;04/10/2012
2012055443;1;2;2;1;6;750;05/10/2012
2012055444;1;2;3;2;2;750;08/10/2012
2012055445;5;2;1;2;7;750;08/10/2012
2012055446;5;2;1;2;6;750;08/10/2012
2012055447;1;2;2;2;7;750;10/10/2012
2012055448;1;2;5;2;6;750;10/10/2012
2012055449;5;2;2;2;6;750;10/10/2012
2012055450;5;2;1;3;6;750;11/10/2012
2012055451;2;2;7;3;7;750;11/10/2012
2012055452;5;2;2;2;6;750;11/10/2012
2012055453;1;2;5;1;2;750;12/10/2012
2012055454;1;2;5;1;6;750;12/10/2012
2012055455;5;2;4;1;3;750;12/10/2012
2012055456;1;2;1;8;2;750;13/10/2012
2012055457;5;2;3;1;6;750;13/10/2012
2012055458;5;2;3;1;6;750;15/10/2012
2012055459;1;2;1;1;3;750;16/10/2012
2012055460;1;2;2;1;6;750;16/10/2012
2012055461;5;2;2;1;6;750;22/10/2012
2012055462;5;2;1;1;2;750;24/10/2012
2012055463;4;2;2;4;6;750;25/10/2012
2012055464;1;2;3;1;6;750;25/10/2012
2012055465;1;2;2;1;3;750;26/10/2012
2012055466;5;2;2;1;7;750;27/10/2012
2012055467;5;2;1;1;2;750;27/10/2012
2012055468;5;2;5;1;6;750;29/10/2012
2012055469;1;2;2;1;6;750;30/10/2012
2012055470;1;2;1;1;2;750;30/10/2012
2012055471;5;2;1;1;6;750;30/10/2012
2012055472;5;2;3;1;1;750;30/10/2012
2012055473;5;2;5;1;3;750;31/10/2012
2012055474;5;2;2;2;2;750;01/11/2012
2012055475;5;2;2;1;3;750;02/11/2012
2012055476;1;2;7;2;3;750;01/11/2012
2012055477;5;2;1;1;6;750;03/11/2012
2012055478;5;2;3;2;3;750;05/11/2012
2012055479;5;2;2;2;3;750;05/11/2012
2012055480;5;2;5;1;3;750;07/11/2012
2012055481;1;2;5;1;3;750;08/11/2012
2012055482;5;2;2;2;6;750;09/11/2012
2012055483;5;2;3;1;3;750;10/11/2012
2012055484;1;2;1;2;6;750;13/11/2012
2012055485;1;2;5;1;5;750;16/11/2012
2012055486;5;2;1;1;6;750;16/11/2012
2012055487;5;2;1;1;2;750;17/11/2012
2012055488;5;2;5;1;6;750;19/11/2012
2012055489;5;2;1;1;7;750;19/11/2012
2012055490;1;2;1;2;6;750;21/11/2012
2012055491;1;2;1;2;6;750;21/11/2012
2012055492;2;2;1;1;6;750;21/11/2012
2012055493;5;2;1;3;6;750;23/11/2012
2012055494;5;2;1;1;3;750;26/11/2012
2012055495;1;2;1;2;6;750;27/11/2012
2012055496;1;2;5;8;2;750;29/11/2012
2012055497;1;2;3;1;1;750;30/11/2012
2012055498;5;2;1;1;3;750;04/12/2012
2012055499;1;2;1;1;3;750;05/12/2012
2012055500;1;2;3;1;6;750;06/12/2012
2012055501;5;2;1;2;7;750;07/12/2012
2012055502;5;2;1;3;6;750;07/12/2012
2012055503;5;2;5;4;7;750;07/12/2012
2012055504;1;2;5;1;6;750;11/12/2012
2012055505;1;2;1;1;6;750;11/12/2012
2012055506;5;2;1;1;6;750;12/12/2012
2012055507;4;2;1;1;7;750;12/12/2012
2012055508;1;2;1;1;7;750;12/12/2012
2012055509;1;2;1;1;7;750;12/12/2012
2012055510;1;2;1;1;6;750;13/12/2012
2012055511;5;2;1;1;6;750;13/12/2012
2012055512;5;2;2;9;6;750;15/12/2012
2012055513;1;2;1;1;3;750;15/12/2012
2012055514;5;2;1;1;6;750;16/12/2012
2012055515;5;2;1;1;6;750;16/12/2012
2012055516;1;2;2;8;2;750;20/12/2012
2012055517;5;2;1;2;6;750;22/12/2012
2012055518;1;2;1;1;6;750;23/12/2012
2012055519;5;2;5;1;6;750;23/12/2012
2012055520;5;2;1;1;7;750;27/12/2012
2012055521;3;2;2;1;3;750;02/01/2012
2012055522;1;2;2;1;2;750;06/01/2012
2012055523;1;2;5;1;3;750;07/01/2012
2012055524;5;2;3;2;6;750;09/01/2012
2012055525;1;2;5;1;6;750;09/01/2012
2012055526;1;2;7;1;3;750;10/01/2012
2012055527;1;2;1;1;6;750;10/01/2012
2012055528;1;2;2;1;2;750;14/01/2012
2012055529;1;2;1;1;2;750;17/01/2012
2012055530;1;2;7;1;6;750;17/01/2012
2012055531;5;2;5;1;6;750;17/01/2012
2012055532;1;2;1;2;6;750;18/01/2012
2012055533;5;2;5;2;2;750;19/01/2012
2012055534;1;2;1;2;6;750;19/01/2012
2012055535;1;2;1;2;3;750;20/01/2012
2012055536;5;2;1;2;7;750;20/01/2012
2012055537;5;2;7;2;3;750;21/01/2012
2012055538;5;2;7;2;3;750;21/01/2012
2012055539;5;2;1;3;7;750;24/01/2012
2012055540;5;2;2;2;6;750;24/01/2012
2012055541;5;2;7;2;6;750;24/01/2012
2012055542;5;2;5;2;3;750;25/01/2012
2012055543;1;2;7;8;2;750;25/01/2012
2012055544;1;2;1;2;3;750;25/01/2012
2012055545;1;2;2;1;3;750;25/01/2012
2012055546;2;2;1;1;7;750;26/01/2012
2012055547;1;2;7;1;2;750;30/01/2012
2012055548;5;2;5;1;6;750;30/01/2012
2012055549;1;2;2;1;3;750;31/01/2012
2012055550;1;2;1;1;2;750;01/02/2012
2012055551;1;2;1;1;6;750;01/02/2012
2012055552;2;2;3;1;6;750;03/02/2012
2012055553;5;2;7;1;6;750;03/02/2012
2012055554;2;2;5;1;3;750;04/02/2012
2012055555;5;2;4;1;6;750;04/02/2012
2012055556;1;2;2;1;5;750;06/02/2012
2012055557;1;2;3;1;6;750;06/02/2012
2012055558;1;2;7;1;2;750;11/02/2012
2012055559;5;2;1;1;3;750;11/02/2012
2012055560;5;2;1;1;6;750;11/02/2012
2012055561;5;2;1;1;6;750;12/02/2012
2012055562;1;2;3;1;3;750;12/02/2012
2012055563;1;2;5;1;6;750;12/02/2012
2012055564;5;2;1;2;6;750;13/02/2012
2012055565;1;2;7;2;3;750;14/02/2012
2012055566;5;2;3;1;6;750;14/02/2012
2012055567;1;2;7;1;6;750;15/02/2012
2012055568;1;2;1;1;2;750;15/02/2012
2012055569;5;2;3;1;6;750;16/02/2012
2012055570;5;2;5;1;3;750;16/02/2012
2012055571;5;2;2;8;6;750;17/02/2012
2012055572;1;2;7;2;4;750;17/02/2012
2012055573;1;2;3;1;6;750;18/02/2012
2012055574;5;2;3;1;3;750;21/02/2012
2012055575;1;2;2;1;7;750;22/02/2012
2012055576;1;2;2;1;6;750;24/02/2012
2012055577;5;2;3;1;3;750;25/02/2012
2012055578;1;2;2;1;3;750;26/02/2012
2012055579;1;2;1;1;3;750;27/02/2012
2012055580;1;2;2;1;6;750;01/03/2012
2012055581;1;2;5;1;3;750;01/03/2012
2012055582;5;2;1;2;3;750;03/03/2012
2012055583;1;2;2;8;6;750;06/03/2012
2012055584;5;2;2;1;6;750;06/03/2012
2012055585;1;2;2;2;3;750;07/03/2012
2012055586;5;2;1;1;2;750;08/03/2012
2012055587;1;2;3;1;3;750;12/03/2012
2012055588;1;2;5;1;6;750;13/03/2012
2012055589;1;2;3;1;3;750;13/03/2012
2012055590;1;2;5;1;3;750;14/03/2012
2012055591;5;2;3;1;3;750;14/03/2012
2012055592;1;2;1;1;6;750;16/03/2012
2012055593;1;2;7;1;3;750;16/03/2012
2012055594;5;2;1;1;3;750;16/03/2012
2012055595;5;2;2;1;6;750;17/03/2012
2012055596;1;2;7;1;3;750;16/03/2012
2012055597;1;2;5;1;2;750;17/03/2012
2012055598;5;2;1;1;3;750;17/03/2012
2012055599;1;2;2;1;6;750;19/03/2012
2012055600;1;2;1;1;3;750;19/03/2012
2012055601;1;2;7;1;3;750;20/03/2012
2012055602;1;2;3;1;2;750;22/03/2012
2012055603;1;2;3;1;1;750;22/03/2012
2012055604;5;2;1;1;3;750;24/03/2012
2012055605;1;2;3;1;3;750;24/03/2012
2012055606;1;2;3;1;7;750;24/03/2012
2012055607;1;2;3;1;7;750;25/03/2012
2012055608;1;2;5;1;3;750;26/03/2012
2012055609;1;2;1;7;6;750;27/03/2012
2012055610;1;2;5;1;3;750;27/03/2012
2012055611;1;2;2;1;6;750;27/03/2012
2012055612;1;2;1;1;6;750;27/03/2012
2012055613;1;2;3;1;6;750;27/03/2012
2012055614;5;2;7;1;3;750;28/03/2012
2012055615;1;2;2;1;6;750;29/03/2012
2012055616;1;2;3;1;6;750;30/03/2012
2012055617;2;2;1;1;3;750;30/03/2012
2012055618;1;2;1;8;3;750;31/03/2012
2012055619;1;2;2;1;2;750;01/04/2012
2012055620;5;2;2;1;3;750;01/04/2012
2012055621;5;2;5;1;5;750;03/04/2012
2012055622;1;2;3;1;3;750;03/04/2012
2012055623;1;2;1;1;2;750;03/04/2012
2012055624;5;2;1;1;6;750;03/04/2012
2012055625;1;2;1;1;3;750;04/04/2012
2012055626;1;2;3;1;7;750;04/04/2012
2012055627;1;2;3;1;3;750;05/04/2012
2012055628;1;2;1;1;6;750;06/04/2012
2012055629;1;2;5;8;3;750;06/04/2012
2012055630;1;2;3;1;6;750;06/04/2012
2012055631;5;2;5;1;6;750;06/04/2012
2012055632;1;2;3;1;7;750;09/04/2012
2012055633;1;2;1;2;6;750;09/04/2012
2012055634;1;2;1;2;6;750;10/04/2012
2012055635;1;2;1;1;4;750;11/04/2012
2012055636;1;2;3;1;6;750;11/04/2012
2012055637;1;2;5;8;6;750;11/04/2012
2012055638;1;2;1;2;6;750;11/04/2012
2012055639;5;2;2;1;7;750;11/04/2012
2012055640;5;2;7;1;3;750;13/04/2012
2012055641;1;2;1;2;6;750;13/04/2012
2012055642;5;2;5;1;2;750;14/04/2012
2012055643;1;2;2;1;7;750;16/04/2012
2012055644;1;2;2;1;3;750;16/04/2012
2012055645;1;2;1;1;6;750;17/04/2012
2012055646;1;2;2;2;4;750;17/04/2012
2012055647;1;2;3;8;6;750;20/04/2012
2012055648;5;2;4;1;2;750;22/04/2012
2012055649;1;2;2;1;3;750;24/04/2012
2012055650;1;2;7;8;3;750;25/04/2012
2012055651;1;2;1;8;6;750;26/04/2012
2012055652;5;2;5;1;3;750;26/04/2012
2012055653;1;2;3;2;3;750;27/04/2012
2012055654;1;2;3;1;3;750;27/04/2012
2012055655;1;2;1;2;6;750;28/04/2012
2012055656;5;2;2;2;6;750;29/04/2012
2012055657;1;2;2;1;3;750;30/04/2012
2012055658;1;2;2;1;6;750;30/04/2012
2012055659;1;2;2;1;3;750;03/05/2012
2012055660;1;2;2;1;3;750;03/05/2012
2012055661;1;2;3;1;3;750;05/05/2012
2012055662;1;2;5;2;7;750;06/05/2012
2012055663;5;2;5;1;7;750;06/05/2012
2012055664;1;2;2;1;3;750;07/05/2012
2012055665;5;2;5;1;6;750;08/05/2012
2012055666;5;2;7;1;3;750;09/05/2012
2012055667;1;2;3;1;6;750;10/05/2012
2012055668;1;2;1;1;2;750;11/05/2012
2012055669;1;2;2;2;6;750;11/05/2012
2012055670;1;2;2;8;3;750;11/05/2012
2012055671;1;2;2;1;3;750;13/05/2012
2012055672;1;2;5;1;5;750;14/05/2012
2012055673;1;2;4;1;3;750;15/05/2012
2012055674;4;2;2;8;6;750;18/05/2012
2012055675;1;2;2;2;3;750;21/05/2012
2012055676;1;2;2;1;6;750;22/05/2012
2012055677;1;2;3;1;3;750;23/05/2012
2012055678;1;2;5;1;3;750;23/05/2012
2012055679;1;2;2;1;3;750;23/05/2012
2012055680;5;2;1;1;2;750;24/05/2012
2012055681;5;2;1;1;2;750;25/05/2012
2012055682;5;2;3;1;6;750;26/05/2012
2012055683;1;2;1;1;3;750;28/05/2012
2012055684;1;2;1;1;3;750;29/05/2012
2012055685;1;2;3;2;6;750;30/05/2012
2012055686;1;2;5;1;2;750;31/05/2012
2012055687;1;2;2;1;6;750;04/06/2012
2012055688;1;2;2;1;6;750;04/06/2012
2012055689;1;2;1;1;6;750;04/06/2012
2012055690;1;2;1;1;3;750;05/06/2012
2012055691;1;2;2;1;3;750;05/06/2012
2012055692;2;2;2;2;6;750;05/06/2012
2012055693;1;2;3;8;6;750;06/06/2012
2012055694;1;2;3;2;7;750;07/06/2012
2012055695;1;2;1;1;2;750;07/06/2012
2012055696;1;2;5;2;6;750;09/06/2012
2012055697;1;2;2;1;1;750;09/06/2012
2012055698;1;2;1;1;3;750;09/06/2012
2012055699;1;2;5;1;3;750;11/06/2012
2012055700;1;2;1;1;3;750;13/06/2012
2012055701;1;2;3;1;4;750;14/06/2012
2012055702;2;2;3;1;6;750;16/06/2012
2012055703;1;2;2;8;2;750;19/06/2012
2012055704;1;2;2;1;3;750;20/06/2012
2012055705;1;2;1;1;7;750;20/06/2012
2012055706;1;2;2;1;6;750;21/06/2012
2012055707;1;2;2;1;6;750;22/06/2012
2012055708;1;2;1;1;6;750;24/06/2012
2012055709;1;2;2;1;7;750;25/06/2012
2012055710;1;2;1;8;7;750;25/06/2012
2012055711;1;2;2;2;7;750;26/06/2012
2012055712;1;2;2;1;6;750;26/06/2012
2012055713;1;2;1;1;3;750;27/06/2012
2012055714;5;2;1;1;6;750;28/06/2012
2012055715;1;2;1;1;6;750;02/07/2012
2012055716;1;2;7;1;3;750;02/07/2012
2012055717;1;2;1;1;6;750;02/07/2012
2012055718;1;2;3;1;3;750;04/07/2012
2012055719;1;2;2;1;6;750;05/07/2012
2012055720;1;2;3;1;6;750;05/07/2012
2012055721;1;2;2;8;2;750;07/07/2012
2012055722;1;2;2;1;6;750;10/07/2012
2012055723;1;2;3;1;3;750;10/07/2012
2012055724;1;2;2;1;6;750;12/07/2012
2012055725;1;2;3;2;1;750;12/07/2012
2012055726;5;2;2;2;3;750;12/07/2012
2012055727;5;2;1;3;2;750;12/07/2012
2012055728;1;2;3;1;2;750;13/07/2012
2012055729;5;2;2;1;6;750;14/07/2012
2012055730;2;2;1;1;6;750;17/07/2012
2012055731;5;2;7;1;3;750;20/07/2012
2012055732;1;2;1;1;6;750;20/07/2012
2012055733;1;2;3;1;3;750;20/07/2012
2012055734;1;2;1;1;7;750;20/07/2012
2012055735;1;2;2;1;3;750;21/07/2012
2012055736;1;2;2;1;3;750;21/07/2012
2012055737;1;2;2;1;3;750;22/07/2012
2012055738;1;2;4;1;3;750;22/07/2012
2012055739;5;2;2;1;3;750;23/07/2012
2012055740;1;2;2;1;6;750;23/07/2012
2012055741;1;2;1;1;6;750;25/07/2012
2012055742;5;2;1;2;6;750;28/07/2012
2012055743;5;2;2;1;3;750;28/07/2012
2012055744;1;2;2;1;6;750;31/07/2012
2012055745;1;2;2;1;6;750;01/08/2012
2012055746;1;2;2;1;3;750;01/08/2012
2012055747;1;2;7;1;6;750;02/08/2012
2012055748;1;2;2;1;6;750;04/08/2012
2012055749;1;2;1;1;3;750;06/08/2012
2012055750;1;2;2;1;6;750;06/08/2012
2012055751;1;2;3;1;3;750;09/08/2012
2012055752;1;2;3;1;2;750;13/08/2012
2012055753;5;2;2;1;6;750;18/08/2012
2012055754;1;2;2;1;6;750;19/08/2012
2012055755;5;2;5;1;6;750;20/08/2012
2012055756;5;2;2;1;6;750;21/08/2012
2012055757;2;2;5;1;3;750;22/08/2012
2012055758;1;2;2;1;3;750;23/08/2012
2012055759;1;2;3;2;7;750;24/08/2012
2012055760;1;2;2;3;2;750;24/08/2012
2012055761;1;2;3;1;3;750;25/08/2012
2012055762;1;2;2;1;6;750;27/08/2012
2012055763;1;2;7;1;2;750;27/08/2012
2012055764;1;2;3;2;7;750;30/08/2012
2012055765;1;2;3;1;5;750;31/08/2012
2012055766;1;2;3;1;3;750;31/08/2012
2012055767;5;2;2;1;2;750;31/08/2012
2012055768;1;2;7;1;2;750;01/09/2012
2012055769;5;2;5;1;6;750;02/09/2012
2012055770;2;2;5;2;7;750;03/09/2012
2012055771;5;2;1;1;6;750;05/09/2012
2012055772;1;2;2;1;7;750;07/09/2012
2012055773;1;2;1;1;6;750;07/09/2012
2012055774;5;2;5;1;3;750;07/09/2012
2012055775;2;2;1;1;7;750;08/09/2012
2012055776;1;2;7;1;2;750;09/09/2012
2012055777;1;2;1;1;6;750;10/09/2012
2012055778;5;2;1;3;7;750;10/09/2012
2012055779;1;2;2;1;3;750;11/09/2012
2012055780;1;2;1;3;4;750;11/09/2012
2012055781;1;2;7;3;7;750;11/09/2012
2012055782;1;2;3;2;4;750;11/09/2012
2012055783;5;2;2;8;2;750;11/09/2012
2012055784;1;2;7;1;7;750;13/09/2012
2012055785;1;2;7;1;2;750;13/09/2012
2012055786;1;2;5;1;3;750;13/09/2012
2012055787;1;2;5;1;3;750;15/09/2012
2012055788;5;2;2;1;6;750;16/09/2012
2012055789;2;2;3;1;7;750;16/09/2012
2012055790;1;2;1;1;3;750;17/09/2012
2012055791;1;2;7;1;3;750;17/09/2012
2012055792;1;2;1;1;2;750;20/09/2012
2012055793;1;2;1;1;6;750;21/09/2012
2012055794;1;2;5;2;3;750;21/09/2012
2012055795;5;2;2;9;2;750;21/09/2012
2012055796;5;2;3;1;6;750;23/09/2012
2012055797;1;2;3;2;6;750;24/09/2012
2012055798;5;2;2;2;7;750;24/09/2012
2012055799;2;2;2;2;7;750;25/09/2012
2012055800;1;2;1;1;6;750;25/09/2012
2012055801;1;2;1;1;1;750;25/09/2012
2012055802;5;2;5;3;3;750;26/09/2012
2012055803;5;2;2;9;3;750;26/09/2012
2012055804;5;2;7;8;3;750;27/09/2012
2012055805;5;2;2;1;3;750;28/09/2012
2012055806;1;2;1;1;6;750;28/09/2012
2012055807;1;2;3;1;6;750;28/09/2012
2012055808;5;2;5;1;6;750;29/09/2012
2012055809;5;2;2;1;2;750;01/10/2012
2012055810;5;2;2;2;1;750;02/10/2012
2012055811;1;2;2;1;3;750;02/10/2012
2012055812;1;2;7;1;3;750;04/10/2012
2012055813;5;2;7;1;6;750;04/10/2012
2012055814;1;2;1;1;7;750;05/10/2012
2012055815;5;2;2;1;3;750;07/10/2012
2012055816;3;2;1;2;2;750;08/10/2012
2012055817;2;2;3;2;2;750;09/10/2012
2012055818;1;2;2;1;6;750;11/10/2012
2012055819;1;2;1;1;6;750;12/10/2012
2012055820;1;2;3;1;6;750;15/10/2012
2012055821;1;2;2;1;3;750;15/10/2012
2012055822;1;2;3;1;3;750;15/10/2012
2012055823;1;2;1;2;2;750;17/10/2012
2012055824;1;2;1;2;6;750;17/10/2012
2012055825;3;2;3;2;3;750;18/10/2012
2012055826;1;2;2;1;6;750;18/10/2012
2012055827;5;2;2;1;1;750;18/10/2012
2012055828;1;2;2;1;3;750;19/10/2012
2012055829;1;2;1;8;6;750;19/10/2012
2012055830;5;2;2;2;1;750;20/10/2012
2012055831;5;2;2;2;7;750;21/10/2012
2012055832;1;2;2;1;2;750;23/10/2012
2012055833;1;2;1;1;2;750;24/10/2012
2012055834;3;2;1;1;3;750;24/10/2012
2012055835;1;2;2;1;3;750;25/10/2012
2012055836;5;2;3;1;6;750;26/10/2012
2012055837;5;2;2;1;7;750;27/10/2012
2012055838;5;2;3;1;7;750;27/10/2012
2012055839;5;2;7;1;3;750;27/10/2012
2012055840;1;2;2;1;6;750;29/10/2012
2012055841;2;2;3;2;6;750;01/11/2012
2012055842;5;2;2;2;6;750;01/11/2012
2012055843;5;2;1;9;7;750;02/11/2012
2012055844;5;2;3;2;6;750;03/11/2012
2012055845;1;2;3;8;3;750;03/11/2012
2012055846;1;2;1;1;6;750;05/11/2012
2012055847;2;2;1;2;6;750;05/11/2012
2012055848;5;2;2;3;3;750;05/11/2012
2012055849;1;2;2;1;3;750;06/11/2012
2012055850;5;2;2;1;3;750;07/11/2012
2012055851;5;2;2;1;3;750;07/11/2012
2012055852;5;2;1;1;3;750;08/11/2012
2012055853;2;2;1;2;3;750;09/11/2012
2012055854;5;2;2;2;3;750;09/11/2012
2012055855;5;2;5;1;6;750;10/11/2012
2012055856;1;2;1;1;7;750;12/11/2012
2012055857;5;2;3;2;3;750;13/11/2012
2012055858;1;2;1;9;7;750;13/11/2012
2012055859;2;2;3;8;7;750;14/11/2012
2012055860;5;2;1;1;2;750;14/11/2012