num_acc;lum;agg;inter;atm;col;dep;date
2012055861;1;2;3;1;3;750;16/11/2012
2012055862;1;2;1;9;6;750;18/11/2012
2012055863;1;2;5;1;3;750;19/11/2012
2012055864;5;2;1;1;6;750;19/11/2012
2012055865;5;2;2;8;6;750;21/11/2012
2012055866;1;2;2;1;2;750;24/11/2012
2012055867;1;2;1;1;6;750;26/11/2012
2012055868;1;2;2;2;6;750;27/11/2012
2012055869;2;2;5;1;7;750;28/11/2012
2012055870;1;2;2;1;6;750;29/11/2012
2012055871;5;2;1;1;7;750;29/11/2012
2012055872;5;2;3;1;6;750;30/11/2012
2012055873;1;2;2;8;2;750;30/11/2012
2012055874;1;2;1;1;7;750;30/11/2012
2012055875;5;2;3;1;5;750;30/11/2012
2012055876;5;2;3;1;2;750;30/11/2012
2012055877;1;2;1;1;6;750;02/12/2012
2012055878;2;2;3;1;3;750;02/12/2012
2012055879;5;2;2;1;7;750;02/12/2012
2012055880;2;2;1;8;6;750;03/12/2012
2012055881;5;2;1;1;6;750;03/12/2012
2012055882;3;2;3;3;6;750;04/12/2012
2012055883;1;2;5;8;3;750;04/12/2012
2012055884;1;2;5;1;6;750;04/12/2012
2012055885;2;2;3;2;6;750;04/12/2012
2012055886;1;2;1;1;3;750;06/12/2012
2012055887;1;2;1;1;2;750;06/12/2012
2012055888;5;2;1;1;6;750;06/12/2012
2012055889;4;2;3;2;2;750;07/12/2012
2012055890;5;2;4;2;3;750;07/12/2012
2012055891;5;2;3;2;6;750;08/12/2012
2012055892;5;2;1;3;1;750;09/12/2012
2012055893;5;2;1;2;6;750;09/12/2012
2012055894;1;2;3;2;3;750;10/12/2012
2012055895;1;2;2;1;3;750;11/12/2012
2012055896;1;2;1;1;3;750;11/12/2012
2012055897;5;2;2;1;6;750;11/12/2012
2012055898;1;2;7;1;6;750;12/12/2012
2012055899;1;2;2;2;6;750;13/12/2012
2012055900;5;2;7;8;7;750;13/12/2012
2012055901;1;2;1;2;4;750;14/12/2012
2012055902;2;2;7;2;7;750;14/12/2012
2012055903;5;2;3;2;2;750;15/12/2012
2012055904;5;2;2;1;3;750;16/12/2012
2012055905;2;2;1;1;6;750;17/12/2012
2012055906;1;2;3;1;3;750;18/12/2012
2012055907;2;2;7;1;3;750;19/12/2012
2012055908;5;2;3;2;3;750;20/12/2012
2012055909;1;2;1;1;3;750;21/12/2012
2012055910;1;2;5;1;3;750;21/12/2012
2012055911;1;2;2;3;6;750;22/12/2012
2012055912;5;2;3;2;7;750;26/12/2012
2012055913;5;2;1;2;3;750;26/12/2012
2012055914;1;2;3;1;6;750;27/12/2012
2012055915;2;2;2;1;3;750;27/12/2012
2012055916;5;2;3;8;6;750;28/12/2012
2012055917;1;2;1;1;2;750;29/12/2012
2012055918;1;2;2;1;3;750;30/12/2012
2012055919;5;2;1;1;1;750;01/01/2012
2012055920;5;2;3;2;2;750;01/01/2012
2012055921;5;2;1;1;6;750;04/01/2012
2012055922;5;2;2;1;6;750;04/01/2012
2012055923;5;2;1;1;6;750;04/01/2012
2012055924;1;2;3;1;3;750;06/01/2012
2012055925;5;2;1;2;6;750;09/01/2012
2012055926;1;2;7;1;3;750;09/01/2012
2012055927;5;2;3;1;3;750;09/01/2012
2012055928;1;2;2;1;6;750;12/01/2012
2012055929;5;2;2;1;3;750;12/01/2012
2012055930;5;2;3;2;7;750;12/01/2012
2012055931;1;2;2;1;6;750;16/01/2012
2012055932;1;2;3;1;2;750;16/01/2012
2012055933;1;2;1;1;6;750;17/01/2012
2012055934;1;2;2;1;3;750;17/01/2012
2012055935;1;2;2;1;6;750;17/01/2012
2012055936;1;2;3;1;6;750;18/01/2012
2012055937;1;2;2;1;7;750;18/01/2012
2012055938;1;2;1;1;6;750;19/01/2012
2012055939;5;2;2;2;3;750;21/01/2012
2012055940;1;2;1;1;3;750;23/01/2012
2012055941;1;2;1;2;7;750;23/01/2012
2012055942;5;2;1;1;3;750;25/01/2012
2012055943;5;2;3;2;7;750;25/01/2012
2012055944;1;2;1;2;6;750;26/01/2012
2012055945;5;2;4;1;2;750;27/01/2012
2012055946;1;2;1;1;6;750;27/01/2012
2012055947;5;2;4;2;2;750;28/01/2012
2012055948;5;2;7;1;3;750;29/01/2012
2012055949;1;2;2;1;7;750;30/01/2012
2012055950;1;2;1;1;3;750;30/01/2012
2012055951;2;2;2;1;6;750;31/01/2012
2012055952;1;2;5;1;3;750;31/01/2012
2012055953;1;2;3;1;6;750;31/01/2012
2012055954;1;2;1;1;2;750;01/02/2012
2012055955;1;2;1;1;6;750;02/02/2012
2012055956;5;2;4;1;6;750;03/02/2012
2012055957;1;2;1;1;6;750;04/02/2012
2012055958;1;2;1;1;4;750;04/02/2012
2012055959;1;2;1;8;3;750;05/02/2012
2012055960;1;2;5;1;7;750;06/02/2012
2012055961;2;2;3;1;6;750;06/02/2012
2012055962;5;2;1;1;7;750;06/02/2012
2012055963;1;2;3;1;3;750;07/02/2012
2012055964;5;2;1;1;6;750;09/02/2012
2012055965;5;2;1;9;7;750;11/02/2012
2012055966;1;2;1;1;7;750;11/02/2012
2012055967;5;2;1;1;3;750;11/02/2012
2012055968;5;2;4;1;3;750;11/02/2012
2012055969;5;2;1;1;6;750;13/02/2012
2012055970;5;2;7;2;6;750;13/02/2012
2012055971;1;2;1;1;7;750;15/02/2012
2012055972;5;2;2;2;7;750;15/02/2012
2012055973;1;2;3;2;3;750;17/02/2012
2012055974;5;2;7;2;3;750;18/02/2012
2012055975;5;2;2;1;7;750;19/02/2012
2012055976;1;2;7;1;3;750;20/02/2012
2012055977;2;2;4;1;3;750;22/02/2012
2012055978;1;2;4;2;2;750;23/02/2012
2012055979;1;2;3;1;3;750;23/02/2012
2012055980;2;2;1;2;3;750;23/02/2012
2012055981;1;2;4;1;6;750;23/02/2012
2012055982;1;2;1;1;6;750;24/02/2012
2012055983;5;2;7;1;3;750;25/02/2012
2012055984;5;2;5;1;3;750;26/02/2012
2012055985;1;2;1;1;2;750;27/02/2012
2012055986;1;2;7;1;2;750;28/02/2012
2012055987;1;2;1;1;4;750;28/02/2012
2012055988;5;2;1;1;3;750;01/03/2012
2012055989;1;2;1;1;6;750;02/03/2012
2012055990;5;2;2;8;4;750;03/03/2012
2012055991;2;2;1;1;2;750;04/03/2012
2012055992;1;2;4;2;3;750;06/03/2012
2012055993;2;2;2;2;6;750;07/03/2012
2012055994;1;2;3;3;3;750;07/03/2012
2012055995;2;2;5;2;3;750;07/03/2012
2012055996;1;2;2;1;2;750;08/03/2012
2012055997;2;2;2;1;6;750;08/03/2012
2012055998;1;2;2;1;6;750;08/03/2012
2012055999;5;2;3;1;6;750;09/03/2012
2012056000;5;2;7;1;3;750;11/03/2012
2012056001;1;2;1;1;6;750;11/03/2012
2012056002;1;2;2;1;2;750;12/03/2012
2012056003;1;2;3;1;7;750;13/03/2012
2012056004;5;2;3;1;3;750;14/03/2012
2012056005;5;2;3;1;6;750;14/03/2012
2012056006;1;2;1;1;3;750;15/03/2012
2012056007;1;2;9;1;3;750;15/03/2012
2012056008;1;2;7;1;3;750;15/03/2012
2012056009;5;2;7;1;6;750;15/03/2012
2012056010;5;2;2;1;6;750;16/03/2012
2012056011;5;2;5;1;3;750;17/03/2012
2012056012;5;2;5;1;7;750;17/03/2012
2012056013;1;2;1;1;4;750;19/03/2012
2012056014;5;2;2;1;2;750;19/03/2012
2012056015;1;2;1;1;3;750;22/03/2012
2012056016;5;2;5;1;6;750;23/03/2012
2012056017;1;2;7;1;3;750;23/03/2012
2012056018;1;2;3;1;7;750;26/03/2012
2012056019;1;2;5;1;6;750;26/03/2012
2012056020;1;2;1;1;7;750;26/03/2012
2012056021;1;2;7;1;6;750;28/03/2012
2012056022;1;2;3;1;6;750;28/03/2012
2012056023;1;2;3;1;3;750;29/03/2012
2012056024;1;2;1;1;2;750;29/03/2012
2012056025;5;2;2;1;6;750;30/03/2012
2012056026;1;2;5;1;3;750;30/03/2012
2012056027;5;2;5;1;3;750;30/03/2012
2012056028;1;2;3;1;2;750;02/04/2012
2012056029;1;2;3;1;6;750;05/04/2012
2012056030;1;2;2;1;7;750;05/04/2012
2012056031;1;2;1;1;3;750;05/04/2012
2012056032;1;2;2;1;7;750;06/04/2012
2012056033;1;2;1;1;7;750;07/04/2012
2012056034;1;2;4;1;6;750;09/04/2012
2012056035;1;2;1;3;2;750;10/04/2012
2012056036;1;2;2;1;6;750;11/04/2012
2012056037;1;2;5;1;3;750;11/04/2012
2012056038;1;2;5;1;6;750;12/04/2012
2012056039;5;2;2;1;6;750;12/04/2012
2012056040;2;2;5;1;7;750;13/04/2012
2012056041;5;2;2;1;3;750;14/04/2012
2012056042;1;2;2;2;2;750;14/04/2012
2012056043;1;2;1;1;3;750;16/04/2012
2012056044;5;2;2;1;7;750;16/04/2012
2012056045;1;2;2;2;6;750;17/04/2012
2012056046;1;2;3;3;3;750;17/04/2012
2012056047;1;2;7;1;2;750;19/04/2012
2012056048;1;2;2;1;3;750;19/04/2012
2012056049;1;2;3;1;3;750;20/04/2012
2012056050;1;2;1;1;6;750;22/04/2012
2012056051;1;2;2;2;3;750;24/04/2012
2012056052;5;2;2;1;3;750;25/04/2012
2012056053;1;2;1;1;3;750;01/05/2012
2012056054;1;2;2;1;3;750;03/05/2012
2012056055;1;2;2;2;3;750;03/05/2012
2012056056;5;2;7;1;2;750;04/05/2012
2012056057;1;2;1;2;6;750;04/05/2012
2012056058;2;2;4;3;5;750;05/05/2012
2012056059;1;2;4;1;3;750;06/05/2012
2012056060;1;2;1;1;6;750;07/05/2012
2012056061;1;2;4;1;1;750;08/05/2012
2012056062;1;2;5;1;3;750;08/05/2012
2012056063;1;2;3;1;3;750;09/05/2012
2012056064;5;2;7;1;7;750;10/05/2012
2012056065;5;2;2;1;3;750;10/05/2012
2012056066;5;2;7;1;6;750;12/05/2012
2012056067;1;2;1;1;3;750;12/05/2012
2012056068;1;2;2;1;3;750;12/05/2012
2012056069;1;2;1;1;2;750;13/05/2012
2012056070;1;2;5;1;3;750;13/05/2012
2012056071;1;2;7;1;6;750;13/05/2012
2012056072;1;2;5;1;6;750;13/05/2012
2012056073;1;2;2;1;6;750;14/05/2012
2012056074;1;2;1;1;7;750;14/05/2012
2012056075;1;2;5;1;3;750;14/05/2012
2012056076;1;2;1;1;2;750;15/05/2012
2012056077;1;2;2;1;3;750;20/05/2012
2012056078;1;2;1;3;3;750;21/05/2012
2012056079;5;2;1;8;6;750;21/05/2012
2012056080;2;2;5;1;6;750;22/05/2012
2012056081;1;2;1;1;3;750;23/05/2012
2012056082;1;2;1;1;6;750;23/05/2012
2012056083;1;2;2;1;6;750;24/05/2012
2012056084;1;2;3;1;1;750;25/05/2012
2012056085;1;2;2;1;1;750;25/05/2012
2012056086;5;2;1;1;6;750;27/05/2012
2012056087;1;2;3;1;6;750;27/05/2012
2012056088;5;2;1;1;6;750;29/05/2012
2012056089;1;2;4;1;6;750;29/05/2012
2012056090;1;2;1;1;3;750;30/05/2012
2012056091;1;2;2;1;6;750;30/05/2012
2012056092;1;2;3;1;3;750;30/05/2012
2012056093;1;2;1;1;3;750;30/05/2012
2012056094;1;2;3;1;6;750;31/05/2012
2012056095;5;2;2;1;6;750;31/05/2012
2012056096;1;2;1;1;2;750;01/06/2012
2012056097;1;2;3;1;6;750;02/06/2012
2012056098;1;2;1;1;7;750;02/06/2012
2012056099;5;2;1;3;1;750;03/06/2012
2012056100;5;2;1;1;6;750;04/06/2012
2012056101;1;2;1;1;4;750;04/06/2012
2012056102;1;2;4;1;3;750;05/06/2012
2012056103;1;2;2;1;2;750;06/06/2012
2012056104;5;2;5;1;3;750;08/06/2012
2012056105;1;2;1;1;6;750;10/06/2012
2012056106;5;2;5;1;6;750;10/06/2012
2012056107;1;2;1;1;1;750;13/06/2012
2012056108;1;2;4;1;6;750;14/06/2012
2012056109;1;2;3;1;2;750;14/06/2012
2012056110;1;2;2;1;3;750;15/06/2012
2012056111;5;2;2;2;3;750;16/06/2012
2012056112;1;2;1;1;2;750;17/06/2012
2012056113;1;2;2;2;2;750;17/06/2012
2012056114;1;2;1;1;6;750;20/06/2012
2012056115;1;2;4;1;2;750;20/06/2012
2012056116;1;2;1;1;6;750;21/06/2012
2012056117;1;2;7;1;3;750;21/06/2012
2012056118;1;2;3;2;3;750;24/06/2012
2012056119;2;2;2;2;6;750;24/06/2012
2012056120;5;2;2;1;3;750;25/06/2012
2012056121;1;2;2;1;1;750;25/06/2012
2012056122;1;2;1;1;3;750;25/06/2012
2012056123;1;2;1;1;2;750;25/06/2012
2012056124;1;2;1;1;6;750;27/06/2012
2012056125;1;2;4;1;3;750;27/06/2012
2012056126;1;2;2;1;6;750;27/06/2012
2012056127;1;2;1;1;3;750;28/06/2012
2012056128;1;2;1;1;7;750;28/06/2012
2012056129;1;2;1;1;6;750;28/06/2012
2012056130;1;2;7;1;6;750;28/06/2012
2012056131;1;2;1;8;3;750;29/06/2012
2012056132;1;2;3;1;6;750;29/06/2012
2012056133;1;2;2;1;1;750;30/06/2012
2012056134;5;2;7;1;6;750;01/07/2012
2012056135;5;2;1;1;6;750;02/07/2012
2012056136;5;2;5;1;6;750;02/07/2012
2012056137;1;2;3;1;6;750;03/07/2012
2012056138;1;2;5;1;3;750;04/07/2012
2012056139;1;2;1;1;3;750;04/07/2012
2012056140;1;2;1;1;4;750;06/07/2012
2012056141;1;2;7;1;6;750;06/07/2012
2012056142;1;2;1;1;3;750;09/07/2012
2012056143;1;2;5;1;3;750;09/07/2012
2012056144;1;2;3;1;6;750;10/07/2012
2012056145;1;2;1;2;7;750;11/07/2012
2012056146;1;2;7;1;3;750;11/07/2012
2012056147;1;2;1;1;6;750;12/07/2012
2012056148;1;2;1;1;2;750;12/07/2012
2012056149;1;2;5;2;6;750;13/07/2012
2012056150;5;2;4;1;6;750;15/07/2012
2012056151;1;2;2;1;3;750;17/07/2012
2012056152;1;2;1;1;2;750;17/07/2012
2012056153;5;2;1;1;7;750;18/07/2012
2012056154;1;2;1;1;3;750;18/07/2012
2012056155;1;2;1;1;6;750;18/07/2012
2012056156;1;2;4;1;7;750;19/07/2012
2012056157;1;2;1;1;2;750;21/07/2012
2012056158;1;2;5;7;6;750;23/07/2012
2012056159;1;2;1;1;6;750;24/07/2012
2012056160;1;2;3;1;6;750;24/07/2012
2012056161;2;2;2;1;2;750;24/07/2012
2012056162;1;2;1;1;4;750;25/07/2012
2012056163;1;2;5;1;3;750;25/07/2012
2012056164;2;2;2;1;3;750;25/07/2012
2012056165;2;2;2;1;6;750;26/07/2012
2012056166;1;2;3;1;6;750;27/07/2012
2012056167;1;2;5;1;3;750;28/07/2012
2012056168;1;2;1;1;3;750;28/07/2012
2012056169;1;2;2;1;3;750;31/07/2012
2012056170;1;2;5;1;3;750;02/08/2012
2012056171;1;2;1;1;6;750;03/08/2012
2012056172;1;2;2;1;3;750;07/08/2012
2012056173;5;2;2;1;6;750;07/08/2012
2012056174;1;2;1;1;3;750;08/08/2012
2012056175;1;2;7;1;3;750;08/08/2012
2012056176;1;2;7;1;6;750;08/08/2012
2012056177;1;2;4;1;4;750;08/08/2012
2012056178;1;2;2;1;2;750;09/08/2012
2012056179;1;2;5;1;6;750;10/08/2012
2012056180;1;2;1;1;3;750;11/08/2012
2012056181;1;2;1;1;3;750;13/08/2012
2012056182;5;2;1;1;6;750;14/08/2012
2012056183;1;2;1;1;7;750;15/08/2012
2012056184;1;2;1;1;2;750;17/08/2012
2012056185;5;2;2;1;3;750;17/08/2012
2012056186;1;2;7;1;3;750;18/08/2012
2012056187;3;2;1;1;6;750;19/08/2012
2012056188;1;2;3;1;1;750;20/08/2012
2012056189;1;2;1;1;3;750;22/08/2012
2012056190;1;2;2;8;3;750;24/08/2012
2012056191;5;2;1;1;6;750;25/08/2012
2012056192;1;2;1;1;3;750;25/08/2012
2012056193;1;2;1;1;3;750;25/08/2012
2012056194;1;2;7;1;3;750;27/08/2012
2012056195;1;2;1;1;6;750;29/08/2012
2012056196;1;2;1;2;4;750;30/08/2012
2012056197;5;2;1;1;6;750;30/08/2012
2012056198;5;2;2;1;6;750;30/08/2012
2012056199;1;2;3;1;6;750;31/08/2012
2012056200;5;2;5;1;7;750;01/09/2012
2012056201;5;2;2;1;6;750;01/09/2012
2012056202;1;2;1;1;6;750;01/09/2012
2012056203;1;2;1;1;3;750;01/09/2012
2012056204;5;2;1;1;6;750;01/09/2012
2012056205;5;2;1;1;2;750;02/09/2012
2012056206;1;2;1;1;6;750;02/09/2012
2012056207;1;2;1;2;3;750;03/09/2012
2012056208;1;2;2;1;3;750;04/09/2012
2012056209;1;2;2;1;3;750;04/09/2012
2012056210;1;2;1;1;6;750;05/09/2012
2012056211;1;2;1;1;7;750;05/09/2012
2012056212;1;2;1;1;3;750;07/09/2012
2012056213;1;2;7;7;3;750;07/09/2012
2012056214;1;2;2;1;2;750;07/09/2012
2012056215;1;2;2;1;3;750;07/09/2012
2012056216;1;2;1;1;2;750;09/09/2012
2012056217;1;2;1;1;2;750;12/09/2012
2012056218;1;2;7;7;3;750;13/09/2012
2012056219;1;2;3;1;3;750;13/09/2012
2012056220;1;2;2;1;6;750;13/09/2012
2012056221;5;2;1;1;3;750;14/09/2012
2012056222;5;2;5;1;7;750;15/09/2012
2012056223;1;2;2;7;6;750;15/09/2012
2012056224;1;2;7;1;6;750;16/09/2012
2012056225;2;2;5;1;3;750;16/09/2012
2012056226;1;2;5;1;7;750;18/09/2012
2012056227;1;2;3;1;6;750;19/09/2012
2012056228;1;2;1;1;6;750;20/09/2012
2012056229;1;2;5;1;6;750;20/09/2012
2012056230;5;2;4;1;2;750;22/09/2012
2012056231;5;2;5;1;3;750;23/09/2012
2012056232;5;2;2;2;6;750;24/09/2012
2012056233;2;2;3;2;1;750;24/09/2012
2012056234;1;2;3;2;1;750;24/09/2012
2012056235;1;2;3;1;6;750;24/09/2012
2012056236;1;2;1;1;6;750;24/09/2012
2012056237;1;2;2;1;6;750;24/09/2012
2012056238;1;2;1;1;3;750;26/09/2012
2012056239;1;2;2;1;3;750;26/09/2012
2012056240;5;2;1;1;4;750;27/09/2012
2012056241;1;2;1;1;6;750;28/09/2012
2012056242;1;2;2;1;7;750;28/09/2012
2012056243;5;2;4;1;3;750;28/09/2012
2012056244;5;2;3;1;6;750;28/09/2012
2012056245;5;2;1;1;3;750;29/09/2012
2012056246;1;2;5;1;2;750;01/10/2012
2012056247;1;2;2;1;3;750;01/10/2012
2012056248;1;2;2;1;2;750;01/10/2012
2012056249;1;2;2;1;6;750;02/10/2012
2012056250;5;2;7;9;6;750;04/10/2012
2012056251;5;2;3;2;1;750;03/10/2012
2012056252;1;2;1;1;2;750;04/10/2012
2012056253;1;2;3;1;3;750;05/10/2012
2012056254;1;2;1;1;3;750;05/10/2012
2012056255;5;2;5;1;3;750;06/10/2012
2012056256;1;2;1;3;4;750;06/10/2012
2012056257;2;2;2;2;6;750;08/10/2012
2012056258;1;2;3;2;6;750;08/10/2012
2012056259;5;2;3;2;1;750;08/10/2012
2012056260;1;2;4;2;3;750;09/10/2012
2012056261;1;2;1;1;2;750;10/10/2012
2012056262;2;2;1;2;3;750;11/10/2012
2012056263;1;2;1;8;6;750;11/10/2012
2012056264;1;2;1;1;7;750;11/10/2012
2012056265;1;2;3;2;6;750;11/10/2012
2012056266;1;2;4;8;6;750;12/10/2012
2012056267;1;2;1;1;3;750;12/10/2012
2012056268;1;2;5;1;6;750;12/10/2012
2012056269;1;2;1;1;3;750;12/10/2012
2012056270;3;2;2;3;3;750;12/10/2012
2012056271;1;2;1;2;4;750;13/10/2012
2012056272;1;2;1;1;6;750;15/10/2012
2012056273;1;2;1;1;6;750;16/10/2012
2012056274;1;2;1;9;4;750;17/10/2012
2012056275;1;2;2;8;7;750;18/10/2012
2012056276;5;2;1;2;7;750;18/10/2012
2012056277;1;2;5;2;6;750;19/10/2012
2012056278;1;2;2;2;1;750;20/10/2012
2012056279;1;2;7;2;7;750;20/10/2012
2012056280;1;2;2;1;3;750;22/10/2012
2012056281;1;2;4;1;6;750;24/10/2012
2012056282;1;2;2;8;3;750;24/10/2012
2012056283;3;2;4;1;3;750;24/10/2012
2012056284;5;2;1;1;6;750;26/10/2012
2012056285;1;2;1;1;2;750;26/10/2012
2012056286;1;2;1;2;2;750;26/10/2012
2012056287;5;2;1;2;2;750;29/10/2012
2012056288;1;2;3;8;3;750;29/10/2012
2012056289;1;2;3;1;1;750;30/10/2012
2012056290;1;2;2;1;2;750;30/10/2012
2012056291;1;2;2;1;2;750;30/10/2012
2012056292;1;2;2;1;3;750;31/10/2012
2012056293;5;2;1;2;7;750;01/11/2012
2012056294;1;2;1;1;6;750;01/11/2012
2012056295;1;2;5;2;7;750;04/11/2012
2012056296;5;2;1;1;3;750;06/11/2012
2012056297;1;2;2;1;7;750;08/11/2012
2012056298;1;2;7;1;2;750;09/11/2012
2012056299;5;2;1;2;6;750;09/11/2012
2012056300;5;2;1;2;6;750;10/11/2012
2012056301;5;2;1;1;6;750;10/11/2012
2012056302;1;2;1;1;4;750;12/11/2012
2012056303;1;2;5;1;3;750;13/11/2012
2012056304;1;2;1;8;7;750;15/11/2012
2012056305;1;2;1;1;2;750;15/11/2012
2012056306;1;2;1;1;6;750;16/11/2012
2012056307;5;2;5;1;3;750;16/11/2012
2012056308;5;2;1;1;3;750;16/11/2012
2012056309;1;2;1;1;3;750;17/11/2012
2012056310;1;2;5;1;3;750;19/11/2012
2012056311;1;2;3;1;3;750;20/11/2012
2012056312;5;2;4;1;6;750;19/11/2012
2012056313;5;2;3;1;1;750;21/11/2012
2012056314;5;2;3;1;1;750;22/11/2012
2012056315;1;2;2;1;6;750;22/11/2012
2012056316;1;2;7;1;2;750;22/11/2012
2012056317;1;2;2;2;7;750;23/11/2012
2012056318;5;2;1;1;4;750;24/11/2012
2012056319;5;2;2;1;6;750;24/11/2012
2012056320;1;2;2;1;2;750;25/11/2012
2012056321;1;2;1;1;7;750;26/11/2012
2012056322;1;2;3;1;6;750;26/11/2012
2012056323;1;2;1;1;6;750;28/11/2012
2012056324;5;2;2;1;1;750;28/11/2012
2012056325;5;2;1;1;4;750;28/11/2012
2012056326;1;2;1;1;6;750;29/11/2012
2012056327;1;2;3;1;1;750;30/11/2012
2012056328;1;2;1;1;2;750;30/11/2012
2012056329;5;2;4;1;6;750;01/12/2012
2012056330;1;2;2;2;3;750;03/12/2012
2012056331;1;2;2;1;6;750;03/12/2012
2012056332;1;2;5;1;3;750;03/12/2012
2012056333;5;2;2;2;6;750;03/12/2012
2012056334;1;2;3;8;6;750;04/12/2012
2012056335;5;2;4;2;3;750;04/12/2012
2012056336;5;2;1;2;3;750;05/12/2012
2012056337;5;2;3;1;2;750;05/12/2012
2012056338;5;2;1;1;3;750;06/12/2012
2012056339;5;2;5;2;3;750;07/12/2012
2012056340;3;2;1;1;6;750;09/12/2012
2012056341;5;2;7;2;3;750;07/12/2012
2012056342;1;2;2;1;6;750;10/12/2012
2012056343;1;2;7;1;3;750;11/12/2012
2012056344;1;2;2;1;6;750;11/12/2012
2012056345;5;2;1;1;3;750;11/12/2012
2012056346;1;2;2;1;3;750;12/12/2012
2012056347;1;2;5;1;6;750;12/12/2012
2012056348;5;2;7;1;3;750;12/12/2012
2012056349;5;2;4;1;6;750;12/12/2012
2012056350;5;2;5;1;2;750;13/12/2012
2012056351;5;2;1;2;2;750;13/12/2012
2012056352;5;2;5;1;3;750;13/12/2012
2012056353;5;2;7;2;6;750;13/12/2012
2012056354;5;2;3;2;6;750;14/12/2012
2012056355;5;2;1;2;2;750;14/12/2012
2012056356;1;2;4;1;3;750;15/12/2012
2012056357;1;2;5;1;3;750;15/12/2012
2012056358;3;2;3;3;6;750;15/12/2012
2012056359;1;2;1;2;3;750;17/12/2012
2012056360;1;2;2;1;3;750;18/12/2012
2012056361;5;2;5;1;3;750;19/12/2012
2012056362;2;2;2;1;6;750;19/12/2012
2012056363;5;2;3;2;2;750;19/12/2012
2012056364;5;2;2;1;6;750;21/12/2012
2012056365;1;2;7;8;2;750;21/12/2012
2012056366;3;2;1;1;2;750;16/12/2012
2012056367;5;2;2;2;3;750;22/12/2012
2012056368;5;2;2;1;6;750;23/12/2012
2012056369;1;2;2;1;6;750;23/12/2012
2012056370;5;2;7;1;3;750;23/12/2012
2012056371;5;2;1;1;3;750;30/12/2012
2012056372;5;2;7;1;3;750;31/12/2012
2012056373;5;2;1;2;2;750;31/12/2012
2012056374;5;2;5;2;6;750;01/01/2012
2012056375;5;2;4;1;6;750;02/01/2012
2012056376;2;2;7;9;6;750;03/01/2012
2012056377;5;2;3;1;6;750;03/01/2012
2012056378;5;2;1;1;6;750;08/01/2012
2012056379;1;2;1;1;7;750;09/01/2012
2012056380;1;2;1;1;4;750;11/01/2012
2012056381;5;2;4;1;3;750;11/01/2012
2012056382;5;2;2;1;6;750;12/01/2012
2012056383;5;2;4;1;1;750;12/01/2012
2012056384;1;2;3;1;7;750;13/01/2012
2012056385;2;2;2;1;6;750;13/01/2012
2012056386;5;2;3;1;6;750;14/01/2012
2012056387;5;2;3;1;2;750;13/01/2012
2012056388;1;2;1;1;2;750;14/01/2012
2012056389;1;2;3;1;6;750;14/01/2012
2012056390;1;2;7;1;2;750;16/01/2012
2012056391;5;2;2;1;3;750;16/01/2012
2012056392;5;2;2;1;6;750;20/01/2012
2012056393;5;2;2;1;6;750;20/01/2012
2012056394;5;2;2;1;1;750;20/01/2012
2012056395;1;2;1;2;2;750;21/01/2012
2012056396;5;2;5;1;7;750;23/01/2012
2012056397;5;2;3;1;2;750;24/01/2012
2012056398;5;2;1;2;6;750;24/01/2012
2012056399;5;2;5;2;3;750;24/01/2012
2012056400;1;2;2;1;3;750;26/01/2012
2012056401;1;2;2;2;3;750;26/01/2012
2012056402;1;2;5;1;6;750;27/01/2012
2012056403;5;2;9;1;2;750;26/01/2012
2012056404;5;2;2;2;2;750;28/01/2012
2012056405;5;2;1;1;6;750;03/02/2012
2012056406;1;2;1;1;6;750;08/02/2012
2012056407;1;2;1;7;2;750;09/02/2012
2012056408;1;2;3;1;2;750;09/02/2012
2012056409;1;2;5;1;7;750;09/02/2012
2012056410;1;2;1;8;3;750;13/02/2012
2012056411;5;2;2;1;2;750;15/02/2012
2012056412;1;2;1;1;3;750;16/02/2012
2012056413;5;2;5;1;3;750;16/02/2012
2012056414;1;2;2;8;3;750;18/02/2012
2012056415;2;2;4;1;3;750;19/02/2012
2012056416;5;2;7;1;3;750;19/02/2012
2012056417;5;2;3;1;3;750;21/02/2012
2012056418;1;2;1;1;3;750;24/02/2012
2012056419;5;2;1;1;6;750;29/02/2012
2012056420;1;2;2;1;3;750;29/02/2012
2012056421;2;2;1;1;4;750;29/02/2012
2012056422;1;2;3;1;6;750;01/03/2012
2012056423;1;2;2;1;6;750;02/03/2012
2012056424;5;2;2;2;6;750;06/03/2012
2012056425;1;2;3;1;3;750;06/03/2012
2012056426;1;2;1;1;3;750;07/03/2012
2012056427;2;2;1;2;6;750;07/03/2012
2012056428;5;2;5;1;6;750;09/03/2012
2012056429;5;2;2;1;1;750;12/03/2012
2012056430;1;2;1;1;3;750;13/03/2012
2012056431;1;2;1;1;6;750;13/03/2012
2012056432;5;2;2;1;6;750;12/03/2012
2012056433;1;2;2;1;7;750;15/03/2012
2012056434;5;2;4;1;3;750;16/03/2012
2012056435;1;2;1;1;6;750;20/03/2012
2012056436;1;2;1;1;6;750;21/03/2012
2012056437;5;2;5;1;3;750;21/03/2012
2012056438;5;2;2;1;1;750;22/03/2012
2012056439;1;2;2;1;1;750;22/03/2012
2012056440;1;2;2;1;6;750;23/03/2012
2012056441;5;2;2;1;6;750;23/03/2012