num_acc;lum;agg;inter;atm;col;dep;date
2012056442;1;2;4;7;3;750;24/03/2012
2012056443;1;2;5;7;6;750;26/03/2012
2012056444;1;2;1;1;3;750;27/03/2012
2012056445;1;2;4;1;6;750;28/03/2012
2012056446;1;2;3;1;2;750;29/03/2012
2012056447;1;2;2;1;2;750;30/03/2012
2012056448;1;2;2;1;6;750;30/03/2012
2012056449;1;2;2;1;6;750;30/03/2012
2012056450;1;2;3;1;2;750;05/04/2012
2012056451;1;2;7;1;3;750;07/04/2012
2012056452;5;2;4;2;6;750;09/04/2012
2012056453;1;2;5;1;6;750;07/04/2012
2012056454;1;2;5;2;6;750;10/04/2012
2012056455;1;2;4;2;3;750;10/04/2012
2012056456;5;2;7;2;6;750;10/04/2012
2012056457;5;2;5;2;3;750;10/04/2012
2012056458;1;2;1;1;2;750;12/04/2012
2012056459;2;2;1;1;3;750;12/04/2012
2012056460;5;2;2;1;7;750;13/04/2012
2012056461;1;2;1;1;3;750;16/04/2012
2012056462;1;2;2;2;3;750;18/04/2012
2012056463;1;2;1;1;3;750;19/04/2012
2012056464;1;2;1;1;6;750;23/04/2012
2012056465;1;2;5;2;6;750;24/04/2012
2012056466;1;2;4;3;2;750;25/04/2012
2012056467;1;2;3;1;6;750;26/04/2012
2012056468;5;2;3;1;6;750;26/04/2012
2012056469;1;2;1;2;6;750;28/04/2012
2012056470;5;2;5;2;3;750;29/04/2012
2012056471;1;2;2;1;2;750;30/04/2012
2012056472;5;2;3;2;6;750;30/04/2012
2012056473;1;2;1;1;2;750;03/05/2012
2012056474;1;2;5;1;6;750;07/05/2012
2012056475;1;2;3;1;6;750;08/05/2012
2012056476;5;2;3;1;6;750;10/05/2012
2012056477;1;2;1;2;6;750;11/05/2012
2012056478;1;2;3;2;6;750;11/05/2012
2012056479;1;2;5;1;7;750;12/05/2012
2012056480;5;2;5;1;6;750;13/05/2012
2012056481;1;2;7;1;2;750;14/05/2012
2012056482;1;2;5;1;6;750;14/05/2012
2012056483;2;2;3;1;6;750;14/05/2012
2012056484;1;2;3;1;3;750;15/05/2012
2012056485;1;2;5;2;3;750;15/05/2012
2012056486;1;2;1;1;6;750;17/05/2012
2012056487;1;2;5;1;3;750;19/05/2012
2012056488;1;2;1;1;3;750;19/05/2012
2012056489;1;2;2;1;6;750;19/05/2012
2012056490;1;2;2;1;6;750;20/05/2012
2012056491;2;2;1;1;3;750;22/05/2012
2012056492;1;2;1;1;3;750;24/05/2012
2012056493;1;2;2;1;3;750;24/05/2012
2012056494;5;2;2;1;1;750;25/05/2012
2012056495;1;2;1;1;4;750;25/05/2012
2012056496;1;2;1;1;6;750;25/05/2012
2012056497;5;2;4;1;6;750;27/05/2012
2012056498;1;2;2;1;1;750;27/05/2012
2012056499;1;2;1;1;7;750;27/05/2012
2012056500;2;2;2;1;2;750;28/05/2012
2012056501;1;2;1;1;6;750;29/05/2012
2012056502;1;2;4;1;3;750;30/05/2012
2012056503;1;2;2;1;3;750;31/05/2012
2012056504;1;2;5;1;6;750;01/06/2012
2012056505;1;2;3;1;2;750;02/06/2012
2012056506;5;2;1;1;4;750;03/06/2012
2012056507;1;2;3;8;3;750;04/06/2012
2012056508;5;2;4;1;6;750;04/06/2012
2012056509;1;2;5;1;3;750;05/06/2012
2012056510;2;2;2;2;3;750;05/06/2012
2012056511;1;2;1;1;3;750;06/06/2012
2012056512;1;2;7;1;2;750;07/06/2012
2012056513;1;2;1;1;6;750;07/06/2012
2012056514;5;2;1;1;6;750;09/06/2012
2012056515;1;2;2;1;1;750;09/06/2012
2012056516;1;2;5;2;6;750;12/06/2012
2012056517;1;2;1;1;4;750;14/06/2012
2012056518;1;2;3;1;6;750;14/06/2012
2012056519;5;2;1;2;6;750;16/06/2012
2012056520;5;2;3;1;7;750;16/06/2012
2012056521;5;2;3;1;6;750;17/06/2012
2012056522;1;2;2;1;3;750;17/06/2012
2012056523;1;2;1;1;4;750;19/06/2012
2012056524;5;2;1;3;3;750;19/06/2012
2012056525;1;2;5;2;6;750;21/06/2012
2012056526;1;2;3;1;2;750;21/06/2012
2012056527;1;2;1;1;2;750;21/06/2012
2012056528;1;2;1;1;2;750;21/06/2012
2012056529;1;2;2;2;4;750;24/06/2012
2012056530;1;2;2;1;3;750;25/06/2012
2012056531;5;2;1;2;6;750;26/06/2012
2012056532;5;2;4;1;6;750;27/06/2012
2012056533;1;2;1;1;2;750;27/06/2012
2012056534;1;2;2;1;2;750;30/06/2012
2012056535;1;2;2;1;3;750;03/07/2012
2012056536;1;2;4;1;6;750;04/07/2012
2012056537;1;2;3;1;3;750;05/07/2012
2012056538;1;2;4;2;6;750;06/07/2012
2012056539;1;2;1;2;6;750;07/07/2012
2012056540;1;2;1;2;2;750;07/07/2012
2012056541;1;2;1;2;6;750;07/07/2012
2012056542;1;2;2;1;6;750;08/07/2012
2012056543;1;2;1;1;6;750;10/07/2012
2012056544;1;2;1;1;6;750;10/07/2012
2012056545;3;2;1;3;2;750;12/07/2012
2012056546;5;2;2;3;3;750;13/07/2012
2012056547;1;2;1;2;4;750;15/07/2012
2012056548;1;2;3;1;2;750;18/07/2012
2012056549;1;2;1;1;6;750;18/07/2012
2012056550;1;2;4;1;2;750;20/07/2012
2012056551;1;2;2;1;6;750;20/07/2012
2012056552;1;2;3;1;3;750;21/07/2012
2012056553;1;2;2;1;6;750;22/07/2012
2012056554;1;2;1;1;3;750;23/07/2012
2012056555;1;2;1;1;3;750;23/07/2012
2012056556;1;2;2;1;6;750;23/07/2012
2012056557;1;2;3;1;6;750;23/07/2012
2012056558;1;2;2;1;6;750;23/07/2012
2012056559;1;2;1;1;3;750;24/07/2012
2012056560;1;2;2;1;4;750;24/07/2012
2012056561;1;2;2;1;3;750;26/07/2012
2012056562;1;2;1;2;3;750;27/07/2012
2012056563;5;2;3;2;2;750;29/07/2012
2012056564;1;2;7;1;6;750;30/07/2012
2012056565;5;2;5;1;3;750;01/08/2012
2012056566;5;2;2;1;3;750;01/08/2012
2012056567;1;2;5;1;6;750;02/08/2012
2012056568;1;2;1;1;6;750;05/08/2012
2012056569;5;2;5;1;3;750;06/08/2012
2012056570;1;2;1;1;6;750;06/08/2012
2012056571;1;2;3;1;6;750;08/08/2012
2012056572;1;2;2;1;6;750;09/08/2012
2012056573;1;2;3;1;6;750;11/08/2012
2012056574;5;2;1;1;6;750;11/08/2012
2012056575;1;2;2;1;6;750;11/08/2012
2012056576;5;2;1;1;6;750;12/08/2012
2012056577;1;2;2;1;6;750;14/08/2012
2012056578;1;2;4;1;6;750;14/08/2012
2012056579;1;2;2;1;3;750;16/08/2012
2012056580;1;2;3;1;6;750;16/08/2012
2012056581;5;2;3;1;6;750;17/08/2012
2012056582;5;2;3;1;3;750;19/08/2012
2012056583;5;2;4;1;2;750;20/08/2012
2012056584;1;2;2;1;6;750;20/08/2012
2012056585;1;2;2;1;7;750;22/08/2012
2012056586;2;2;4;1;6;750;23/08/2012
2012056587;1;2;1;1;6;750;25/08/2012
2012056588;5;2;2;1;3;750;25/08/2012
2012056589;5;2;2;1;6;750;25/08/2012
2012056590;1;2;1;1;3;750;26/08/2012
2012056591;1;2;3;1;3;750;28/08/2012
2012056592;5;2;3;1;6;750;30/08/2012
2012056593;1;2;2;1;6;750;30/08/2012
2012056594;5;2;2;1;3;750;31/08/2012
2012056595;1;2;7;1;3;750;01/09/2012
2012056596;1;2;2;1;6;750;03/09/2012
2012056597;1;2;3;1;6;750;04/09/2012
2012056598;1;2;4;1;2;750;05/09/2012
2012056599;1;2;3;1;3;750;06/09/2012
2012056600;1;2;3;1;3;750;07/09/2012
2012056601;1;2;5;1;2;750;07/09/2012
2012056602;5;2;5;1;6;750;07/09/2012
2012056603;1;2;3;1;6;750;08/09/2012
2012056604;1;2;3;1;3;750;09/09/2012
2012056605;1;2;1;1;6;750;12/09/2012
2012056606;1;2;1;1;3;750;13/09/2012
2012056607;1;2;1;1;6;750;13/09/2012
2012056608;1;2;1;1;6;750;14/09/2012
2012056609;1;2;1;1;3;750;15/09/2012
2012056610;1;2;3;1;3;750;17/09/2012
2012056611;1;2;3;1;3;750;18/09/2012
2012056612;1;2;5;1;6;750;18/09/2012
2012056613;2;2;3;1;7;750;19/09/2012
2012056614;1;2;1;1;6;750;19/09/2012
2012056615;5;2;2;1;3;750;19/09/2012
2012056616;1;2;2;1;3;750;20/09/2012
2012056617;1;2;5;1;6;750;21/09/2012
2012056618;1;2;1;1;6;750;21/09/2012
2012056619;1;2;7;2;7;750;21/09/2012
2012056620;1;2;1;2;7;750;21/09/2012
2012056621;5;2;1;2;6;750;21/09/2012
2012056622;5;2;1;1;6;750;22/09/2012
2012056623;1;2;2;2;3;750;27/09/2012
2012056624;1;2;5;1;2;750;27/09/2012
2012056625;5;2;2;1;3;750;30/09/2012
2012056626;1;2;4;1;2;750;30/09/2012
2012056627;1;2;7;1;2;750;01/10/2012
2012056628;1;2;3;1;6;750;02/10/2012
2012056629;1;2;5;1;1;750;02/10/2012
2012056630;1;2;1;1;6;750;02/10/2012
2012056631;2;2;5;1;3;750;03/10/2012
2012056632;1;2;1;1;6;750;03/10/2012
2012056633;1;2;2;1;6;750;04/10/2012
2012056634;5;2;2;1;3;750;04/10/2012
2012056635;5;2;2;1;3;750;05/10/2012
2012056636;1;2;5;1;6;750;05/10/2012
2012056637;5;2;1;1;2;750;05/10/2012
2012056638;5;2;1;1;2;750;05/10/2012
2012056639;1;2;7;3;7;750;08/10/2012
2012056640;5;2;3;2;3;750;09/10/2012
2012056641;1;2;1;2;7;750;10/10/2012
2012056642;5;2;3;2;3;750;11/10/2012
2012056643;1;2;3;1;3;750;12/10/2012
2012056644;1;2;1;2;6;750;13/10/2012
2012056645;1;2;3;3;3;750;13/10/2012
2012056646;1;2;3;2;3;750;14/10/2012
2012056647;1;2;5;1;6;750;15/10/2012
2012056648;1;2;1;1;3;750;16/10/2012
2012056649;1;2;2;1;6;750;16/10/2012
2012056650;5;2;3;1;6;750;16/10/2012
2012056651;1;2;1;1;6;750;17/10/2012
2012056652;1;2;2;2;6;750;17/10/2012
2012056653;5;2;2;2;3;750;17/10/2012
2012056654;1;2;1;1;6;750;19/10/2012
2012056655;5;2;2;2;2;750;20/10/2012
2012056656;5;2;1;1;6;750;23/10/2012
2012056657;1;2;2;1;5;750;23/10/2012
2012056658;1;2;1;1;6;750;24/10/2012
2012056659;1;2;1;1;6;750;24/10/2012
2012056660;1;2;3;1;2;750;25/10/2012
2012056661;5;2;1;1;7;750;27/10/2012
2012056662;1;2;5;1;3;750;27/10/2012
2012056663;5;2;1;1;3;750;27/10/2012
2012056664;1;2;1;1;3;750;31/10/2012
2012056665;5;2;5;1;3;750;31/10/2012
2012056666;5;2;1;1;2;750;01/11/2012
2012056667;5;2;3;1;1;750;02/11/2012
2012056668;1;2;2;2;7;750;02/11/2012
2012056669;2;2;1;1;7;750;04/11/2012
2012056670;5;2;1;1;6;750;06/11/2012
2012056671;1;2;1;1;2;750;07/11/2012
2012056672;5;2;5;1;6;750;08/11/2012
2012056673;5;2;4;1;3;750;08/11/2012
2012056674;5;2;2;1;6;750;08/11/2012
2012056675;5;2;2;2;3;750;09/11/2012
2012056676;5;2;2;2;6;750;10/11/2012
2012056677;1;2;1;1;3;750;12/11/2012
2012056678;5;2;1;1;3;750;12/11/2012
2012056679;5;2;2;1;3;750;13/11/2012
2012056680;3;2;3;1;3;750;13/11/2012
2012056681;1;2;4;8;7;750;17/11/2012
2012056682;5;2;1;1;6;750;17/11/2012
2012056683;3;2;1;1;4;750;19/11/2012
2012056684;3;2;1;1;2;750;19/11/2012
2012056685;5;2;2;1;6;750;19/11/2012
2012056686;5;2;1;1;6;750;20/11/2012
2012056687;5;2;4;1;3;750;20/11/2012
2012056688;2;2;2;8;6;750;21/11/2012
2012056689;1;2;2;1;3;750;21/11/2012
2012056690;1;2;1;1;6;750;21/11/2012
2012056691;5;2;3;1;6;750;26/11/2012
2012056692;5;2;2;2;6;750;27/11/2012
2012056693;5;2;2;8;7;750;27/11/2012
2012056694;5;2;5;2;7;750;28/11/2012
2012056695;1;2;1;1;6;750;29/11/2012
2012056696;5;2;1;1;6;750;30/11/2012
2012056697;1;2;2;1;6;750;30/11/2012
2012056698;5;2;2;2;7;750;02/12/2012
2012056699;5;2;2;2;6;750;03/12/2012
2012056700;3;2;2;1;3;750;03/12/2012
2012056701;1;2;3;1;2;750;04/12/2012
2012056702;1;2;7;1;7;750;04/12/2012
2012056703;5;2;2;2;6;750;04/12/2012
2012056704;1;2;3;1;6;750;05/12/2012
2012056705;5;2;4;1;3;750;05/12/2012
2012056706;1;2;2;1;6;750;06/12/2012
2012056707;5;2;5;1;3;750;06/12/2012
2012056708;1;2;1;1;6;750;08/12/2012
2012056709;5;2;5;1;7;750;09/12/2012
2012056710;5;2;4;2;2;750;09/12/2012
2012056711;1;2;3;1;3;750;12/12/2012
2012056712;5;2;3;1;6;750;13/12/2012
2012056713;1;2;2;2;1;750;14/12/2012
2012056714;5;2;2;2;6;750;14/12/2012
2012056715;5;2;1;2;4;750;14/12/2012
2012056716;2;2;2;2;3;750;15/12/2012
2012056717;5;2;3;2;3;750;16/12/2012
2012056718;5;2;7;1;2;750;17/12/2012
2012056719;2;2;1;8;6;750;17/12/2012
2012056720;1;2;5;1;3;750;18/12/2012
2012056721;5;2;5;2;7;750;19/12/2012
2012056722;5;2;2;2;6;750;19/12/2012
2012056723;1;2;1;2;2;750;20/12/2012
2012056724;1;2;1;2;6;750;20/12/2012
2012056725;5;2;2;1;3;750;21/12/2012
2012056726;5;2;3;1;3;750;21/12/2012
2012056727;1;2;1;1;6;750;23/12/2012
2012056728;5;2;2;1;6;750;24/12/2012
2012056729;1;2;4;1;6;750;25/12/2012
2012056730;1;2;2;1;6;750;26/12/2012
2012056731;1;2;1;1;6;750;26/12/2012
2012056732;5;2;3;1;6;750;29/12/2012
2012056733;1;2;2;1;3;750;29/12/2012
2012056734;5;2;5;1;2;750;29/12/2012
2012056735;5;2;3;1;6;750;30/12/2012
2012056736;5;2;1;2;3;750;03/01/2012
2012056737;1;2;1;2;4;750;05/01/2012
2012056738;5;2;3;2;6;750;29/12/2012
2012056739;1;2;4;1;3;750;06/01/2012
2012056740;1;2;1;1;6;750;07/01/2012
2012056741;2;2;7;1;6;750;07/01/2012
2012056742;5;2;2;1;3;750;09/01/2012
2012056743;1;2;1;1;6;750;10/01/2012
2012056744;1;2;2;1;6;750;12/01/2012
2012056745;2;2;3;1;2;750;15/01/2012
2012056746;1;2;1;1;4;750;16/01/2012
2012056747;1;2;2;1;4;750;16/01/2012
2012056748;1;2;1;1;2;750;17/01/2012
2012056749;2;2;1;1;3;750;20/01/2012
2012056750;1;2;3;2;6;750;20/01/2012
2012056751;5;2;7;1;6;750;20/01/2012
2012056752;5;2;1;2;4;750;21/01/2012
2012056753;1;2;2;1;6;750;24/01/2012
2012056754;5;2;1;1;6;750;25/01/2012
2012056755;1;2;2;1;6;750;25/01/2012
2012056756;1;2;1;9;6;750;26/01/2012
2012056757;5;2;1;1;3;750;31/01/2012
2012056758;5;2;2;1;4;750;01/02/2012
2012056759;1;2;7;1;2;750;02/02/2012
2012056760;5;2;5;1;6;750;03/02/2012
2012056761;5;2;3;1;3;750;07/02/2012
2012056762;1;2;7;1;6;750;09/02/2012
2012056763;5;2;7;1;7;750;12/02/2012
2012056764;1;2;5;1;3;750;16/02/2012
2012056765;1;2;2;2;3;750;17/02/2012
2012056766;5;2;7;2;3;750;18/02/2012
2012056767;5;2;1;2;3;750;23/02/2012
2012056768;1;2;2;1;7;750;24/02/2012
2012056769;5;2;2;1;6;750;24/02/2012
2012056770;1;2;3;1;6;750;28/02/2012
2012056771;1;2;1;1;6;750;28/02/2012
2012056772;1;2;3;1;6;750;29/02/2012
2012056773;1;2;4;1;6;750;01/03/2012
2012056774;1;2;2;1;6;750;01/03/2012
2012056775;1;2;3;1;7;750;02/03/2012
2012056776;1;2;3;1;1;750;02/03/2012
2012056777;1;2;1;1;6;750;02/03/2012
2012056778;5;2;5;2;3;750;05/03/2012
2012056779;1;2;1;2;4;750;06/03/2012
2012056780;1;2;5;1;6;750;06/03/2012
2012056781;5;2;2;2;3;750;06/03/2012
2012056782;1;2;5;1;6;750;09/03/2012
2012056783;5;2;2;1;7;750;13/03/2012
2012056784;1;2;3;1;5;750;15/03/2012
2012056785;1;2;4;1;6;750;16/03/2012
2012056786;1;2;4;1;3;750;17/03/2012
2012056787;1;2;1;1;2;750;20/03/2012
2012056788;1;2;1;1;6;750;21/03/2012
2012056789;1;2;4;1;2;750;23/03/2012
2012056790;1;2;1;1;6;750;23/03/2012
2012056791;1;2;3;1;3;750;23/03/2012
2012056792;1;2;1;1;3;750;24/03/2012
2012056793;1;2;1;1;4;750;25/03/2012
2012056794;1;2;2;1;3;750;27/03/2012
2012056795;1;2;1;1;6;750;27/03/2012
2012056796;5;2;1;1;6;750;28/03/2012
2012056797;5;2;5;1;3;750;28/03/2012
2012056798;5;2;2;1;3;750;29/03/2012
2012056799;5;2;3;1;5;750;30/03/2012
2012056800;5;2;2;1;3;750;30/03/2012
2012056801;1;2;2;1;7;750;31/03/2012
2012056802;5;2;1;1;6;750;01/04/2012
2012056803;1;2;7;1;3;750;03/04/2012
2012056804;5;2;4;1;3;750;03/04/2012
2012056805;1;2;3;1;6;750;04/04/2012
2012056806;1;2;3;1;3;750;05/04/2012
2012056807;1;2;2;1;6;750;08/04/2012
2012056808;1;2;3;1;3;750;08/04/2012
2012056809;2;2;3;2;2;750;09/04/2012
2012056810;2;2;4;2;6;750;10/04/2012
2012056811;1;2;1;8;3;750;11/04/2012
2012056812;5;2;1;1;4;750;14/04/2012
2012056813;5;2;1;1;6;750;14/04/2012
2012056814;5;2;2;1;3;750;15/04/2012
2012056815;1;2;7;1;2;750;15/04/2012
2012056816;5;2;4;1;3;750;16/04/2012
2012056817;1;2;2;1;3;750;16/04/2012
2012056818;5;2;1;1;3;750;16/04/2012
2012056819;1;2;7;3;6;750;17/04/2012
2012056820;5;2;5;1;3;750;18/04/2012
2012056821;5;2;1;1;6;750;19/04/2012
2012056822;1;2;2;2;2;750;20/04/2012
2012056823;1;2;7;1;6;750;20/04/2012
2012056824;1;2;3;8;3;750;22/04/2012
2012056825;2;2;5;1;7;750;23/04/2012
2012056826;5;2;1;1;3;750;24/04/2012
2012056827;1;2;1;1;4;750;27/04/2012
2012056828;2;2;2;2;6;750;29/04/2012
2012056829;1;2;1;1;6;750;01/05/2012
2012056830;1;2;1;1;3;750;01/05/2012
2012056831;1;2;7;1;3;750;02/05/2012
2012056832;1;2;4;1;3;750;03/05/2012
2012056833;1;2;3;8;4;750;04/05/2012
2012056834;1;2;1;2;6;750;04/05/2012
2012056835;1;2;3;1;7;750;06/05/2012
2012056836;5;2;2;1;3;750;11/05/2012
2012056837;1;2;3;1;6;750;12/05/2012
2012056838;1;2;2;1;6;750;14/05/2012
2012056839;1;2;1;2;3;750;15/05/2012
2012056840;1;2;7;1;6;750;16/05/2012
2012056841;1;2;2;1;3;750;16/05/2012
2012056842;4;2;2;1;3;750;16/05/2012
2012056843;3;2;4;3;2;750;20/05/2012
2012056844;1;2;2;3;6;750;21/05/2012
2012056845;1;2;7;2;3;750;21/05/2012
2012056846;1;2;4;3;3;750;21/05/2012
2012056847;1;2;1;1;5;750;22/05/2012
2012056848;1;2;7;1;3;750;23/05/2012
2012056849;2;2;2;1;3;750;25/05/2012
2012056850;1;2;4;1;6;750;26/05/2012
2012056851;5;2;3;1;6;750;26/05/2012
2012056852;5;2;7;1;6;750;28/05/2012
2012056853;1;2;3;1;3;750;29/05/2012
2012056854;1;2;2;1;7;750;29/05/2012
2012056855;1;2;3;1;7;750;30/05/2012
2012056856;1;2;3;1;6;750;30/05/2012
2012056857;5;2;2;1;6;750;30/05/2012
2012056858;1;2;4;1;7;750;31/05/2012
2012056859;5;2;5;2;3;750;03/06/2012
2012056860;1;2;1;8;3;750;04/06/2012
2012056861;1;2;3;2;6;750;04/06/2012
2012056862;1;2;7;1;7;750;04/06/2012
2012056863;1;2;4;1;6;750;06/06/2012
2012056864;1;2;1;1;6;750;07/06/2012
2012056865;5;2;7;1;3;750;08/06/2012
2012056866;5;2;7;2;3;750;10/06/2012
2012056867;1;2;5;1;6;750;12/06/2012
2012056868;1;2;7;1;6;750;13/06/2012
2012056869;1;2;3;2;2;750;13/06/2012
2012056870;1;2;3;2;2;750;15/06/2012
2012056871;5;2;1;3;1;750;16/06/2012
2012056872;1;2;1;1;6;750;18/06/2012
2012056873;1;2;2;1;3;750;19/06/2012
2012056874;5;2;1;1;2;750;23/06/2012
2012056875;1;2;1;1;6;750;23/06/2012
2012056876;1;2;2;2;6;750;24/06/2012
2012056877;1;2;1;1;2;750;25/06/2012
2012056878;1;2;3;1;6;750;25/06/2012
2012056879;1;2;1;1;2;750;25/06/2012
2012056880;5;2;1;2;7;750;26/06/2012
2012056881;1;2;7;2;7;750;26/06/2012
2012056882;1;2;5;1;6;750;26/06/2012
2012056883;1;2;2;2;2;750;26/06/2012
2012056884;1;2;2;1;6;750;27/06/2012
2012056885;1;2;2;1;3;750;27/06/2012
2012056886;1;2;3;1;1;750;30/06/2012
2012056887;1;2;7;1;3;750;01/07/2012
2012056888;1;2;3;1;6;750;04/07/2012
2012056889;1;2;2;3;3;750;05/07/2012
2012056890;1;2;1;1;6;750;06/07/2012
2012056891;1;2;1;1;6;750;06/07/2012
2012056892;1;2;2;1;3;750;09/07/2012
2012056893;1;2;2;1;3;750;11/07/2012
2012056894;1;2;5;1;7;750;11/07/2012
2012056895;1;2;5;2;4;750;13/07/2012
2012056896;5;2;1;3;6;750;14/07/2012
2012056897;5;2;2;3;3;750;14/07/2012
2012056898;1;2;1;1;1;750;15/07/2012
2012056899;1;2;2;1;3;750;18/07/2012
2012056900;1;2;1;1;3;750;18/07/2012
2012056901;2;2;4;1;3;750;20/07/2012
2012056902;1;2;2;1;2;750;23/07/2012
2012056903;1;2;1;1;4;750;23/07/2012
2012056904;5;2;2;1;6;750;22/07/2012
2012056905;1;2;3;1;3;750;24/07/2012
2012056906;1;2;4;1;3;750;25/07/2012
2012056907;1;2;2;1;3;750;26/07/2012
2012056908;1;2;3;1;3;750;29/07/2012
2012056909;1;2;2;1;6;750;30/07/2012
2012056910;5;2;3;1;3;750;02/08/2012
2012056911;1;2;5;1;3;750;05/08/2012
2012056912;1;2;5;1;3;750;06/08/2012
2012056913;1;2;4;1;6;750;06/08/2012
2012056914;1;2;2;1;3;750;15/08/2012
2012056915;5;2;2;1;6;750;17/08/2012
2012056916;1;2;5;7;3;750;17/08/2012
2012056917;1;2;3;1;7;750;17/08/2012
2012056918;5;2;1;1;6;750;20/08/2012
2012056919;1;2;2;7;3;750;20/08/2012
2012056920;1;2;1;1;6;750;23/08/2012
2012056921;1;2;1;1;3;750;23/08/2012
2012056922;1;2;3;2;7;750;24/08/2012
2012056923;1;2;2;1;3;750;25/08/2012
2012056924;1;2;7;1;6;750;27/08/2012
2012056925;1;2;1;1;2;750;28/08/2012
2012056926;1;2;2;1;6;750;28/08/2012
2012056927;1;2;2;1;1;750;31/08/2012
2012056928;1;2;1;1;6;750;01/09/2012
2012056929;1;2;1;1;6;750;01/09/2012
2012056930;1;2;1;1;2;750;01/09/2012
2012056931;1;2;4;1;6;750;03/09/2012
2012056932;1;2;4;1;2;750;04/09/2012
2012056933;1;2;3;1;6;750;05/09/2012
2012056934;5;2;3;1;7;750;08/09/2012
2012056935;5;2;1;1;4;750;08/09/2012
2012056936;5;2;1;1;6;750;09/09/2012
2012056937;1;2;2;1;1;750;10/09/2012
2012056938;1;2;2;1;6;750;10/09/2012
2012056939;1;2;2;1;6;750;10/09/2012
2012056940;1;2;7;1;6;750;17/09/2012
2012056941;1;2;1;1;3;750;18/09/2012
2012056942;1;2;3;1;2;750;19/09/2012
2012056943;1;2;3;1;3;750;22/09/2012
2012056944;1;2;1;8;6;750;22/09/2012
2012056945;1;2;5;8;3;750;26/09/2012
2012056946;1;2;4;2;6;750;27/09/2012
2012056947;5;2;1;1;7;750;27/09/2012
2012056948;1;2;5;1;6;750;29/09/2012
2012056949;1;2;1;1;6;750;30/09/2012
2012056950;5;2;2;1;3;750;30/09/2012
2012056951;1;2;2;1;6;750;01/10/2012
2012056952;1;2;3;2;7;750;03/10/2012
2012056953;3;2;3;2;6;750;03/10/2012
2012056954;1;2;5;1;6;750;05/10/2012
2012056955;2;2;1;1;6;750;05/10/2012
2012056956;5;2;2;1;3;750;07/10/2012
2012056957;3;2;1;2;3;750;08/10/2012
2012056958;5;2;2;2;6;750;08/10/2012
2012056959;1;2;5;2;6;750;09/10/2012
2012056960;5;2;4;2;3;750;10/10/2012
2012056961;1;2;3;2;6;750;10/10/2012
2012056962;5;2;1;2;7;750;10/10/2012
2012056963;1;2;1;8;3;750;10/10/2012
2012056964;1;2;7;1;3;750;11/10/2012
2012056965;1;2;2;1;6;750;11/10/2012
2012056966;5;2;2;3;6;750;11/10/2012
2012056967;1;2;1;1;2;750;12/10/2012
2012056968;1;2;1;1;2;750;12/10/2012
2012056969;1;2;4;8;6;750;17/10/2012
2012056970;5;2;3;2;2;750;18/10/2012
2012056971;5;2;4;2;2;750;18/10/2012
2012056972;1;2;2;8;1;750;19/10/2012
2012056973;5;2;2;2;6;750;20/10/2012
2012056974;1;2;5;1;3;750;22/10/2012
2012056975;1;2;4;1;6;750;22/10/2012
2012056976;1;2;3;1;3;750;23/10/2012
2012056977;2;2;5;1;6;750;24/10/2012
2012056978;5;2;1;1;2;750;24/10/2012
2012056979;1;2;1;1;3;750;25/10/2012
2012056980;1;2;5;1;6;750;26/10/2012
2012056981;1;2;5;1;3;750;27/10/2012
2012056982;5;2;1;1;6;750;27/10/2012
2012056983;5;2;1;1;6;750;29/10/2012
2012056984;1;2;2;1;6;750;30/10/2012
2012056985;2;2;3;2;6;750;30/10/2012
2012056986;5;2;2;1;2;750;30/10/2012
2012056987;2;2;2;1;6;750;31/10/2012
2012056988;5;2;1;2;6;750;01/11/2012
2012056989;5;2;1;2;3;750;01/11/2012
2012056990;1;2;2;1;6;750;02/11/2012
2012056991;1;2;1;1;6;750;06/11/2012
2012056992;5;2;4;1;2;750;09/11/2012
2012056993;5;2;3;1;2;750;12/11/2012
2012056994;1;2;1;1;3;750;14/11/2012
2012056995;5;2;1;1;6;750;14/11/2012
2012056996;1;2;4;2;3;750;18/11/2012
2012056997;2;2;2;1;6;750;19/11/2012
2012056998;1;2;4;1;6;750;19/11/2012
2012056999;1;2;1;1;3;750;20/11/2012
2012057000;2;2;2;2;7;750;17/11/2012
2012057001;1;2;3;2;6;750;23/11/2012
2012057002;1;2;3;2;2;750;23/11/2012
2012057003;1;2;1;2;2;750;24/11/2012
2012057004;1;2;3;1;6;750;26/11/2012
2012057005;5;2;4;2;7;750;27/11/2012
2012057006;2;2;7;2;6;750;29/11/2012
2012057007;1;2;5;1;7;750;29/11/2012
2012057008;5;2;1;1;2;750;30/11/2012
2012057009;5;2;1;1;6;750;05/12/2012
2012057010;5;2;1;1;6;750;05/12/2012
2012057011;1;2;1;1;3;750;06/12/2012
2012057012;1;2;1;1;3;750;06/12/2012
2012057013;5;2;3;8;6;750;06/12/2012
2012057014;1;2;2;2;6;750;07/12/2012
2012057015;1;2;2;1;6;750;08/12/2012
2012057016;1;2;5;1;3;750;10/12/2012
2012057017;5;2;3;8;6;750;10/12/2012
2012057018;5;2;1;1;3;750;12/12/2012
2012057019;5;2;1;1;6;750;14/12/2012
2012057020;5;2;2;3;6;750;15/12/2012
2012057021;5;2;5;2;3;750;16/12/2012
2012057022;1;2;1;1;6;750;17/12/2012