num_acc;lum;agg;inter;atm;col;dep;date
2012057604;1;2;7;1;3;750;19/06/2012
2012057605;2;2;2;2;2;750;19/06/2012
2012057606;1;2;2;1;7;750;19/06/2012
2012057607;1;2;2;1;6;750;20/06/2012
2012057608;1;2;2;1;7;750;21/06/2012
2012057609;1;2;2;1;5;750;21/06/2012
2012057610;1;2;1;1;4;750;22/06/2012
2012057611;5;2;7;1;6;750;22/06/2012
2012057612;1;2;2;1;6;750;23/06/2012
2012057613;5;2;2;1;3;750;23/06/2012
2012057614;1;2;1;2;2;750;24/06/2012
2012057615;1;2;2;2;5;750;24/06/2012
2012057616;5;2;1;1;2;750;24/06/2012
2012057617;1;2;2;1;6;750;25/06/2012
2012057618;1;2;7;1;6;750;25/06/2012
2012057619;1;2;1;1;2;750;26/06/2012
2012057620;1;2;1;1;2;750;26/06/2012
2012057621;1;2;2;1;6;750;27/06/2012
2012057622;2;2;2;1;2;750;27/06/2012
2012057623;1;2;4;1;2;750;28/06/2012
2012057624;5;2;1;1;6;750;29/06/2012
2012057625;1;2;2;8;1;750;29/06/2012
2012057626;1;2;1;1;6;750;29/06/2012
2012057627;2;2;1;1;3;750;29/06/2012
2012057628;5;2;3;1;6;750;30/06/2012
2012057629;5;2;3;1;6;750;30/06/2012
2012057630;1;2;3;1;3;750;01/07/2012
2012057631;1;2;1;1;3;750;03/07/2012
2012057632;1;2;1;1;6;750;03/07/2012
2012057633;1;2;1;1;2;750;03/07/2012
2012057634;5;2;2;1;3;750;04/07/2012
2012057635;1;2;7;1;3;750;04/07/2012
2012057636;1;2;1;1;4;750;04/07/2012
2012057637;1;2;7;1;3;750;04/07/2012
2012057638;1;2;1;2;3;750;05/07/2012
2012057639;1;2;1;1;6;750;06/07/2012
2012057640;1;2;1;3;7;750;06/07/2012
2012057641;1;2;2;1;2;750;06/07/2012
2012057642;1;2;4;1;7;750;06/07/2012
2012057643;5;2;2;2;7;750;07/07/2012
2012057644;5;2;7;2;3;750;07/07/2012
2012057645;5;2;1;3;7;750;08/07/2012
2012057646;1;2;2;1;3;750;09/07/2012
2012057647;1;2;4;1;3;750;10/07/2012
2012057648;1;2;2;1;3;750;11/07/2012
2012057649;1;2;7;1;3;750;11/07/2012
2012057650;1;2;1;1;7;750;11/07/2012
2012057651;1;2;1;8;7;750;12/07/2012
2012057652;1;2;1;8;7;750;12/07/2012
2012057653;1;2;4;2;7;750;13/07/2012
2012057654;1;2;3;2;2;750;13/07/2012
2012057655;1;2;7;1;6;750;13/07/2012
2012057656;1;2;2;3;3;750;13/07/2012
2012057657;5;2;5;2;3;750;13/07/2012
2012057658;5;2;2;6;3;750;14/07/2012
2012057659;1;2;7;1;3;750;16/07/2012
2012057660;1;2;1;1;7;750;16/07/2012
2012057661;1;2;7;1;6;750;16/07/2012
2012057662;1;2;1;1;6;750;16/07/2012
2012057663;1;2;2;1;2;750;17/07/2012
2012057664;1;2;2;1;3;750;19/07/2012
2012057665;1;2;2;8;6;750;19/07/2012
2012057666;4;2;4;1;7;750;19/07/2012
2012057667;2;2;1;1;6;750;20/07/2012
2012057668;1;2;2;1;3;750;20/07/2012
2012057669;1;2;2;1;3;750;23/07/2012
2012057670;5;2;1;1;6;750;24/07/2012
2012057671;1;2;7;1;3;750;25/07/2012
2012057672;1;2;4;1;3;750;26/07/2012
2012057673;1;2;1;1;3;750;26/07/2012
2012057674;1;2;1;1;6;750;27/07/2012
2012057675;1;2;7;1;6;750;29/07/2012
2012057676;1;2;2;1;3;750;30/07/2012
2012057677;5;2;1;1;6;750;01/08/2012
2012057678;1;2;7;1;3;750;31/07/2012
2012057679;1;2;1;1;6;750;02/08/2012
2012057680;1;2;1;1;6;750;03/08/2012
2012057681;1;2;1;1;6;750;04/08/2012
2012057682;1;2;2;1;6;750;02/08/2012
2012057683;1;2;4;1;3;750;31/07/2012
2012057684;1;2;1;1;6;750;07/08/2012
2012057685;1;2;1;1;2;750;07/08/2012
2012057686;1;2;4;1;2;750;09/08/2012
2012057687;1;2;2;1;3;750;09/08/2012
2012057688;1;2;2;1;3;750;11/08/2012
2012057689;4;2;1;1;3;750;12/08/2012
2012057690;1;2;1;1;3;750;12/08/2012
2012057691;1;2;7;1;3;750;13/08/2012
2012057692;2;2;4;1;3;750;16/08/2012
2012057693;5;2;2;1;6;750;16/08/2012
2012057694;5;2;7;1;7;750;17/08/2012
2012057695;5;2;1;1;5;750;19/08/2012
2012057696;1;2;1;1;2;750;20/08/2012
2012057697;5;2;1;1;3;750;22/08/2012
2012057698;1;2;1;1;2;750;24/08/2012
2012057699;1;2;4;1;6;750;25/08/2012
2012057700;1;2;2;1;3;750;27/08/2012
2012057701;1;2;7;8;6;750;28/08/2012
2012057702;1;2;1;1;6;750;28/08/2012
2012057703;5;2;3;1;6;750;28/08/2012
2012057704;1;2;1;1;2;750;30/08/2012
2012057705;5;2;1;1;2;750;30/08/2012
2012057706;5;2;1;1;2;750;31/08/2012
2012057707;1;2;3;1;2;750;31/08/2012
2012057708;1;2;2;1;3;750;31/08/2012
2012057709;1;2;1;1;6;750;01/09/2012
2012057710;1;2;4;1;3;750;01/09/2012
2012057711;5;2;7;1;3;750;02/09/2012
2012057712;1;2;1;8;6;750;03/09/2012
2012057713;1;2;1;8;4;750;03/09/2012
2012057714;1;2;1;1;3;750;03/09/2012
2012057715;5;2;1;1;3;750;04/09/2012
2012057716;1;2;7;1;6;750;05/09/2012
2012057717;1;2;2;8;2;750;05/09/2012
2012057718;2;2;3;1;6;750;06/09/2012
2012057719;5;2;7;1;3;750;06/09/2012
2012057720;1;2;1;1;3;750;09/09/2012
2012057721;1;2;2;1;3;750;09/09/2012
2012057722;5;2;5;1;1;750;09/09/2012
2012057723;1;2;2;1;2;750;10/09/2012
2012057724;1;2;5;1;6;750;10/09/2012
2012057725;1;2;2;2;7;750;11/09/2012
2012057726;1;2;1;1;3;750;11/09/2012
2012057727;1;2;7;2;7;750;12/09/2012
2012057728;1;2;2;8;6;750;12/09/2012
2012057729;1;2;5;1;6;750;12/09/2012
2012057730;1;2;7;1;5;750;12/09/2012
2012057731;5;2;2;2;6;750;13/09/2012
2012057732;1;2;1;1;6;750;14/09/2012
2012057733;1;2;1;1;1;750;14/09/2012
2012057734;5;2;2;1;1;750;14/09/2012
2012057735;1;2;1;2;3;750;18/09/2012
2012057736;1;2;3;1;1;750;18/09/2012
2012057737;5;2;2;1;6;750;19/09/2012
2012057738;1;2;2;1;6;750;19/09/2012
2012057739;5;2;1;1;3;750;18/09/2012
2012057740;1;2;7;1;3;750;19/09/2012
2012057741;1;2;1;1;2;750;20/09/2012
2012057742;1;2;4;1;3;750;21/09/2012
2012057743;1;2;1;2;3;750;21/09/2012
2012057744;1;2;1;1;3;750;22/09/2012
2012057745;1;2;7;1;6;750;23/09/2012
2012057746;1;2;7;1;3;750;19/09/2012
2012057747;1;2;1;8;1;750;24/09/2012
2012057748;1;2;3;1;2;750;24/09/2012
2012057749;1;2;4;1;3;750;26/09/2012
2012057750;5;2;7;3;3;750;26/09/2012
2012057751;5;2;7;2;3;750;27/09/2012
2012057752;1;2;1;1;3;750;27/09/2012
2012057753;2;2;1;1;2;750;27/09/2012
2012057754;5;2;5;1;1;750;28/09/2012
2012057755;1;2;2;1;7;750;28/09/2012
2012057756;1;2;5;1;1;750;01/10/2012
2012057757;1;2;1;1;2;750;01/10/2012
2012057758;1;2;1;1;6;750;01/10/2012
2012057759;5;2;1;2;2;750;02/10/2012
2012057760;2;2;3;2;3;750;02/10/2012
2012057761;1;2;1;1;3;750;02/10/2012
2012057762;1;2;3;1;6;750;02/10/2012
2012057763;1;2;1;1;3;750;02/10/2012
2012057764;2;2;1;2;6;750;03/10/2012
2012057765;5;2;3;2;1;750;03/10/2012
2012057766;5;2;1;3;3;750;03/10/2012
2012057767;1;2;1;1;3;750;04/10/2012
2012057768;1;2;5;1;6;750;05/10/2012
2012057769;5;2;3;1;6;750;05/10/2012
2012057770;2;2;7;1;7;750;05/10/2012
2012057771;5;2;2;1;6;750;06/10/2012
2012057772;5;2;7;1;6;750;06/10/2012
2012057773;1;2;2;2;4;750;06/10/2012
2012057774;5;2;1;2;6;750;07/10/2012
2012057775;1;2;1;1;3;750;07/10/2012
2012057776;1;2;3;3;7;750;08/10/2012
2012057777;1;2;3;2;6;750;08/10/2012
2012057778;5;2;7;2;7;750;08/10/2012
2012057779;5;2;3;8;6;750;09/10/2012
2012057780;1;2;1;2;3;750;10/10/2012
2012057781;1;2;1;1;6;750;11/10/2012
2012057782;2;2;7;1;3;750;11/10/2012
2012057783;5;2;3;3;2;750;11/10/2012
2012057784;5;2;5;3;6;750;11/10/2012
2012057785;1;2;1;1;6;750;13/10/2012
2012057786;5;2;2;1;6;750;14/10/2012
2012057787;1;2;2;2;2;750;14/10/2012
2012057788;1;2;2;1;3;750;15/10/2012
2012057789;5;2;3;1;6;750;15/10/2012
2012057790;1;2;5;1;3;750;16/10/2012
2012057791;5;2;7;2;6;750;17/10/2012
2012057792;1;2;3;1;3;750;17/10/2012
2012057793;1;2;2;3;6;750;18/10/2012
2012057794;1;2;2;8;7;750;20/10/2012
2012057795;1;2;2;2;2;750;20/10/2012
2012057796;4;2;2;2;6;750;20/10/2012
2012057797;5;2;1;2;6;750;21/10/2012
2012057798;1;2;1;1;6;750;22/10/2012
2012057799;1;2;3;1;3;750;22/10/2012
2012057800;5;2;2;1;3;750;23/10/2012
2012057801;1;2;1;8;2;750;23/10/2012
2012057802;1;2;2;1;6;750;23/10/2012
2012057803;1;2;1;1;3;750;23/10/2012
2012057804;1;2;5;1;6;750;24/10/2012
2012057805;5;2;7;1;3;750;24/10/2012
2012057806;1;2;2;8;6;750;26/10/2012
2012057807;5;2;1;1;7;750;27/10/2012
2012057808;5;2;2;1;3;750;28/10/2012
2012057809;1;2;1;1;3;750;29/10/2012
2012057810;1;2;1;1;2;750;31/10/2012
2012057811;1;2;1;1;1;750;01/11/2012
2012057812;1;2;7;2;3;750;02/11/2012
2012057813;1;2;2;3;2;750;02/11/2012
2012057814;5;2;1;1;6;750;02/11/2012
2012057815;5;2;2;3;1;750;03/11/2012
2012057816;1;2;5;1;3;750;03/11/2012
2012057817;5;2;7;2;3;750;05/11/2012
2012057818;1;2;3;1;3;750;06/11/2012
2012057819;5;2;2;1;6;750;06/11/2012
2012057820;1;2;7;1;3;750;07/11/2012
2012057821;1;2;2;1;6;750;07/11/2012
2012057822;1;2;1;1;3;750;08/11/2012
2012057823;1;2;3;1;3;750;08/11/2012
2012057824;1;2;1;1;3;750;09/11/2012
2012057825;1;2;3;1;3;750;09/11/2012
2012057826;5;2;3;2;6;750;09/11/2012
2012057827;5;2;1;2;2;750;09/11/2012
2012057828;1;2;7;1;3;750;12/11/2012
2012057829;1;2;3;1;3;750;15/11/2012
2012057830;5;2;2;1;3;750;15/11/2012
2012057831;1;2;1;1;6;750;16/11/2012
2012057832;5;2;4;1;7;750;16/11/2012
2012057833;5;2;2;1;3;750;16/11/2012
2012057834;4;2;2;1;6;750;17/11/2012
2012057835;1;2;7;1;3;750;19/11/2012
2012057836;3;2;3;1;6;750;20/11/2012
2012057837;1;2;7;1;6;750;20/11/2012
2012057838;1;2;1;2;4;750;21/11/2012
2012057839;5;2;1;8;2;750;21/11/2012
2012057840;1;2;1;1;3;750;22/11/2012
2012057841;1;2;1;1;6;750;22/11/2012
2012057842;5;2;7;1;7;750;22/11/2012
2012057843;5;2;2;1;1;750;22/11/2012
2012057844;1;2;3;1;6;750;23/11/2012
2012057845;1;2;7;2;7;750;23/11/2012
2012057846;5;2;7;2;2;750;23/11/2012
2012057847;1;2;1;1;6;750;26/11/2012
2012057848;1;2;3;1;3;750;27/11/2012
2012057849;1;2;7;8;3;750;27/11/2012
2012057850;5;2;3;1;6;750;28/11/2012
2012057851;5;2;7;1;2;750;28/11/2012
2012057852;1;2;2;1;3;750;29/11/2012
2012057853;5;2;1;1;3;750;29/11/2012
2012057854;5;2;2;1;6;750;30/11/2012
2012057855;5;2;2;1;2;750;30/11/2012
2012057856;5;2;2;1;6;750;01/12/2012
2012057857;1;2;1;1;6;750;01/12/2012
2012057858;1;2;1;1;3;750;01/12/2012
2012057859;1;2;7;1;3;750;02/12/2012
2012057860;5;2;1;1;6;750;03/12/2012
2012057861;1;2;1;2;1;750;05/12/2012
2012057862;5;2;7;2;3;750;05/12/2012
2012057863;5;2;1;2;3;750;05/12/2012
2012057864;5;2;1;2;6;750;05/12/2012
2012057865;2;2;1;1;6;750;05/12/2012
2012057866;5;2;3;8;6;750;06/12/2012
2012057867;5;2;1;1;3;750;06/12/2012
2012057868;5;2;1;1;3;750;02/12/2012
2012057869;5;2;5;8;6;750;06/12/2012
2012057870;5;2;5;2;3;750;07/12/2012
2012057871;5;2;1;2;6;750;07/12/2012
2012057872;5;2;2;1;6;750;10/12/2012
2012057873;5;2;1;1;6;750;11/12/2012
2012057874;5;2;2;1;3;750;11/12/2012
2012057875;2;2;1;9;7;750;12/12/2012
2012057876;1;2;1;1;7;750;12/12/2012
2012057877;1;2;5;7;2;750;12/12/2012
2012057878;1;2;7;1;4;750;12/12/2012
2012057879;5;2;1;1;3;750;12/12/2012
2012057880;2;2;1;1;3;750;13/12/2012
2012057881;1;2;3;1;3;750;13/12/2012
2012057882;1;2;1;1;4;750;13/12/2012
2012057883;5;2;2;1;6;750;13/12/2012
2012057884;5;2;2;1;7;750;14/12/2012
2012057885;1;2;1;2;6;750;14/12/2012
2012057886;1;2;2;2;6;750;14/12/2012
2012057887;5;2;5;3;3;750;15/12/2012
2012057888;1;2;3;1;6;750;15/12/2012
2012057889;1;2;3;1;3;750;17/12/2012
2012057890;5;2;1;2;6;750;17/12/2012
2012057891;1;2;1;8;6;750;18/12/2012
2012057892;1;2;1;2;6;750;19/12/2012
2012057893;5;2;1;2;6;750;19/12/2012
2012057894;1;2;1;2;7;750;20/12/2012
2012057895;5;2;1;2;2;750;20/12/2012
2012057896;5;2;1;2;2;750;20/12/2012
2012057897;5;2;3;9;6;750;21/12/2012
2012057898;1;2;2;1;3;750;21/12/2012
2012057899;5;2;2;1;6;750;21/12/2012
2012057900;5;2;7;2;3;750;27/12/2012
2012057901;5;2;2;3;3;750;27/12/2012
2012057902;1;2;1;1;6;750;29/12/2012
2012057903;1;2;1;1;3;750;30/12/2012
2012057904;1;2;2;1;3;750;31/12/2012
2012057905;5;2;2;1;6;750;31/12/2012
2012057906;5;2;7;2;6;750;01/01/2012
2012057907;5;2;3;2;6;750;01/01/2012
2012057908;5;2;1;2;2;750;02/01/2012
2012057909;2;2;1;6;3;750;03/01/2012
2012057910;5;2;2;1;6;750;04/01/2012
2012057911;5;2;2;8;5;750;04/01/2012
2012057912;2;2;1;2;3;750;05/01/2012
2012057913;1;2;1;1;6;750;06/01/2012
2012057914;5;2;1;1;3;750;06/01/2012
2012057915;5;2;2;1;6;750;07/01/2012
2012057916;5;2;3;1;6;750;09/01/2012
2012057917;5;2;3;1;2;750;10/01/2012
2012057918;1;2;1;1;3;750;10/01/2012
2012057919;5;2;1;1;3;750;10/01/2012
2012057920;1;2;3;1;3;750;11/01/2012
2012057921;1;2;7;1;2;750;12/01/2012
2012057922;1;2;5;1;2;750;12/01/2012
2012057923;1;2;1;1;6;750;12/01/2012
2012057924;5;2;1;1;7;750;13/01/2012
2012057925;5;2;7;1;7;750;13/01/2012
2012057926;1;2;2;1;6;750;14/01/2012
2012057927;1;2;1;1;2;750;15/01/2012
2012057928;5;2;7;1;1;750;14/01/2012
2012057929;1;2;3;7;6;750;16/01/2012
2012057930;5;2;5;1;7;750;16/01/2012
2012057931;5;2;2;1;2;750;16/01/2012
2012057932;1;2;1;1;3;750;18/01/2012
2012057933;2;2;2;8;3;750;19/01/2012
2012057934;1;2;2;1;3;750;19/01/2012
2012057935;5;2;1;2;6;750;19/01/2012
2012057936;1;2;2;8;3;750;20/01/2012
2012057937;1;2;2;1;6;750;23/01/2012
2012057938;1;2;5;2;6;750;23/01/2012
2012057939;5;2;2;2;6;750;25/01/2012
2012057940;1;2;4;1;2;750;26/01/2012
2012057941;1;2;1;1;6;750;26/01/2012
2012057942;1;2;2;1;6;750;27/01/2012
2012057943;5;2;1;2;2;750;28/01/2012
2012057944;1;2;5;1;6;750;28/01/2012
2012057945;5;2;2;1;6;750;29/01/2012
2012057946;1;2;2;1;2;750;30/01/2012
2012057947;1;2;5;8;3;750;31/01/2012
2012057948;1;2;1;1;2;750;01/02/2012
2012057949;5;2;3;1;6;750;01/02/2012
2012057950;5;2;1;1;6;750;01/02/2012
2012057951;1;2;3;1;6;750;02/02/2012
2012057952;5;2;2;1;7;750;02/02/2012
2012057953;5;2;2;9;3;750;02/02/2012
2012057954;1;2;2;4;6;750;05/02/2012
2012057955;5;2;3;1;6;750;09/02/2012
2012057956;1;2;1;1;6;750;03/02/2012
2012057957;1;2;3;1;6;750;10/02/2012
2012057958;5;2;1;1;3;750;10/02/2012
2012057959;5;2;5;1;3;750;11/02/2012
2012057960;1;2;2;1;7;750;11/02/2012
2012057961;5;2;5;1;6;750;11/02/2012
2012057962;5;2;5;1;6;750;10/02/2012
2012057963;1;2;1;8;7;750;13/02/2012
2012057964;5;2;3;2;6;750;13/02/2012
2012057965;1;2;3;1;3;750;14/02/2012
2012057966;1;2;2;1;7;750;15/02/2012
2012057967;3;2;2;1;6;750;17/02/2012
2012057968;5;2;7;2;6;750;17/02/2012
2012057969;1;2;5;1;3;750;18/02/2012
2012057970;5;2;5;2;2;750;19/02/2012
2012057971;1;2;1;1;6;750;20/02/2012
2012057972;1;2;2;1;7;750;22/02/2012
2012057973;1;2;1;1;6;750;22/02/2012
2012057974;1;2;5;8;3;750;23/02/2012
2012057975;1;2;1;1;7;750;24/02/2012
2012057976;5;2;2;1;3;750;25/02/2012
2012057977;4;2;1;1;6;750;26/02/2012
2012057978;2;2;7;1;3;750;28/02/2012
2012057979;1;2;2;8;4;750;28/02/2012
2012057980;5;2;1;1;3;750;28/02/2012
2012057981;1;2;7;1;6;750;01/03/2012
2012057982;5;2;1;1;3;750;01/03/2012
2012057983;1;2;2;1;6;750;02/03/2012
2012057984;1;2;1;1;2;750;02/03/2012
2012057985;1;2;7;1;1;750;03/03/2012
2012057986;1;2;2;1;6;750;05/03/2012
2012057987;1;2;2;2;7;750;06/03/2012
2012057988;1;2;5;8;3;750;06/03/2012
2012057989;1;2;2;1;3;750;08/03/2012
2012057990;1;2;4;1;2;750;08/03/2012
2012057991;5;2;7;1;7;750;09/03/2012
2012057992;5;2;3;1;7;750;10/03/2012
2012057993;1;2;1;8;6;750;10/03/2012
2012057994;5;2;5;1;7;750;11/03/2012
2012057995;5;2;5;1;6;750;12/03/2012
2012057996;5;2;3;1;3;750;13/03/2012
2012057997;1;2;5;1;3;750;14/03/2012
2012057998;1;2;1;1;6;750;14/03/2012
2012057999;5;2;7;1;6;750;15/03/2012
2012058000;1;2;5;1;3;750;16/03/2012
2012058001;5;2;3;1;3;750;16/03/2012
2012058002;1;2;1;8;3;750;17/03/2012
2012058003;1;2;7;8;3;750;17/03/2012
2012058004;1;2;2;2;2;750;18/03/2012
2012058005;1;2;5;1;1;750;20/03/2012
2012058006;1;2;5;1;1;750;22/03/2012
2012058007;5;2;3;1;6;750;22/03/2012
2012058008;1;2;2;1;3;750;24/03/2012
2012058009;5;2;5;1;3;750;26/03/2012
2012058010;1;2;1;1;3;750;26/03/2012
2012058011;1;2;5;1;7;750;26/03/2012
2012058012;1;2;7;1;3;750;26/03/2012
2012058013;5;2;5;1;6;750;26/03/2012
2012058014;1;2;2;1;6;750;28/03/2012
2012058015;1;2;3;1;3;750;28/03/2012
2012058016;1;2;2;1;6;750;29/03/2012
2012058017;1;2;4;1;2;750;29/03/2012
2012058018;5;2;7;1;3;750;29/03/2012
2012058019;5;2;7;1;6;750;30/03/2012
2012058020;1;2;2;1;2;750;30/03/2012
2012058021;1;2;1;1;1;750;31/03/2012
2012058022;1;2;4;1;3;750;31/03/2012
2012058023;5;2;1;1;3;750;31/03/2012
2012058024;1;2;7;1;3;750;01/04/2012
2012058025;1;2;1;1;2;750;01/04/2012
2012058026;1;2;2;1;6;750;02/04/2012
2012058027;1;2;1;1;3;750;02/04/2012
2012058028;1;2;4;1;3;750;02/04/2012
2012058029;1;2;4;1;6;750;05/04/2012
2012058030;1;2;2;1;7;750;05/04/2012
2012058031;1;2;2;8;3;750;06/04/2012
2012058032;1;2;5;1;3;750;06/04/2012
2012058033;5;2;3;3;6;750;09/04/2012
2012058034;1;2;1;1;3;750;11/04/2012
2012058035;1;2;1;1;6;750;12/04/2012
2012058036;5;2;1;1;1;750;14/04/2012
2012058037;1;2;1;1;6;750;18/04/2012
2012058038;1;2;3;2;7;750;17/04/2012
2012058039;1;2;3;1;6;750;19/04/2012
2012058040;5;2;3;1;3;750;19/04/2012
2012058041;1;2;2;8;3;750;20/04/2012
2012058042;1;2;4;8;3;750;20/04/2012
2012058043;1;2;4;1;3;750;20/04/2012
2012058044;1;2;2;1;2;750;20/04/2012
2012058045;5;2;3;1;6;750;18/04/2012
2012058046;1;2;1;1;3;750;22/04/2012
2012058047;1;2;7;1;6;750;23/04/2012
2012058048;5;2;1;2;6;750;24/04/2012
2012058049;1;2;1;3;7;750;24/04/2012
2012058050;1;2;2;2;3;750;25/04/2012
2012058051;1;2;7;2;2;750;25/04/2012
2012058052;1;2;1;1;6;750;26/04/2012
2012058053;1;2;1;1;6;750;26/04/2012
2012058054;5;2;2;1;6;750;27/04/2012
2012058055;1;2;7;2;3;750;27/04/2012
2012058056;2;2;2;1;3;750;27/04/2012
2012058057;5;2;1;2;7;750;28/04/2012
2012058058;1;2;1;3;6;750;29/04/2012
2012058059;1;2;5;1;6;750;30/04/2012
2012058060;1;2;1;1;6;750;30/04/2012
2012058061;1;2;1;1;3;750;30/04/2012
2012058062;1;2;4;1;3;750;01/05/2012
2012058063;1;2;5;1;6;750;03/05/2012
2012058064;1;2;2;1;6;750;03/05/2012
2012058065;1;2;5;1;3;750;04/05/2012
2012058066;5;2;5;2;6;750;05/05/2012
2012058067;1;2;2;1;6;750;06/05/2012
2012058068;1;2;1;1;7;750;07/05/2012
2012058069;1;2;5;1;3;750;07/05/2012
2012058070;1;2;2;1;3;750;08/05/2012
2012058071;5;2;1;1;3;750;09/05/2012
2012058072;1;2;1;1;3;750;10/05/2012
2012058073;5;2;4;1;4;750;12/05/2012
2012058074;1;2;3;1;3;750;13/05/2012
2012058075;1;2;1;1;6;750;14/05/2012
2012058076;5;2;1;1;6;750;15/05/2012
2012058077;1;2;1;1;6;750;15/05/2012
2012058078;2;2;2;1;7;750;15/05/2012
2012058079;5;2;1;1;3;750;15/05/2012
2012058080;1;2;7;1;3;750;16/05/2012
2012058081;2;2;3;1;7;750;16/05/2012
2012058082;1;2;7;2;3;750;20/05/2012
2012058083;1;2;1;1;7;750;22/05/2012
2012058084;1;2;2;1;6;750;23/05/2012
2012058085;1;2;5;1;6;750;23/05/2012
2012058086;1;2;4;1;6;750;23/05/2012
2012058087;1;2;2;1;3;750;25/05/2012
2012058088;1;2;3;1;3;750;28/05/2012
2012058089;1;2;2;1;3;750;28/05/2012
2012058090;1;2;4;1;6;750;29/05/2012
2012058091;1;2;1;1;6;750;30/05/2012
2012058092;1;2;1;2;3;750;30/05/2012
2012058093;1;2;2;1;6;750;31/05/2012
2012058094;1;2;7;1;3;750;31/05/2012
2012058095;1;2;2;1;3;750;01/06/2012
2012058096;1;2;3;1;3;750;01/06/2012
2012058097;1;2;1;1;6;750;01/06/2012
2012058098;1;2;1;1;6;750;01/06/2012
2012058099;5;2;1;1;2;750;02/06/2012
2012058100;1;2;1;1;7;750;01/06/2012
2012058101;1;2;7;1;1;750;02/06/2012
2012058102;1;2;4;1;7;750;03/06/2012
2012058103;5;2;7;1;3;750;05/06/2012
2012058104;1;2;3;1;6;750;06/06/2012
2012058105;1;2;3;2;5;750;06/06/2012
2012058106;1;2;1;1;7;750;07/06/2012
2012058107;1;2;2;1;6;750;07/06/2012
2012058108;1;2;1;1;6;750;08/06/2012
2012058109;5;2;7;1;3;750;08/06/2012
2012058110;1;2;5;2;7;750;09/06/2012
2012058111;1;2;2;1;3;750;10/06/2012
2012058112;1;2;2;1;7;750;12/06/2012
2012058113;1;2;3;1;3;750;12/06/2012
2012058114;1;2;2;1;6;750;12/06/2012
2012058115;1;2;1;3;7;750;13/06/2012
2012058116;1;2;7;2;7;750;13/06/2012
2012058117;1;2;1;2;7;750;15/06/2012
2012058118;1;2;1;2;7;750;16/06/2012
2012058119;5;2;2;1;3;750;16/06/2012
2012058120;1;2;2;8;1;750;18/06/2012
2012058121;1;2;1;1;2;750;18/06/2012
2012058122;5;2;4;1;6;750;19/06/2012
2012058123;1;2;7;1;2;750;19/06/2012
2012058124;1;2;1;1;2;750;20/06/2012
2012058125;1;2;5;3;7;750;21/06/2012
2012058126;1;2;1;8;7;750;21/06/2012
2012058127;1;2;7;1;3;750;21/06/2012
2012058128;1;2;1;1;6;750;20/06/2012
2012058129;1;2;1;2;1;750;26/06/2012
2012058130;1;2;1;2;7;750;26/06/2012
2012058131;1;2;1;2;7;750;26/06/2012
2012058132;1;2;2;2;3;750;26/06/2012
2012058133;1;2;7;1;6;750;27/06/2012
2012058134;5;2;7;1;2;750;28/06/2012
2012058135;1;2;2;1;1;750;28/06/2012
2012058136;1;2;4;1;3;750;28/06/2012
2012058137;1;2;2;8;7;750;29/06/2012
2012058138;1;2;1;1;6;750;29/06/2012
2012058139;1;2;3;1;3;750;30/06/2012
2012058140;1;2;1;1;2;750;30/06/2012
2012058141;5;2;7;1;6;750;01/07/2012
2012058142;1;2;2;1;6;750;01/07/2012
2012058143;1;2;1;1;6;750;02/07/2012
2012058144;5;2;2;1;6;750;03/07/2012
2012058145;1;2;5;1;3;750;03/07/2012
2012058146;1;2;5;1;6;750;03/07/2012
2012058147;1;2;1;1;3;750;03/07/2012
2012058148;1;2;2;1;3;750;04/07/2012
2012058149;1;2;5;1;3;750;04/07/2012
2012058150;5;2;2;1;3;750;04/07/2012
2012058151;1;2;3;1;6;750;05/07/2012
2012058152;1;2;2;8;6;750;05/07/2012
2012058153;1;2;1;2;7;750;05/07/2012
2012058154;1;2;3;2;6;750;05/07/2012
2012058155;1;2;1;1;6;750;06/07/2012
2012058156;5;2;1;1;6;750;07/07/2012
2012058157;1;2;2;1;6;750;07/07/2012
2012058158;3;2;4;1;3;750;08/07/2012
2012058159;1;2;3;1;7;750;09/07/2012
2012058160;5;2;2;1;3;750;09/07/2012
2012058161;1;2;5;1;7;750;10/07/2012
2012058162;1;2;1;2;6;750;11/07/2012
2012058163;1;2;5;2;3;750;11/07/2012
2012058164;5;2;5;3;6;750;13/07/2012
2012058165;1;2;7;1;3;750;19/07/2012
2012058166;1;2;5;1;3;750;20/07/2012
2012058167;1;2;3;1;7;750;23/07/2012
2012058168;1;2;5;1;6;750;23/07/2012
2012058169;5;2;4;1;3;750;24/07/2012
2012058170;1;2;7;1;6;750;24/07/2012
2012058171;1;2;4;1;3;750;25/07/2012
2012058172;1;2;5;1;3;750;25/07/2012
2012058173;1;2;3;1;6;750;25/07/2012
2012058174;1;2;1;1;6;750;26/07/2012
2012058175;1;2;1;1;3;750;27/07/2012
2012058176;1;2;1;1;4;750;30/07/2012
2012058177;1;2;7;1;3;750;01/08/2012
2012058178;1;2;3;1;3;750;02/08/2012
2012058179;1;2;1;1;2;750;03/08/2012
2012058180;5;2;7;1;7;750;04/08/2012
2012058181;5;2;3;1;3;750;08/08/2012
2012058182;1;2;2;1;6;750;12/08/2012
2012058183;1;2;3;1;6;750;13/08/2012
2012058184;5;2;1;1;3;750;13/08/2012