num_acc;lum;agg;inter;atm;col;dep;date
2012058185;1;2;1;1;3;750;16/08/2012
2012058186;2;2;3;1;3;750;21/08/2012
2012058187;5;2;2;1;6;750;23/08/2012
2012058188;5;2;3;1;6;750;25/08/2012
2012058189;1;2;5;1;2;750;27/08/2012
2012058190;5;2;1;1;2;750;28/08/2012
2012058191;1;2;3;1;6;750;29/08/2012
2012058192;1;2;2;1;2;750;30/08/2012
2012058193;1;2;1;1;6;750;30/08/2012
2012058194;1;2;7;1;2;750;31/08/2012
2012058195;1;2;2;1;3;750;01/09/2012
2012058196;1;2;1;1;3;750;02/09/2012
2012058197;1;2;7;1;6;750;03/09/2012
2012058198;1;2;3;1;3;750;04/09/2012
2012058199;1;2;1;1;3;750;04/09/2012
2012058200;1;2;1;1;3;750;04/09/2012
2012058201;1;2;2;1;6;750;06/09/2012
2012058202;1;2;7;1;3;750;06/09/2012
2012058203;1;2;4;1;3;750;07/09/2012
2012058204;1;2;5;7;6;750;08/09/2012
2012058205;1;2;7;1;2;750;09/09/2012
2012058206;1;2;4;1;1;750;10/09/2012
2012058207;1;2;3;1;1;750;10/09/2012
2012058208;1;2;2;1;3;750;12/09/2012
2012058209;1;2;1;1;6;750;13/09/2012
2012058210;1;2;1;1;2;750;14/09/2012
2012058211;5;2;3;1;3;750;16/09/2012
2012058212;5;2;1;1;6;750;16/09/2012
2012058213;5;2;2;1;3;750;16/09/2012
2012058214;5;2;5;1;6;750;16/09/2012
2012058215;1;2;3;1;3;750;16/09/2012
2012058216;1;2;7;1;2;750;16/09/2012
2012058217;1;2;3;1;3;750;17/09/2012
2012058218;1;2;7;1;3;750;17/09/2012
2012058219;1;2;5;1;6;750;18/09/2012
2012058220;1;2;5;1;3;750;18/09/2012
2012058221;5;2;1;1;6;750;18/09/2012
2012058222;1;2;7;1;3;750;19/09/2012
2012058223;1;2;1;1;3;750;20/09/2012
2012058224;1;2;3;1;3;750;20/09/2012
2012058225;5;2;1;1;7;750;20/09/2012
2012058226;1;2;1;1;2;750;21/09/2012
2012058227;2;2;1;2;7;750;21/09/2012
2012058228;5;2;3;1;3;750;21/09/2012
2012058229;1;2;2;1;6;750;22/09/2012
2012058230;1;2;2;1;3;750;23/09/2012
2012058231;1;2;1;1;4;750;23/09/2012
2012058232;1;2;1;2;7;750;24/09/2012
2012058233;1;2;2;1;2;750;24/09/2012
2012058234;2;2;7;2;7;750;25/09/2012
2012058235;2;2;5;2;6;750;26/09/2012
2012058236;1;2;7;8;6;750;26/09/2012
2012058237;1;2;1;2;7;750;27/09/2012
2012058238;5;2;3;1;2;750;27/09/2012
2012058239;1;2;5;1;3;750;28/09/2012
2012058240;1;2;5;1;6;750;28/09/2012
2012058241;1;2;1;1;6;750;28/09/2012
2012058242;1;2;2;1;6;750;28/09/2012
2012058243;5;2;3;1;6;750;28/09/2012
2012058244;5;2;7;1;6;750;28/09/2012
2012058245;2;2;1;1;3;750;29/09/2012
2012058246;1;2;1;1;6;750;30/09/2012
2012058247;1;2;1;1;2;750;01/10/2012
2012058248;5;2;2;1;2;750;01/10/2012
2012058249;5;2;2;1;6;750;02/10/2012
2012058250;1;2;5;1;6;750;02/10/2012
2012058251;5;2;2;1;1;750;03/10/2012
2012058252;1;2;1;2;2;750;03/10/2012
2012058253;1;2;1;3;3;750;04/10/2012
2012058254;5;2;2;1;3;750;05/10/2012
2012058255;1;2;2;1;2;750;05/10/2012
2012058256;5;2;2;2;2;750;06/10/2012
2012058257;5;2;2;2;6;750;06/10/2012
2012058258;5;2;1;2;6;750;08/10/2012
2012058259;5;2;1;2;2;750;08/10/2012
2012058260;1;2;2;1;3;750;09/10/2012
2012058261;1;2;1;8;7;750;11/10/2012
2012058262;1;2;2;1;2;750;13/10/2012
2012058263;1;2;2;1;6;750;16/10/2012
2012058264;1;2;2;8;3;750;17/10/2012
2012058265;5;2;2;2;3;750;17/10/2012
2012058266;1;2;2;1;6;750;19/10/2012
2012058267;1;2;2;1;3;750;19/10/2012
2012058268;1;2;1;8;2;750;19/10/2012
2012058269;5;2;2;2;2;750;20/10/2012
2012058270;2;2;7;2;2;750;20/10/2012
2012058271;5;2;3;2;3;750;20/10/2012
2012058272;5;2;2;2;5;750;20/10/2012
2012058273;1;2;4;1;3;750;21/10/2012
2012058274;1;2;2;1;3;750;23/10/2012
2012058275;1;2;5;1;3;750;24/10/2012
2012058276;1;2;1;1;6;750;24/10/2012
2012058277;5;2;2;1;3;750;25/10/2012
2012058278;5;2;2;1;3;750;25/10/2012
2012058279;5;2;1;1;2;750;25/10/2012
2012058280;1;2;2;1;6;750;27/10/2012
2012058281;1;2;1;1;7;750;28/10/2012
2012058282;1;2;1;1;2;750;30/10/2012
2012058283;1;2;2;1;6;750;31/10/2012
2012058284;1;2;1;1;3;750;31/10/2012
2012058285;5;2;2;1;6;750;01/11/2012
2012058286;1;2;7;2;3;750;01/11/2012
2012058287;1;2;1;2;2;750;02/11/2012
2012058288;5;2;2;8;6;750;02/11/2012
2012058289;1;2;3;1;6;750;09/11/2012
2012058290;5;2;5;1;6;750;12/11/2012
2012058291;1;2;1;1;6;750;14/11/2012
2012058292;1;2;2;1;6;750;14/11/2012
2012058293;1;2;2;8;6;750;15/11/2012
2012058294;2;2;5;1;6;750;15/11/2012
2012058295;5;2;3;1;3;750;15/11/2012
2012058296;5;2;4;1;3;750;16/11/2012
2012058297;1;2;2;1;6;750;20/11/2012
2012058298;1;2;1;2;6;750;21/11/2012
2012058299;1;2;7;1;1;750;22/11/2012
2012058300;1;2;7;1;7;750;22/11/2012
2012058301;5;2;1;2;6;750;23/11/2012
2012058302;5;2;1;1;2;750;25/11/2012
2012058303;5;2;1;2;1;750;27/11/2012
2012058304;1;2;1;1;2;750;27/11/2012
2012058305;1;2;3;1;2;750;28/11/2012
2012058306;1;2;1;1;2;750;28/11/2012
2012058307;1;2;7;1;7;750;29/11/2012
2012058308;5;2;1;1;6;750;30/11/2012
2012058309;5;2;5;1;3;750;01/12/2012
2012058310;1;2;5;1;6;750;02/12/2012
2012058311;1;2;2;2;6;750;03/12/2012
2012058312;1;2;7;2;3;750;04/12/2012
2012058313;5;2;5;2;3;750;04/12/2012
2012058314;5;2;1;2;6;750;04/12/2012
2012058315;5;2;1;2;6;750;05/12/2012
2012058316;5;2;7;1;4;750;06/12/2012
2012058317;5;2;3;1;3;750;08/12/2012
2012058318;5;2;1;2;2;750;09/12/2012
2012058319;1;2;1;9;2;750;10/12/2012
2012058320;1;2;3;1;6;750;11/12/2012
2012058321;5;2;1;1;7;750;11/12/2012
2012058322;5;2;2;1;6;750;11/12/2012
2012058323;5;2;5;1;3;750;11/12/2012
2012058324;1;2;5;1;3;750;12/12/2012
2012058325;1;2;2;2;2;750;14/12/2012
2012058326;5;2;5;2;6;750;13/12/2012
2012058327;1;2;2;1;3;750;16/12/2012
2012058328;5;2;1;1;6;750;17/12/2012
2012058329;1;2;2;1;3;750;19/12/2012
2012058330;1;2;4;2;7;750;20/12/2012
2012058331;1;2;2;3;7;750;20/12/2012
2012058332;5;2;2;1;6;750;22/12/2012
2012058333;5;2;4;1;3;750;23/12/2012
2012058334;5;2;1;2;6;750;28/12/2012
2012058335;5;2;1;2;2;750;29/12/2012
2012058336;5;2;5;1;6;750;30/12/2012
2012058337;5;2;1;1;6;750;30/12/2012
2012058338;5;2;5;1;3;750;31/12/2012
2012058339;5;2;5;3;3;750;03/01/2012
2012058340;1;2;5;1;6;750;04/01/2012
2012058341;5;2;2;9;3;750;05/01/2012
2012058342;1;2;1;1;3;750;06/01/2012
2012058343;1;2;1;2;6;750;07/01/2012
2012058344;5;2;3;1;6;750;07/01/2012
2012058345;1;2;4;2;3;750;09/01/2012
2012058346;1;2;5;1;3;750;09/01/2012
2012058347;1;2;1;1;6;750;10/01/2012
2012058348;1;2;2;1;6;750;14/01/2012
2012058349;1;2;2;1;3;750;16/01/2012
2012058350;1;2;3;1;6;750;16/01/2012
2012058351;5;2;1;1;6;750;16/01/2012
2012058352;5;2;2;1;3;750;16/01/2012
2012058353;1;2;1;1;7;750;17/01/2012
2012058354;1;2;1;1;2;750;18/01/2012
2012058355;1;2;2;1;6;750;18/01/2012
2012058356;5;2;1;2;6;750;18/01/2012
2012058357;5;2;3;2;6;750;19/01/2012
2012058358;5;2;3;2;6;750;19/01/2012
2012058359;1;2;2;2;6;750;20/01/2012
2012058360;4;2;3;2;6;750;20/01/2012
2012058361;5;2;2;2;7;750;22/01/2012
2012058362;5;2;1;1;6;750;22/01/2012
2012058363;5;2;3;1;2;750;22/01/2012
2012058364;1;2;1;1;3;750;23/01/2012
2012058365;5;2;3;2;3;750;25/01/2012
2012058366;1;2;2;2;6;750;26/01/2012
2012058367;5;2;3;9;6;750;26/01/2012
2012058368;2;2;1;2;3;750;26/01/2012
2012058369;5;2;2;1;1;750;27/01/2012
2012058370;5;2;3;1;6;750;28/01/2012
2012058371;1;2;5;1;6;750;31/01/2012
2012058372;1;2;5;1;6;750;03/02/2012
2012058373;1;2;3;1;6;750;03/02/2012
2012058374;1;2;2;1;3;750;06/02/2012
2012058375;1;2;3;1;6;750;10/02/2012
2012058376;5;2;1;1;2;750;10/02/2012
2012058377;5;2;5;1;3;750;11/02/2012
2012058378;1;2;2;1;6;750;13/02/2012
2012058379;1;2;5;1;6;750;15/02/2012
2012058380;5;2;2;2;6;750;15/02/2012
2012058381;1;2;2;2;6;750;17/02/2012
2012058382;1;2;5;1;3;750;19/02/2012
2012058383;1;2;1;1;6;750;19/02/2012
2012058384;1;2;7;1;3;750;20/02/2012
2012058385;1;2;4;1;3;750;21/02/2012
2012058386;1;2;2;1;6;750;22/02/2012
2012058387;1;2;1;1;6;750;22/02/2012
2012058388;1;2;5;2;6;750;28/02/2012
2012058389;5;2;1;1;4;750;02/03/2012
2012058390;2;2;1;1;6;750;03/03/2012
2012058391;1;2;5;1;6;750;03/03/2012
2012058392;5;2;3;2;6;750;04/03/2012
2012058393;1;2;2;1;6;750;07/03/2012
2012058394;2;2;3;2;6;750;07/03/2012
2012058395;5;2;2;2;6;750;07/03/2012
2012058396;1;2;1;1;3;750;08/03/2012
2012058397;1;2;1;1;6;750;09/03/2012
2012058398;5;2;3;1;3;750;10/03/2012
2012058399;5;2;3;1;3;750;09/03/2012
2012058400;5;2;4;1;3;750;11/03/2012
2012058401;5;2;2;1;7;750;10/03/2012
2012058402;5;2;2;1;3;750;11/03/2012
2012058403;1;2;3;1;2;750;11/03/2012
2012058404;5;2;4;1;2;750;14/03/2012
2012058405;5;2;5;1;3;750;14/03/2012
2012058406;1;2;7;1;6;750;16/03/2012
2012058407;5;2;5;1;6;750;16/03/2012
2012058408;5;2;5;1;6;750;17/03/2012
2012058409;5;2;1;1;6;750;18/03/2012
2012058410;1;2;3;1;6;750;22/03/2012
2012058411;1;2;1;1;6;750;25/03/2012
2012058412;1;2;5;1;3;750;26/03/2012
2012058413;1;2;5;1;3;750;27/03/2012
2012058414;1;2;2;1;3;750;28/03/2012
2012058415;1;2;3;1;1;750;28/03/2012
2012058416;1;2;1;1;3;750;28/03/2012
2012058417;5;2;2;1;6;750;29/03/2012
2012058418;1;2;1;1;6;750;31/03/2012
2012058419;5;2;2;1;6;750;01/04/2012
2012058420;5;2;5;1;2;750;01/04/2012
2012058421;1;2;1;1;6;750;03/04/2012
2012058422;1;2;1;1;3;750;06/04/2012
2012058423;5;2;1;1;1;750;07/04/2012
2012058424;3;2;1;2;3;750;08/04/2012
2012058425;1;2;2;2;3;750;09/04/2012
2012058426;5;2;3;8;4;750;10/04/2012
2012058427;1;2;4;1;3;750;11/04/2012
2012058428;1;2;7;1;3;750;12/04/2012
2012058429;5;2;1;1;2;750;14/04/2012
2012058430;5;2;2;1;6;750;14/04/2012
2012058431;1;2;5;1;6;750;16/04/2012
2012058432;1;2;7;1;3;750;17/04/2012
2012058433;1;2;5;2;6;750;17/04/2012
2012058434;4;2;3;1;6;750;17/04/2012
2012058435;5;2;5;1;6;750;21/04/2012
2012058436;2;2;4;1;3;750;21/04/2012
2012058437;1;2;4;1;3;750;22/04/2012
2012058438;1;2;4;1;6;750;22/04/2012
2012058439;5;2;5;2;6;750;22/04/2012
2012058440;1;2;5;2;6;750;23/04/2012
2012058441;1;2;3;2;2;750;24/04/2012
2012058442;5;2;1;1;3;750;26/04/2012
2012058443;1;2;3;1;6;750;28/04/2012
2012058444;1;2;5;3;6;750;29/04/2012
2012058445;1;2;2;1;6;750;29/04/2012
2012058446;1;2;1;1;6;750;30/04/2012
2012058447;1;2;5;1;3;750;03/05/2012
2012058448;1;2;3;1;3;750;05/05/2012
2012058449;1;2;1;1;4;750;07/05/2012
2012058450;1;2;2;8;2;750;09/05/2012
2012058451;1;2;5;1;3;750;09/05/2012
2012058452;5;2;5;1;3;750;10/05/2012
2012058453;1;2;1;1;6;750;11/05/2012
2012058454;1;2;5;7;6;750;14/05/2012
2012058455;5;2;1;1;1;750;16/05/2012
2012058456;1;2;1;1;3;750;23/05/2012
2012058457;1;2;7;1;3;750;24/05/2012
2012058458;1;2;2;1;6;750;24/05/2012
2012058459;1;2;2;1;3;750;25/05/2012
2012058460;1;2;2;1;6;750;25/05/2012
2012058461;1;2;4;1;6;750;26/05/2012
2012058462;1;2;2;1;2;750;26/05/2012
2012058463;1;2;7;1;3;750;26/05/2012
2012058464;5;2;7;1;6;750;27/05/2012
2012058465;1;2;1;1;2;750;29/05/2012
2012058466;1;2;3;1;3;750;30/05/2012
2012058467;1;2;1;1;6;750;31/05/2012
2012058468;1;2;2;1;6;750;31/05/2012
2012058469;2;2;5;1;6;750;31/05/2012
2012058470;1;2;2;1;1;750;01/06/2012
2012058471;1;2;1;1;6;750;02/06/2012
2012058472;1;2;1;1;6;750;04/06/2012
2012058473;1;2;4;1;2;750;04/06/2012
2012058474;1;2;5;1;6;750;05/06/2012
2012058475;5;2;4;1;3;750;06/06/2012
2012058476;1;2;2;1;6;750;07/06/2012
2012058477;5;2;1;1;3;750;07/06/2012
2012058478;1;2;1;1;6;750;08/06/2012
2012058479;1;2;3;1;6;750;08/06/2012
2012058480;5;2;2;2;6;750;09/06/2012
2012058481;1;2;3;2;6;750;11/06/2012
2012058482;1;2;5;1;3;750;11/06/2012
2012058483;1;2;1;2;2;750;15/06/2012
2012058484;2;2;7;2;2;750;15/06/2012
2012058485;5;2;1;3;6;750;15/06/2012
2012058486;5;2;1;3;3;750;16/06/2012
2012058487;1;2;2;1;2;750;17/06/2012
2012058488;1;2;2;1;6;750;18/06/2012
2012058489;1;2;4;1;5;750;19/06/2012
2012058490;1;2;1;1;6;750;20/06/2012
2012058491;1;2;2;1;2;750;22/06/2012
2012058492;1;2;5;1;6;750;22/06/2012
2012058493;5;2;2;1;3;750;23/06/2012
2012058494;1;2;1;1;6;750;23/06/2012
2012058495;1;2;1;2;2;750;24/06/2012
2012058496;1;2;1;1;6;750;25/06/2012
2012058497;1;2;2;1;3;750;25/06/2012
2012058498;1;2;3;2;6;750;26/06/2012
2012058499;1;2;5;2;6;750;26/06/2012
2012058500;5;2;5;1;3;750;28/06/2012
2012058501;1;2;3;1;6;750;29/06/2012
2012058502;1;2;2;1;6;750;29/06/2012
2012058503;1;2;5;1;3;750;01/07/2012
2012058504;1;2;3;1;6;750;01/07/2012
2012058505;3;2;5;1;7;750;02/07/2012
2012058506;5;2;5;1;3;750;02/07/2012
2012058507;1;2;5;1;6;750;06/07/2012
2012058508;5;2;2;1;2;750;07/07/2012
2012058509;1;2;7;1;6;750;07/07/2012
2012058510;5;2;3;1;6;750;10/07/2012
2012058511;1;2;2;1;6;750;12/07/2012
2012058512;1;2;2;2;6;750;12/07/2012
2012058513;1;2;1;1;6;750;15/07/2012
2012058514;1;2;4;1;3;750;15/07/2012
2012058515;1;2;1;1;3;750;16/07/2012
2012058516;5;2;1;1;3;750;17/07/2012
2012058517;5;2;2;1;3;750;18/07/2012
2012058518;1;2;5;1;3;750;20/07/2012
2012058519;1;2;1;1;6;750;22/07/2012
2012058520;5;2;1;1;6;750;23/07/2012
2012058521;1;2;2;1;6;750;23/07/2012
2012058522;5;2;2;1;6;750;23/07/2012
2012058523;1;2;1;1;3;750;25/07/2012
2012058524;1;2;4;1;7;750;26/07/2012
2012058525;1;2;2;2;7;750;27/07/2012
2012058526;1;2;3;1;3;750;28/07/2012
2012058527;1;2;2;1;3;750;29/07/2012
2012058528;1;2;1;1;3;750;30/07/2012
2012058529;1;2;3;1;6;750;31/07/2012
2012058530;2;2;1;1;6;750;31/07/2012
2012058531;3;2;1;1;2;750;01/08/2012
2012058532;5;2;2;1;6;750;03/08/2012
2012058533;1;2;5;1;3;750;03/08/2012
2012058534;5;2;2;1;6;750;07/08/2012
2012058535;1;2;3;1;6;750;07/08/2012
2012058536;1;2;2;1;6;750;08/08/2012
2012058537;1;2;4;1;6;750;11/08/2012
2012058538;1;2;5;1;6;750;12/08/2012
2012058539;1;2;2;1;6;750;13/08/2012
2012058540;5;2;3;1;6;750;17/08/2012
2012058541;1;2;5;1;6;750;18/08/2012
2012058542;1;2;4;1;6;750;20/08/2012
2012058543;1;2;5;1;6;750;21/08/2012
2012058544;1;2;3;1;6;750;21/08/2012
2012058545;1;2;7;1;3;750;21/08/2012
2012058546;5;2;2;1;6;750;22/08/2012
2012058547;2;2;2;1;3;750;23/08/2012
2012058548;1;2;7;2;6;750;24/08/2012
2012058549;1;2;5;1;6;750;27/08/2012
2012058550;5;2;1;1;6;750;29/08/2012
2012058551;3;2;2;1;6;750;29/08/2012
2012058552;5;2;1;1;6;750;29/08/2012
2012058553;5;2;3;1;3;750;30/08/2012
2012058554;5;2;4;1;6;750;31/08/2012
2012058555;1;2;5;1;3;750;01/09/2012
2012058556;1;2;1;1;6;750;02/09/2012
2012058557;5;2;1;1;6;750;08/09/2012
2012058558;1;2;1;1;6;750;09/09/2012
2012058559;1;2;4;8;6;750;11/09/2012
2012058560;1;2;1;1;2;750;11/09/2012
2012058561;5;2;1;2;6;750;13/09/2012
2012058562;1;2;2;1;3;750;13/09/2012
2012058563;5;2;2;1;1;750;14/09/2012
2012058564;5;2;1;1;6;750;14/09/2012
2012058565;3;2;1;1;2;750;14/09/2012
2012058566;5;2;2;1;6;750;16/09/2012
2012058567;5;2;1;1;2;750;16/09/2012
2012058568;1;2;5;1;3;750;20/09/2012
2012058569;1;2;1;1;6;750;21/09/2012
2012058570;1;2;1;2;7;750;21/09/2012
2012058571;1;2;2;1;2;750;22/09/2012
2012058572;5;2;1;1;6;750;22/09/2012
2012058573;5;2;2;1;3;750;23/09/2012
2012058574;2;2;1;1;2;750;23/09/2012
2012058575;1;2;2;1;3;750;23/09/2012
2012058576;5;2;1;1;3;750;23/09/2012
2012058577;1;2;2;3;3;750;24/09/2012
2012058578;1;2;5;2;3;750;27/09/2012
2012058579;5;2;4;1;6;750;27/09/2012
2012058580;5;2;5;1;2;750;28/09/2012
2012058581;1;2;3;1;6;750;28/09/2012
2012058582;1;2;1;1;3;750;28/09/2012
2012058583;5;2;1;1;3;750;28/09/2012
2012058584;1;2;3;1;6;750;29/09/2012
2012058585;2;2;7;1;6;750;30/09/2012
2012058586;1;2;1;1;6;750;01/10/2012
2012058587;5;2;4;1;3;750;05/10/2012
2012058588;1;2;1;3;2;750;06/10/2012
2012058589;1;2;2;2;6;750;08/10/2012
2012058590;5;2;5;2;2;750;10/10/2012
2012058591;5;2;5;2;3;750;09/10/2012
2012058592;1;2;3;1;3;750;11/10/2012
2012058593;2;2;5;2;6;750;11/10/2012
2012058594;5;2;1;2;3;750;12/10/2012
2012058595;1;2;4;8;6;750;12/10/2012
2012058596;1;2;1;1;6;750;12/10/2012
2012058597;1;2;1;1;6;750;12/10/2012
2012058598;1;2;2;2;5;750;13/10/2012
2012058599;5;2;1;1;6;750;14/10/2012
2012058600;2;2;1;1;6;750;15/10/2012
2012058601;5;2;2;1;6;750;15/10/2012
2012058602;1;2;2;2;2;750;19/10/2012
2012058603;5;2;2;1;3;750;21/10/2012
2012058604;2;2;3;1;6;750;23/10/2012
2012058605;1;2;1;1;3;750;25/10/2012
2012058606;5;2;1;1;6;750;26/10/2012
2012058607;1;2;1;1;6;750;28/10/2012
2012058608;5;2;1;1;2;750;28/10/2012
2012058609;3;2;1;1;6;750;28/10/2012
2012058610;1;2;2;1;3;750;29/10/2012
2012058611;5;2;2;1;3;750;30/10/2012
2012058612;5;2;2;1;6;750;31/10/2012
2012058613;1;2;7;1;6;750;01/11/2012
2012058614;5;2;5;2;6;750;02/11/2012
2012058615;5;2;4;1;3;750;03/11/2012
2012058616;1;2;3;1;3;750;03/11/2012
2012058617;5;2;1;2;3;750;05/11/2012
2012058618;5;2;3;1;3;750;06/11/2012
2012058619;1;2;1;1;6;750;07/11/2012
2012058620;1;2;2;1;3;750;07/11/2012
2012058621;1;2;4;1;6;750;07/11/2012
2012058622;5;2;4;1;3;750;07/11/2012
2012058623;5;2;5;1;3;750;04/11/2012
2012058624;5;2;3;1;6;750;09/11/2012
2012058625;1;2;5;1;2;750;09/11/2012
2012058626;1;2;1;8;6;750;09/11/2012
2012058627;5;2;3;2;3;750;09/11/2012
2012058628;5;2;4;2;6;750;10/11/2012
2012058629;5;2;5;1;6;750;11/11/2012
2012058630;1;2;1;1;3;750;11/11/2012
2012058631;5;2;1;1;3;750;11/11/2012
2012058632;5;2;1;1;3;750;14/11/2012
2012058633;5;2;4;1;7;750;15/11/2012
2012058634;5;2;1;1;6;750;18/11/2012
2012058635;5;2;1;1;6;750;20/11/2012
2012058636;1;2;2;2;7;750;21/11/2012
2012058637;5;2;1;1;6;750;22/11/2012
2012058638;1;2;1;2;3;750;23/11/2012
2012058639;5;2;3;1;4;750;24/11/2012
2012058640;1;2;1;1;2;750;24/11/2012
2012058641;1;2;1;1;2;750;26/11/2012
2012058642;1;2;5;1;1;750;26/11/2012
2012058643;5;2;1;1;3;750;27/11/2012
2012058644;5;2;2;1;3;750;27/11/2012
2012058645;1;2;5;8;2;750;28/11/2012
2012058646;5;2;2;1;6;750;28/11/2012
2012058647;1;2;4;1;2;750;29/11/2012
2012058648;5;2;2;1;2;750;30/11/2012
2012058649;1;2;2;1;6;750;30/11/2012
2012058650;2;2;2;1;1;750;30/11/2012
2012058651;1;2;7;2;3;750;04/12/2012
2012058652;1;2;7;1;7;750;05/12/2012
2012058653;1;2;1;1;6;750;05/12/2012
2012058654;1;2;5;1;3;750;05/12/2012
2012058655;1;2;1;1;6;750;05/12/2012
2012058656;1;2;2;2;6;750;07/12/2012
2012058657;2;2;2;2;6;750;07/12/2012
2012058658;5;2;3;2;6;750;07/12/2012
2012058659;1;2;5;1;6;750;10/12/2012
2012058660;5;2;5;1;3;750;10/12/2012
2012058661;5;2;2;1;6;750;12/12/2012
2012058662;2;2;2;2;6;750;13/12/2012
2012058663;1;2;1;2;2;750;14/12/2012
2012058664;1;2;3;1;2;750;15/12/2012
2012058665;5;2;5;3;3;750;15/12/2012
2012058666;5;2;3;2;6;750;15/12/2012
2012058667;1;2;1;1;3;750;16/12/2012
2012058668;1;2;2;1;6;750;18/12/2012
2012058669;1;2;1;1;6;750;19/12/2012
2012058670;5;2;2;2;6;750;19/12/2012
2012058671;5;2;1;3;2;750;20/12/2012
2012058672;1;2;3;2;6;750;20/12/2012
2012058673;5;2;1;2;1;750;20/12/2012
2012058674;1;2;2;1;6;750;21/12/2012
2012058675;5;2;1;1;6;750;21/12/2012
2012058676;5;2;3;1;3;750;24/12/2012
2012058677;5;2;1;2;6;750;25/12/2012
2012058678;5;2;4;2;3;750;26/12/2012
2012058679;5;2;5;2;2;750;29/12/2012
2012058680;1;2;1;1;6;750;23/03/2012
2012058681;5;2;1;2;6;750;01/01/2012
2012058682;1;2;3;1;6;750;03/01/2012
2012058683;1;2;4;1;7;750;04/01/2012
2012058684;5;2;2;1;3;750;04/01/2012
2012058685;1;2;3;1;6;750;08/01/2012
2012058686;5;2;5;1;3;750;11/01/2012
2012058687;1;2;1;1;6;750;15/01/2012
2012058688;1;2;1;1;6;750;15/01/2012
2012058689;5;2;3;2;3;750;18/01/2012
2012058690;1;2;2;1;6;750;19/01/2012
2012058691;1;2;1;1;6;750;19/01/2012
2012058692;1;2;7;2;6;750;20/01/2012
2012058693;1;2;2;2;2;750;20/01/2012
2012058694;5;2;1;1;1;750;21/01/2012
2012058695;5;2;2;1;3;750;22/01/2012
2012058696;5;2;7;2;6;750;24/01/2012
2012058697;5;2;1;2;6;750;24/01/2012
2012058698;5;2;2;1;3;750;27/01/2012
2012058699;1;2;1;1;6;750;27/01/2012
2012058700;1;2;5;1;3;750;29/01/2012
2012058701;1;2;2;8;6;750;29/01/2012
2012058702;5;2;1;1;6;750;30/01/2012
2012058703;1;2;1;1;7;750;01/02/2012
2012058704;5;2;1;8;3;750;03/02/2012
2012058705;5;2;2;1;6;750;05/02/2012
2012058706;1;2;3;1;6;750;09/02/2012
2012058707;3;2;4;2;6;750;13/02/2012
2012058708;1;2;5;1;6;750;15/02/2012
2012058709;4;2;3;2;6;750;17/02/2012
2012058710;3;2;4;1;2;750;19/02/2012
2012058711;5;2;2;1;3;750;19/02/2012
2012058712;1;2;2;1;3;750;20/02/2012
2012058713;5;2;2;1;6;750;21/02/2012
2012058714;5;2;1;1;6;750;22/02/2012
2012058715;1;2;5;2;6;750;23/02/2012
2012058716;2;2;2;1;3;750;23/02/2012
2012058717;1;2;2;8;6;750;24/02/2012
2012058718;1;2;2;1;6;750;24/02/2012
2012058719;1;2;3;1;6;750;26/02/2012
2012058720;1;2;2;1;6;750;02/03/2012
2012058721;5;2;3;2;6;750;05/03/2012
2012058722;1;2;3;1;6;750;07/03/2012
2012058723;1;2;1;2;6;750;07/03/2012
2012058724;1;2;1;1;3;750;08/03/2012
2012058725;5;2;2;1;6;750;11/03/2012
2012058726;5;2;2;1;3;750;11/03/2012
2012058727;1;2;1;1;6;750;11/03/2012
2012058728;1;2;2;1;6;750;11/03/2012
2012058729;1;2;2;1;6;750;13/03/2012
2012058730;1;2;3;1;3;750;13/03/2012
2012058731;1;2;3;1;3;750;14/03/2012
2012058732;1;2;4;1;2;750;14/03/2012
2012058733;5;2;2;1;6;750;14/03/2012
2012058734;1;2;7;1;3;750;15/03/2012
2012058735;1;2;1;1;6;750;16/03/2012
2012058736;1;2;3;1;6;750;20/03/2012
2012058737;5;2;3;1;3;750;24/03/2012
2012058738;1;2;7;1;3;750;27/03/2012
2012058739;1;2;1;1;6;750;28/03/2012
2012058740;1;2;1;1;3;750;29/03/2012
2012058741;1;2;3;1;6;750;30/03/2012
2012058742;1;2;4;1;2;750;30/03/2012
2012058743;1;2;1;1;3;750;30/03/2012
2012058744;1;2;1;1;6;750;02/04/2012
2012058745;1;2;1;1;2;750;02/04/2012
2012058746;1;2;4;1;3;750;03/04/2012
2012058747;1;2;3;1;2;750;03/04/2012
2012058748;1;2;2;1;6;750;04/04/2012
2012058749;1;2;2;1;3;750;05/04/2012
2012058750;1;2;3;2;7;750;09/04/2012
2012058751;1;2;3;1;6;750;11/04/2012
2012058752;1;2;4;8;6;750;15/04/2012
2012058753;4;2;2;1;3;750;15/04/2012
2012058754;1;2;1;1;3;750;16/04/2012
2012058755;1;2;5;2;3;750;17/04/2012
2012058756;1;2;3;2;6;750;17/04/2012
2012058757;1;2;1;2;6;750;17/04/2012
2012058758;1;2;3;2;3;750;18/04/2012
2012058759;1;2;2;1;6;750;19/04/2012
2012058760;1;2;5;1;7;750;19/04/2012
2012058761;1;2;2;8;6;750;20/04/2012
2012058762;1;2;7;1;6;750;22/04/2012
2012058763;1;2;1;1;4;750;22/04/2012
2012058764;1;2;2;1;2;750;22/04/2012
2012058765;1;2;2;3;5;750;23/04/2012