num_acc;lum;agg;inter;atm;col;dep;date
2012059927;1;2;1;1;2;750;02/04/2012
2012059928;1;2;1;1;4;750;02/04/2012
2012059929;1;2;4;1;3;750;02/04/2012
2012059930;1;2;1;1;4;750;02/04/2012
2012059931;1;2;1;1;3;750;02/04/2012
2012059932;3;2;4;1;6;750;03/04/2012
2012059933;1;2;1;1;2;750;04/04/2012
2012059934;1;2;1;1;3;750;04/04/2012
2012059935;1;2;4;1;3;750;04/04/2012
2012059936;1;2;4;1;6;750;05/04/2012
2012059937;1;2;1;1;3;750;05/04/2012
2012059938;1;2;4;1;2;750;05/04/2012
2012059939;1;2;1;1;3;750;06/04/2012
2012059940;1;2;1;1;2;750;06/04/2012
2012059941;1;2;1;1;3;750;06/04/2012
2012059942;1;2;1;1;3;750;06/04/2012
2012059943;1;2;1;1;3;750;07/04/2012
2012059944;1;2;1;1;2;750;08/04/2012
2012059945;5;2;1;1;6;750;09/04/2012
2012059946;1;2;1;2;4;750;09/04/2012
2012059947;1;2;1;1;4;750;10/04/2012
2012059948;1;2;1;2;4;750;10/04/2012
2012059949;1;2;1;2;3;750;10/04/2012
2012059950;1;2;1;3;2;750;10/04/2012
2012059951;1;2;1;2;6;750;10/04/2012
2012059952;4;2;4;1;6;750;11/04/2012
2012059953;1;2;1;1;3;750;11/04/2012
2012059954;5;2;4;1;2;750;12/04/2012
2012059955;1;2;1;1;2;750;13/04/2012
2012059956;1;2;1;1;6;750;15/04/2012
2012059957;5;2;1;1;6;750;15/04/2012
2012059958;1;2;4;1;7;750;16/04/2012
2012059959;1;2;4;1;2;750;18/04/2012
2012059960;1;2;1;8;3;750;18/04/2012
2012059961;1;2;1;1;2;750;18/04/2012
2012059962;1;2;1;1;2;750;19/04/2012
2012059963;1;2;4;1;2;750;21/04/2012
2012059964;1;2;1;2;2;750;22/04/2012
2012059965;1;2;1;1;6;750;23/04/2012
2012059966;1;2;1;1;4;750;24/04/2012
2012059967;1;2;1;2;2;750;24/04/2012
2012059968;1;2;1;2;7;750;25/04/2012
2012059969;5;2;1;1;6;750;25/04/2012
2012059970;1;2;1;1;6;750;26/04/2012
2012059971;1;2;1;8;7;750;26/04/2012
2012059972;1;2;1;1;2;750;26/04/2012
2012059973;1;2;1;1;4;750;26/04/2012
2012059974;1;2;1;8;3;750;28/04/2012
2012059975;5;2;1;1;6;750;28/04/2012
2012059976;5;2;1;2;6;750;29/04/2012
2012059977;1;2;1;2;6;750;29/04/2012
2012059978;1;2;1;1;3;750;30/04/2012
2012059979;1;2;1;1;2;750;30/04/2012
2012059980;1;2;1;1;3;750;01/05/2012
2012059981;1;2;1;1;2;750;01/05/2012
2012059982;1;2;1;7;4;750;01/05/2012
2012059983;5;2;4;1;3;750;04/05/2012
2012059984;1;2;1;1;2;750;04/05/2012
2012059985;1;2;1;1;4;750;04/05/2012
2012059986;1;2;1;1;6;750;04/05/2012
2012059987;2;2;4;3;2;750;04/05/2012
2012059988;1;2;1;1;4;750;04/05/2012
2012059989;1;2;1;1;3;750;05/05/2012
2012059990;5;2;1;3;6;750;06/05/2012
2012059991;1;2;4;2;6;750;06/05/2012
2012059992;5;2;1;1;6;750;07/05/2012
2012059993;1;2;1;1;3;750;07/05/2012
2012059994;5;2;1;1;6;750;08/05/2012
2012059995;1;2;1;2;4;750;09/05/2012
2012059996;1;2;1;1;2;750;09/05/2012
2012059997;1;2;1;1;4;750;10/05/2012
2012059998;5;2;4;1;4;750;10/05/2012
2012059999;1;2;1;1;2;750;10/05/2012
2012060000;1;2;1;2;2;750;11/05/2012
2012060001;1;2;1;1;3;750;11/05/2012
2012060002;1;2;1;1;2;750;13/05/2012
2012060003;1;2;1;1;4;750;13/05/2012
2012060004;1;2;1;1;6;750;14/05/2012
2012060005;1;2;1;1;3;750;14/05/2012
2012060006;1;2;1;1;3;750;14/05/2012
2012060007;1;2;1;1;2;750;14/05/2012
2012060008;1;2;1;1;4;750;15/05/2012
2012060009;1;2;1;1;4;750;15/05/2012
2012060010;1;2;1;1;7;750;16/05/2012
2012060011;1;2;1;1;4;750;16/05/2012
2012060012;1;2;1;1;7;750;16/05/2012
2012060013;1;2;1;1;2;750;16/05/2012
2012060014;1;2;1;1;3;750;16/05/2012
2012060015;5;2;1;1;6;750;17/05/2012
2012060016;1;2;1;1;3;750;18/05/2012
2012060017;1;2;1;1;6;750;18/05/2012
2012060018;1;2;1;1;6;750;19/05/2012
2012060019;1;2;1;2;2;750;21/05/2012
2012060020;5;2;1;1;2;750;22/05/2012
2012060021;1;2;1;1;2;750;22/05/2012
2012060022;1;2;1;1;3;750;23/05/2012
2012060023;1;2;1;1;6;750;23/05/2012
2012060024;1;2;1;1;2;750;23/05/2012
2012060025;5;2;1;1;6;750;24/05/2012
2012060026;1;2;1;1;3;750;24/05/2012
2012060027;1;2;1;1;4;750;24/05/2012
2012060028;1;2;1;1;4;750;24/05/2012
2012060029;1;2;1;1;7;750;25/05/2012
2012060030;1;2;1;1;4;750;25/05/2012
2012060031;1;2;1;1;2;750;25/05/2012
2012060032;1;2;1;1;4;750;25/05/2012
2012060033;1;2;1;1;4;750;25/05/2012
2012060034;4;2;1;1;2;750;25/05/2012
2012060035;1;2;1;1;2;750;26/05/2012
2012060036;1;2;1;1;2;750;27/05/2012
2012060037;1;2;1;1;4;750;27/05/2012
2012060038;1;2;1;1;7;750;27/05/2012
2012060039;5;2;4;1;6;750;28/05/2012
2012060040;1;2;4;1;2;750;28/05/2012
2012060041;1;2;1;1;3;750;29/05/2012
2012060042;1;2;1;1;3;750;29/05/2012
2012060043;1;2;1;1;2;750;30/05/2012
2012060044;1;2;1;1;4;750;30/05/2012
2012060045;1;2;1;1;2;750;31/05/2012
2012060046;1;2;1;1;2;750;31/05/2012
2012060047;1;2;4;1;3;750;31/05/2012
2012060048;1;2;1;1;2;750;01/06/2012
2012060049;1;2;1;1;2;750;02/06/2012
2012060050;5;2;1;8;7;750;03/06/2012
2012060051;5;2;4;1;6;750;03/06/2012
2012060052;1;2;1;2;6;750;03/06/2012
2012060053;1;2;1;1;2;750;04/06/2012
2012060054;1;2;1;1;2;750;05/06/2012
2012060055;1;2;1;1;2;750;07/06/2012
2012060056;1;2;1;2;2;750;07/06/2012
2012060057;2;2;1;1;2;750;07/06/2012
2012060058;1;2;1;1;4;750;08/06/2012
2012060059;1;2;1;1;4;750;08/06/2012
2012060060;1;2;4;1;3;750;08/06/2012
2012060061;1;2;1;1;6;750;08/06/2012
2012060062;2;2;4;1;6;750;08/06/2012
2012060063;1;2;1;1;4;750;09/06/2012
2012060064;1;2;4;1;5;750;09/06/2012
2012060065;5;2;1;3;6;750;11/06/2012
2012060066;1;2;1;1;3;750;11/06/2012
2012060067;1;2;1;1;2;750;11/06/2012
2012060068;1;2;4;2;2;750;12/06/2012
2012060069;5;2;1;1;6;750;13/06/2012
2012060070;1;2;1;1;2;750;13/06/2012
2012060071;1;2;1;1;2;750;13/06/2012
2012060072;1;2;1;1;2;750;14/06/2012
2012060073;1;2;1;1;3;750;15/06/2012
2012060074;1;2;1;1;2;750;17/06/2012
2012060075;1;2;4;1;3;750;17/06/2012
2012060076;5;2;4;1;6;750;17/06/2012
2012060077;3;2;1;1;6;750;18/06/2012
2012060078;1;2;1;1;5;750;18/06/2012
2012060079;1;2;1;1;2;750;18/06/2012
2012060080;1;2;1;1;7;750;19/06/2012
2012060081;1;2;1;1;3;750;19/06/2012
2012060082;1;2;1;1;6;750;20/06/2012
2012060083;1;2;4;1;3;750;21/06/2012
2012060084;1;2;1;1;7;750;22/06/2012
2012060085;5;2;4;1;3;750;23/06/2012
2012060086;1;2;4;1;4;750;23/06/2012
2012060087;1;2;1;1;6;750;24/06/2012
2012060088;1;2;4;1;5;750;25/06/2012
2012060089;1;2;1;1;2;750;25/06/2012
2012060090;1;2;1;2;6;750;26/06/2012
2012060091;1;2;1;8;2;750;26/06/2012
2012060092;1;2;1;1;2;750;27/06/2012
2012060093;2;2;1;1;6;750;28/06/2012
2012060094;1;2;1;1;4;750;28/06/2012
2012060095;1;2;1;1;3;750;29/06/2012
2012060096;1;2;1;1;2;750;29/06/2012
2012060097;1;2;1;1;2;750;30/06/2012
2012060098;1;2;1;1;4;750;30/06/2012
2012060099;1;2;1;1;3;750;30/06/2012
2012060100;1;2;1;1;2;750;01/07/2012
2012060101;1;2;1;1;7;750;01/07/2012
2012060102;1;2;1;1;3;750;01/07/2012
2012060103;1;2;1;1;7;750;01/07/2012
2012060104;1;2;1;1;4;750;02/07/2012
2012060105;1;2;1;1;6;750;02/07/2012
2012060106;1;2;1;1;7;750;02/07/2012
2012060107;1;2;1;1;6;750;03/07/2012
2012060108;1;2;4;1;4;750;03/07/2012
2012060109;1;2;1;1;7;750;03/07/2012
2012060110;1;2;1;1;3;750;04/07/2012
2012060111;1;2;1;1;2;750;04/07/2012
2012060112;1;2;4;1;6;750;04/07/2012
2012060113;1;2;4;2;4;750;05/07/2012
2012060114;1;2;1;1;3;750;05/07/2012
2012060115;5;2;1;1;6;750;05/07/2012
2012060116;1;2;1;2;3;750;06/07/2012
2012060117;1;2;1;8;2;750;07/07/2012
2012060118;1;2;1;1;4;750;08/07/2012
2012060119;1;2;4;1;2;750;09/07/2012
2012060120;1;2;1;1;6;750;09/07/2012
2012060121;1;2;1;1;6;750;09/07/2012
2012060122;1;2;1;1;6;750;10/07/2012
2012060123;2;2;1;1;2;750;11/07/2012
2012060124;1;2;1;1;2;750;11/07/2012
2012060125;1;2;1;2;6;750;12/07/2012
2012060126;1;2;1;1;3;750;12/07/2012
2012060127;1;2;1;8;6;750;12/07/2012
2012060128;1;2;1;8;3;750;13/07/2012
2012060129;1;2;1;1;4;750;13/07/2012
2012060130;1;2;1;1;2;750;17/07/2012
2012060131;1;2;4;1;6;750;17/07/2012
2012060132;1;2;1;1;6;750;17/07/2012
2012060133;1;2;4;1;2;750;18/07/2012
2012060134;1;2;1;1;6;750;20/07/2012
2012060135;1;2;1;1;4;750;20/07/2012
2012060136;1;2;4;1;6;750;20/07/2012
2012060137;1;2;1;1;6;750;21/07/2012
2012060138;5;2;1;1;3;750;22/07/2012
2012060139;1;2;1;1;4;750;23/07/2012
2012060140;1;2;1;1;4;750;23/07/2012
2012060141;2;2;1;1;4;750;23/07/2012
2012060142;4;2;1;1;6;750;24/07/2012
2012060143;1;2;1;1;2;750;24/07/2012
2012060144;1;2;1;1;2;750;24/07/2012
2012060145;1;2;1;1;6;750;25/07/2012
2012060146;1;2;4;1;6;750;25/07/2012
2012060147;1;2;4;1;6;750;26/07/2012
2012060148;1;2;1;1;3;750;26/07/2012
2012060149;1;2;1;1;3;750;27/07/2012
2012060150;1;2;1;8;4;750;27/07/2012
2012060151;1;2;1;2;3;750;27/07/2012
2012060152;5;2;1;1;6;750;30/07/2012
2012060153;5;2;4;1;6;750;30/07/2012
2012060154;1;2;1;1;6;750;30/07/2012
2012060155;1;2;1;1;3;750;30/07/2012
2012060156;1;2;1;1;3;750;31/07/2012
2012060157;1;2;1;1;6;750;31/07/2012
2012060158;1;2;1;1;3;750;31/07/2012
2012060159;1;2;1;1;3;750;01/08/2012
2012060160;1;2;1;1;6;750;02/08/2012
2012060161;1;2;1;1;3;750;02/08/2012
2012060162;1;2;1;1;3;750;03/08/2012
2012060163;1;2;1;1;7;750;04/08/2012
2012060164;5;2;1;1;6;750;04/08/2012
2012060165;1;2;1;1;4;750;08/08/2012
2012060166;5;2;1;1;2;750;13/08/2012
2012060167;5;2;1;1;6;750;15/08/2012
2012060168;1;2;1;1;7;750;16/08/2012
2012060169;1;2;1;1;4;750;17/08/2012
2012060170;1;2;1;1;3;750;17/08/2012
2012060171;2;2;1;1;3;750;18/08/2012
2012060172;1;2;4;1;4;750;21/08/2012
2012060173;1;2;1;1;4;750;21/08/2012
2012060174;5;2;1;1;6;750;23/08/2012
2012060175;1;2;1;1;3;750;23/08/2012
2012060176;1;2;1;1;7;750;24/08/2012
2012060177;2;2;1;1;2;750;24/08/2012
2012060178;1;2;4;1;6;750;25/08/2012
2012060179;2;2;1;1;5;750;26/08/2012
2012060180;1;2;1;1;4;750;28/08/2012
2012060181;1;2;1;1;4;750;29/08/2012
2012060182;1;2;4;1;6;750;29/08/2012
2012060183;5;2;1;1;6;750;30/08/2012
2012060184;1;2;4;1;3;750;30/08/2012
2012060185;1;2;4;1;7;750;30/08/2012
2012060186;1;2;1;2;4;750;30/08/2012
2012060187;1;2;1;1;4;750;30/08/2012
2012060188;5;2;1;1;2;750;31/08/2012
2012060189;1;2;1;1;2;750;31/08/2012
2012060190;1;2;1;2;2;750;03/09/2012
2012060191;1;2;1;2;3;750;03/09/2012
2012060192;1;2;1;1;6;750;03/09/2012
2012060193;1;2;1;1;4;750;04/09/2012
2012060194;1;2;1;1;6;750;04/09/2012
2012060195;1;2;1;1;4;750;05/09/2012
2012060196;1;2;1;1;2;750;05/09/2012
2012060197;1;2;1;1;3;750;05/09/2012
2012060198;2;2;1;1;3;750;05/09/2012
2012060199;1;2;1;1;4;750;06/09/2012
2012060200;1;2;1;1;3;750;06/09/2012
2012060201;1;2;4;7;3;750;06/09/2012
2012060202;1;2;1;1;3;750;07/09/2012
2012060203;5;2;1;1;2;750;08/09/2012
2012060204;1;2;1;8;7;750;10/09/2012
2012060205;1;2;1;2;2;750;10/09/2012
2012060206;1;2;1;1;7;750;10/09/2012
2012060207;1;2;1;1;7;750;10/09/2012
2012060208;1;2;1;1;7;750;10/09/2012
2012060209;1;2;1;1;4;750;11/09/2012
2012060210;1;2;1;2;6;750;11/09/2012
2012060211;1;2;1;1;3;750;12/09/2012
2012060212;1;2;1;1;3;750;13/09/2012
2012060213;1;2;1;1;3;750;13/09/2012
2012060214;1;2;1;1;4;750;14/09/2012
2012060215;1;2;1;1;2;750;14/09/2012
2012060216;1;2;1;1;2;750;14/09/2012
2012060217;1;2;4;1;4;750;15/09/2012
2012060218;1;2;1;1;2;750;15/09/2012
2012060219;5;2;1;1;3;750;15/09/2012
2012060220;1;2;1;1;7;750;17/09/2012
2012060221;5;2;1;1;4;750;16/09/2012
2012060222;1;2;1;7;3;750;17/09/2012
2012060223;1;2;1;7;2;750;17/09/2012
2012060224;5;2;1;1;6;750;17/09/2012
2012060225;1;2;1;1;7;750;18/09/2012
2012060226;1;2;1;1;3;750;18/09/2012
2012060227;1;2;1;1;4;750;18/09/2012
2012060228;1;2;1;1;2;750;18/09/2012
2012060229;1;2;1;1;3;750;18/09/2012
2012060230;5;2;1;1;6;750;18/09/2012
2012060231;1;2;1;1;3;750;19/09/2012
2012060232;1;2;1;1;6;750;20/09/2012
2012060233;1;2;1;1;3;750;21/09/2012
2012060234;1;2;1;1;3;750;21/09/2012
2012060235;1;2;1;1;3;750;21/09/2012
2012060236;1;2;1;2;3;750;21/09/2012
2012060237;5;2;1;2;6;750;21/09/2012
2012060238;5;2;4;1;2;750;22/09/2012
2012060239;5;2;1;1;4;750;22/09/2012
2012060240;1;2;1;1;3;750;23/09/2012
2012060241;5;2;1;1;4;750;23/09/2012
2012060242;1;2;1;2;2;750;24/09/2012
2012060243;5;2;1;2;2;750;24/09/2012
2012060244;1;2;1;2;3;750;25/09/2012
2012060245;1;2;1;1;2;750;25/09/2012
2012060246;5;2;4;1;6;750;26/09/2012
2012060247;1;2;1;1;3;750;26/09/2012
2012060248;4;2;1;1;6;750;27/09/2012
2012060249;1;2;1;1;3;750;27/09/2012
2012060250;1;2;1;1;2;750;28/09/2012
2012060251;1;2;4;1;2;750;28/09/2012
2012060252;1;2;1;1;2;750;28/09/2012
2012060253;1;2;1;1;2;750;28/09/2012
2012060254;1;2;1;1;4;750;29/09/2012
2012060255;1;2;1;1;2;750;29/09/2012
2012060256;5;2;1;1;2;750;30/09/2012
2012060257;1;2;1;1;3;750;30/09/2012
2012060258;1;2;1;1;2;750;30/09/2012
2012060259;2;2;1;1;4;750;02/10/2012
2012060260;5;2;1;1;4;750;02/10/2012
2012060261;1;2;1;3;4;750;03/10/2012
2012060262;5;2;1;2;4;750;03/10/2012
2012060263;5;2;1;2;3;750;04/10/2012
2012060264;1;2;1;1;7;750;04/10/2012
2012060265;1;2;1;1;2;750;04/10/2012
2012060266;1;2;1;1;6;750;05/10/2012
2012060267;1;2;1;1;3;750;05/10/2012
2012060268;5;2;1;2;4;750;06/10/2012
2012060269;5;2;1;2;6;750;07/10/2012
2012060270;1;2;1;1;3;750;07/10/2012
2012060271;1;2;1;1;3;750;07/10/2012
2012060272;1;2;4;3;3;750;08/10/2012
2012060273;1;2;1;2;3;750;09/10/2012
2012060274;1;2;1;2;3;750;09/10/2012
2012060275;4;2;1;2;6;750;10/10/2012
2012060276;1;2;1;1;7;750;10/10/2012
2012060277;1;2;1;8;7;750;10/10/2012
2012060278;1;2;1;1;3;750;11/10/2012
2012060279;5;2;1;2;6;750;12/10/2012
2012060280;5;2;1;1;4;750;12/10/2012
2012060281;5;2;1;1;4;750;13/10/2012
2012060282;1;2;1;2;3;750;14/10/2012
2012060283;5;2;1;2;6;750;14/10/2012
2012060284;1;2;1;1;4;750;15/10/2012
2012060285;1;2;1;1;4;750;15/10/2012
2012060286;1;2;1;1;4;750;15/10/2012
2012060287;1;2;1;1;4;750;16/10/2012
2012060288;1;2;1;1;7;750;16/10/2012
2012060289;1;2;1;1;4;750;16/10/2012
2012060290;1;2;1;8;7;750;17/10/2012
2012060291;1;2;1;3;3;750;17/10/2012
2012060292;1;2;1;1;3;750;17/10/2012
2012060293;5;2;1;2;7;750;18/10/2012
2012060294;2;2;1;1;2;750;19/10/2012
2012060295;1;2;1;1;2;750;19/10/2012
2012060296;1;2;4;1;6;750;19/10/2012
2012060297;1;2;1;1;5;750;19/10/2012
2012060298;4;2;1;1;4;750;19/10/2012
2012060299;1;2;1;1;7;750;19/10/2012
2012060300;1;2;1;2;2;750;20/10/2012
2012060301;2;2;1;1;4;750;21/10/2012
2012060302;1;2;1;1;3;750;22/10/2012
2012060303;1;2;1;1;6;750;22/10/2012
2012060304;1;2;1;1;6;750;23/10/2012
2012060305;1;2;1;1;4;750;23/10/2012
2012060306;1;2;1;1;4;750;24/10/2012
2012060307;5;2;1;1;4;750;24/10/2012
2012060308;5;2;1;1;2;750;25/10/2012
2012060309;1;2;1;1;2;750;25/10/2012
2012060310;1;2;1;1;4;750;26/10/2012
2012060311;5;2;1;1;4;750;26/10/2012
2012060312;5;2;1;1;2;750;27/10/2012
2012060313;5;2;1;1;3;750;27/10/2012
2012060314;1;2;1;1;3;750;28/10/2012
2012060315;1;2;1;1;3;750;28/10/2012
2012060316;5;2;1;1;4;750;29/10/2012
2012060317;1;2;4;1;6;750;30/10/2012
2012060318;2;2;1;1;2;750;30/10/2012
2012060319;1;2;1;1;7;750;31/10/2012
2012060320;1;2;1;1;2;750;31/10/2012
2012060321;1;2;1;1;3;750;31/10/2012
2012060322;5;2;1;1;3;750;31/10/2012
2012060323;2;2;1;1;7;750;31/10/2012
2012060324;1;2;1;1;4;750;02/11/2012
2012060325;1;2;1;1;7;750;02/11/2012
2012060326;5;2;1;1;7;750;02/11/2012
2012060327;1;2;4;1;6;750;03/11/2012
2012060328;1;2;1;1;2;750;03/11/2012
2012060329;5;2;1;1;6;750;03/11/2012
2012060330;5;2;1;1;4;750;03/11/2012
2012060331;5;2;1;1;6;750;04/11/2012
2012060332;1;2;1;1;3;750;04/11/2012
2012060333;1;2;1;1;2;750;05/11/2012
2012060334;1;2;1;1;3;750;06/11/2012
2012060335;1;2;1;1;4;750;06/11/2012
2012060336;1;2;1;1;3;750;06/11/2012
2012060337;5;2;1;1;6;750;07/11/2012
2012060338;1;2;1;1;3;750;07/11/2012
2012060339;1;2;1;1;4;750;07/11/2012
2012060340;1;2;1;1;3;750;08/11/2012
2012060341;1;2;1;1;7;750;08/11/2012
2012060342;2;2;1;1;4;750;08/11/2012
2012060343;5;2;1;1;3;750;08/11/2012
2012060344;1;2;4;1;2;750;09/11/2012
2012060345;5;2;1;1;2;750;09/11/2012
2012060346;5;2;1;2;6;750;10/11/2012
2012060347;5;2;1;2;4;750;10/11/2012
2012060348;5;2;1;1;6;750;11/11/2012
2012060349;1;2;1;1;4;750;11/11/2012
2012060350;5;2;1;1;3;750;12/11/2012
2012060351;5;2;1;1;3;750;12/11/2012
2012060352;5;2;1;1;4;750;13/11/2012
2012060353;5;2;1;1;3;750;13/11/2012
2012060354;1;2;1;1;3;750;14/11/2012
2012060355;1;2;1;1;2;750;14/11/2012
2012060356;5;2;1;1;4;750;14/11/2012
2012060357;1;2;1;1;7;750;14/11/2012
2012060358;1;2;1;1;3;750;15/11/2012
2012060359;1;2;1;1;3;750;15/11/2012
2012060360;5;2;1;1;2;750;15/11/2012
2012060361;1;2;1;1;7;750;16/11/2012
2012060362;1;2;1;1;4;750;16/11/2012
2012060363;2;2;1;1;4;750;16/11/2012
2012060364;5;2;1;1;3;750;16/11/2012
2012060365;5;2;1;1;4;750;17/11/2012
2012060366;1;2;1;1;3;750;17/11/2012
2012060367;1;2;1;1;2;750;17/11/2012
2012060368;5;2;1;1;4;750;17/11/2012
2012060369;5;2;1;1;3;750;17/11/2012
2012060370;1;2;1;1;4;750;20/11/2012
2012060371;1;2;1;1;7;750;20/11/2012
2012060372;2;2;1;1;3;750;20/11/2012
2012060373;5;2;1;1;4;750;21/11/2012
2012060374;5;2;4;1;6;750;21/11/2012
2012060375;5;2;1;1;3;750;22/11/2012
2012060376;5;2;1;1;7;750;23/11/2012
2012060377;1;2;1;2;2;750;23/11/2012
2012060378;1;2;1;2;6;750;23/11/2012
2012060379;5;2;1;2;2;750;23/11/2012
2012060380;5;2;1;1;6;750;25/11/2012
2012060381;1;2;1;1;3;750;25/11/2012
2012060382;1;2;1;1;7;750;27/11/2012
2012060383;1;2;1;1;7;750;27/11/2012
2012060384;5;2;1;1;2;750;27/11/2012
2012060385;5;2;1;1;3;750;27/11/2012
2012060386;5;2;1;1;2;750;28/11/2012
2012060387;1;2;4;1;2;750;28/11/2012
2012060388;1;2;1;1;2;750;28/11/2012
2012060389;1;2;4;1;3;750;29/11/2012
2012060390;1;2;1;1;4;750;29/11/2012
2012060391;5;2;1;1;2;750;29/11/2012
2012060392;1;2;4;1;3;750;30/11/2012
2012060393;2;2;1;5;6;750;01/12/2012
2012060394;1;2;1;1;2;750;02/12/2012
2012060395;1;2;1;1;6;750;03/12/2012
2012060396;5;2;1;1;3;750;03/12/2012
2012060397;5;2;4;2;3;750;03/12/2012
2012060398;5;2;1;2;2;750;04/12/2012
2012060399;1;2;1;1;4;750;04/12/2012
2012060400;1;2;1;1;2;750;04/12/2012
2012060401;4;2;1;2;7;750;04/12/2012
2012060402;5;2;1;1;2;750;04/12/2012
2012060403;5;2;1;1;2;750;05/12/2012
2012060404;1;2;1;1;3;750;06/12/2012
2012060405;5;2;1;1;6;750;06/12/2012
2012060406;5;2;1;8;7;750;07/12/2012
2012060407;5;2;1;2;2;750;07/12/2012
2012060408;1;2;1;1;2;750;09/12/2012
2012060409;1;2;1;1;4;750;09/12/2012
2012060410;2;2;1;1;2;750;11/12/2012
2012060411;5;2;1;1;2;750;12/12/2012
2012060412;5;2;1;1;6;750;13/12/2012
2012060413;1;2;1;2;7;750;14/12/2012
2012060414;5;2;1;1;2;750;14/12/2012
2012060415;5;2;4;2;6;750;15/12/2012
2012060416;5;2;4;1;6;750;16/12/2012
2012060417;1;2;1;1;4;750;16/12/2012
2012060418;5;2;1;1;3;750;16/12/2012
2012060419;1;2;1;1;7;750;17/12/2012
2012060420;5;2;1;8;2;750;17/12/2012
2012060421;1;2;1;1;2;750;18/12/2012
2012060422;2;2;1;1;7;750;18/12/2012
2012060423;1;2;1;2;3;750;18/12/2012
2012060424;1;2;1;1;3;750;19/12/2012
2012060425;5;2;1;1;3;750;19/12/2012
2012060426;5;2;1;2;2;750;20/12/2012
2012060427;5;2;1;1;7;750;20/12/2012
2012060428;5;2;1;2;7;750;20/12/2012
2012060429;5;2;1;1;2;750;20/12/2012
2012060430;1;2;1;1;3;750;21/12/2012
2012060431;2;2;1;1;2;750;21/12/2012
2012060432;5;2;1;1;6;750;21/12/2012
2012060433;5;2;1;1;4;750;23/12/2012
2012060434;5;2;1;1;6;750;23/12/2012
2012060435;1;2;4;1;7;750;24/12/2012
2012060436;1;2;1;1;7;750;27/12/2012
2012060437;5;2;1;1;2;750;27/12/2012
2012060438;1;2;1;1;3;972;11/02/2012
2012060439;1;1;1;7;3;972;17/02/2012
2012060440;1;2;1;1;6;972;31/03/2012
2012060441;1;1;1;1;3;972;27/04/2012
2012060442;1;1;1;1;1;972;05/06/2012
2012060443;2;1;1;1;3;972;19/09/2012
2012060444;1;1;1;1;3;972;24/10/2012
2012060445;1;1;1;1;3;972;01/11/2012
2012060446;1;2;1;1;1;972;17/02/2012
2012060447;3;1;1;1;3;972;29/03/2012
2012060448;5;2;1;1;7;972;31/05/2012
2012060449;5;2;1;8;2;972;07/07/2012
2012060450;1;1;1;3;1;972;06/09/2012
2012060451;1;1;1;1;1;972;05/06/2012
2012060452;1;1;1;1;5;972;10/09/2012
2012060453;1;2;1;1;1;972;13/02/2012
2012060454;1;1;1;1;6;972;10/01/2012
2012060455;3;2;1;1;3;972;14/01/2012
2012060456;1;1;1;1;6;972;10/02/2012
2012060457;1;1;1;1;1;972;31/03/2012
2012060458;1;1;1;1;1;972;30/04/2012
2012060459;5;1;1;1;1;972;05/08/2012
2012060460;1;2;9;2;1;972;11/08/2012
2012060461;1;1;1;1;6;972;20/09/2012
2012060462;3;2;1;1;6;972;12/12/2012
2012060463;1;1;1;1;1;972;21/01/2012
2012060464;1;1;1;1;3;972;03/01/2012
2012060465;3;1;1;1;7;972;07/02/2012
2012060466;5;1;1;1;3;972;11/02/2012
2012060467;2;1;1;1;6;972;21/02/2012
2012060468;3;1;1;1;2;972;28/04/2012
2012060469;1;1;1;1;1;972;28/05/2012
2012060470;1;1;1;1;1;972;29/08/2012
2012060471;1;2;1;1;1;972;04/02/2012
2012060472;1;1;1;1;2;972;18/04/2012
2012060473;1;1;1;3;6;972;06/05/2012
2012060474;5;2;1;1;3;972;05/07/2012
2012060475;3;2;1;1;2;972;05/07/2012
2012060476;1;1;1;1;3;972;07/09/2012
2012060477;1;2;1;1;6;972;24/09/2012
2012060478;3;2;1;1;1;972;20/02/2012
2012060479;1;1;1;1;3;972;16/01/2012
2012060480;3;2;1;2;6;972;24/02/2012
2012060481;1;2;1;1;6;972;27/04/2012
2012060482;1;1;1;1;6;972;16/05/2012
2012060483;1;2;1;1;3;972;10/10/2012
2012060484;1;2;1;1;2;972;08/03/2012
2012060485;1;1;1;1;3;972;23/04/2012
2012060486;1;1;1;1;2;972;28/04/2012
2012060487;3;2;1;1;6;972;03/05/2012
2012060488;3;1;1;1;2;972;23/05/2012
2012060489;1;2;1;1;1;972;12/06/2012
2012060490;1;2;1;1;1;972;06/12/2012
2012060491;5;2;1;1;1;971;19/01/2012
2012060492;5;2;2;1;1;971;23/01/2012
2012060493;1;2;1;1;6;971;08/03/2012
2012060494;1;1;1;2;1;971;04/05/2012
2012060495;1;2;1;1;5;971;02/06/2012
2012060496;1;1;1;1;6;971;14/06/2012
2012060497;3;2;1;1;5;971;17/06/2012
2012060498;1;2;1;1;1;971;10/08/2012
2012060499;3;2;1;1;6;971;13/11/2012
2012060500;5;2;1;1;6;971;27/11/2012
2012060501;1;1;1;2;3;971;16/01/2012
2012060502;1;2;1;1;7;971;08/03/2012
2012060503;1;2;1;1;3;971;02/06/2012
2012060504;1;2;1;1;2;971;26/08/2012
2012060505;1;1;1;1;6;971;04/09/2012
2012060506;3;1;1;1;6;971;30/11/2012
2012060507;3;1;1;1;2;971;30/12/2012